url_length,hyphen_count,dot_count,digit_count,entropy,subdomain_depth,has_https,is_ip_address,has_at_symbol,path_length,query_param_count,special_char_count,brand_impersonation_score,brand_matched_count,brand_keyword_hit_count,brand_typosquat_hit_count,brand_has_action_word,tld_risk_score,tld_known,idn_is_homograph,idn_confusable_count,idn_risk_score,idn_punycode_flag,dns_resolves,dns_a_record_count,dns_has_aaaa,dns_has_mx,whois_domain_age_days,whois_recently_registered,whois_privacy_protected,whois_found,ssl_valid,ssl_self_signed,ssl_days_until_expiry,ssl_expired,aggregate_lexical_risk_score,whois_registrar_was_missing,whois_domain_age_days_was_missing,ssl_days_until_expiry_was_missing,ssl_issuer_was_missing,ssl_expired_was_missing,tld_freq,whois_registrar_freq,ssl_issuer_google_trust_services,ssl_issuer_let's_encrypt,ssl_issuer_digicert_inc,ssl_issuer_amazon,ssl_issuer_sectigo_limited,ssl_issuer_globalsign_nv_sa,ssl_issuer_hellenic_academic_and_research_institutions_ca,ssl_issuer_zerossl_gmbh,ssl_issuer_godaddycom_inc,ssl_issuer_other,ssl_issuer_missing
32,1,2,0,3.6846,1,0,0,0,0,0,0,0.0,0,0,0,0,0.5,0,0,0,0.0,0,1,2,0,0,-1.0,0,0,0,1,0,34.0,0,0.2237,1,1,0,0,0,0.0995,0.48675,1,0,0,0,0,0,0,0,0,0,0
20,0,1,0,3.2516,0,1,0,0,0,0,0,0.0,0,0,0,0,0.5,0,0,0,0.0,0,1,1,0,1,-1.0,0,0,0,1,0,233.0,0,0.215,1,1,0,0,0,0.02275,0.48675,0,0,0,0,0,1,0,0,0,0,0
26,0,2,0,3.3372,1,1,0,0,0,0,0,0.0,0,0,0,0,0.5,0,0,0,0.0,0,1,4,0,0,-1.0,0,0,0,1,0,164.0,0,0.2167,1,1,0,0,0,0.01075,0.48675,0,0,0,1,0,0,0,0,0,0,0
43,0,2,3,3.8757,1,0,0,0,0,0,0,0.0833,1,0,1,0,0.35,1,0,0,0.0,0,1,2,0,0,-1.0,0,0,0,1,0,55.0,0,0.2158,1,1,0,0,0,0.08025,0.48675,1,0,0,0,0,0,0,0,0,0,0
25,0,1,0,3.0778,0,1,0,0,0,0,0,0.0,0,0,0,0,0.5,0,0,0,0.0,0,1,1,0,1,-1.0,0,0,0,1,0,66.0,0,0.2116,1,1,0,0,0,0.001,0.48675,1,0,0,0,0,0,0,0,0,0,0
84,0,2,0,3.7391,1,0,0,0,41,0,0,0.0833,1,0,1,0,0.55,1,0,0,0.0,0,0,0,0,0,-1.0,0,0,0,0,0,-1.0,-1,0.2731,1,1,1,1,1,0.00575,0.48675,0,0,0,0,0,0,0,0,0,0,1
38,2,3,0,3.9811,2,0,0,0,0,0,0,0.0833,1,0,1,0,0.35,1,0,0,0.0,0,1,2,0,0,-1.0,0,0,0,0,0,-1.0,0,0.2179,1,1,1,1,0,0.08025,0.48675,0,0,0,0,0,0,0,0,0,0,1
51,0,2,0,3.5737,1,1,0,0,0,0,0,0.0,0,0,0,0,0.15,1,0,0,0.0,0,1,1,0,0,-1.0,0,0,0,1,0,50.0,0,0.1165,1,1,0,0,0,0.35225,0.48675,1,0,0,0,0,0,0,0,0,0,0
51,0,4,0,3.1972,3,1,0,0,25,0,0,0.0,0,0,0,0,0.5,0,0,0,0.0,0,1,1,0,0,-1.0,0,0,0,0,0,-1.0,0,0.2139,1,1,1,1,0,0.003,0.48675,0,0,0,0,0,0,0,0,0,0,1
43,0,3,1,3.9176,2,1,0,0,0,0,0,0.0,0,0,0,0,0.15,1,0,0,0.0,0,1,2,0,0,-1.0,0,0,0,0,0,-1.0,0,0.1234,1,1,1,1,0,0.35225,0.48675,0,0,0,0,0,0,0,0,0,0,1
32,1,2,0,3.7579,1,1,0,0,0,0,0,0.0,0,0,0,0,0.15,1,0,0,0.0,0,1,1,0,0,-1.0,0,0,0,1,0,50.0,0,0.1202,1,1,0,0,0,0.35225,0.48675,1,0,0,0,0,0,0,0,0,0,0
164,0,3,0,3.1307,2,1,0,0,36,3,8,0.0,0,0,0,0,0.5,0,0,0,0.0,0,1,1,0,0,-1.0,0,0,0,0,0,-1.0,0,0.2126,1,1,1,1,0,0.012,0.48675,0,0,0,0,0,0,0,0,0,0,1
36,0,2,0,3.9545,1,1,0,0,0,0,0,0.0,0,0,0,0,0.15,1,0,0,0.0,0,1,2,0,0,7431.0,0,0,1,1,0,37.0,0,0.1241,0,0,0,0,0,0.35225,0.036,0,1,0,0,0,0,0,0,0,0,0
36,0,1,0,3.4723,0,1,0,0,0,0,0,0.0,0,0,0,0,0.15,1,0,0,0.0,0,0,0,0,0,4.0,1,1,1,0,0,-1.0,-1,0.1144,0,0,1,1,1,0.35225,0.058,0,0,0,0,0,0,0,0,0,0,1
42,0,1,0,3.3921,0,1,0,0,16,0,0,0.0,0,0,0,0,0.28,1,0,0,0.0,0,1,1,0,0,3359.0,0,0,1,1,0,16.0,0,0.1518,0,0,0,0,0,0.0545,0.00625,0,1,0,0,0,0,0,0,0,0,0
21,0,2,0,3.3927,1,0,0,0,0,0,0,0.0,0,0,0,0,0.15,1,0,0,0.0,0,0,0,0,0,49.0,0,1,1,0,0,-1.0,-1,0.1129,0,0,1,1,1,0.35225,0.00425,0,0,0,0,0,0,0,0,0,0,1
16,0,1,0,2.75,0,1,0,0,0,0,0,0.0,0,0,0,0,0.5,0,0,0,0.0,0,0,0,0,0,-1.0,0,0,0,0,0,-1.0,-1,0.205,1,1,1,1,1,0.02275,0.48675,0,0,0,0,0,0,0,0,0,0,1
43,4,2,6,4.1829,1,1,0,0,0,0,0,0.1667,2,0,2,0,0.5,0,0,0,0.0,0,1,2,0,0,-1.0,0,0,0,1,0,77.0,0,0.3003,1,1,0,0,0,0.0995,0.48675,1,0,0,0,0,0,0,0,0,0,0
155,0,2,1,3.654,1,1,0,0,124,0,2,0.0,0,0,0,0,0.15,1,0,0,0.0,0,1,2,0,0,1619.0,0,1,1,1,0,81.0,0,0.1181,0,0,0,0,0,0.35225,0.00175,0,0,0,0,0,0,0,1,0,0,0
47,0,3,0,3.9579,2,0,0,0,0,0,0,0.0,0,0,0,0,0.15,1,0,0,0.0,0,1,2,0,0,7431.0,0,0,1,0,0,-1.0,-1,0.1242,0,0,1,1,1,0.35225,0.036,0,0,0,0,0,0,0,0,0,0,1
49,0,4,0,3.9644,3,0,0,0,0,0,0,0.0,0,0,0,0,0.15,1,0,0,0.0,0,1,1,0,0,78.0,0,0,1,0,0,-1.0,-1,0.1243,0,0,1,1,1,0.35225,0.00125,0,0,0,0,0,0,0,0,0,0,1
26,0,2,0,3.3083,1,1,0,0,0,0,0,0.0,0,0,0,0,0.5,0,0,0,0.0,0,1,3,0,1,9476.0,0,0,1,1,0,70.0,0,0.2162,0,0,0,0,0,0.002,0.0005,0,0,0,1,0,0,0,0,0,0,0
20,0,2,0,2.4183,1,1,0,0,0,0,0,0.0,0,0,0,0,0.15,1,0,0,0.0,0,1,4,0,0,11331.0,0,0,1,1,0,135.0,0,0.0934,0,0,0,0,0,0.35225,0.0155,0,0,0,1,0,0,0,0,0,0,0
25,0,2,0,3.25,1,1,0,0,0,0,0,0.0,0,0,0,0,0.15,1,0,0,0.0,0,1,1,0,0,5572.0,0,0,1,1,0,130.0,0,0.11,0,0,0,0,0,0.35225,0.00975,0,0,0,0,0,0,0,0,0,0,0
36,1,2,0,3.8797,1,1,0,0,5,0,0,0.3333,3,0,3,0,0.5,0,0,0,0.0,0,0,0,0,0,-1.0,0,0,0,0,0,-1.0,-1,0.3609,1,1,1,1,1,0.00175,0.48675,0,0,0,0,0,0,0,0,0,0,1
40,2,2,0,3.8842,1,0,0,0,5,0,0,0.0,0,0,0,0,0.15,1,0,0,0.0,0,0,0,0,0,19.0,1,0,1,0,0,-1.0,-1,0.1227,0,0,1,1,1,0.35225,0.00175,0,0,0,0,0,0,0,0,0,0,1
23,0,2,0,3.085,1,1,0,0,3,0,0,0.0,0,0,0,0,0.5,0,0,0,0.0,0,0,0,0,0,7421.0,0,1,1,0,0,-1.0,-1,0.2117,0,0,1,1,1,0.0085,0.01225,0,0,0,0,0,0,0,0,0,0,1
25,0,1,0,2.585,0,1,0,0,11,0,0,0.0,0,0,0,0,0.02,1,0,0,0.0,0,1,4,0,1,14012.0,0,0,1,1,0,52.0,0,0.0577,1,0,0,0,0,0.0075,0.48675,0,1,0,0,0,0,0,0,0,0,0
35,0,1,0,2.8731,0,1,0,0,14,0,0,0.0,0,0,0,0,0.5,0,0,0,0.0,0,1,3,0,1,4017.0,0,0,1,1,0,86.0,0,0.2075,0,0,0,0,0,0.00325,0.03575,1,0,0,0,0,0,0,0,0,0,0
26,0,1,1,2.9477,0,1,0,0,9,0,0,0.0,0,0,0,0,0.15,1,0,0,0.0,0,0,0,0,0,410.0,0,1,1,0,0,-1.0,-1,0.104,0,0,1,1,1,0.35225,0.019,0,0,0,0,0,0,0,0,0,0,1
33,0,1,0,2.0588,0,1,0,0,16,0,0,0.0,0,0,0,0,0.5,0,0,0,0.0,0,1,4,0,1,8650.0,0,0,1,1,0,196.0,0,0.1912,0,0,0,0,0,0.00325,0.0005,0,0,0,0,0,0,0,0,0,1,0
47,2,2,6,4.2737,1,1,0,0,0,0,0,0.0833,1,0,1,0,0.35,1,0,0,0.0,0,1,2,0,0,-1.0,0,0,0,1,0,31.0,0,0.2238,1,1,0,0,0,0.08025,0.48675,0,1,0,0,0,0,0,0,0,0,0
26,0,1,6,3.4594,0,1,0,0,7,0,0,0.0,0,0,0,0,0.5,0,0,0,0.0,0,0,0,0,0,-1.0,0,0,0,0,0,-1.0,-1,0.2192,1,1,1,1,1,0.00025,0.48675,0,0,0,0,0,0,0,0,0,0,1
48,3,2,0,3.8334,1,1,0,0,0,0,0,0.1667,1,0,1,0,0.5,0,0,0,0.0,0,1,1,0,0,2617.0,0,0,1,1,0,42.0,0,0.2933,0,0,0,0,0,0.00325,0.00625,0,0,0,0,0,0,0,1,0,0,0
37,0,2,0,3.2389,1,1,0,0,7,1,2,0.0,0,0,0,0,0.5,0,0,0,0.0,0,1,2,0,1,11133.0,0,0,1,1,0,76.0,0,0.2148,1,0,0,0,0,0.00925,0.48675,0,0,0,1,0,0,0,0,0,0,0
32,0,1,0,3.2776,0,1,0,0,13,0,0,0.0,0,0,0,0,0.15,1,0,0,0.0,0,0,0,0,0,3719.0,0,1,1,0,0,-1.0,-1,0.1106,0,0,1,1,1,0.35225,0.019,0,0,0,0,0,0,0,0,0,0,1
45,2,2,6,4.2497,1,0,0,0,0,0,0,0.0833,1,0,1,0,0.35,1,0,0,0.0,0,1,2,0,0,-1.0,0,0,0,1,0,31.0,0,0.2233,1,1,0,0,0,0.08025,0.48675,0,1,0,0,0,0,0,0,0,0,0
35,1,2,0,3.8101,1,0,0,0,0,0,0,0.0833,1,0,1,0,0.35,1,0,0,0.0,0,1,2,0,0,-1.0,0,0,0,1,0,229.0,0,0.2145,1,1,0,0,0,0.08025,0.48675,0,0,0,0,0,0,0,0,0,0,0
47,4,2,3,4.4455,1,0,0,0,0,0,0,0.0,0,0,0,0,0.5,0,0,0,0.0,0,1,2,0,0,-1.0,0,0,0,1,0,83.0,0,0.2389,1,1,0,0,0,0.0995,0.48675,1,0,0,0,0,0,0,0,0,0,0
37,2,2,6,3.6959,1,1,0,0,0,0,0,0.1667,2,0,2,0,0.35,1,0,0,0.0,0,1,2,0,0,-1.0,0,0,0,1,0,31.0,0,0.2456,1,1,0,0,0,0.08025,0.48675,0,1,0,0,0,0,0,0,0,0,0
22,0,2,0,3.182,1,1,0,0,0,0,0,0.0,0,0,0,0,0.15,1,0,0,0.0,0,1,1,0,0,4456.0,0,0,1,1,0,32.0,0,0.1086,0,0,0,0,0,0.35225,0.001,0,1,0,0,0,0,0,0,0,0,0
48,3,2,1,4.0259,1,1,0,0,0,0,0,0.3333,3,0,4,0,0.35,1,0,0,0.0,0,1,2,0,0,-1.0,0,0,0,1,0,82.0,0,0.3188,1,1,0,0,0,0.08025,0.48675,1,0,0,0,0,0,0,0,0,0,0
62,0,1,0,3.4273,0,0,0,0,34,0,0,0.0,0,0,0,0,0.88,1,0,0,0.0,0,0,0,0,0,69.0,0,0,1,0,0,-1.0,-1,0.3325,0,0,1,1,1,0.00225,0.00025,0,0,0,0,0,0,0,0,0,0,1
37,2,2,6,4.0661,1,1,0,0,0,0,0,0.0833,1,0,1,0,0.35,1,0,0,0.0,0,1,2,0,0,-1.0,0,0,0,1,0,31.0,0,0.2196,1,1,0,0,0,0.08025,0.48675,0,1,0,0,0,0,0,0,0,0,0
34,0,1,0,3.1699,0,1,0,0,17,0,0,0.0,0,0,0,0,0.15,1,0,0,0.0,0,1,1,0,1,11422.0,0,0,1,0,0,-1.0,-1,0.1084,0,0,1,1,1,0.35225,0.013,0,0,0,0,0,0,0,0,0,0,1
20,0,1,0,2.585,0,1,0,0,0,0,0,0.0,0,0,0,0,0.1,1,0,0,0.0,0,1,1,0,1,9056.0,0,0,1,0,0,-1.0,-1,0.0817,0,0,1,1,1,0.02775,0.0025,0,0,0,0,0,0,0,0,0,0,1
46,2,2,3,3.9232,1,1,0,0,7,0,0,0.1667,2,0,2,0,0.28,1,0,0,0.0,0,1,4,0,0,-1.0,0,0,0,1,0,31.0,0,0.2291,1,1,0,0,0,0.0545,0.48675,0,1,0,0,0,0,0,0,0,0,0
44,4,2,7,4.3712,1,0,0,0,0,0,0,0.0833,1,0,1,0,0.5,0,0,0,0.0,0,1,2,0,0,-1.0,0,0,0,1,0,81.0,0,0.2707,1,1,0,0,0,0.0995,0.48675,1,0,0,0,0,0,0,0,0,0,0
32,0,2,0,3.4358,1,1,0,0,0,0,0,0.0,0,0,0,0,0.15,1,0,0,0.0,0,1,2,0,0,3805.0,0,1,1,1,0,75.0,0,0.1137,0,0,0,0,0,0.35225,0.058,1,0,0,0,0,0,0,0,0,0,0
26,1,2,0,3.4992,1,1,0,0,0,0,0,0.0833,1,0,1,0,0.15,1,0,0,0.0,0,1,1,0,0,3267.0,0,1,1,1,0,88.0,0,0.1483,0,0,0,0,0,0.35225,0.01225,0,1,0,0,0,0,0,0,0,0,0
22,1,1,0,3.1808,0,1,0,0,0,0,0,0.0,0,0,0,0,0.15,1,0,0,0.0,0,0,0,0,0,137.0,0,0,1,0,0,-1.0,-1,0.1086,0,0,1,1,1,0.35225,0.03575,0,0,0,0,0,0,0,0,0,0,1
47,0,2,8,4.1883,1,1,0,0,0,0,0,0.0,0,0,0,0,0.15,1,0,0,0.0,0,1,2,0,0,4974.0,0,0,1,1,0,34.0,0,0.1288,0,0,0,0,0,0.35225,0.036,1,0,0,0,0,0,0,0,0,0,0
37,1,1,0,3.6819,0,1,0,0,10,0,0,0.0,0,0,0,0,0.15,1,0,0,0.0,0,1,2,0,0,11076.0,0,0,1,1,0,63.0,0,0.1186,0,0,0,0,0,0.35225,0.03575,1,0,0,0,0,0,0,0,0,0,0
22,0,2,0,3.3788,1,1,0,0,0,0,0,0.0,0,0,0,0,0.5,0,0,0,0.0,0,1,1,0,1,-1.0,0,0,0,1,0,29.0,0,0.2176,1,1,0,0,0,0.001,0.48675,0,0,0,0,0,0,0,0,0,0,0
34,0,1,0,3.3219,0,1,0,0,7,1,2,0.0,0,0,0,0,0.15,1,0,0,0.0,0,1,1,0,1,11267.0,0,0,1,1,0,74.0,0,0.1114,0,0,0,0,0,0.35225,0.00075,0,0,0,0,0,0,0,0,0,0,0
30,0,1,0,2.1972,0,1,0,0,13,0,0,0.0833,1,0,1,0,0.35,1,0,0,0.0,0,1,2,0,1,-1.0,0,0,0,1,0,66.0,0,0.1823,1,1,0,0,0,0.08025,0.48675,0,1,0,0,0,0,0,0,0,0,0
37,1,3,0,3.8388,2,1,0,0,0,0,0,0.0,0,0,0,0,0.15,1,0,0,0.0,0,1,1,0,0,-1.0,0,0,0,0,0,-1.0,0,0.1218,1,1,1,1,0,0.35225,0.48675,0,0,0,0,0,0,0,0,0,0,1
44,0,2,7,3.5069,1,0,0,0,22,0,0,0.0,0,0,0,0,0.5,0,0,0,0.0,0,0,0,0,1,-1.0,0,0,0,0,0,-1.0,-1,0.2201,1,1,1,1,1,0.02275,0.48675,0,0,0,0,0,0,0,0,0,0,1
56,0,2,4,3.7842,1,1,0,0,27,0,0,0.0,0,0,0,0,0.28,1,0,0,0.0,0,1,4,0,0,-1.0,0,0,0,1,0,31.0,0,0.1597,1,1,0,0,0,0.0545,0.48675,0,1,0,0,0,0,0,0,0,0,0
25,0,3,0,2.9056,2,1,0,0,0,0,0,0.0,0,0,0,0,0.5,0,0,0,0.0,0,1,3,0,0,11079.0,0,0,1,1,0,86.0,0,0.2081,1,0,0,0,0,0.00925,0.48675,1,0,0,0,0,0,0,0,0,0,0
66,6,3,5,4.2648,2,0,0,0,0,0,0,0.25,3,0,3,0,0.35,1,0,0,0.0,0,1,2,0,0,-1.0,0,0,0,0,0,-1.0,0,0.2903,1,1,1,1,0,0.08025,0.48675,0,0,0,0,0,0,0,0,0,0,1
32,1,1,0,3.4714,0,0,0,0,5,0,0,0.0,0,0,0,0,0.65,1,0,0,0.0,0,1,1,0,0,-1.0,0,0,0,0,0,-1.0,-1,0.2644,1,1,1,1,1,0.0025,0.48675,0,0,0,0,0,0,0,0,0,0,1
24,0,2,0,3.4566,1,1,0,0,0,0,0,0.0,0,0,0,0,0.15,1,0,0,0.0,0,1,1,0,0,10551.0,0,0,1,1,0,130.0,0,0.1141,0,0,0,0,0,0.35225,0.036,0,0,0,0,0,0,0,0,0,0,0
25,0,1,0,2.75,0,1,0,0,9,0,0,0.0,0,0,0,0,0.5,0,0,0,0.0,0,1,1,0,1,2722.0,0,0,1,1,0,62.0,0,0.205,0,0,0,0,0,0.02275,0.012,0,1,0,0,0,0,0,0,0,0,0
48,4,2,2,4.343,1,1,0,0,0,0,0,0.0,0,0,0,0,0.5,0,0,0,0.0,0,1,2,0,0,-1.0,0,0,0,1,0,77.0,0,0.2369,1,1,0,0,0,0.0995,0.48675,1,0,0,0,0,0,0,0,0,0,0
21,0,1,0,2.8074,0,1,0,0,6,0,0,0.0,0,0,0,0,0.5,0,0,0,0.0,0,1,1,0,1,-1.0,0,0,0,1,0,66.0,0,0.2061,1,1,0,0,0,0.0005,0.48675,0,1,0,0,0,0,0,0,0,0,0
23,1,2,2,3.6402,1,1,0,0,0,0,0,0.0,0,0,0,0,0.5,0,0,0,0.0,0,0,0,0,0,-1.0,0,0,0,0,0,-1.0,-1,0.2228,1,1,1,1,1,0.009,0.48675,0,0,0,0,0,0,0,0,0,0,1
40,3,2,0,3.9102,1,1,0,0,0,0,0,0.0,0,0,0,0,0.15,1,0,0,0.0,0,1,2,0,0,7431.0,0,0,1,1,0,37.0,0,0.1232,0,0,0,0,0,0.35225,0.0155,0,1,0,0,0,0,0,0,0,0,0
27,0,1,0,2.8554,0,1,0,0,6,0,0,0.0,0,0,0,0,0.5,0,0,0,0.0,0,0,0,0,0,36.0,0,0,1,0,0,-1.0,-1,0.2071,0,0,1,1,1,0.0085,0.00475,0,0,0,0,0,0,0,0,0,0,1
43,0,2,0,3.682,1,1,0,0,6,0,0,0.0,0,0,0,0,0.15,1,0,0,0.0,0,1,2,0,0,11559.0,0,0,1,1,0,91.0,0,0.1186,0,0,0,0,0,0.35225,0.0155,0,0,0,1,0,0,0,0,0,0,0
39,2,2,0,3.8947,1,1,0,0,0,0,0,0.3333,3,0,3,0,0.5,0,0,0,0.0,0,1,2,0,0,-1.0,0,0,0,1,0,109.0,0,0.3612,1,1,0,0,0,0.0995,0.48675,0,0,1,0,0,0,0,0,0,0,0
38,0,1,0,3.3347,0,1,0,0,7,1,2,0.0,0,0,0,0,0.15,1,0,0,0.0,0,0,0,0,0,1460.0,0,0,1,0,0,-1.0,-1,0.1117,0,0,1,1,1,0.35225,0.00375,0,0,0,0,0,0,0,0,0,0,1
23,0,1,0,3.1899,0,1,0,0,0,0,0,0.0,0,0,0,0,0.15,1,0,0,0.0,0,1,2,0,0,2329.0,0,0,1,0,0,-1.0,-1,0.1088,0,0,1,1,1,0.35225,0.0015,0,0,0,0,0,0,0,0,0,0,1
36,0,1,0,3.0272,0,1,0,0,17,0,0,0.0,0,0,0,0,0.15,1,0,0,0.0,0,1,1,0,0,2088.0,0,1,1,0,0,-1.0,0,0.1055,0,0,1,1,0,0.35225,0.019,0,0,0,0,0,0,0,0,0,0,1
30,0,1,0,3.2776,0,1,0,0,11,0,0,0.0,0,0,0,0,0.15,1,0,0,0.0,0,1,1,0,1,6707.0,0,1,1,0,0,-1.0,-1,0.1106,0,0,1,1,1,0.35225,0.058,0,0,0,0,0,0,0,0,0,0,1
38,1,1,0,3.3249,0,1,0,0,7,1,2,0.0833,1,0,1,0,0.5,0,0,0,0.0,0,0,0,0,0,-1.0,0,0,0,0,0,-1.0,-1,0.2498,1,1,1,1,1,0.02275,0.48675,0,0,0,0,0,0,0,0,0,0,1
36,0,1,0,2.9219,0,1,0,0,18,0,0,0.0,0,0,0,0,0.5,0,0,0,0.0,0,1,1,0,1,-1.0,0,0,0,1,0,213.0,0,0.2084,1,1,0,0,0,0.01075,0.48675,0,0,0,0,0,0,0,0,0,1,0
36,0,1,0,3.8522,0,1,0,0,11,0,0,0.0,0,0,0,0,0.5,0,0,0,0.0,0,1,1,0,1,6335.0,0,0,1,1,0,82.0,0,0.227,0,0,0,0,0,0.002,0.00025,0,1,0,0,0,0,0,0,0,0,0
47,0,2,0,3.1808,1,0,0,0,27,0,0,0.0,0,0,0,0,0.5,0,0,0,0.0,0,0,0,0,0,-1.0,0,0,0,0,0,-1.0,-1,0.2136,1,1,1,1,1,0.003,0.48675,0,0,0,0,0,0,0,0,0,0,1
30,0,1,0,3.5726,0,1,0,0,0,0,0,0.0,0,0,0,0,0.15,1,0,0,0.0,0,1,1,0,1,5588.0,0,1,1,1,0,43.0,0,0.1165,0,0,0,0,0,0.35225,0.058,0,1,0,0,0,0,0,0,0,0,0
44,1,2,0,3.8647,1,1,0,0,0,1,2,0.0,0,0,0,0,0.15,1,0,0,0.0,0,1,2,0,0,-1.0,0,0,0,1,0,50.0,0,0.1223,1,1,0,0,0,0.35225,0.48675,1,0,0,0,0,0,0,0,0,0,0
20,0,1,0,3.085,0,1,0,0,0,0,0,0.0,0,0,0,0,0.22,1,0,0,0.0,0,1,1,0,1,3536.0,0,1,1,1,0,53.0,0,0.1277,0,0,0,0,0,0.0405,0.00325,0,1,0,0,0,0,0,0,0,0,0
27,0,2,0,3.3083,1,1,0,0,0,0,0,0.0,0,0,0,0,0.15,1,0,0,0.0,0,1,4,0,0,3963.0,0,1,1,1,0,145.0,0,0.1112,0,0,0,0,0,0.35225,0.058,0,0,0,1,0,0,0,0,0,0,0
31,0,1,0,3.2359,0,1,0,0,9,0,0,0.0833,1,0,1,0,0.6,1,0,0,0.0,0,1,2,0,0,-1.0,0,0,0,1,0,51.0,0,0.278,1,1,0,0,0,0.00125,0.48675,0,1,0,0,0,0,0,0,0,0,0
39,4,2,5,4.0566,1,1,0,0,0,0,0,0.0,0,0,0,0,0.22,1,0,0,0.0,0,1,1,0,0,3750.0,0,0,1,1,0,101.0,0,0.1471,0,0,0,0,0,0.0405,0.0065,0,0,0,0,1,0,0,0,0,0,0
43,1,2,0,3.6819,1,1,0,0,15,0,0,0.0,0,0,0,0,0.28,1,0,0,0.0,0,1,4,0,0,-1.0,0,0,0,1,0,31.0,0,0.1576,1,1,0,0,0,0.0545,0.48675,0,1,0,0,0,0,0,0,0,0,0
37,0,2,0,3.6726,1,1,0,0,0,0,0,0.0,0,0,0,0,0.15,1,0,0,0.0,0,1,1,0,0,7404.0,0,0,1,1,0,136.0,0,0.1185,0,0,0,0,0,0.35225,0.00975,0,0,0,0,0,0,0,0,0,1,0
39,0,2,0,3.9232,1,1,0,0,0,0,0,0.0,0,0,0,0,0.15,1,0,0,0.0,0,1,1,0,0,-1.0,0,0,0,1,0,50.0,0,0.1235,1,1,0,0,0,0.35225,0.48675,1,0,0,0,0,0,0,0,0,0,0
23,0,2,0,3.1396,1,1,0,0,0,0,0,0.0,0,0,0,0,0.15,1,0,0,0.0,0,1,1,0,0,10894.0,0,0,1,1,0,88.0,0,0.1078,0,0,0,0,0,0.35225,0.001,0,1,0,0,0,0,0,0,0,0,0
39,2,2,0,3.8457,1,0,0,0,0,0,0,0.0833,1,0,1,0,0.5,0,0,0,0.0,0,1,2,0,0,-1.0,0,0,0,1,0,47.0,0,0.2602,1,1,0,0,0,0.0995,0.48675,1,0,0,0,0,0,0,0,0,0,0
35,0,1,0,3.5778,0,1,0,0,11,0,0,0.0,0,0,0,0,0.15,1,0,0,0.0,0,1,1,0,1,7545.0,0,1,1,1,0,79.0,0,0.1166,0,0,0,0,0,0.35225,0.00375,0,1,0,0,0,0,0,0,0,0,0
33,0,1,0,2.75,0,1,0,0,7,1,2,0.0,0,0,0,0,0.5,0,0,0,0.0,0,0,0,0,0,7472.0,0,0,1,0,0,-1.0,-1,0.205,0,0,1,1,1,0.00025,0.00025,0,0,0,0,0,0,0,0,0,0,1
37,1,3,2,3.9094,2,0,0,0,0,0,0,0.0,0,0,0,0,0.15,1,0,0,0.0,0,1,1,0,0,-1.0,0,0,0,0,0,-1.0,0,0.1232,1,1,1,1,0,0.35225,0.48675,0,0,0,0,0,0,0,0,0,0,1
20,0,2,0,3.4183,1,1,0,0,0,0,0,0.0,0,0,0,0,0.5,0,0,0,0.0,0,1,2,0,1,-1.0,0,0,0,1,0,41.0,0,0.2184,1,1,0,0,0,0.00025,0.48675,1,0,0,0,0,0,0,0,0,0,0
200,0,3,0,3.1307,2,1,0,0,54,3,8,0.0,0,0,0,0,0.5,0,0,0,0.0,0,0,0,0,0,-1.0,0,0,0,0,0,-1.0,-1,0.2126,1,1,1,1,1,0.00325,0.48675,0,0,0,0,0,0,0,0,0,0,1
78,0,2,0,3.5216,1,0,0,0,14,1,2,0.0,0,0,0,0,0.5,0,0,0,0.0,0,1,1,0,1,-1.0,0,0,0,1,0,35.0,0,0.2204,1,1,0,0,0,0.009,0.48675,0,1,0,0,0,0,0,0,0,0,0
21,0,2,0,2.8731,1,1,0,0,0,0,0,0.0,0,0,0,0,0.15,1,0,0,0.0,0,1,10,0,0,5810.0,0,1,1,1,0,192.0,0,0.1025,0,0,0,0,0,0.35225,0.01125,0,0,0,0,0,0,0,0,0,0,0
21,0,1,0,2.5216,0,1,0,0,6,0,0,0.0833,1,0,1,0,0.03,1,0,0,0.0,0,1,1,0,1,10531.0,0,1,1,1,0,107.0,0,0.0928,0,0,0,0,0,0.00325,0.0025,0,0,0,0,0,0,0,0,0,1,0
27,0,2,0,3.4613,1,1,0,0,0,0,0,0.0,0,0,0,0,0.15,1,0,0,0.0,0,1,1,0,0,10677.0,0,1,1,1,0,120.0,0,0.1142,0,0,0,0,0,0.35225,0.058,0,0,0,0,0,0,0,0,0,0,0
23,0,1,0,2.7255,0,1,0,0,6,0,0,0.0,0,0,0,0,0.5,0,0,0,0.0,0,1,1,0,0,9026.0,0,0,1,1,0,20.0,0,0.2045,0,0,0,0,0,0.02275,0.012,0,0,0,0,0,1,0,0,0,0,0
52,0,3,0,3.1307,2,1,0,0,27,0,0,0.0,0,0,0,0,0.5,0,0,0,0.0,0,1,1,0,0,-1.0,0,0,1,1,0,67.0,0,0.2126,0,1,0,0,0,0.00225,0.002,0,1,0,0,0,0,0,0,0,0,0
30,0,2,0,3.6635,1,1,0,0,0,0,0,0.0,0,0,0,0,0.5,0,0,0,0.0,0,1,3,0,0,3163.0,0,0,1,1,0,110.0,0,0.2233,1,0,0,0,0,0.00875,0.48675,0,0,0,0,0,0,0,0,0,1,0
52,0,3,0,3.0131,2,1,0,0,27,0,0,0.0,0,0,0,0,0.93,1,0,0,0.0,0,1,1,0,0,-1.0,0,0,0,0,0,-1.0,0,0.3393,1,1,1,1,0,0.00375,0.48675,0,0,0,0,0,0,0,0,0,0,1
29,0,2,0,3.5219,1,1,0,0,0,0,0,0.0,0,0,0,0,0.15,1,0,0,0.0,0,1,4,0,0,10352.0,0,0,1,1,0,189.0,0,0.1154,0,0,0,0,0,0.35225,0.036,0,0,0,1,0,0,0,0,0,0,0
70,0,2,0,3.4333,1,1,0,0,37,0,0,0.0833,1,0,1,0,0.55,1,0,0,0.0,0,1,2,0,1,-1.0,0,0,0,1,0,77.0,0,0.267,1,1,0,0,0,0.00575,0.48675,0,1,0,0,0,0,0,0,0,0,0
21,0,2,5,3.027,1,0,0,0,0,0,0,0.0,0,0,0,0,0.94,1,0,0,0.0,0,0,0,0,0,108.0,0,1,1,0,0,-1.0,-1,0.3425,0,0,1,1,1,0.01625,0.01225,0,0,0,0,0,0,0,0,0,0,1
37,2,2,0,3.7454,1,0,0,0,0,0,0,0.3167,2,0,2,1,0.35,1,0,0,0.0,0,0,0,0,0,-1.0,0,0,0,0,0,-1.0,-1,0.3066,1,1,1,1,1,0.08025,0.48675,0,0,0,0,0,0,0,0,0,0,1
202,0,3,0,3.1307,2,1,0,0,55,3,8,0.0,0,0,0,0,0.5,0,0,0,0.0,0,1,1,0,0,-1.0,0,0,0,0,0,-1.0,0,0.2126,1,1,1,1,0,0.012,0.48675,0,0,0,0,0,0,0,0,0,0,1
20,0,1,0,2.3219,0,1,0,0,7,0,0,0.0,0,0,0,0,0.5,0,0,0,0.0,0,1,1,0,0,-1.0,0,0,0,0,0,-1.0,0,0.1964,1,1,1,1,0,0.0005,0.48675,0,0,0,0,0,0,0,0,0,0,1
27,0,1,0,3.2389,0,1,0,0,6,0,0,0.0,0,0,0,0,0.15,1,0,0,0.0,0,1,2,0,1,10882.0,0,1,1,1,0,199.0,0,0.1098,0,0,0,0,0,0.35225,0.019,0,0,0,1,0,0,0,0,0,0,0
35,0,1,0,3.2776,0,1,0,0,16,0,0,0.0,0,0,0,0,0.15,1,0,0,0.0,0,1,1,0,0,4491.0,0,0,1,0,0,-1.0,-1,0.1106,0,0,1,1,1,0.35225,0.00975,0,0,0,0,0,0,0,0,0,0,1
30,0,1,0,2.75,0,1,0,0,14,0,0,0.0,0,0,0,0,0.15,1,0,0,0.0,0,0,0,0,0,10637.0,0,0,1,0,0,-1.0,-1,0.1,0,0,1,1,1,0.35225,0.013,0,0,0,0,0,0,0,0,0,0,1
30,1,2,0,3.4131,1,1,0,0,0,0,0,0.0,0,0,0,0,0.15,1,0,0,0.0,0,1,3,0,0,10495.0,0,0,1,1,0,54.0,0,0.1133,0,0,0,0,0,0.35225,0.0005,1,0,0,0,0,0,0,0,0,0,0
22,0,1,0,3.182,0,1,0,0,0,0,0,0.0,0,0,0,0,0.15,1,0,0,0.0,0,1,2,0,0,2122.0,0,1,1,1,0,57.0,0,0.1086,0,0,0,0,0,0.35225,0.00375,1,0,0,0,0,0,0,0,0,0,0
18,0,1,1,3.3219,0,1,0,0,0,0,0,0.0,0,0,0,0,0.15,1,0,0,0.0,0,1,1,0,0,7124.0,0,0,1,1,0,121.0,0,0.1114,0,0,0,0,0,0.35225,0.058,0,0,0,0,0,0,0,0,1,0,0
45,4,2,9,4.3038,1,0,0,0,0,0,0,0.0,0,0,0,0,0.5,0,0,0,0.0,0,1,2,0,0,-1.0,0,0,0,1,0,76.0,0,0.2361,1,1,0,0,0,0.0995,0.48675,1,0,0,0,0,0,0,0,0,0,0
26,0,2,0,3.4992,1,1,0,0,0,0,0,0.0,0,0,0,0,0.15,1,0,0,0.0,0,1,1,0,0,-1.0,0,0,0,1,0,87.0,0,0.115,1,1,0,0,0,0.35225,0.48675,0,1,0,0,0,0,0,0,0,0,0
32,0,1,0,3.5766,0,0,0,0,5,0,0,0.1667,1,0,1,0,0.7,1,0,0,0.0,0,1,1,0,1,5.0,1,1,1,1,0,89.0,0,0.3482,0,0,0,0,0,0.0095,0.00375,0,1,0,0,0,0,0,0,0,0,0
26,0,2,0,3.2402,1,1,0,0,3,0,0,0.0,0,0,0,0,0.5,0,0,0,0.0,0,0,0,0,0,-1.0,0,0,0,0,0,-1.0,-1,0.2148,1,1,1,1,1,0.0085,0.48675,0,0,0,0,0,0,0,0,0,0,1
35,0,1,0,3.0958,0,1,0,0,7,1,2,0.0,0,0,0,0,0.15,1,0,0,0.0,0,1,1,0,1,12113.0,0,0,1,1,0,131.0,0,0.1069,0,0,0,0,0,0.35225,0.036,0,0,0,0,1,0,0,0,0,0,0
42,0,2,0,3.6235,1,1,0,0,0,1,1,0.0,0,0,0,0,0.22,1,0,0,0.0,0,0,0,0,0,9809.0,0,0,1,0,0,-1.0,-1,0.1385,0,0,1,1,1,0.0405,0.00625,0,0,0,0,0,0,0,0,0,0,1
57,0,2,0,4.3894,1,0,0,0,0,0,0,0.0833,1,0,1,0,0.35,1,0,0,0.0,0,1,2,0,0,-1.0,0,0,0,1,0,229.0,0,0.2261,1,1,0,0,0,0.08025,0.48675,0,0,0,0,0,0,0,0,0,0,0
38,0,2,0,3.7035,1,1,0,0,0,1,2,0.0,0,0,0,0,0.15,1,0,0,0.0,0,1,1,0,0,-1.0,0,0,0,1,0,50.0,0,0.1191,1,1,0,0,0,0.35225,0.48675,1,0,0,0,0,0,0,0,0,0,0
21,0,2,0,3.0221,1,1,0,0,0,0,0,0.0,0,0,0,0,0.15,1,0,0,0.0,0,1,1,0,1,10755.0,0,0,1,1,0,78.0,0,0.1054,0,0,0,0,0,0.35225,0.036,1,0,0,0,0,0,0,0,0,0,0
53,3,2,1,4.1468,1,0,0,0,0,0,0,0.0833,1,0,1,0,0.35,1,0,0,0.0,0,1,2,0,0,-1.0,0,0,0,1,0,55.0,0,0.2213,1,1,0,0,0,0.08025,0.48675,1,0,0,0,0,0,0,0,0,0,0
47,3,2,4,4.2737,1,1,0,0,0,0,0,0.0,0,0,0,0,0.5,0,0,0,0.0,0,1,2,0,0,-1.0,0,0,0,1,0,78.0,0,0.2355,1,1,0,0,0,0.0995,0.48675,1,0,0,0,0,0,0,0,0,0,0
30,0,2,0,3.7888,1,0,0,0,0,0,0,0.0833,1,0,1,0,0.35,1,0,0,0.0,0,1,2,0,0,-1.0,0,0,0,1,0,229.0,0,0.2141,1,1,0,0,0,0.08025,0.48675,0,0,0,0,0,0,0,0,0,0,0
53,1,2,4,3.7777,1,1,0,0,14,0,0,0.0833,1,0,1,0,0.28,1,0,0,0.0,0,1,4,0,0,-1.0,0,0,0,1,0,31.0,0,0.1929,1,1,0,0,0,0.0545,0.48675,0,1,0,0,0,0,0,0,0,0,0
48,0,2,0,3.1808,1,1,0,0,27,0,0,0.0,0,0,0,0,0.5,0,0,0,0.0,0,1,1,0,0,-1.0,0,0,0,1,0,60.0,0,0.2136,1,1,0,0,0,0.003,0.48675,0,1,0,0,0,0,0,0,0,0,0
26,0,2,0,3.4548,1,1,0,0,0,0,0,0.0,0,0,0,0,0.5,0,0,0,0.0,0,1,1,0,1,7933.0,0,0,1,1,0,39.0,0,0.2191,0,0,0,0,0,0.003,0.0005,0,1,0,0,0,0,0,0,0,0,0
36,1,3,0,3.8249,2,0,0,0,0,0,0,0.0833,1,0,1,0,0.5,0,0,0,0.0,0,0,0,0,0,-1.0,0,0,0,0,0,-1.0,-1,0.2598,1,1,1,1,1,0.00975,0.48675,0,0,0,0,0,0,0,0,0,0,1
23,0,2,0,2.8424,1,1,0,0,0,0,0,0.0,0,0,0,0,0.15,1,0,0,0.0,0,1,8,0,0,10548.0,0,0,1,1,0,50.0,0,0.1018,0,0,0,0,0,0.35225,0.036,1,0,0,0,0,0,0,0,0,0,0
46,0,3,0,3.3083,2,0,0,0,20,0,0,0.0,0,0,0,0,0.5,0,0,0,0.0,0,0,0,0,1,1193.0,0,0,1,0,0,-1.0,-1,0.2162,1,0,1,1,1,0.00925,0.48675,0,0,0,0,0,0,0,0,0,0,1
21,0,1,0,2.8074,0,1,0,0,6,0,0,0.0,0,0,0,0,0.5,0,0,0,0.0,0,1,1,0,0,3015.0,0,0,1,0,0,-1.0,0,0.2061,1,0,1,1,0,0.00875,0.48675,0,0,0,0,0,0,0,0,0,0,1
49,4,2,2,4.3147,1,0,0,0,0,0,0,0.1667,2,0,2,0,0.5,0,0,0,0.0,0,1,2,0,0,-1.0,0,0,0,1,0,87.0,0,0.303,1,1,0,0,0,0.0995,0.48675,1,0,0,0,0,0,0,0,0,0,0
20,0,1,0,2.585,0,1,0,0,0,0,0,0.0,0,0,0,0,0.5,0,0,0,0.0,0,1,2,0,0,-1.0,0,0,0,1,0,33.0,0,0.2017,1,1,0,0,0,0.00125,0.48675,0,1,0,0,0,0,0,0,0,0,0
51,4,2,2,4.4144,1,0,0,0,0,0,0,0.1667,2,0,2,0,0.5,0,0,0,0.0,0,1,2,0,0,-1.0,0,0,0,1,0,85.0,0,0.305,1,1,0,0,0,0.0995,0.48675,0,1,0,0,0,0,0,0,0,0,0
27,0,1,1,3.027,0,1,0,0,6,0,0,0.0,0,0,0,0,0.15,1,0,0,0.0,0,0,0,0,0,597.0,0,0,1,0,0,-1.0,-1,0.1055,0,0,1,1,1,0.35225,0.00375,0,0,0,0,0,0,0,0,0,0,1
158,0,3,0,3.1307,2,1,0,0,33,3,8,0.0,0,0,0,0,0.5,0,0,0,0.0,0,1,1,0,0,-1.0,0,0,0,0,0,-1.0,0,0.2126,1,1,1,1,0,0.012,0.48675,0,0,0,0,0,0,0,0,0,0,1
49,4,2,2,4.4123,1,0,0,0,0,0,0,0.25,3,0,3,0,0.5,0,0,0,0.0,0,1,2,0,0,-1.0,0,0,0,1,0,73.0,0,0.3382,1,1,0,0,0,0.0995,0.48675,1,0,0,0,0,0,0,0,0,0,0
58,0,2,4,4.182,1,1,0,0,21,0,0,0.0,0,0,0,0,0.94,1,0,0,0.0,0,0,0,0,0,7.0,1,0,1,0,0,-1.0,-1,0.3656,0,0,1,1,1,0.01625,0.01125,0,0,0,0,0,0,0,0,0,0,1
29,0,1,3,3.2516,0,1,0,0,9,0,0,0.0,0,0,0,0,0.15,1,0,0,0.0,0,0,0,0,0,2055.0,0,1,1,0,0,-1.0,-1,0.11,0,0,1,1,1,0.35225,0.019,0,0,0,0,0,0,0,0,0,0,1
28,0,2,5,3.8219,1,0,0,0,0,0,0,0.0,0,0,0,0,0.15,1,0,0,0.0,0,0,0,0,0,-1.0,0,0,0,0,0,-1.0,-1,0.1214,1,1,1,1,1,0.35225,0.48675,0,0,0,0,0,0,0,0,0,0,1
37,2,2,0,3.9354,1,0,0,0,0,0,0,0.1667,2,0,2,0,0.35,1,0,0,0.0,0,1,2,0,0,-1.0,0,0,0,1,0,55.0,0,0.2504,1,1,0,0,0,0.08025,0.48675,1,0,0,0,0,0,0,0,0,0,0
33,2,2,0,3.5179,1,1,0,0,0,0,0,0.0833,1,0,1,0,0.5,0,0,0,0.0,0,1,2,0,0,-1.0,0,0,0,1,0,47.0,0,0.2537,1,1,0,0,0,0.0995,0.48675,1,0,0,0,0,0,0,0,0,0,0
51,0,1,0,3.2608,0,1,0,0,24,0,0,0.0833,1,0,1,0,0.6,1,0,0,0.0,0,0,0,0,0,-1.0,0,0,0,0,0,-1.0,-1,0.2785,1,1,1,1,1,0.00125,0.48675,0,0,0,0,0,0,0,0,0,0,1
42,3,2,6,4.231,1,0,0,0,0,0,0,0.0,0,0,0,0,0.5,0,0,0,0.0,0,1,2,0,0,-1.0,0,0,0,1,0,81.0,0,0.2346,1,1,0,0,0,0.0995,0.48675,1,0,0,0,0,0,0,0,0,0,0
25,0,2,0,3.1556,1,1,0,0,0,0,0,0.0,0,0,0,0,0.15,1,0,0,0.0,0,1,4,0,0,11179.0,0,0,1,1,0,167.0,0,0.1081,0,0,0,0,0,0.35225,0.0055,0,0,0,1,0,0,0,0,0,0,0
40,0,2,0,3.5464,1,0,0,0,13,0,0,0.0,0,0,0,0,0.28,1,0,0,0.0,0,1,4,0,0,-1.0,0,0,0,1,0,31.0,0,0.1549,1,1,0,0,0,0.0545,0.48675,0,1,0,0,0,0,0,0,0,0,0
22,0,1,0,2.8074,0,1,0,0,7,0,0,0.0,0,0,0,0,0.85,1,0,0,0.0,0,1,2,0,0,-1.0,0,0,0,1,0,69.0,0,0.3111,1,1,0,0,0,0.0025,0.48675,1,0,0,0,0,0,0,0,0,0,0
43,3,2,3,4.3594,1,1,0,0,0,0,0,0.0833,1,0,1,0,0.5,0,0,0,0.0,0,1,2,0,0,-1.0,0,0,0,1,0,87.0,0,0.2705,1,1,0,0,0,0.0995,0.48675,0,1,0,0,0,0,0,0,0,0,0
38,2,2,6,3.9484,1,0,0,0,0,0,0,0.0833,1,0,1,0,0.35,1,0,0,0.0,0,1,2,0,0,-1.0,0,0,0,1,0,31.0,0,0.2173,1,1,0,0,0,0.08025,0.48675,0,1,0,0,0,0,0,0,0,0,0
32,0,2,0,3.5555,1,1,0,0,0,0,0,0.0,0,0,0,0,0.5,0,0,0,0.0,0,0,0,0,0,10181.0,0,0,1,0,0,-1.0,-1,0.2211,0,0,1,1,1,0.00425,0.00125,0,0,0,0,0,0,0,0,0,0,1
36,0,1,0,2.9852,0,1,0,0,14,0,0,0.0,0,0,0,0,0.15,1,0,0,0.0,0,1,1,0,1,11328.0,0,0,1,1,0,55.0,0,0.1047,0,0,0,0,0,0.35225,0.0035,0,0,0,0,0,0,0,0,0,0,0
43,2,2,0,3.8973,1,0,0,0,0,0,0,0.2333,1,0,1,1,0.35,1,0,0,0.0,0,1,2,0,0,-1.0,0,0,0,1,0,229.0,0,0.2763,1,1,0,0,0,0.08025,0.48675,0,0,0,0,0,0,0,0,0,0,0
14,0,1,0,2.2516,0,1,0,0,0,0,0,0.1667,2,0,2,0,0.5,0,0,0,0.0,0,1,1,0,0,-1.0,0,0,0,1,0,55.0,0,0.2617,1,1,0,0,0,0.0015,0.48675,0,1,0,0,0,0,0,0,0,0,0
50,1,1,0,3.4138,0,1,0,0,24,0,0,0.0,0,0,0,0,0.1,1,0,0,0.0,0,1,2,0,0,183.0,0,0,1,1,0,84.0,0,0.0983,0,0,0,0,0,0.02775,0.01575,1,0,0,0,0,0,0,0,0,0,0
35,2,2,0,3.8842,1,0,0,0,0,0,0,0.0833,1,0,1,0,0.35,1,0,0,0.0,0,0,0,0,0,-1.0,0,0,0,0,0,-1.0,-1,0.216,1,1,1,1,1,0.08025,0.48675,0,0,0,0,0,0,0,0,0,0,1
25,0,2,0,3.1019,1,1,0,0,0,0,0,0.0833,1,0,1,0,0.5,0,0,0,0.0,0,1,2,0,0,173.0,0,0,1,1,0,35.0,0,0.2454,0,0,0,0,0,0.001,0.01225,1,0,0,0,0,0,0,0,0,0,0
60,1,1,0,3.6901,0,1,0,0,35,0,0,0.1667,2,0,2,0,0.5,0,0,0,0.0,0,0,0,0,1,-1.0,0,0,0,0,0,-1.0,-1,0.2905,1,1,1,1,1,0.00225,0.48675,0,0,0,0,0,0,0,0,0,0,1
33,0,1,0,3.1699,0,1,0,0,16,0,0,0.0833,1,0,1,0,0.5,0,0,0,0.0,0,1,3,0,1,-1.0,0,0,0,1,0,65.0,0,0.2467,1,1,0,0,0,0.00025,0.48675,1,0,0,0,0,0,0,0,0,0,0
38,0,1,0,2.7322,0,1,0,0,19,0,0,0.0,0,0,0,0,0.15,1,0,0,0.0,0,1,1,0,1,6514.0,0,1,1,1,0,76.0,0,0.0996,0,0,0,0,0,0.35225,0.019,0,1,0,0,0,0,0,0,0,0,0
50,0,1,0,3.2516,0,1,0,0,29,0,0,0.0,0,0,0,0,0.5,0,0,0,0.0,0,1,2,0,0,-1.0,0,0,0,1,0,68.0,0,0.215,1,1,0,0,0,0.00025,0.48675,0,1,0,0,0,0,0,0,0,0,0
48,1,2,2,3.7899,1,1,0,0,10,0,0,0.0,0,0,0,0,0.5,0,0,0,0.0,0,0,0,0,0,-1.0,0,0,0,0,0,-1.0,-1,0.2258,1,1,1,1,1,0.0995,0.48675,0,0,0,0,0,0,0,0,0,0,1
32,0,2,0,3.4801,1,1,0,0,0,0,0,0.0,0,0,0,0,0.15,1,0,0,0.0,0,1,1,0,0,-1.0,0,0,0,1,0,50.0,0,0.1146,1,1,0,0,0,0.35225,0.48675,1,0,0,0,0,0,0,0,0,0,0
47,4,2,2,4.2917,1,0,0,0,0,0,0,0.0,0,0,0,0,0.5,0,0,0,0.0,0,1,2,0,0,-1.0,0,0,0,1,0,77.0,0,0.2358,1,1,0,0,0,0.0995,0.48675,1,0,0,0,0,0,0,0,0,0,0
31,1,2,0,3.4842,1,1,0,0,3,0,0,0.0,0,0,0,0,0.5,0,0,0,0.0,0,1,2,0,0,11536.0,0,0,1,1,0,172.0,0,0.2197,0,0,0,0,0,0.00525,0.00175,0,0,0,0,0,0,0,0,0,0,0
34,0,1,0,2.5216,0,1,0,0,19,0,0,0.0,0,0,0,0,0.28,1,0,0,0.0,0,0,0,0,0,4684.0,0,0,1,0,0,-1.0,-1,0.1344,0,0,1,1,1,0.0545,0.00075,0,0,0,0,0,0,0,0,0,0,1
36,1,1,0,3.8635,0,0,0,0,4,0,0,0.0,0,0,0,1,0.8,1,0,0,0.0,0,1,2,0,0,-1.0,0,0,0,1,0,76.0,0,0.3173,1,1,0,0,0,0.00075,0.48675,1,0,0,0,0,0,0,0,0,0,0
27,0,2,0,3.6819,1,1,0,0,0,0,0,0.0,0,0,0,0,0.15,1,0,0,0.0,0,1,1,0,0,10761.0,0,0,1,1,0,89.0,0,0.1186,0,0,0,0,0,0.35225,0.0155,0,0,0,0,0,0,0,0,0,0,0
32,0,3,0,3.6368,2,0,0,0,0,0,0,0.0,0,0,0,0,0.15,1,0,0,0.0,0,1,2,0,0,7431.0,0,0,1,0,0,-1.0,-1,0.1177,0,0,1,1,1,0.35225,0.036,0,0,0,0,0,0,0,0,0,0,1
44,1,2,0,3.2359,1,1,0,0,21,0,0,0.0,0,0,0,0,0.15,1,0,0,0.0,0,0,0,0,0,6.0,1,0,1,0,0,-1.0,-1,0.1097,0,0,1,1,1,0.35225,0.0045,0,0,0,0,0,0,0,0,0,0,1
36,0,1,0,3.585,0,1,0,0,16,0,0,0.0,0,0,0,0,0.15,1,0,0,0.0,0,1,2,0,1,4770.0,0,1,1,1,0,86.0,0,0.1167,0,0,0,0,0,0.35225,0.00625,1,0,0,0,0,0,0,0,0,0,0
20,0,1,0,2.3219,0,1,0,0,7,0,0,0.0,0,0,0,0,0.5,0,0,0,0.0,0,1,1,0,0,-1.0,0,0,0,0,0,-1.0,0,0.1964,1,1,1,1,0,0.0005,0.48675,0,0,0,0,0,0,0,0,0,0,1
38,0,1,0,3.6645,0,1,0,0,16,0,0,0.0,0,0,0,0,0.5,0,0,0,0.0,0,1,2,0,1,-1.0,0,0,0,1,0,40.0,0,0.2233,1,1,0,0,0,0.00325,0.48675,1,0,0,0,0,0,0,0,0,0,0
46,5,2,6,4.3436,1,0,0,0,0,0,0,0.0,0,0,0,0,0.5,0,0,0,0.0,0,1,2,0,0,-1.0,0,0,0,1,0,81.0,0,0.2369,1,1,0,0,0,0.0995,0.48675,1,0,0,0,0,0,0,0,0,0,0
47,3,3,0,4.1311,2,0,0,0,0,0,0,0.0833,1,0,1,0,0.5,0,0,0,0.0,0,0,0,0,0,-1.0,0,0,0,0,0,-1.0,-1,0.2659,1,1,1,1,1,0.004,0.48675,0,0,0,0,0,0,0,0,0,0,1
52,0,3,0,3.0131,2,1,0,0,27,0,0,0.0,0,0,0,0,0.93,1,0,0,0.0,0,1,1,0,0,-1.0,0,0,0,0,0,-1.0,0,0.3393,1,1,1,1,0,0.00375,0.48675,0,0,0,0,0,0,0,0,0,0,1
33,1,3,1,3.7406,2,1,0,0,0,0,0,0.1667,2,0,2,0,0.35,1,0,0,0.0,0,1,2,0,0,-1.0,0,0,0,0,0,-1.0,0,0.2465,1,1,1,1,0,0.08025,0.48675,0,0,0,0,0,0,0,0,0,0,1
69,0,1,0,3.3372,0,0,0,0,45,0,1,0.0,0,0,0,0,0.15,1,0,0,0.0,0,0,0,0,1,-1.0,0,0,0,0,0,-1.0,-1,0.1117,1,1,1,1,1,0.35225,0.48675,0,0,0,0,0,0,0,0,0,0,1
29,0,2,0,3.3633,1,0,0,0,0,0,0,0.0,0,0,0,0,0.28,1,0,0,0.0,0,1,2,0,0,4834.0,0,0,1,0,0,-1.0,-1,0.1513,0,0,1,1,1,0.0545,0.0155,0,0,0,0,0,0,0,0,0,0,1
40,0,3,1,3.889,2,1,0,0,0,0,0,0.0,0,0,0,0,0.15,1,0,0,0.0,0,1,1,0,0,-1.0,0,0,0,0,0,-1.0,0,0.1228,1,1,1,1,0,0.35225,0.48675,0,0,0,0,0,0,0,0,0,0,1
54,0,2,0,3.7951,1,1,0,0,23,0,0,0.0,0,0,0,0,0.28,1,0,0,0.0,0,1,4,0,0,-1.0,0,0,0,1,0,31.0,0,0.1599,1,1,0,0,0,0.0545,0.48675,0,1,0,0,0,0,0,0,0,0,0
281,0,2,0,3.027,1,1,0,0,25,1,2,0.0,0,0,0,0,0.5,0,0,0,0.0,0,1,1,0,0,-1.0,0,0,0,0,0,-1.0,0,0.2105,1,1,1,1,0,0.003,0.48675,0,0,0,0,0,0,0,0,0,0,1
46,4,2,0,3.8957,1,0,0,0,0,0,0,0.3333,4,0,4,0,0.35,1,0,0,0.0,0,1,2,0,0,-1.0,0,0,0,1,0,83.0,0,0.3162,1,1,0,0,0,0.08025,0.48675,1,0,0,0,0,0,0,0,0,0,0
37,1,1,2,3.3927,0,1,0,0,16,0,0,0.0,0,0,0,0,0.22,1,0,0,0.0,0,0,0,0,0,5763.0,0,0,1,0,0,-1.0,-1,0.1339,0,0,1,1,1,0.0405,0.036,0,0,0,0,0,0,0,0,0,0,1
23,0,2,0,3.182,1,1,0,0,0,0,0,0.0,0,0,0,0,0.15,1,0,0,0.0,0,1,2,0,0,4521.0,0,0,1,1,0,63.0,0,0.1086,0,0,0,0,0,0.35225,0.0005,0,1,0,0,0,0,0,0,0,0,0
29,0,2,0,3.5842,1,1,0,0,0,0,0,0.0,0,0,0,0,0.15,1,0,0,0.0,0,1,1,0,0,9792.0,0,1,1,1,0,69.0,0,0.1167,0,0,0,0,0,0.35225,0.00325,0,1,0,0,0,0,0,0,0,0,0
34,1,2,0,3.8937,1,1,0,0,0,0,0,0.0833,1,0,1,0,0.35,1,0,0,0.0,0,1,2,0,0,-1.0,0,0,0,1,0,229.0,0,0.2162,1,1,0,0,0,0.08025,0.48675,0,0,0,0,0,0,0,0,0,0,0
30,0,1,0,3.1808,0,1,0,0,9,0,0,0.0,0,0,0,0,0.22,1,0,0,0.0,0,1,2,0,1,9217.0,0,1,1,1,0,198.0,0,0.1296,0,0,0,0,0,0.0405,0.00325,0,0,0,0,0,0,0,0,0,0,0
18,0,1,1,3.1219,0,1,0,0,0,0,0,0.0,0,0,0,0,0.5,0,0,0,0.0,0,1,2,0,1,-1.0,0,0,0,1,0,52.0,0,0.2124,1,1,0,0,0,0.002,0.48675,0,1,0,0,0,0,0,0,0,0,0
43,0,2,0,3.4464,1,1,0,0,14,0,0,0.0,0,0,0,0,0.15,1,0,0,0.0,0,1,2,0,0,10758.0,0,1,1,1,0,169.0,0,0.1139,0,0,0,0,0,0.35225,0.00075,0,0,0,0,0,0,0,0,0,0,0
22,0,2,0,3.1808,1,1,0,0,0,0,0,0.0,0,0,0,0,0.15,1,0,0,0.0,0,1,4,0,0,10945.0,0,1,1,1,0,66.0,0,0.1086,0,0,0,0,0,0.35225,0.00625,0,0,0,1,0,0,0,0,0,0,0
22,0,2,0,3.1808,1,1,0,0,0,0,0,0.0,0,0,0,0,0.15,1,0,0,0.0,0,1,1,0,0,-1.0,0,0,0,1,0,88.0,0,0.1086,1,1,0,0,0,0.35225,0.48675,0,0,0,0,0,0,0,0,0,0,0
18,0,1,2,2.9219,0,0,0,0,0,0,0,0.0,0,0,0,0,0.3,1,0,0,0.0,0,0,0,0,0,-1.0,0,0,0,0,0,-1.0,-1,0.1484,1,1,1,1,1,0.00425,0.48675,0,0,0,0,0,0,0,0,0,0,1
74,4,2,0,4.0502,1,1,0,0,20,0,0,0.2333,1,0,1,1,0.35,1,0,0,0.0,0,1,1,0,0,-1.0,0,0,0,1,0,66.0,0,0.2793,1,1,0,0,0,0.08025,0.48675,1,0,0,0,0,0,0,0,0,0,0
25,0,2,0,3.1556,1,1,0,0,0,0,0,0.0,0,0,0,0,0.15,1,0,0,0.0,0,1,2,0,0,3206.0,0,0,1,1,0,59.0,0,0.1081,0,0,0,0,0,0.35225,0.058,1,0,0,0,0,0,0,0,0,0,0
52,4,2,0,4.01,1,0,0,0,0,0,0,0.0833,1,0,1,0,0.35,1,0,0,0.0,0,1,1,0,0,-1.0,0,0,0,1,0,66.0,0,0.2185,1,1,0,0,0,0.08025,0.48675,1,0,0,0,0,0,0,0,0,0,0
32,0,1,0,3.5698,0,1,0,0,0,0,0,0.0,0,0,0,0,0.15,1,0,0,0.0,0,1,3,0,1,8804.0,0,0,1,1,0,56.0,0,0.1164,0,0,0,0,0,0.35225,0.004,1,0,0,0,0,0,0,0,0,0,0
23,0,1,0,3.3736,0,1,0,0,0,0,0,0.0,0,0,0,0,0.15,1,0,0,0.0,0,1,1,0,1,-1.0,0,0,0,1,0,38.0,0,0.1125,1,1,0,0,0,0.35225,0.48675,0,1,0,0,0,0,0,0,0,0,0
40,2,2,6,4.0306,1,0,0,0,0,0,0,0.0833,1,0,1,0,0.35,1,0,0,0.0,0,1,2,0,0,-1.0,0,0,0,1,0,31.0,0,0.2189,1,1,0,0,0,0.08025,0.48675,0,1,0,0,0,0,0,0,0,0,0
23,0,2,0,2.8424,1,1,0,0,0,0,0,0.0,0,0,0,0,0.15,1,0,0,0.0,0,1,8,0,0,10548.0,0,0,1,1,0,50.0,0,0.1018,0,0,0,0,0,0.35225,0.036,1,0,0,0,0,0,0,0,0,0,0
25,0,2,0,3.4528,1,1,0,0,0,0,0,0.0,0,0,0,0,0.1,1,0,0,0.0,0,1,1,0,0,9776.0,0,0,1,1,0,136.0,0,0.0991,0,0,0,0,0,0.02775,0.013,0,0,0,0,1,0,0,0,0,0,0
73,2,4,1,3.9294,3,1,0,0,22,0,0,0.0,0,0,0,0,0.5,0,0,0,0.0,0,1,2,0,0,-1.0,0,0,0,1,0,60.0,0,0.2286,1,1,0,0,0,0.00075,0.48675,0,1,0,0,0,0,0,0,0,0,0
15,0,1,0,2.8074,0,1,0,0,0,0,0,0.0,0,0,0,0,0.28,1,0,0,0.0,0,1,1,0,1,4990.0,0,0,1,0,0,-1.0,-1,0.1401,0,0,1,1,1,0.0545,0.00975,0,0,0,0,0,0,0,0,0,0,1
46,4,2,8,4.5439,1,0,0,0,0,0,0,0.0,0,0,0,0,0.5,0,0,0,0.0,0,1,2,0,0,-1.0,0,0,0,1,0,77.0,0,0.2409,1,1,0,0,0,0.0995,0.48675,1,0,0,0,0,0,0,0,0,0,0
31,1,2,0,3.6978,1,1,0,0,0,0,0,0.4,3,0,3,1,0.15,1,0,0,0.0,0,1,2,0,0,7431.0,0,0,1,1,0,37.0,0,0.279,0,0,0,0,0,0.35225,0.036,0,1,0,0,0,0,0,0,0,0,0
17,0,1,0,2.9477,0,1,0,0,0,0,0,0.0,0,0,0,0,0.15,1,0,0,0.0,0,1,2,0,1,9989.0,0,0,1,1,0,29.0,0,0.104,0,0,0,0,0,0.35225,0.00975,0,1,0,0,0,0,0,0,0,0,0
33,1,1,0,3.4528,0,1,0,0,9,0,0,0.0,0,0,0,0,0.5,0,0,0,0.0,0,0,0,0,0,3001.0,0,0,1,0,0,-1.0,-1,0.2191,0,0,1,1,1,0.00325,0.00975,0,0,0,0,0,0,0,0,0,0,1
36,1,3,0,3.8249,2,0,0,0,0,0,0,0.0,0,0,0,0,0.5,0,0,0,0.0,0,0,0,0,0,-1.0,0,0,0,0,0,-1.0,-1,0.2265,1,1,1,1,1,0.00975,0.48675,0,0,0,0,0,0,0,0,0,0,1
32,2,2,4,3.7623,1,1,0,0,0,0,0,0.0,0,0,0,0,0.65,1,1,0,0.6,1,1,2,0,0,87.0,0,0,1,1,0,61.0,0,0.3902,0,0,0,0,0,0.0025,0.006,0,1,0,0,0,0,0,0,0,0,0
32,0,1,0,2.5,0,1,0,0,7,1,2,0.0,0,0,0,0,0.5,0,0,0,0.0,0,0,0,0,1,-1.0,0,0,0,0,0,-1.0,-1,0.2,1,1,1,1,1,0.00025,0.48675,0,0,0,0,0,0,0,0,0,0,1
47,4,2,3,4.343,1,0,0,0,0,0,0,0.0,0,0,0,0,0.5,0,0,0,0.0,0,1,2,0,0,-1.0,0,0,0,1,0,83.0,0,0.2369,1,1,0,0,0,0.0995,0.48675,1,0,0,0,0,0,0,0,0,0,0
67,6,3,8,4.4333,2,1,0,0,0,0,0,0.3167,1,0,2,1,0.5,0,0,0,0.0,0,1,2,0,0,-1.0,0,0,0,1,0,80.0,0,0.3653,1,1,0,0,0,0.0995,0.48675,1,0,0,0,0,0,0,0,0,0,0
31,0,2,0,3.6978,1,1,0,0,0,0,0,0.0,0,0,0,0,0.5,0,0,0,0.0,0,0,0,0,0,-1.0,0,0,0,0,0,-1.0,-1,0.224,1,1,1,1,1,0.00175,0.48675,0,0,0,0,0,0,0,0,0,0,1
31,0,1,0,2.8074,0,1,0,0,16,0,0,0.0833,1,0,1,0,0.22,1,0,0,0.0,0,0,0,0,0,10376.0,0,1,1,0,0,-1.0,-1,0.1555,0,0,1,1,1,0.0405,0.01175,0,0,0,0,0,0,0,0,0,0,1
17,0,1,0,2.4194,0,1,0,0,0,0,0,0.0833,1,0,1,0,0.5,0,0,0,0.0,0,1,2,0,1,-1.0,0,0,0,1,0,79.0,0,0.2317,1,1,0,0,0,0.0005,0.48675,1,0,0,0,0,0,0,0,0,0,0
29,2,2,0,3.4992,1,0,0,0,0,0,0,0.0833,1,0,1,0,0.5,0,0,0,0.0,0,1,2,0,0,-1.0,0,0,0,1,0,32.0,0,0.2533,1,1,0,0,0,0.0995,0.48675,1,0,0,0,0,0,0,0,0,0,0
25,0,2,0,3.4528,1,1,0,0,0,0,0,0.0,0,0,0,0,0.15,1,0,0,0.0,0,1,2,0,0,4637.0,0,0,1,1,0,78.0,0,0.1141,0,0,0,0,0,0.35225,0.058,0,1,0,0,0,0,0,0,0,0,0
29,0,1,0,3.4183,0,1,0,0,9,0,0,0.0,0,0,0,0,0.5,0,0,0,0.0,0,1,2,0,0,-1.0,0,0,0,1,0,67.0,0,0.2184,1,1,0,0,0,0.00075,0.48675,1,0,0,0,0,0,0,0,0,0,0
44,2,3,0,3.8984,2,0,0,0,0,0,0,0.0,0,0,0,0,0.5,0,0,0,0.0,0,0,0,0,0,-1.0,0,0,0,0,0,-1.0,-1,0.228,1,1,1,1,1,0.00975,0.48675,0,0,0,0,0,0,0,0,0,0,1
24,0,2,0,2.4464,1,1,0,0,6,0,0,0.0,0,0,0,0,0.5,0,0,0,0.0,0,1,1,0,1,-1.0,0,0,1,1,0,89.0,0,0.1989,0,1,0,0,0,0.003,0.0005,0,1,0,0,0,0,0,0,0,0,0
35,2,2,0,3.7784,1,0,0,0,0,0,0,0.0,0,0,0,0,0.5,0,0,0,0.0,0,1,2,0,0,-1.0,0,0,0,1,0,50.0,0,0.2256,1,1,0,0,0,0.0995,0.48675,1,0,0,0,0,0,0,0,0,0,0
36,1,3,0,3.7265,2,0,0,0,0,0,0,0.0833,1,0,1,0,0.5,0,0,0,0.0,0,0,0,0,0,-1.0,0,0,0,0,0,-1.0,-1,0.2579,1,1,1,1,1,0.00975,0.48675,0,0,0,0,0,0,0,0,0,0,1
34,0,1,0,3.5069,0,1,0,0,11,0,0,0.0,0,0,0,0,0.15,1,0,0,0.0,0,1,2,0,1,4453.0,0,1,1,1,0,46.0,0,0.1151,0,0,0,0,0,0.35225,0.00375,0,1,0,0,0,0,0,0,0,0,0
50,0,3,0,3.1307,2,1,0,0,25,0,0,0.0,0,0,0,0,0.5,0,0,0,0.0,0,1,1,0,0,56.0,0,0,1,1,0,38.0,0,0.2126,0,0,0,0,0,0.004,0.0035,0,1,0,0,0,0,0,0,0,0,0
17,0,1,0,2.6416,0,1,0,0,0,0,0,0.0,0,0,0,0,0.22,1,0,0,0.0,0,1,1,0,1,9749.0,0,0,1,1,0,60.0,0,0.1188,0,0,0,0,0,0.0405,0.00325,0,1,0,0,0,0,0,0,0,0,0
36,0,1,0,3.2776,0,1,0,0,17,0,0,0.0,0,0,0,0,0.9,1,0,0,0.0,0,1,2,0,0,-1.0,0,0,0,1,0,34.0,0,0.3356,1,1,0,0,0,0.00575,0.48675,1,0,0,0,0,0,0,0,0,0,0
19,0,1,0,3.2776,0,1,0,0,0,0,0,0.0,0,0,0,0,0.1,1,0,0,0.0,0,1,2,0,1,3762.0,0,0,1,1,0,31.0,0,0.0956,0,0,0,0,0,0.02775,0.058,1,0,0,0,0,0,0,0,0,0,0
54,0,2,0,2.8731,1,1,0,0,6,1,2,0.0,0,0,0,0,0.5,0,0,0,0.0,0,1,1,0,0,-1.0,0,0,0,1,0,72.0,0,0.2075,1,1,0,0,0,0.0025,0.48675,0,1,0,0,0,0,0,0,0,0,0
68,0,2,0,3.5464,1,1,0,0,39,0,0,0.0,0,0,0,0,0.28,1,0,0,0.0,0,1,4,0,0,-1.0,0,0,0,1,0,31.0,0,0.1549,1,1,0,0,0,0.0545,0.48675,0,1,0,0,0,0,0,0,0,0,0
33,0,1,0,2.75,0,1,0,0,17,0,0,0.0,0,0,0,0,0.02,1,0,0,0.0,0,1,1,0,1,12155.0,0,0,1,1,0,55.0,0,0.061,1,0,0,0,0,0.0075,0.48675,0,0,0,0,0,0,0,0,1,0,0
47,3,2,4,4.2737,1,1,0,0,0,0,0,0.0,0,0,0,0,0.5,0,0,0,0.0,0,1,2,0,0,-1.0,0,0,0,1,0,78.0,0,0.2355,1,1,0,0,0,0.0995,0.48675,1,0,0,0,0,0,0,0,0,0,0
21,0,1,0,3.2389,0,1,0,0,0,0,0,0.0,0,0,0,0,0.15,1,0,0,0.0,0,1,1,0,0,1318.0,0,0,1,1,0,45.0,0,0.1098,0,0,0,0,0,0.35225,0.0065,0,1,0,0,0,0,0,0,0,0,0
58,7,2,0,3.9684,1,1,0,0,0,0,0,0.3167,2,0,2,1,0.35,1,0,0,0.0,0,1,2,0,0,-1.0,0,0,0,1,0,83.0,0,0.311,1,1,0,0,0,0.08025,0.48675,1,0,0,0,0,0,0,0,0,0,0
27,0,1,0,2.7774,0,1,0,0,6,0,0,0.0,0,0,0,0,0.22,1,0,0,0.0,0,1,1,0,0,7081.0,0,0,1,1,0,56.0,0,0.1215,0,0,0,0,0,0.0405,0.004,0,1,0,0,0,0,0,0,0,0,0
53,1,2,0,3.7534,1,1,0,0,17,0,0,0.0833,1,0,1,0,0.55,1,0,0,0.0,0,1,1,0,0,-1.0,0,0,0,1,0,83.0,0,0.2734,1,1,0,0,0,0.00575,0.48675,0,1,0,0,0,0,0,0,0,0,0
43,1,3,0,3.8542,2,0,0,0,0,0,0,0.0,0,0,0,0,0.15,1,0,0,0.0,0,0,0,0,0,9285.0,0,1,1,0,0,-1.0,-1,0.1221,0,0,1,1,1,0.35225,0.01175,0,0,0,0,0,0,0,0,0,0,1
28,0,2,0,3.4548,1,1,0,0,3,0,0,0.0,0,0,0,0,0.5,0,0,0,0.0,0,1,1,0,0,6332.0,0,0,1,1,0,36.0,0,0.2191,0,0,0,0,0,0.002,0.00025,0,0,0,0,0,0,1,0,0,0,0
20,0,1,0,3.4183,0,1,0,0,0,0,0,0.0,0,0,0,0,0.5,0,0,0,0.0,0,1,1,0,1,2346.0,0,0,1,1,0,37.0,0,0.2184,0,0,0,0,0,0.02275,0.012,0,1,0,0,0,0,0,0,0,0,0
27,0,1,0,3.5724,0,1,0,0,0,0,0,0.0,0,0,0,0,0.5,0,0,0,0.0,0,1,2,0,0,-1.0,0,0,0,1,0,57.0,0,0.2214,1,1,0,0,0,0.0005,0.48675,1,0,0,0,0,0,0,0,0,0,0
49,3,3,0,4.2043,2,0,0,0,0,0,0,0.0,0,0,0,0,0.5,0,0,0,0.0,0,1,1,0,0,-1.0,0,0,0,0,0,-1.0,0,0.2341,1,1,1,1,0,0.004,0.48675,0,0,0,0,0,0,0,0,0,0,1
62,2,4,5,4.034,3,1,0,0,13,0,0,0.0,0,0,0,0,0.15,1,0,0,0.0,0,1,4,0,0,3671.0,0,1,1,1,0,41.0,0,0.1257,0,0,0,0,0,0.35225,0.01575,0,1,0,0,0,0,0,0,0,0,0
35,0,1,0,3.0958,0,1,0,0,16,0,0,0.0,0,0,0,0,0.15,1,0,0,0.0,0,0,0,0,0,417.0,0,0,1,0,0,-1.0,-1,0.1069,0,0,1,1,1,0.35225,0.058,0,0,0,0,0,0,0,0,0,0,1
42,1,1,0,3.8635,0,1,0,0,5,1,1,0.0,0,0,0,1,0.8,1,0,0,0.0,0,1,2,0,0,-1.0,0,0,0,1,0,76.0,0,0.3173,1,1,0,0,0,0.00075,0.48675,1,0,0,0,0,0,0,0,0,0,0
32,0,2,0,3.2391,1,1,0,0,6,0,0,0.0,0,0,0,0,0.5,0,0,0,0.0,0,1,2,0,1,-1.0,0,0,0,1,0,226.0,0,0.2148,1,1,0,0,0,0.0015,0.48675,0,0,0,0,0,0,0,0,0,0,0
33,0,1,0,3.4594,0,1,0,0,14,0,0,0.1667,1,0,1,0,0.5,0,0,0,0.0,0,1,1,0,0,-1.0,0,0,0,1,0,35.0,0,0.2859,1,1,0,0,0,0.0005,0.48675,1,0,0,0,0,0,0,0,0,0,0
38,2,2,5,3.9647,1,0,0,0,0,0,0,0.0833,1,0,1,0,0.35,1,0,0,0.0,0,1,2,0,0,-1.0,0,0,0,1,0,229.0,0,0.2176,1,1,0,0,0,0.08025,0.48675,0,0,0,0,0,0,0,0,0,0,0
41,2,2,6,3.9306,1,0,0,0,0,0,0,0.0833,1,0,1,0,0.35,1,0,0,0.0,0,1,2,0,0,-1.0,0,0,0,1,0,31.0,0,0.2169,1,1,0,0,0,0.08025,0.48675,0,1,0,0,0,0,0,0,0,0,0
28,0,1,0,3.1699,0,1,0,0,11,0,0,0.0,0,0,0,0,0.15,1,0,0,0.0,0,1,1,0,1,11784.0,0,0,1,1,0,32.0,0,0.1084,0,0,0,0,0,0.35225,0.004,0,1,0,0,0,0,0,0,0,0,0
18,0,1,0,3.1219,0,1,0,0,0,0,0,0.0,0,0,0,0,0.28,1,0,0,0.0,0,1,1,0,1,3675.0,0,0,1,1,0,61.0,0,0.1464,0,0,0,0,0,0.0545,0.058,0,0,0,0,0,0,0,0,0,1,0
25,0,1,0,2.7255,0,1,0,0,8,0,0,0.0,0,0,0,0,0.5,0,0,0,0.0,0,1,1,0,1,2266.0,0,1,1,1,0,29.0,0,0.2045,0,0,0,0,0,0.001,0.00025,0,1,0,0,0,0,0,0,0,0,0
44,5,2,5,4.3265,1,0,0,0,0,0,0,0.0,0,0,0,0,0.5,0,0,0,0.0,0,1,2,0,0,-1.0,0,0,0,1,0,81.0,0,0.2365,1,1,0,0,0,0.0995,0.48675,1,0,0,0,0,0,0,0,0,0,0
33,0,2,1,3.8522,1,1,0,0,7,0,0,0.0,0,0,0,0,0.5,0,0,0,0.0,0,0,0,0,0,3565.0,0,0,1,0,0,-1.0,-1,0.227,0,0,1,1,1,0.02275,0.00025,0,0,0,0,0,0,0,0,0,0,1
15,0,1,0,2.8074,0,1,0,0,0,0,0,0.0,0,0,0,0,0.5,0,0,0,0.0,0,1,3,0,1,5234.0,0,0,1,1,0,78.0,0,0.2061,1,0,0,0,0,0.00875,0.48675,0,0,0,1,0,0,0,0,0,0,0
33,0,2,0,2.914,1,1,0,0,14,0,0,0.0833,1,0,1,0,0.5,0,0,0,0.0,0,1,1,0,0,-1.0,0,0,0,1,0,78.0,0,0.2416,1,1,0,0,0,0.00025,0.48675,0,1,0,0,0,0,0,0,0,0,0
45,4,2,8,4.2834,1,0,0,0,0,0,0,0.0833,1,0,1,0,0.5,0,0,0,0.0,0,1,2,0,0,-1.0,0,0,0,1,0,81.0,0,0.269,1,1,0,0,0,0.0995,0.48675,1,0,0,0,0,0,0,0,0,0,0
17,0,1,0,3.1699,0,1,0,0,0,0,0,0.0,0,0,0,0,0.94,1,0,0,0.0,0,1,2,0,0,61.0,0,1,1,1,0,87.0,0,0.3454,0,0,0,0,0,0.01625,0.006,1,0,0,0,0,0,0,0,0,0,0
198,0,3,0,3.1307,2,1,0,0,53,3,8,0.0,0,0,0,0,0.5,0,0,0,0.0,0,1,1,0,0,-1.0,0,0,0,0,0,-1.0,0,0.2126,1,1,1,1,0,0.012,0.48675,0,0,0,0,0,0,0,0,0,0,1
28,0,3,0,3.3464,2,0,0,0,0,0,0,0.0,0,0,0,0,0.15,1,0,0,0.0,0,1,2,0,0,7431.0,0,0,1,0,0,-1.0,-1,0.1119,0,0,1,1,1,0.35225,0.036,0,0,0,0,0,0,0,0,0,0,1
21,0,2,0,2.6887,1,1,0,0,0,0,0,0.0,0,0,0,0,0.15,1,0,0,0.0,0,1,4,0,0,11069.0,0,0,1,1,0,186.0,0,0.0988,0,0,0,0,0,0.35225,0.0005,0,0,0,1,0,0,0,0,0,0,0
35,0,1,0,2.7219,0,1,0,0,17,0,0,0.0,0,0,0,0,0.5,0,0,0,0.0,0,0,0,0,0,-1.0,0,0,0,0,0,-1.0,-1,0.2044,1,1,1,1,1,0.002,0.48675,0,0,0,0,0,0,0,0,0,0,1
46,4,2,8,4.1158,1,0,0,0,0,0,0,0.0,0,0,0,0,0.5,0,0,0,0.0,0,1,2,0,0,-1.0,0,0,0,1,0,81.0,0,0.2323,1,1,0,0,0,0.0995,0.48675,1,0,0,0,0,0,0,0,0,0,0
31,0,1,0,3.4183,0,1,0,0,11,0,0,0.0,0,0,0,0,0.15,1,0,0,0.0,0,1,1,0,1,3891.0,0,0,1,0,0,-1.0,-1,0.1134,0,0,1,1,1,0.35225,0.00025,0,0,0,0,0,0,0,0,0,0,1
38,2,2,1,4.1232,1,0,0,0,0,0,0,0.0,0,0,0,0,0.5,0,0,0,0.0,0,0,0,0,0,3.0,1,0,1,0,0,-1.0,-1,0.2325,0,0,1,1,1,0.001,0.00475,0,0,0,0,0,0,0,0,0,0,1
26,0,1,0,2.75,0,1,0,0,10,0,0,0.0,0,0,0,0,0.5,0,0,0,0.0,0,1,1,0,0,-1.0,0,0,0,0,0,-1.0,0,0.205,1,1,1,1,0,0.001,0.48675,0,0,0,0,0,0,0,0,0,0,1
33,1,1,0,3.6402,0,1,0,0,10,0,0,0.0,0,0,0,0,0.15,1,0,0,0.0,0,0,0,0,0,3533.0,0,1,1,0,0,-1.0,-1,0.1178,0,0,1,1,1,0.35225,0.00325,0,0,0,0,0,0,0,0,0,0,1
44,0,1,0,3.625,0,1,0,0,19,0,0,0.0833,1,0,1,0,0.55,1,0,0,0.0,0,0,0,0,0,-1.0,0,0,0,0,0,-1.0,-1,0.2708,1,1,1,1,1,0.00575,0.48675,0,0,0,0,0,0,0,0,0,0,1
23,0,2,0,2.9502,1,1,0,0,0,0,0,0.0,0,0,0,0,0.5,0,0,0,0.0,0,1,2,0,0,-1.0,0,0,0,1,0,42.0,0,0.209,1,1,0,0,0,0.0005,0.48675,1,0,0,0,0,0,0,0,0,0,0
31,0,1,0,3.3927,0,1,0,0,10,0,0,0.0,0,0,0,0,0.15,1,0,0,0.0,0,1,2,0,0,541.0,0,0,1,1,0,81.0,0,0.1129,0,0,0,0,0,0.35225,0.0065,1,0,0,0,0,0,0,0,0,0,0
17,0,1,0,2.9477,0,1,0,0,0,0,0,0.0,0,0,0,0,0.22,1,0,0,0.0,0,1,2,0,1,7028.0,0,1,1,1,0,33.0,0,0.125,0,0,0,0,0,0.0405,0.00375,1,0,0,0,0,0,0,0,0,0,0
40,1,2,1,3.8055,1,1,0,0,0,0,0,0.0,0,0,0,0,0.28,1,0,0,0.0,0,1,2,0,0,4508.0,0,0,1,1,0,74.0,0,0.1601,0,0,0,0,0,0.0545,0.0025,1,0,0,0,0,0,0,0,0,0,0
27,0,1,0,3.1219,0,1,0,0,9,0,0,0.0,0,0,0,0,0.15,1,0,0,0.0,0,0,0,0,0,4695.0,0,0,1,0,0,-1.0,-1,0.1074,0,0,1,1,1,0.35225,0.0155,0,0,0,0,0,0,0,0,0,0,1
26,0,1,0,2.9183,0,1,0,0,6,0,0,0.0,0,0,0,0,0.15,1,0,0,0.0,0,0,0,0,1,4851.0,0,1,1,0,0,-1.0,-1,0.1034,0,0,1,1,1,0.35225,0.0035,0,0,0,0,0,0,0,0,0,0,1
34,0,2,0,3.0566,1,1,0,0,10,0,0,0.0,0,0,0,0,0.15,1,0,0,0.0,0,1,1,0,0,6725.0,0,1,1,1,0,52.0,0,0.1061,0,0,0,0,0,0.35225,0.00625,0,1,0,0,0,0,0,0,0,0,0
142,0,1,0,3.3219,0,1,0,0,6,1,10,0.0,0,0,0,0,0.15,1,0,0,0.0,0,1,1,0,1,6871.0,0,0,1,1,0,59.0,0,0.1114,0,0,0,0,0,0.35225,0.036,0,0,0,0,1,0,0,0,0,0,0
15,0,1,0,2.8074,0,1,0,0,0,0,0,0.0,0,0,0,0,0.5,0,0,0,0.0,0,1,1,0,1,7465.0,0,0,1,0,0,-1.0,-1,0.2061,1,0,1,1,1,0.00875,0.48675,0,0,0,0,0,0,0,0,0,0,1
48,4,2,2,4.4031,1,0,0,0,0,0,0,0.25,1,1,0,0,0.5,0,0,0,0.0,0,1,2,0,0,-1.0,0,0,0,1,0,76.0,0,0.3381,1,1,0,0,0,0.0995,0.48675,1,0,0,0,0,0,0,0,0,0,0
48,3,2,0,4.0464,1,0,0,0,0,0,0,0.3167,2,0,2,1,0.15,1,0,0,0.0,0,1,2,0,0,-1.0,0,0,0,1,0,81.0,0,0.2526,1,1,0,0,0,0.35225,0.48675,1,0,0,0,0,0,0,0,0,0,0
18,0,1,0,2.9219,0,1,0,0,0,0,0,0.0,0,0,0,0,0.15,1,0,0,0.0,0,1,2,0,1,8961.0,0,1,1,1,0,38.0,0,0.1034,0,0,0,0,0,0.35225,0.006,1,0,0,0,0,0,0,0,0,0,0
36,0,1,0,3.4548,0,1,0,0,11,0,0,0.0,0,0,0,0,0.15,1,0,0,0.0,0,1,1,0,1,1829.0,0,0,1,0,0,-1.0,0,0.1141,0,0,1,1,0,0.35225,0.058,0,0,0,0,0,0,0,0,0,0,1
40,2,2,1,4.0911,1,1,0,0,0,0,0,0.0,0,0,0,0,0.5,0,0,0,0.0,0,1,2,0,0,-1.0,0,0,0,1,0,109.0,0,0.2318,1,1,0,0,0,0.0995,0.48675,0,0,1,0,0,0,0,0,0,0,0
154,0,3,0,3.1307,2,1,0,0,31,3,8,0.0,0,0,0,0,0.5,0,0,0,0.0,0,1,1,0,0,-1.0,0,0,0,0,0,-1.0,0,0.2126,1,1,1,1,0,0.012,0.48675,0,0,0,0,0,0,0,0,0,0,1
52,0,3,0,3.1307,2,1,0,0,27,0,0,0.0,0,0,0,0,0.5,0,0,0,0.0,0,1,1,0,0,-1.0,0,0,1,1,0,67.0,0,0.2126,0,1,0,0,0,0.00225,0.002,0,1,0,0,0,0,0,0,0,0,0
24,0,2,4,3.1899,1,1,0,0,0,0,0,0.0,0,0,0,0,0.55,1,0,0,0.0,0,1,2,0,0,-1.0,0,0,0,1,0,88.0,0,0.2288,1,1,0,0,0,0.00425,0.48675,1,0,0,0,0,0,0,0,0,0,0
22,0,2,0,2.5654,1,1,0,0,0,0,0,0.0,0,0,0,0,0.28,1,0,0,0.0,0,1,2,0,0,4446.0,0,0,1,1,0,84.0,0,0.1353,0,0,0,0,0,0.0545,0.00025,1,0,0,0,0,0,0,0,0,0,0
30,0,1,0,3.2776,0,1,0,0,11,0,0,0.0,0,0,0,0,0.94,1,0,0,0.0,0,1,1,0,0,239.0,0,0,1,0,0,-1.0,0,0.3476,0,0,1,1,0,0.01625,0.01575,0,0,0,0,0,0,0,0,0,0,1
37,0,2,2,4.1375,1,1,0,0,0,0,0,0.0,0,0,0,0,0.22,1,0,0,0.0,0,1,4,0,0,-1.0,0,0,0,1,0,38.0,0,0.1487,1,1,0,0,0,0.0405,0.48675,0,0,0,1,0,0,0,0,0,0,0
49,4,2,2,4.3635,1,0,0,0,0,0,0,0.0,0,0,0,0,0.5,0,0,0,0.0,0,1,2,0,0,-1.0,0,0,0,1,0,78.0,0,0.2373,1,1,0,0,0,0.0995,0.48675,1,0,0,0,0,0,0,0,0,0,0
26,0,1,0,3.085,0,1,0,0,6,0,0,0.0,0,0,0,0,0.15,1,0,0,0.0,0,1,2,0,1,5540.0,0,0,1,1,0,124.0,0,0.1067,0,0,0,0,0,0.35225,0.058,0,0,0,0,0,0,0,0,1,0,0
22,0,1,0,3.5216,0,1,0,0,0,0,0,0.0,0,0,0,0,0.15,1,0,0,0.0,0,1,2,0,1,688.0,0,0,1,1,0,37.0,0,0.1154,0,0,0,0,0,0.35225,0.00075,0,1,0,0,0,0,0,0,0,0,0
47,0,2,0,4.0091,1,0,0,0,0,0,2,0.0,0,0,0,0,0.15,1,0,0,0.0,0,1,2,0,0,4639.0,0,0,1,0,0,-1.0,0,0.1252,0,0,1,1,0,0.35225,0.058,0,0,0,0,0,0,0,0,0,0,1
47,2,2,6,4.241,1,1,0,0,0,0,0,0.0833,1,0,1,0,0.35,1,0,0,0.0,0,1,2,0,0,-1.0,0,0,0,1,0,31.0,0,0.2231,1,1,0,0,0,0.08025,0.48675,0,1,0,0,0,0,0,0,0,0,0
24,1,1,0,3.1219,0,1,0,0,6,0,0,0.0,0,0,0,0,0.15,1,0,0,0.0,0,0,0,0,0,4454.0,0,0,1,0,0,-1.0,-1,0.1074,0,0,1,1,1,0.35225,0.00275,0,0,0,0,0,0,0,0,0,0,1
36,0,3,0,3.3919,2,1,0,0,9,0,0,0.0,0,0,0,0,0.5,0,0,0,0.0,0,1,1,0,0,11008.0,0,0,1,1,0,35.0,0,0.2178,0,0,0,0,0,0.00175,0.001,0,1,0,0,0,0,0,0,0,0,0
24,0,2,0,3.0566,1,1,0,0,0,0,0,0.0,0,0,0,0,0.15,1,0,0,0.0,0,1,4,0,0,4386.0,0,0,1,1,0,99.0,0,0.1061,0,0,0,0,0,0.35225,0.036,0,0,0,0,0,0,0,0,0,0,0
25,0,1,0,2.8454,0,1,0,0,6,0,0,0.0,0,0,0,0,0.22,1,0,0,0.0,0,0,0,0,0,5979.0,0,0,1,0,0,-1.0,-1,0.1229,0,0,1,1,1,0.0405,0.0155,0,0,0,0,0,0,0,0,0,0,1
23,0,3,0,2.7534,2,1,0,0,0,0,0,0.0833,1,0,1,0,0.5,0,0,0,0.0,0,1,4,0,0,-1.0,0,0,0,1,0,80.0,0,0.2384,1,1,0,0,0,0.001,0.48675,0,0,0,0,0,1,0,0,0,0,0
33,0,2,0,3.4864,1,1,0,0,0,0,0,0.0,0,0,0,0,0.28,1,0,0,0.0,0,1,2,0,0,4508.0,0,0,1,1,0,74.0,0,0.1537,0,0,0,0,0,0.0545,0.0025,1,0,0,0,0,0,0,0,0,0,0
36,0,3,2,3.8249,2,0,0,0,0,0,0,0.0,0,0,0,0,0.15,1,0,0,0.0,0,1,2,0,0,-1.0,0,0,0,0,0,-1.0,0,0.1215,1,1,1,1,0,0.35225,0.48675,0,0,0,0,0,0,0,0,0,0,1
34,0,2,0,3.027,1,1,0,0,13,0,0,0.0,0,0,0,0,0.5,0,0,0,0.0,0,0,0,0,0,7421.0,0,1,1,0,0,-1.0,-1,0.2105,0,0,1,1,1,0.0085,0.01225,0,0,0,0,0,0,0,0,0,0,1
37,3,2,0,3.5125,1,0,0,0,0,0,0,0.0,0,0,0,0,0.5,0,0,0,0.0,0,1,2,0,0,-1.0,0,0,0,1,0,85.0,0,0.2203,1,1,0,0,0,0.0995,0.48675,1,0,0,0,0,0,0,0,0,0,0
47,4,2,6,4.3623,1,0,0,0,0,0,0,0.0,0,0,0,0,0.5,0,0,0,0.0,0,1,2,0,0,-1.0,0,0,0,1,0,83.0,0,0.2372,1,1,0,0,0,0.0995,0.48675,1,0,0,0,0,0,0,0,0,0,0
18,0,2,0,2.4464,1,1,0,0,0,0,0,0.0,0,0,0,0,0.02,1,0,0,0.0,0,1,4,0,0,14740.0,0,0,1,1,0,199.0,0,0.0549,1,0,0,0,0,0.0075,0.48675,0,0,0,0,1,0,0,0,0,0,0
28,0,2,0,3.4714,1,1,0,0,0,0,0,0.0,0,0,0,0,0.15,1,0,0,0.0,0,1,2,0,0,2507.0,0,0,1,1,0,56.0,0,0.1144,0,0,0,0,0,0.35225,0.03575,1,0,0,0,0,0,0,0,0,0,0
39,1,3,0,3.7647,2,1,0,0,0,0,0,0.1667,2,0,2,0,0.35,1,0,0,0.0,0,1,2,0,0,-1.0,0,0,0,0,0,-1.0,0,0.247,1,1,1,1,0,0.08025,0.48675,0,0,0,0,0,0,0,0,0,0,1
17,0,1,0,3.1699,0,1,0,0,0,0,0,0.0,0,0,0,0,0.5,0,0,0,0.0,0,1,1,0,1,4266.0,0,0,1,1,0,78.0,0,0.2134,0,0,0,0,0,0.0005,0.00325,0,1,0,0,0,0,0,0,0,0,0
38,0,1,0,3.5,0,1,0,0,14,0,0,0.0,0,0,0,0,0.15,1,0,0,0.0,0,1,1,0,1,4890.0,0,1,1,0,0,-1.0,-1,0.115,0,0,1,1,1,0.35225,0.00625,0,0,0,0,0,0,0,0,0,0,1
35,0,1,0,3.3219,0,1,0,0,7,1,2,0.0,0,0,0,0,0.15,1,0,0,0.0,0,1,2,0,1,11685.0,0,1,1,1,0,68.0,0,0.1114,0,0,0,0,0,0.35225,0.019,1,0,0,0,0,0,0,0,0,0,0
27,0,2,0,3.086,1,1,0,0,0,0,0,0.0,0,0,0,0,0.22,1,0,0,0.0,0,1,1,0,0,10872.0,0,1,1,1,0,145.0,0,0.1277,0,0,0,0,0,0.0405,0.00625,0,0,0,0,1,0,0,0,0,0,0
37,2,2,6,4.0391,1,1,0,0,0,0,0,0.0833,1,0,1,0,0.35,1,0,0,0.0,0,1,2,0,0,-1.0,0,0,0,1,0,31.0,0,0.2191,1,1,0,0,0,0.08025,0.48675,0,1,0,0,0,0,0,0,0,0,0
44,2,3,0,3.9002,2,1,0,0,0,0,0,0.2333,1,0,1,1,0.35,1,0,0,0.0,0,1,2,0,0,-1.0,0,0,0,0,0,-1.0,0,0.2763,1,1,1,1,0,0.08025,0.48675,0,0,0,0,0,0,0,0,0,0,1
17,0,1,0,3.1699,0,1,0,0,0,0,0,0.0,0,0,0,0,0.15,1,0,0,0.0,0,1,2,0,1,5226.0,0,0,1,1,0,35.0,0,0.1084,0,0,0,0,0,0.35225,0.00625,1,0,0,0,0,0,0,0,0,0,0
29,0,1,0,3.4992,0,1,0,0,0,0,0,0.0,0,0,0,0,0.15,1,0,0,0.0,0,1,2,0,0,2028.0,0,0,1,1,0,49.0,0,0.115,0,0,0,0,0,0.35225,0.058,0,1,0,0,0,0,0,0,0,0,0
21,0,1,0,2.9312,0,1,0,0,0,0,0,0.0,0,0,0,0,0.28,1,0,0,0.0,0,1,1,0,1,3041.0,0,0,1,1,0,84.0,0,0.1426,0,0,0,0,0,0.0545,0.00625,0,1,0,0,0,0,0,0,0,0,0
24,0,2,0,3.0062,1,1,0,0,0,0,0,0.0,0,0,0,0,0.15,1,0,0,0.0,0,1,2,0,0,6515.0,0,0,1,1,0,83.0,0,0.1051,0,0,0,0,0,0.35225,0.058,0,1,0,0,0,0,0,0,0,0,0
108,0,3,0,3.1307,2,1,0,0,28,1,2,0.0,0,0,0,0,0.5,0,0,0,0.0,0,1,1,0,0,-1.0,0,0,1,0,0,-1.0,0,0.2126,0,1,1,1,0,0.00125,0.001,0,0,0,0,0,0,0,0,0,0,1
30,0,2,0,3.0958,1,1,0,0,11,0,0,0.0,0,0,0,0,0.5,0,0,0,0.0,0,1,1,0,1,10363.0,0,0,1,0,0,-1.0,-1,0.2119,0,0,1,1,1,0.009,0.00025,0,0,0,0,0,0,0,0,0,0,1
29,0,1,0,3.4566,0,1,0,0,6,0,0,0.0,0,0,0,0,0.15,1,0,0,0.0,0,1,3,0,1,3053.0,0,0,1,1,0,42.0,0,0.1141,0,0,0,0,0,0.35225,0.03575,1,0,0,0,0,0,0,0,0,0,0
45,4,2,8,4.3782,1,0,0,0,0,0,0,0.0,0,0,0,0,0.5,0,0,0,0.0,0,1,2,0,0,-1.0,0,0,0,1,0,83.0,0,0.2376,1,1,0,0,0,0.0995,0.48675,1,0,0,0,0,0,0,0,0,0,0
41,0,2,0,3.1972,1,0,0,0,15,0,0,0.0833,1,0,1,0,0.5,0,0,0,0.0,0,1,1,0,0,3296.0,0,0,1,1,0,56.0,0,0.2473,0,0,0,0,0,0.00125,0.00075,0,0,0,0,0,0,0,1,0,0,0
26,0,1,0,3.4194,0,1,0,0,0,0,0,0.0,0,0,0,0,0.15,1,0,0,0.0,0,1,2,0,1,5913.0,0,0,1,1,0,62.0,0,0.1134,0,0,0,0,0,0.35225,0.058,0,1,0,0,0,0,0,0,0,0,0
59,0,2,5,3.5766,1,1,0,0,20,1,2,0.0,0,0,0,0,0.5,0,0,0,0.0,0,1,2,0,0,-1.0,0,0,0,1,0,86.0,0,0.2215,1,1,0,0,0,0.0995,0.48675,1,0,0,0,0,0,0,0,0,0,0
44,0,2,0,3.6716,1,1,0,0,0,0,0,0.0,0,0,0,0,0.1,1,0,0,0.0,0,1,1,0,1,-1.0,0,0,0,0,0,-1.0,-1,0.1034,1,1,1,1,1,0.02775,0.48675,0,0,0,0,0,0,0,0,0,0,1
20,0,2,0,2.8454,1,1,0,0,0,0,0,0.0833,1,0,1,0,0.15,1,0,0,0.0,0,1,2,0,0,11611.0,0,0,1,1,0,40.0,0,0.1352,0,0,0,0,0,0.35225,0.0005,1,0,0,0,0,0,0,0,0,0,0
21,0,2,0,3.0221,1,1,0,0,0,0,0,0.0,0,0,0,0,0.5,0,0,0,0.0,0,1,3,0,0,2471.0,0,0,1,1,0,35.0,0,0.2104,0,0,0,0,0,0.00025,0.00025,1,0,0,0,0,0,0,0,0,0,0
24,0,2,7,3.6402,1,1,0,0,0,0,0,0.0,0,0,0,0,0.5,0,0,0,0.0,0,0,0,0,1,-1.0,0,0,0,0,0,-1.0,-1,0.2228,1,1,1,1,1,0.02275,0.48675,0,0,0,0,0,0,0,0,0,0,1
29,0,1,0,3.6169,0,1,0,0,3,0,0,0.0,0,0,0,0,0.1,1,0,0,0.0,0,1,2,0,1,9591.0,0,1,1,1,0,79.0,0,0.1023,0,0,0,0,0,0.02775,0.01175,1,0,0,0,0,0,0,0,0,0,0
29,0,2,0,2.8731,1,1,0,0,8,0,0,0.0,0,0,0,0,0.15,1,0,0,0.0,0,1,4,0,0,11084.0,0,0,1,1,0,114.0,0,0.1025,0,0,0,0,0,0.35225,0.00075,0,0,0,0,0,0,0,0,0,0,0
49,4,2,2,4.4123,1,0,0,0,0,0,0,0.1667,2,0,2,0,0.5,0,0,0,0.0,0,1,2,0,0,-1.0,0,0,0,1,0,73.0,0,0.3049,1,1,0,0,0,0.0995,0.48675,1,0,0,0,0,0,0,0,0,0,0
34,0,1,0,3.4842,0,1,0,0,6,0,0,0.0,0,0,0,0,0.5,0,0,0,0.0,0,1,1,0,0,-1.0,0,0,0,0,0,-1.0,-1,0.2197,1,1,1,1,1,0.0005,0.48675,0,0,0,0,0,0,0,0,0,0,1
33,0,1,0,2.914,0,1,0,0,14,0,0,0.0,0,0,0,0,0.22,1,0,0,0.0,0,1,1,0,1,-1.0,0,0,0,1,0,40.0,0,0.1243,1,1,0,0,0,0.0405,0.48675,0,1,0,0,0,0,0,0,0,0,0
25,0,2,0,3.3372,1,1,0,0,0,0,0,0.0,0,0,0,0,0.5,0,0,0,0.0,0,1,1,0,0,-1.0,0,0,0,1,0,52.0,0,0.2167,1,1,0,0,0,0.002,0.48675,0,1,0,0,0,0,0,0,0,0,0
26,0,2,0,3.2663,1,1,0,0,0,0,0,0.0,0,0,0,0,0.15,1,0,0,0.0,0,1,1,0,0,5945.0,0,0,1,1,0,32.0,0,0.1103,0,0,0,0,0,0.35225,0.00025,0,1,0,0,0,0,0,0,0,0,0
37,0,1,0,2.8454,0,1,0,0,18,0,0,0.0,0,0,0,0,0.15,1,0,0,0.0,0,0,0,0,0,2054.0,0,0,1,0,0,-1.0,-1,0.1019,0,0,1,1,1,0.35225,0.00275,0,0,0,0,0,0,0,0,0,0,1
81,4,4,3,4.1183,3,1,0,0,31,0,1,0.1667,2,0,2,0,0.15,1,0,0,0.0,0,1,8,0,0,7654.0,0,0,1,1,0,176.0,0,0.194,0,0,0,0,0,0.35225,0.036,0,0,0,1,0,0,0,0,0,0,0
35,0,3,0,3.5879,2,0,0,0,0,0,0,0.0,0,0,0,0,0.15,1,0,0,0.0,0,1,1,0,0,-1.0,0,0,0,0,0,-1.0,0,0.1168,1,1,1,1,0,0.35225,0.48675,0,0,0,0,0,0,0,0,0,0,1
17,0,1,0,2.9477,0,1,0,0,0,0,0,0.0,0,0,0,0,0.5,0,0,0,0.0,0,1,1,0,1,5325.0,0,0,1,1,0,14.0,0,0.209,0,0,0,0,0,0.0035,0.01575,0,1,0,0,0,0,0,0,0,0,0
29,0,1,0,3.6402,0,1,0,0,6,0,0,0.0,0,0,0,0,0.15,1,0,0,0.0,0,1,1,0,1,11889.0,0,0,1,1,0,57.0,0,0.1178,0,0,0,0,0,0.35225,0.03575,0,1,0,0,0,0,0,0,0,0,0
27,0,2,0,3.4528,1,1,0,0,3,0,0,0.0,0,0,0,0,0.15,1,0,0,0.0,0,1,2,0,0,7747.0,0,0,1,1,0,159.0,0,0.1141,0,0,0,0,0,0.35225,0.019,0,0,0,0,1,0,0,0,0,0,0
22,0,2,0,3.3249,1,0,0,0,0,0,0,0.0,0,0,0,0,0.15,1,0,0,0.0,0,1,1,0,1,4097.0,0,0,1,0,0,-1.0,0,0.1115,0,0,1,1,0,0.35225,0.003,0,0,0,0,0,0,0,0,0,0,1
33,0,1,0,3.0958,0,1,0,0,7,1,2,0.0,0,0,0,0,0.15,1,0,0,0.0,0,0,0,0,0,2466.0,0,0,1,0,0,-1.0,-1,0.1069,0,0,1,1,1,0.35225,0.03575,0,0,0,0,0,0,0,0,0,0,1
67,0,2,0,3.5226,1,1,0,0,37,0,0,0.0,0,0,0,0,0.15,1,0,0,0.0,0,0,0,0,0,-1.0,0,0,0,0,0,-1.0,-1,0.1155,1,1,1,1,1,0.35225,0.48675,0,0,0,0,0,0,0,0,0,0,1
31,0,3,0,3.4817,2,1,0,0,0,0,0,0.0,0,0,0,0,0.5,0,0,0,0.0,0,1,4,0,0,-1.0,0,0,1,1,0,151.0,0,0.2196,0,1,0,0,0,0.003,0.00075,0,0,0,1,0,0,0,0,0,0,0
21,0,1,0,3.0851,0,1,0,0,0,0,0,0.0,0,0,0,0,0.15,1,0,0,0.0,0,1,1,0,1,3651.0,0,0,1,1,0,50.0,0,0.1067,0,0,0,0,0,0.35225,0.00075,0,1,0,0,0,0,0,0,0,0,0
20,0,1,0,2.8554,0,1,0,0,0,0,0,0.0,0,0,0,0,0.15,1,0,0,0.0,0,1,1,0,1,6180.0,0,0,1,1,0,76.0,0,0.1021,0,0,0,0,0,0.35225,0.00075,0,1,0,0,0,0,0,0,0,0,0
35,0,1,0,3.1219,0,1,0,0,7,1,2,0.0,0,0,0,0,0.15,1,0,0,0.0,0,1,1,0,0,3456.0,0,0,1,0,0,-1.0,0,0.1074,0,0,1,1,0,0.35225,0.0015,0,0,0,0,0,0,0,0,0,0,1
43,4,2,0,3.7719,1,1,0,0,0,0,0,0.3333,3,0,4,0,0.35,1,0,0,0.0,0,1,1,0,0,-1.0,0,0,0,1,0,66.0,0,0.3138,1,1,0,0,0,0.08025,0.48675,1,0,0,0,0,0,0,0,0,0,0
170,0,2,0,3.5842,1,1,0,0,6,1,2,0.0,0,0,0,0,0.15,1,0,0,0.0,0,1,2,0,0,124.0,0,0,1,1,0,83.0,0,0.1167,0,0,0,0,0,0.35225,0.03575,0,1,0,0,0,0,0,0,0,0,0
56,0,1,0,3.5739,0,1,0,0,23,0,0,0.0,0,0,0,0,0.15,1,0,0,0.0,0,0,0,0,0,-1.0,0,0,0,0,0,-1.0,-1,0.1165,1,1,1,1,1,0.35225,0.48675,0,0,0,0,0,0,0,0,0,0,1
45,0,2,0,3.1808,1,0,0,0,25,0,0,0.0,0,0,0,0,0.5,0,0,0,0.0,0,1,1,0,0,-1.0,0,0,0,0,0,-1.0,0,0.2136,1,1,1,1,0,0.00075,0.48675,0,0,0,0,0,0,0,0,0,0,1
30,0,1,0,2.1133,0,1,0,0,13,0,0,0.0,0,0,0,0,0.1,1,0,0,0.0,0,0,0,0,0,372.0,0,0,1,0,0,-1.0,-1,0.0723,0,0,1,1,1,0.02775,0.01575,0,0,0,0,0,0,0,0,0,0,1
66,0,2,0,3.6144,1,1,0,0,0,1,2,0.0,0,0,0,0,0.5,0,0,0,0.0,0,1,1,0,0,3419.0,0,0,1,0,0,-1.0,0,0.2223,0,0,1,1,0,0.009,0.00025,0,0,0,0,0,0,0,0,0,0,1
41,3,2,0,3.854,1,0,0,0,0,0,0,0.0,0,0,0,0,0.15,1,0,0,0.0,0,1,2,0,0,7431.0,0,0,1,1,0,37.0,0,0.1221,0,0,0,0,0,0.35225,0.036,0,1,0,0,0,0,0,0,0,0,0
37,0,2,6,3.882,1,1,0,0,0,1,2,0.0,0,0,0,0,0.15,1,0,0,0.0,0,1,1,0,0,2064.0,0,0,1,1,0,42.0,0,0.1226,0,0,0,0,0,0.35225,0.00625,0,0,0,0,0,0,0,1,0,0,0
24,0,1,0,3.75,0,1,0,0,0,0,0,0.0,0,0,0,0,0.15,1,0,0,0.0,0,1,2,0,1,7719.0,0,1,1,1,0,32.0,0,0.12,0,0,0,0,0,0.35225,0.01175,1,0,0,0,0,0,0,0,0,0,0
23,0,1,0,3.3232,0,1,0,0,0,0,0,0.0,0,0,0,0,0.15,1,0,0,0.0,0,1,2,0,0,-1.0,0,0,0,1,0,79.0,0,0.1115,1,1,0,0,0,0.35225,0.48675,1,0,0,0,0,0,0,0,0,0,0
27,0,2,1,3.4613,1,1,0,0,0,0,0,0.0,0,0,0,0,0.15,1,0,0,0.0,0,1,4,0,0,5095.0,0,0,1,1,0,54.0,0,0.1142,0,0,0,0,0,0.35225,0.036,0,0,0,1,0,0,0,0,0,0,0
38,0,2,3,3.8219,1,1,0,0,9,0,0,0.0,0,0,0,0,0.28,1,0,0,0.0,0,1,4,0,0,-1.0,0,0,0,1,0,31.0,0,0.1604,1,1,0,0,0,0.0545,0.48675,0,1,0,0,0,0,0,0,0,0,0
22,0,1,0,3.0,0,1,0,0,6,0,0,0.0,0,0,0,0,0.5,0,0,0,0.0,0,0,0,0,0,1663.0,0,0,1,0,0,-1.0,-1,0.21,0,0,1,1,1,0.00025,0.058,0,0,0,0,0,0,0,0,0,0,1
29,0,2,0,3.6897,1,0,0,0,0,0,0,0.0,0,0,0,0,0.5,0,0,0,0.0,0,1,2,0,0,-1.0,0,0,0,1,0,73.0,0,0.2238,1,1,0,0,0,0.0995,0.48675,0,1,0,0,0,0,0,0,0,0,0
32,0,2,0,3.6573,1,1,0,0,0,0,0,0.0,0,0,0,0,0.15,1,0,0,0.0,0,1,4,0,0,10258.0,0,0,1,1,0,100.0,0,0.1181,0,0,0,0,0,0.35225,0.013,0,0,0,1,0,0,0,0,0,0,0
17,0,1,0,3.1699,0,1,0,0,0,0,0,0.0,0,0,0,0,0.5,0,0,0,0.0,0,1,2,0,1,-1.0,0,0,0,1,0,77.0,0,0.2134,1,1,0,0,0,0.02275,0.48675,1,0,0,0,0,0,0,0,0,0,0
25,0,2,0,3.2639,1,1,0,0,0,0,0,0.0,0,0,0,0,0.02,1,0,0,0.0,0,1,2,0,0,9707.0,0,0,1,1,0,208.0,0,0.0713,1,0,0,0,0,0.0075,0.48675,0,0,0,0,0,0,0,0,0,0,0
36,1,1,0,3.4594,0,1,0,0,17,0,0,0.0,0,0,0,0,0.5,0,0,0,0.0,0,1,1,0,1,-1.0,0,0,1,1,0,250.0,0,0.2192,0,1,0,0,0,0.0015,0.00075,0,0,0,0,1,0,0,0,0,0,0
52,0,2,0,3.6543,1,1,0,0,0,1,3,0.0,0,0,0,0,0.5,0,0,0,0.0,0,0,0,0,0,-1.0,0,0,0,0,0,-1.0,-1,0.2231,1,1,1,1,1,0.01075,0.48675,0,0,0,0,0,0,0,0,0,0,1
33,0,1,0,3.2776,0,1,0,0,7,1,2,0.0,0,0,0,0,0.15,1,0,0,0.0,0,1,1,0,1,-1.0,0,0,0,1,0,67.0,0,0.1106,1,1,0,0,0,0.35225,0.48675,0,0,0,1,0,0,0,0,0,0,0
31,0,1,0,3.4314,0,1,0,0,0,0,0,0.0,0,0,0,0,0.15,1,0,0,0.0,0,1,2,0,1,7334.0,0,0,1,1,0,80.0,0,0.1136,0,0,0,0,0,0.35225,0.0025,1,0,0,0,0,0,0,0,0,0,0
31,0,1,1,3.2776,0,1,0,0,12,0,0,0.0,0,0,0,0,0.15,1,0,0,0.0,0,0,0,0,0,3498.0,0,0,1,0,0,-1.0,-1,0.1106,0,0,1,1,1,0.35225,0.00025,0,0,0,0,0,0,0,0,0,0,1
15,0,1,0,2.5216,0,1,0,0,0,0,0,0.0,0,0,0,0,0.02,1,0,0,0.0,0,1,1,0,1,13502.0,0,0,1,1,0,69.0,0,0.0564,1,0,0,0,0,0.0075,0.48675,0,0,0,0,0,0,0,0,0,1,0
30,0,1,0,2.3219,0,1,0,0,17,0,0,0.0,0,0,0,0,0.5,0,0,0,0.0,0,1,1,0,0,13727.0,0,0,1,1,0,49.0,0,0.1964,0,0,0,0,0,0.00125,0.00025,0,1,0,0,0,0,0,0,0,0,0
170,1,2,0,3.8164,1,0,0,0,130,0,4,0.0,0,0,0,1,0.15,1,0,0,0.0,0,1,4,0,1,681.0,0,0,1,1,0,192.0,0,0.1213,0,0,0,0,0,0.35225,0.058,0,0,0,1,0,0,0,0,0,0,0
57,1,3,0,3.8137,2,1,0,0,24,0,0,0.0,0,0,0,0,0.5,0,0,0,0.0,0,0,0,0,0,3596.0,0,0,1,0,0,-1.0,-1,0.2263,1,0,1,1,1,0.00925,0.48675,0,0,0,0,0,0,0,0,0,0,1
30,0,2,1,3.749,1,1,0,0,0,0,0,0.0,0,0,0,0,0.15,1,0,0,0.0,0,1,1,0,0,6955.0,0,0,1,1,0,137.0,0,0.12,0,0,0,0,0,0.35225,0.058,0,0,0,0,0,0,0,0,1,0,0
21,0,3,0,2.8151,2,1,0,0,0,0,0,0.0833,1,0,1,0,0.5,0,0,0,0.0,0,1,2,0,0,6624.0,0,0,1,1,0,117.0,0,0.2396,1,0,0,0,0,0.00875,0.48675,0,0,0,0,0,0,0,0,0,0,0
31,0,1,0,3.3927,0,1,0,0,10,0,0,0.0,0,0,0,0,0.15,1,0,0,0.0,0,1,1,0,0,-1.0,0,0,0,0,0,-1.0,-1,0.1129,1,1,1,1,1,0.35225,0.48675,0,0,0,0,0,0,0,0,0,0,1
25,0,2,0,3.2806,1,1,0,0,0,0,0,0.0,0,0,0,0,0.15,1,0,0,0.0,0,1,2,0,0,8335.0,0,1,1,1,0,119.0,0,0.1106,0,0,0,0,0,0.35225,0.00425,0,0,0,1,0,0,0,0,0,0,0
52,0,3,0,3.2484,2,1,0,0,27,0,0,0.0,0,0,0,0,0.5,0,0,0,0.0,0,1,1,0,0,-1.0,0,0,0,0,0,-1.0,0,0.215,1,1,1,1,0,0.002,0.48675,0,0,0,0,0,0,0,0,0,0,1
25,0,2,0,3.0778,1,1,0,0,0,0,0,0.0,0,0,0,0,0.15,1,0,0,0.0,0,1,2,0,0,9589.0,0,1,1,1,0,48.0,0,0.1066,0,0,0,0,0,0.35225,0.01575,1,0,0,0,0,0,0,0,0,0,0
45,4,2,8,4.149,1,1,0,0,0,0,0,0.0,0,0,0,0,0.5,0,0,0,0.0,0,1,2,0,0,-1.0,0,0,0,1,0,77.0,0,0.233,1,1,0,0,0,0.0995,0.48675,1,0,0,0,0,0,0,0,0,0,0
86,3,2,4,4.3989,1,1,0,0,16,1,2,0.0,0,0,0,0,0.5,0,0,0,0.0,0,1,2,0,0,-1.0,0,0,0,1,0,65.0,0,0.238,1,1,0,0,0,0.0995,0.48675,1,0,0,0,0,0,0,0,0,0,0
35,4,2,0,3.6582,1,0,0,0,0,0,0,0.0833,1,0,1,0,0.5,0,0,0,0.0,0,1,2,0,0,-1.0,0,0,0,1,0,88.0,0,0.2565,1,1,0,0,0,0.0995,0.48675,1,0,0,0,0,0,0,0,0,0,0
23,0,1,0,2.5033,0,1,0,0,6,0,0,0.0,0,0,0,0,0.15,1,0,0,0.0,0,0,0,0,1,-1.0,0,0,0,0,0,-1.0,-1,0.0951,1,1,1,1,1,0.35225,0.48675,0,0,0,0,0,0,0,0,0,0,1
40,0,1,0,3.7871,0,0,0,0,14,0,0,0.0,0,0,0,0,0.1,1,0,0,0.0,0,0,0,0,0,466.0,0,0,1,0,0,-1.0,-1,0.1057,0,0,1,1,1,0.02775,0.058,0,0,0,0,0,0,0,0,0,0,1
25,0,2,0,3.4548,1,1,0,0,0,0,0,0.0,0,0,0,0,0.15,1,0,0,0.0,0,1,2,0,0,1853.0,0,0,1,1,0,63.0,0,0.1141,0,0,0,0,0,0.35225,0.00075,0,1,0,0,0,0,0,0,0,0,0
16,0,1,2,3.0,0,0,0,0,0,0,0,0.0,0,0,0,0,0.5,0,0,0,0.0,0,0,0,0,0,64.0,0,0,1,0,0,-1.0,-1,0.21,0,0,1,1,1,0.00375,0.00225,0,0,0,0,0,0,0,0,0,0,1
22,0,2,7,3.2359,1,0,0,0,0,0,0,0.0,0,0,0,0,0.5,0,0,0,0.0,0,0,0,0,0,15.0,1,1,1,0,0,-1.0,-1,0.2147,0,0,1,1,1,0.00375,0.006,0,0,0,0,0,0,0,0,0,0,1
23,0,2,1,3.2359,1,1,0,0,0,0,0,0.0,0,0,0,0,0.28,1,0,0,0.0,0,1,1,0,0,4685.0,0,0,1,1,0,41.0,0,0.1487,0,0,0,0,0,0.0545,0.036,1,0,0,0,0,0,0,0,0,0,0
24,0,2,0,3.1556,1,1,0,0,0,0,0,0.0,0,0,0,0,0.15,1,0,0,0.0,0,1,1,0,0,9399.0,0,0,1,1,0,94.0,0,0.1081,0,0,0,0,0,0.35225,0.0155,0,0,0,0,0,0,0,0,0,0,0
33,0,2,0,3.7721,1,1,0,0,0,0,0,0.0,0,0,0,0,0.15,1,0,0,0.0,0,1,4,0,0,772.0,0,1,1,1,0,114.0,0,0.1204,0,0,0,0,0,0.35225,0.058,0,0,0,1,0,0,0,0,0,0,0
24,1,2,0,3.5069,1,1,0,0,0,0,0,0.0,0,0,0,0,0.15,1,0,0,0.0,0,1,2,0,0,7431.0,0,0,1,1,0,37.0,0,0.1151,0,0,0,0,0,0.35225,0.0155,0,1,0,0,0,0,0,0,0,0,0
34,1,1,0,2.8554,0,1,0,0,7,1,2,0.1667,2,0,2,0,0.15,1,0,0,0.0,0,0,0,0,1,3582.0,0,0,1,0,0,-1.0,-1,0.1688,0,0,1,1,1,0.35225,0.004,0,0,0,0,0,0,0,0,0,0,1
33,1,1,0,3.2389,0,1,0,0,12,0,0,0.0833,1,0,1,0,0.15,1,0,0,0.0,0,1,1,0,1,143.0,0,1,1,1,0,4.0,0,0.1431,0,0,0,0,0,0.35225,0.00325,0,1,0,0,0,0,0,0,0,0,0
122,0,1,0,3.4548,0,1,0,0,14,4,6,0.0,0,0,0,0,0.5,0,0,0,0.0,0,1,1,0,0,487.0,0,0,1,0,0,-1.0,0,0.2191,0,0,1,1,0,0.00025,0.00175,0,0,0,0,0,0,0,0,0,0,1
41,0,1,0,3.1699,0,1,0,0,24,0,0,0.1667,2,0,2,0,0.5,0,0,0,0.0,0,0,0,0,1,-1.0,0,0,0,0,0,-1.0,-1,0.2801,1,1,1,1,1,0.00225,0.48675,0,0,0,0,0,0,0,0,0,0,1
33,3,1,1,3.0272,0,1,0,0,14,0,0,0.0,0,0,0,0,0.15,1,0,0,0.0,0,0,0,0,0,431.0,0,1,1,0,0,-1.0,-1,0.1055,0,0,1,1,1,0.35225,0.01575,0,0,0,0,0,0,0,0,0,0,1
26,0,2,0,3.5725,1,1,0,0,0,0,0,0.25,1,1,0,0,0.15,1,0,0,0.0,0,1,2,0,0,-1.0,0,0,0,1,0,75.0,0,0.2165,1,1,0,0,0,0.35225,0.48675,1,0,0,0,0,0,0,0,0,0,0
42,0,1,0,3.6835,0,1,0,0,16,0,0,0.0,0,0,0,0,0.15,1,0,0,0.0,0,0,0,0,1,5856.0,0,1,1,0,0,-1.0,-1,0.1187,0,0,1,1,1,0.35225,0.058,0,0,0,0,0,0,0,0,0,0,1
44,3,3,0,4.0231,2,0,0,0,0,0,0,0.4167,3,0,5,0,0.35,1,0,0,0.0,0,1,2,0,0,-1.0,0,0,0,0,0,-1.0,0,0.3521,1,1,1,1,0,0.08025,0.48675,0,0,0,0,0,0,0,0,0,0,1
32,0,2,0,3.5724,1,1,0,0,6,0,0,0.0,0,0,0,0,0.5,0,0,0,0.0,0,1,1,0,0,2463.0,0,0,1,0,0,-1.0,-1,0.2214,1,0,1,1,1,0.00925,0.48675,0,0,0,0,0,0,0,0,0,0,1
25,0,2,0,3.3249,1,1,0,0,3,0,0,0.0,0,0,0,0,0.15,1,0,0,0.0,0,1,1,0,0,3915.0,0,0,1,1,0,46.0,0,0.1115,0,0,0,0,0,0.35225,0.0005,0,0,0,0,0,0,0,0,0,0,0
40,0,1,0,3.3232,0,1,0,0,17,0,0,0.0,0,0,0,0,0.15,1,0,0,0.0,0,0,0,0,0,1831.0,0,0,1,0,0,-1.0,-1,0.1115,0,0,1,1,1,0.35225,0.00275,0,0,0,0,0,0,0,0,0,0,1
40,3,2,0,3.8164,1,0,0,0,0,0,0,0.0,0,0,0,0,0.28,1,0,0,0.0,0,1,2,0,0,4834.0,0,0,1,1,0,81.0,0,0.1603,0,0,0,0,0,0.0545,0.036,1,0,0,0,0,0,0,0,0,0,0
48,0,2,0,3.6281,1,1,0,0,11,0,0,0.0833,1,0,1,0,0.35,1,0,0,0.0,0,1,2,0,0,-1.0,0,0,0,1,0,55.0,0,0.2109,1,1,0,0,0,0.08025,0.48675,1,0,0,0,0,0,0,0,0,0,0
21,0,2,0,2.8554,1,1,0,0,0,0,0,0.0,0,0,0,0,0.5,0,0,0,0.0,0,1,2,0,0,-1.0,0,0,0,1,0,122.0,0,0.2071,1,1,0,0,0,0.00175,0.48675,0,0,0,0,0,0,0,0,0,0,0
86,9,3,7,4.5011,2,0,0,0,0,0,0,0.25,3,0,3,0,0.35,1,0,0,0.0,0,1,2,0,0,-1.0,0,0,0,0,0,-1.0,0,0.295,1,1,1,1,0,0.08025,0.48675,0,0,0,0,0,0,0,0,0,0,1
45,4,2,5,4.3156,1,1,0,0,0,0,0,0.0,0,0,0,0,0.5,0,0,0,0.0,0,1,2,0,0,-1.0,0,0,0,1,0,77.0,0,0.2363,1,1,0,0,0,0.0995,0.48675,1,0,0,0,0,0,0,0,0,0,0
58,1,2,5,4.3989,1,1,0,0,7,1,2,0.0,0,0,0,0,0.5,0,0,0,0.0,0,1,2,0,0,-1.0,0,0,0,1,0,109.0,0,0.238,1,1,0,0,0,0.0995,0.48675,0,0,1,0,0,0,0,0,0,0,0
27,0,2,0,3.0062,1,1,0,0,3,0,0,0.0,0,0,0,0,0.5,0,0,0,0.0,0,1,1,0,0,9364.0,0,0,1,1,0,116.0,0,0.2101,1,0,0,0,0,0.00175,0.48675,0,0,0,0,1,0,0,0,0,0,0
35,0,1,0,3.7871,0,0,0,0,8,0,0,0.0,0,0,0,0,0.1,1,0,0,0.0,0,0,0,0,0,466.0,0,0,1,1,0,36.0,0,0.1057,0,0,0,0,0,0.02775,0.058,1,0,0,0,0,0,0,0,0,0,0
29,1,2,0,3.6897,1,1,0,0,0,0,0,0.0,0,0,0,0,0.5,0,0,0,0.0,0,1,1,0,0,8535.0,0,0,1,1,0,113.0,0,0.2238,0,0,0,0,0,0.02275,0.012,0,0,0,0,0,1,0,0,0,0,0
26,0,2,5,3.4992,1,1,0,0,0,0,0,0.0,0,0,0,0,0.5,0,0,0,0.0,0,1,2,0,0,-1.0,0,0,0,1,0,87.0,0,0.22,1,1,0,0,0,0.0995,0.48675,1,0,0,0,0,0,0,0,0,0,0
48,0,3,0,3.866,2,0,0,0,0,0,0,0.1667,1,0,1,0,0.7,1,0,0,0.0,0,0,0,0,0,-1.0,0,0,0,0,0,-1.0,-1,0.354,1,1,1,1,1,0.0095,0.48675,0,0,0,0,0,0,0,0,0,0,1
33,0,1,0,3.4677,0,1,0,0,11,0,0,0.0,0,0,0,0,0.22,1,0,0,0.0,0,0,0,0,0,4491.0,0,0,1,0,0,-1.0,-1,0.1354,0,0,1,1,1,0.0405,0.036,0,0,0,0,0,0,0,0,0,0,1
36,1,3,0,3.9233,2,0,0,0,0,0,0,0.0,0,0,0,0,0.5,0,0,0,0.0,0,0,0,0,0,-1.0,0,0,0,0,0,-1.0,-1,0.2285,1,1,1,1,1,0.00975,0.48675,0,0,0,0,0,0,0,0,0,0,1
35,0,2,0,3.4992,1,1,0,0,6,0,0,0.0,0,0,0,0,0.5,0,0,0,0.0,0,1,2,0,1,8301.0,0,0,1,1,0,158.0,0,0.22,0,0,0,0,0,0.009,0.00025,0,0,0,1,0,0,0,0,0,0,0
27,0,1,0,3.4714,0,1,0,0,0,0,0,0.0,0,0,0,0,0.1,1,0,0,0.0,0,1,2,0,0,74.0,0,0,1,1,0,74.0,0,0.0994,0,0,0,0,0,0.02775,0.03575,0,1,0,0,0,0,0,0,0,0,0
35,0,2,0,3.182,1,1,0,0,13,0,0,0.0,0,0,0,0,0.5,0,0,0,0.0,0,0,0,0,0,7421.0,0,1,1,0,0,-1.0,-1,0.2136,0,0,1,1,1,0.0085,0.01225,0,0,0,0,0,0,0,0,0,0,1
82,0,2,1,3.6412,1,1,0,0,52,0,0,0.0,0,0,0,0,0.15,1,0,0,0.0,0,1,2,0,0,1619.0,0,1,1,1,0,81.0,0,0.1178,0,0,0,0,0,0.35225,0.00175,0,0,0,0,0,0,0,1,0,0,0
31,0,1,3,3.4183,0,1,0,0,11,0,0,0.0,0,0,0,0,0.9,1,0,0,0.0,0,1,1,0,0,94.0,0,1,1,1,0,29.0,0,0.3384,0,0,0,0,0,0.00575,0.006,0,1,0,0,0,0,0,0,0,0,0
37,1,1,0,3.7962,0,1,0,0,3,0,0,0.0,0,0,0,0,0.9,1,0,0,0.0,0,0,0,0,0,3.0,1,1,1,0,0,-1.0,-1,0.3459,0,0,1,1,1,0.00575,0.0035,0,0,0,0,0,0,0,0,0,0,1
31,0,2,0,3.3908,1,1,0,0,0,0,0,0.0,0,0,0,0,0.15,1,0,0,0.0,0,1,3,0,0,9251.0,0,1,1,1,0,76.0,0,0.1128,0,0,0,0,0,0.35225,0.058,1,0,0,0,0,0,0,0,0,0,0
40,1,3,0,3.8647,2,1,0,0,0,0,0,0.1667,2,0,2,0,0.35,1,0,0,0.0,0,1,2,0,0,-1.0,0,0,0,0,0,-1.0,0,0.249,1,1,1,1,0,0.08025,0.48675,0,0,0,0,0,0,0,0,0,0,1
70,2,4,5,4.2857,3,1,0,0,13,0,0,0.0,0,0,0,0,0.15,1,0,0,0.0,0,1,4,0,0,3671.0,0,1,1,1,0,41.0,0,0.1307,0,0,0,0,0,0.35225,0.01575,0,1,0,0,0,0,0,0,0,0,0
48,4,2,2,4.3653,1,0,0,0,0,0,0,0.0,0,0,0,0,0.5,0,0,0,0.0,0,1,2,0,0,-1.0,0,0,0,1,0,78.0,0,0.2373,1,1,0,0,0,0.0995,0.48675,1,0,0,0,0,0,0,0,0,0,0
174,4,2,7,4.3658,1,1,0,0,15,3,12,0.0,0,0,0,0,0.5,0,0,0,0.0,0,1,2,0,0,-1.0,0,0,0,1,0,84.0,0,0.2373,1,1,0,0,0,0.0995,0.48675,1,0,0,0,0,0,0,0,0,0,0
29,0,1,0,2.3219,0,1,0,0,16,0,0,0.0,0,0,0,0,0.5,0,0,0,0.0,0,1,1,0,0,-1.0,0,0,0,1,0,116.0,0,0.1964,1,1,0,0,0,0.002,0.48675,0,0,0,0,0,0,1,0,0,0,0
25,0,1,0,3.4594,0,1,0,0,6,0,0,0.0,0,0,0,0,0.5,0,0,0,0.0,0,1,1,0,0,22.0,1,0,1,0,0,-1.0,-1,0.2192,0,0,1,1,1,0.0005,0.00475,0,0,0,0,0,0,0,0,0,0,1
23,0,2,0,3.3249,1,1,0,0,0,0,0,0.0833,1,0,1,0,0.22,1,0,0,0.0,0,1,2,0,0,9496.0,0,0,1,1,0,18.0,0,0.1658,0,0,0,0,0,0.0405,0.001,1,0,0,0,0,0,0,0,0,0,0
25,0,1,0,2.75,0,1,0,0,9,0,0,0.0,0,0,0,0,0.02,1,0,0,0.0,0,1,1,0,1,9510.0,0,0,1,1,0,108.0,0,0.061,1,0,0,0,0,0.0075,0.48675,0,0,0,0,0,0,0,0,0,0,0
25,0,3,0,3.1307,2,1,0,0,0,0,0,0.0,0,0,0,0,0.5,0,0,0,0.0,0,1,1,0,0,10933.0,0,0,1,1,0,103.0,0,0.2126,1,0,0,0,0,0.00925,0.48675,0,0,0,0,0,0,0,0,1,0,0
26,0,3,0,3.2928,2,1,0,0,0,0,0,0.0,0,0,0,0,0.5,0,0,0,0.0,0,1,3,0,0,4322.0,0,0,1,1,0,49.0,0,0.2159,1,0,0,0,0,0.00925,0.48675,1,0,0,0,0,0,0,0,0,0,0
34,0,2,0,3.0958,1,0,0,0,16,0,0,0.1667,2,0,2,0,0.5,0,0,0,0.0,0,1,2,0,0,-1.0,0,0,0,1,0,79.0,0,0.2786,1,1,0,0,0,0.00975,0.48675,1,0,0,0,0,0,0,0,0,0,0
39,2,2,0,3.8213,1,0,0,0,0,0,0,0.0833,1,0,1,0,0.35,1,0,0,0.0,0,1,2,0,0,-1.0,0,0,0,1,0,48.0,0,0.2147,1,1,0,0,0,0.08025,0.48675,0,1,0,0,0,0,0,0,0,0,0
24,0,1,0,3.0778,0,1,0,0,0,0,0,0.0,0,0,0,0,0.15,1,0,0,0.0,0,1,2,0,0,2916.0,0,0,1,1,0,40.0,0,0.1066,0,0,0,0,0,0.35225,0.00075,1,0,0,0,0,0,0,0,0,0,0
30,1,2,0,3.5538,1,1,0,0,0,0,0,0.1667,2,0,2,0,0.5,0,0,0,0.0,0,1,2,0,0,-1.0,0,0,0,1,0,67.0,0,0.2878,1,1,0,0,0,0.0995,0.48675,1,0,0,0,0,0,0,0,0,0,0
47,4,2,2,4.4386,1,1,0,0,0,0,0,0.0,0,0,0,0,0.5,0,0,0,0.0,0,1,2,0,0,-1.0,0,0,0,1,0,78.0,0,0.2388,1,1,0,0,0,0.0995,0.48675,1,0,0,0,0,0,0,0,0,0,0
37,0,1,0,3.3927,0,1,0,0,16,0,0,0.0,0,0,0,0,0.15,1,0,0,0.0,0,1,1,0,0,10804.0,0,1,1,1,0,135.0,0,0.1129,0,0,0,0,0,0.35225,0.00625,0,0,0,0,1,0,0,0,0,0,0
39,0,2,1,3.8314,1,1,0,0,0,0,0,0.0,0,0,0,0,0.15,1,0,0,0.0,0,1,1,0,0,-1.0,0,0,0,1,0,50.0,0,0.1216,1,1,0,0,0,0.35225,0.48675,1,0,0,0,0,0,0,0,0,0,0
30,0,2,0,3.4613,1,1,0,0,3,0,0,0.0,0,0,0,0,0.15,1,0,0,0.0,0,1,4,0,0,6864.0,0,0,1,1,0,66.0,0,0.1142,0,0,0,0,0,0.35225,0.00125,0,0,0,1,0,0,0,0,0,0,0
47,4,2,3,4.4649,1,0,0,0,0,0,0,0.0,0,0,0,0,0.5,0,0,0,0.0,0,1,2,0,0,-1.0,0,0,0,1,0,83.0,0,0.2393,1,1,0,0,0,0.0995,0.48675,1,0,0,0,0,0,0,0,0,0,0
37,0,1,0,3.2516,0,1,0,0,17,0,0,0.0,0,0,0,0,0.15,1,0,0,0.0,0,1,2,0,1,7505.0,0,0,1,1,0,62.0,0,0.11,0,0,0,0,0,0.35225,0.001,0,0,0,0,1,0,0,0,0,0,0
15,0,1,0,2.5216,0,1,0,0,0,0,0,0.0,0,0,0,0,0.3,1,0,0,0.0,0,1,1,0,1,5430.0,0,1,1,1,0,76.0,0,0.1404,0,0,0,0,0,0.00425,0.00325,0,1,0,0,0,0,0,0,0,0,0
23,0,2,2,3.3249,1,1,0,0,0,0,0,0.0,0,0,0,0,0.5,0,0,0,0.0,0,1,3,0,0,-1.0,0,0,1,1,0,66.0,0,0.2165,0,1,0,0,0,0.0015,0.00125,0,1,0,0,0,0,0,0,0,0,0
19,0,1,0,2.5503,0,1,0,0,0,0,0,0.0,0,0,0,0,0.15,1,0,0,0.0,0,1,2,0,1,5209.0,0,0,1,1,0,253.0,0,0.096,0,0,0,0,0,0.35225,0.00325,0,0,0,0,0,1,0,0,0,0,0
37,1,3,0,3.9102,2,1,0,0,0,0,0,0.0,0,0,0,0,0.15,1,0,0,0.0,0,1,1,0,0,-1.0,0,0,0,0,0,-1.0,0,0.1232,1,1,1,1,0,0.35225,0.48675,0,0,0,0,0,0,0,0,0,0,1
80,0,1,0,3.7975,0,1,0,0,42,0,0,0.0,0,0,0,0,0.15,1,0,0,0.0,0,1,1,0,1,37.0,0,0,1,1,0,52.0,0,0.121,0,0,0,0,0,0.35225,0.00475,0,1,0,0,0,0,0,0,0,0,0
24,0,2,0,3.3232,1,1,0,0,0,0,0,0.0,0,0,0,0,0.15,1,0,0,0.0,0,1,8,0,0,7464.0,0,0,1,1,0,43.0,0,0.1115,0,0,0,0,0,0.35225,0.00975,0,0,1,0,0,0,0,0,0,0,0
24,0,3,0,3.1556,2,1,0,0,0,0,0,0.0,0,0,0,0,0.5,0,0,0,0.0,0,1,4,0,0,10572.0,0,0,1,1,0,82.0,0,0.2131,1,0,0,0,0,0.00875,0.48675,0,0,0,1,0,0,0,0,0,0,0
46,3,2,0,4.1345,1,1,0,0,0,0,0,0.0,0,0,0,0,0.5,0,0,0,0.0,0,1,1,0,0,4390.0,0,0,1,1,0,136.0,0,0.2327,0,0,0,0,0,0.004,0.00625,0,0,0,0,1,0,0,0,0,0,0
34,0,1,0,3.3736,0,1,0,0,11,0,0,0.0,0,0,0,0,0.5,0,0,0,0.0,0,0,0,0,0,-1.0,0,0,0,0,0,-1.0,-1,0.2175,1,1,1,1,1,0.02275,0.48675,0,0,0,0,0,0,0,0,0,0,1
27,0,3,0,3.4316,2,1,0,0,0,0,0,0.0,0,0,0,0,0.5,0,0,0,0.0,0,1,1,0,0,11318.0,0,0,1,1,0,151.0,0,0.2186,1,0,0,0,0,0.00875,0.48675,0,0,0,0,0,0,0,0,0,1,0
56,1,2,0,3.8726,1,1,0,0,7,0,0,0.0,0,0,0,0,0.28,1,0,0,0.0,0,1,4,0,0,-1.0,0,0,0,1,0,31.0,0,0.1615,1,1,0,0,0,0.0545,0.48675,0,1,0,0,0,0,0,0,0,0,0
18,0,1,5,2.9477,0,1,0,0,0,0,0,0.0,0,0,0,0,0.94,1,0,0,0.0,0,0,0,0,0,133.0,0,1,1,0,0,-1.0,-1,0.341,0,0,1,1,1,0.01625,0.01225,0,0,0,0,0,0,0,0,0,0,1
29,1,1,0,3.5842,0,1,0,0,0,0,0,0.0,0,0,0,0,0.15,1,0,0,0.0,0,0,0,0,0,137.0,0,0,1,0,0,-1.0,-1,0.1167,0,0,1,1,1,0.35225,0.03575,0,0,0,0,0,0,0,0,0,0,1
139,3,2,4,4.2936,1,1,0,0,16,4,12,0.0,0,0,0,0,0.5,0,0,0,0.0,0,1,2,0,0,-1.0,0,0,0,1,0,63.0,0,0.2359,1,1,0,0,0,0.0995,0.48675,1,0,0,0,0,0,0,0,0,0,0
44,0,2,6,4.0472,1,1,0,0,0,0,0,0.0,0,0,0,0,0.15,1,0,0,0.0,0,1,2,0,0,7431.0,0,0,1,1,0,37.0,0,0.1259,0,0,0,0,0,0.35225,0.036,0,1,0,0,0,0,0,0,0,0,0
51,2,2,0,4.1549,1,1,0,0,0,1,2,0.0,0,0,0,0,0.5,0,0,0,0.0,0,0,0,0,0,-1.0,0,0,0,0,0,-1.0,-1,0.2331,1,1,1,1,1,0.0995,0.48675,0,0,0,0,0,0,0,0,0,0,1
23,0,1,0,3.3232,0,1,0,0,0,0,0,0.0,0,0,0,0,0.5,0,0,0,0.0,0,1,4,0,1,-1.0,0,0,0,1,0,74.0,0,0.2165,1,1,0,0,0,0.00025,0.48675,0,1,0,0,0,0,0,0,0,0,0
48,0,1,0,3.7544,0,1,0,0,18,0,0,0.0,0,0,0,0,0.15,1,0,0,0.0,0,0,0,0,0,-1.0,0,0,0,0,0,-1.0,-1,0.1201,1,1,1,1,1,0.35225,0.48675,0,0,0,0,0,0,0,0,0,0,1
29,2,1,0,3.9161,0,1,0,0,0,0,0,0.0833,1,0,1,0,0.15,1,0,0,0.0,0,1,2,0,0,-1.0,0,0,0,1,0,34.0,0,0.1566,1,1,0,0,0,0.35225,0.48675,1,0,0,0,0,0,0,0,0,0,0
28,0,2,0,3.5464,1,1,0,0,0,0,0,0.0,0,0,0,0,0.15,1,0,0,0.0,0,1,1,0,0,183.0,0,0,1,0,0,-1.0,0,0.1159,0,0,1,1,0,0.35225,0.0065,0,0,0,0,0,0,0,0,0,0,1
38,0,1,0,3.2402,0,1,0,0,15,0,0,0.0,0,0,0,0,0.15,1,0,0,0.0,0,1,1,0,1,3165.0,0,1,1,1,0,53.0,0,0.1098,0,0,0,0,0,0.35225,0.058,0,1,0,0,0,0,0,0,0,0,0
22,0,1,0,3.0,0,1,0,0,6,0,0,0.25,3,0,3,0,0.03,1,0,0,0.0,0,1,1,0,1,10531.0,0,1,1,1,0,140.0,0,0.169,0,0,0,0,0,0.00325,0.0025,0,0,0,0,0,0,0,0,0,0,0
32,0,2,3,3.8492,1,1,0,0,0,0,0,0.0,0,0,0,0,0.15,1,0,0,0.0,0,1,2,0,0,-1.0,0,0,0,1,0,50.0,0,0.122,1,1,0,0,0,0.35225,0.48675,1,0,0,0,0,0,0,0,0,0,0
84,2,2,29,4.3386,1,1,0,0,0,0,0,0.0,0,0,0,0,0.5,0,0,0,0.0,0,0,0,0,0,-1.0,0,0,0,0,0,-1.0,-1,0.2368,1,1,1,1,1,0.0995,0.48675,0,0,0,0,0,0,0,0,0,0,1
170,0,3,0,3.1307,2,1,0,0,39,3,8,0.0,0,0,0,0,0.5,0,0,0,0.0,0,1,1,0,0,-1.0,0,0,0,0,0,-1.0,0,0.2126,1,1,1,1,0,0.012,0.48675,0,0,0,0,0,0,0,0,0,0,1
33,0,1,0,3.1699,0,1,0,0,16,0,0,0.0833,1,0,1,0,0.15,1,0,0,0.0,0,1,4,0,1,11378.0,0,0,1,1,0,91.0,0,0.1417,0,0,0,0,0,0.35225,0.036,0,0,0,1,0,0,0,0,0,0,0
34,0,3,0,3.3826,2,0,0,0,0,0,0,0.0,0,0,0,0,0.15,1,0,0,0.0,0,1,2,0,0,7431.0,0,0,1,0,0,-1.0,-1,0.1127,0,0,1,1,1,0.35225,0.0155,0,0,0,0,0,0,0,0,0,0,1
41,0,2,2,4.0061,1,0,0,0,0,0,0,0.0,0,0,0,0,0.15,1,0,0,0.0,0,1,2,0,0,65.0,0,0,1,1,0,83.0,0,0.1251,0,0,0,0,0,0.35225,0.01575,0,1,0,0,0,0,0,0,0,0,0
42,3,2,4,4.4182,1,0,0,0,0,0,0,0.0,0,0,0,0,0.5,0,0,0,0.0,0,1,2,0,0,-1.0,0,0,0,1,0,72.0,0,0.2384,1,1,0,0,0,0.0995,0.48675,1,0,0,0,0,0,0,0,0,0,0
39,0,1,0,3.3249,0,1,0,0,17,0,0,0.0,0,0,0,0,0.15,1,0,0,0.0,0,0,0,0,0,715.0,0,1,1,0,0,-1.0,-1,0.1115,0,0,1,1,1,0.35225,0.019,0,0,0,0,0,0,0,0,0,0,1
33,0,1,0,3.7871,0,1,0,0,6,0,0,0.0,0,0,0,0,0.15,1,0,0,0.0,0,1,2,0,1,-1.0,0,0,0,1,0,70.0,0,0.1207,1,1,0,0,0,0.35225,0.48675,1,0,0,0,0,0,0,0,0,0,0
30,0,1,1,2.585,0,1,0,0,16,0,0,0.0,0,0,0,0,0.5,0,0,0,0.0,0,1,1,0,1,9221.0,0,0,1,1,0,83.0,0,0.2017,0,0,0,0,0,0.00425,0.00025,0,1,0,0,0,0,0,0,0,0,0
42,3,2,6,4.2561,1,0,0,0,0,0,0,0.0833,1,0,1,0,0.5,0,0,0,0.0,0,1,2,0,0,-1.0,0,0,0,1,0,83.0,0,0.2684,1,1,0,0,0,0.0995,0.48675,1,0,0,0,0,0,0,0,0,0,0
20,0,1,0,3.0221,0,1,0,0,0,0,0,0.0,0,0,0,0,0.5,0,0,0,0.0,0,1,2,0,1,493.0,0,1,1,1,0,67.0,0,0.2104,0,0,0,0,0,0.0035,0.00475,1,0,0,0,0,0,0,0,0,0,0
24,1,2,0,3.0566,1,1,0,0,0,0,0,0.0,0,0,0,0,0.5,0,0,0,0.0,0,1,1,0,0,1556.0,0,0,1,1,0,67.0,0,0.2111,0,0,0,0,0,0.00525,0.0015,0,1,0,0,0,0,0,0,0,0,0
21,0,1,0,3.0851,0,1,0,0,0,0,0,0.0,0,0,0,0,0.15,1,0,0,0.0,0,1,4,0,0,1947.0,0,0,1,1,0,38.0,0,0.1067,0,0,0,0,0,0.35225,0.00325,0,1,0,0,0,0,0,0,0,0,0
25,0,2,0,3.2806,1,1,0,0,0,0,0,0.0,0,0,0,0,0.15,1,0,0,0.0,0,1,2,0,0,3625.0,0,1,1,1,0,47.0,0,0.1106,0,0,0,0,0,0.35225,0.01575,1,0,0,0,0,0,0,0,0,0,0
23,0,2,0,3.3232,1,1,0,0,0,0,0,0.0,0,0,0,0,0.15,1,0,0,0.0,0,1,1,0,0,-1.0,0,0,0,1,0,38.0,0,0.1115,1,1,0,0,0,0.35225,0.48675,0,1,0,0,0,0,0,0,0,0,0
29,0,2,0,3.5842,1,1,0,0,0,0,0,0.0,0,0,0,0,0.15,1,0,0,0.0,0,1,2,0,0,8390.0,0,0,1,1,0,157.0,0,0.1167,0,0,0,0,0,0.35225,0.00025,0,0,0,0,0,0,0,0,0,0,0
26,0,2,6,3.3083,1,0,0,0,0,0,0,0.0,0,0,0,0,0.5,0,0,0,0.0,0,1,2,0,0,-1.0,0,0,0,1,0,67.0,0,0.2162,1,1,0,0,0,0.0995,0.48675,1,0,0,0,0,0,0,0,0,0,0
36,0,2,3,3.4528,1,1,0,0,11,0,0,0.0,0,0,0,0,0.28,1,0,0,0.0,0,1,4,0,0,-1.0,0,0,0,1,0,31.0,0,0.1531,1,1,0,0,0,0.0545,0.48675,0,1,0,0,0,0,0,0,0,0,0
61,0,1,0,3.8501,0,1,0,0,0,0,0,0.0,0,0,0,0,0.65,1,0,0,0.0,0,1,1,0,1,334.0,0,0,1,0,0,-1.0,0,0.272,0,0,1,1,0,0.0025,0.03575,0,0,0,0,0,0,0,0,0,0,1
22,0,1,0,3.3788,0,1,0,0,0,0,0,0.0,0,0,0,0,0.1,1,0,0,0.0,0,1,2,0,1,4766.0,0,0,1,1,0,74.0,0,0.0976,0,0,0,0,0,0.02775,0.03575,1,0,0,0,0,0,0,0,0,0,0
93,9,2,12,4.4209,1,1,0,0,15,0,0,0.0833,1,0,1,0,0.22,1,0,0,0.0,0,1,1,0,0,3750.0,0,0,1,1,0,101.0,0,0.1877,0,0,0,0,0,0.0405,0.0065,0,0,0,0,1,0,0,0,0,0,0
33,0,2,4,3.8868,1,1,0,0,0,0,0,0.0833,1,0,1,0,0.35,1,0,0,0.0,0,1,2,0,0,-1.0,0,0,0,1,0,229.0,0,0.2161,1,1,0,0,0,0.08025,0.48675,0,0,0,0,0,0,0,0,0,0,0
30,0,1,0,3.2776,0,1,0,0,11,0,0,0.0,0,0,0,0,0.1,1,0,0,0.0,0,1,1,0,1,9160.0,0,0,1,1,0,181.0,0,0.0956,0,0,0,0,0,0.02775,0.00175,0,0,0,0,0,0,0,0,0,0,0
28,0,2,0,3.3264,1,1,0,0,0,0,0,0.0,0,0,0,0,0.15,1,0,0,0.0,0,1,2,0,0,-1.0,0,0,0,1,0,102.0,0,0.1115,1,1,0,0,0,0.35225,0.48675,0,0,0,0,0,0,0,0,0,1,0
34,0,1,0,3.1699,0,1,0,0,17,0,0,0.0,0,0,0,0,0.5,0,0,0,0.0,0,1,1,0,1,7916.0,0,0,1,1,0,140.0,0,0.2134,0,0,0,0,0,0.02275,0.012,0,0,0,0,0,1,0,0,0,0,0
32,2,2,0,3.7202,1,0,0,0,0,0,0,0.0,0,0,0,0,0.5,0,0,0,0.0,0,1,2,0,0,-1.0,0,0,0,1,0,44.0,0,0.2244,1,1,0,0,0,0.0995,0.48675,1,0,0,0,0,0,0,0,0,0,0
20,0,1,0,2.585,0,1,0,0,6,0,0,0.0,0,0,0,0,0.5,0,0,0,0.0,0,1,1,0,0,-1.0,0,0,0,0,0,-1.0,-1,0.2017,1,1,1,1,1,0.02275,0.48675,0,0,0,0,0,0,0,0,0,0,1
62,1,2,6,3.9862,1,1,0,0,26,0,0,0.0,0,0,0,0,0.28,1,0,0,0.0,0,1,4,0,0,-1.0,0,0,0,1,0,31.0,0,0.1637,1,1,0,0,0,0.0545,0.48675,0,1,0,0,0,0,0,0,0,0,0
57,0,2,4,4.182,1,1,0,0,21,0,0,0.0,0,0,0,0,0.94,1,0,0,0.0,0,0,0,0,0,7.0,1,0,1,0,0,-1.0,-1,0.3656,0,0,1,1,1,0.01625,0.01125,0,0,0,0,0,0,0,0,0,0,1
54,1,2,5,4.0018,1,1,0,0,22,0,0,0.0,0,0,0,0,0.28,1,0,0,0.0,0,1,1,0,0,-1.0,0,0,0,0,0,-1.0,0,0.164,1,1,1,1,0,0.0545,0.48675,0,0,0,0,0,0,0,0,0,0,1
32,1,1,0,3.2389,0,1,0,0,11,0,0,0.0,0,0,0,0,0.5,0,0,0,0.0,0,1,1,0,1,3810.0,0,0,1,1,0,82.0,0,0.2148,0,0,0,0,0,0.00325,0.00975,0,1,0,0,0,0,0,0,0,0,0
43,0,1,0,3.4194,0,1,0,0,17,0,0,0.0,0,0,0,0,0.15,1,0,0,0.0,0,0,0,0,0,1125.0,0,0,1,0,0,-1.0,-1,0.1134,0,0,1,1,1,0.35225,0.03575,0,0,0,0,0,0,0,0,0,0,1
51,0,4,0,3.1972,3,1,0,0,25,0,0,0.0,0,0,0,0,0.5,0,0,0,0.0,0,1,1,0,0,-1.0,0,0,0,0,0,-1.0,0,0.2139,1,1,1,1,0,0.003,0.48675,0,0,0,0,0,0,0,0,0,0,1
139,0,2,0,3.0391,1,1,0,0,117,0,0,0.0,0,0,0,0,0.15,1,0,0,0.0,0,1,1,0,1,1164.0,0,1,1,1,0,28.0,0,0.1058,0,0,0,0,0,0.35225,0.058,0,0,0,0,0,0,0,1,0,0,0
53,0,2,0,3.7202,1,0,0,0,22,0,0,0.0,0,0,0,0,0.28,1,0,0,0.0,0,1,4,0,0,-1.0,0,0,0,1,0,31.0,0,0.1584,1,1,0,0,0,0.0545,0.48675,0,1,0,0,0,0,0,0,0,0,0
47,2,2,0,4.0831,1,1,0,0,0,0,0,0.1667,1,0,2,0,0.35,1,0,0,0.0,0,1,2,0,0,-1.0,0,0,0,1,0,82.0,0,0.2533,1,1,0,0,0,0.08025,0.48675,1,0,0,0,0,0,0,0,0,0,0
43,0,2,3,4.2339,1,1,0,0,0,0,0,0.0833,1,0,1,0,0.35,1,0,0,0.0,0,1,2,0,0,-1.0,0,0,0,1,0,55.0,0,0.223,1,1,0,0,0,0.08025,0.48675,1,0,0,0,0,0,0,0,0,0,0
57,0,2,4,4.182,1,1,0,0,21,0,0,0.0,0,0,0,0,0.94,1,0,0,0.0,0,0,0,0,0,7.0,1,0,1,0,0,-1.0,-1,0.3656,0,0,1,1,1,0.01625,0.01125,0,0,0,0,0,0,0,0,0,0,1
41,2,2,5,4.1167,1,1,0,0,0,0,0,0.0833,1,0,1,0,0.35,1,0,0,0.0,0,1,2,0,0,-1.0,0,0,0,1,0,229.0,0,0.2207,1,1,0,0,0,0.08025,0.48675,0,0,0,0,0,0,0,0,0,0,0
29,0,1,4,2.281,0,1,0,0,12,0,0,0.0,0,0,0,0,0.5,0,0,0,0.0,0,0,0,0,0,1207.0,0,1,1,0,0,-1.0,-1,0.1956,0,0,1,1,1,0.00025,0.03575,0,0,0,0,0,0,0,0,0,0,1
42,3,3,11,4.1607,2,0,0,0,0,0,0,0.0,0,0,0,0,0.15,1,0,0,0.0,0,0,0,0,0,2634.0,0,1,1,0,0,-1.0,-1,0.1282,0,0,1,1,1,0.35225,0.01175,0,0,0,0,0,0,0,0,0,0,1
41,1,3,2,3.9573,2,0,0,0,0,0,0,0.0,0,0,0,0,0.15,1,0,0,0.0,0,1,1,0,0,-1.0,0,0,0,0,0,-1.0,0,0.1241,1,1,1,1,0,0.35225,0.48675,0,0,0,0,0,0,0,0,0,0,1
218,0,2,0,3.8219,1,1,0,0,56,1,1,0.0,0,0,0,0,0.5,0,0,0,0.0,0,0,0,0,0,1355.0,0,0,1,0,0,-1.0,-1,0.2264,1,0,1,1,1,0.00925,0.48675,0,0,0,0,0,0,0,0,0,0,1
40,0,1,2,3.7216,0,1,0,0,13,0,0,0.0,0,0,0,0,0.15,1,0,0,0.0,0,1,1,0,1,49.0,0,0,1,1,0,50.0,0,0.1194,0,0,0,0,0,0.35225,0.058,0,1,0,0,0,0,0,0,0,0,0
33,0,3,2,3.7035,2,0,0,0,0,0,0,0.0,0,0,0,0,0.15,1,0,0,0.0,0,1,2,0,0,-1.0,0,0,0,0,0,-1.0,0,0.1191,1,1,1,1,0,0.35225,0.48675,0,0,0,0,0,0,0,0,0,0,1
60,0,2,11,3.6538,1,1,0,0,30,0,0,0.0,0,0,0,0,0.28,1,0,0,0.0,0,1,4,0,0,-1.0,0,0,0,1,0,31.0,0,0.1571,1,1,0,0,0,0.0545,0.48675,0,1,0,0,0,0,0,0,0,0,0
34,0,2,0,3.3736,1,1,0,0,11,0,0,0.0,0,0,0,0,0.5,0,0,0,0.0,0,1,2,0,1,6723.0,0,0,1,1,0,69.0,0,0.2175,1,0,0,0,0,0.00925,0.48675,1,0,0,0,0,0,0,0,0,0,0
48,4,2,2,4.3943,1,1,0,0,0,0,0,0.0,0,0,0,0,0.5,0,0,0,0.0,0,1,2,0,0,-1.0,0,0,0,1,0,77.0,0,0.2379,1,1,0,0,0,0.0995,0.48675,1,0,0,0,0,0,0,0,0,0,0
48,5,2,8,4.4414,1,0,0,0,0,0,0,0.0833,1,0,1,0,0.5,0,0,0,0.0,0,1,2,0,0,-1.0,0,0,0,1,0,81.0,0,0.2721,1,1,0,0,0,0.0995,0.48675,1,0,0,0,0,0,0,0,0,0,0
14,0,1,0,2.585,0,1,0,0,0,0,0,0.0,0,0,0,0,0.02,1,0,0,0.0,0,1,1,0,1,11471.0,0,0,1,1,0,246.0,0,0.0577,1,0,0,0,0,0.0075,0.48675,0,0,0,0,0,0,0,0,0,1,0
45,4,2,0,4.1212,1,0,0,0,0,0,0,0.25,3,0,3,0,0.5,0,0,0,0.0,0,1,2,0,0,-1.0,0,0,0,1,0,83.0,0,0.3324,1,1,0,0,0,0.0995,0.48675,1,0,0,0,0,0,0,0,0,0,0
45,4,2,7,4.4863,1,0,0,0,0,0,0,0.1667,2,0,2,0,0.5,0,0,0,0.0,0,1,2,0,0,-1.0,0,0,0,1,0,83.0,0,0.3064,1,1,0,0,0,0.0995,0.48675,1,0,0,0,0,0,0,0,0,0,0
40,1,2,0,3.0958,1,1,0,0,21,0,0,0.0,0,0,0,0,0.5,0,0,0,0.0,0,1,1,0,0,-1.0,0,0,0,0,0,-1.0,0,0.2119,1,1,1,1,0,0.0015,0.48675,0,0,0,0,0,0,0,0,0,0,1
47,4,2,2,4.5111,1,1,0,0,0,0,0,0.0,0,0,0,0,0.5,0,0,0,0.0,0,1,2,0,0,-1.0,0,0,0,1,0,78.0,0,0.2402,1,1,0,0,0,0.0995,0.48675,1,0,0,0,0,0,0,0,0,0,0
57,0,2,4,4.182,1,1,0,0,21,0,0,0.0,0,0,0,0,0.94,1,0,0,0.0,0,0,0,0,0,7.0,1,0,1,0,0,-1.0,-1,0.3656,0,0,1,1,1,0.01625,0.01125,0,0,0,0,0,0,0,0,0,0,1
33,0,1,0,3.027,0,1,0,0,12,0,0,0.0,0,0,0,0,0.15,1,0,0,0.0,0,1,1,0,1,4674.0,0,1,1,0,0,-1.0,-1,0.1055,0,0,1,1,1,0.35225,0.00325,0,0,0,0,0,0,0,0,0,0,1
43,2,2,3,4.036,1,0,0,0,0,0,0,0.0833,1,0,1,0,0.35,1,0,0,0.0,0,1,2,0,0,-1.0,0,0,0,1,0,229.0,0,0.219,1,1,0,0,0,0.08025,0.48675,0,0,0,0,0,0,0,0,0,0,0
25,0,2,0,3.2928,1,1,0,0,0,0,0,0.0,0,0,0,0,0.15,1,0,0,0.0,0,1,1,0,0,5225.0,0,0,1,1,0,44.0,0,0.1109,0,0,0,0,0,0.35225,0.0045,0,1,0,0,0,0,0,0,0,0,0
38,0,1,0,3.182,0,1,0,0,16,0,0,0.0,0,0,0,0,0.5,0,0,0,0.0,0,1,2,0,0,42.0,0,0,1,1,0,47.0,0,0.2136,0,0,0,0,0,0.001,0.03575,1,0,0,0,0,0,0,0,0,0,0
36,0,2,0,3.6899,1,1,0,0,0,0,0,0.0,0,0,0,0,0.1,1,0,0,0.0,0,1,2,0,0,7003.0,0,0,1,1,0,51.0,0,0.1038,0,0,0,0,0,0.02775,0.01125,1,0,0,0,0,0,0,0,0,0,0
39,0,1,0,3.7871,0,0,0,0,13,0,0,0.0,0,0,0,0,0.1,1,0,0,0.0,0,1,2,0,0,466.0,0,0,1,1,0,36.0,0,0.1057,0,0,0,0,0,0.02775,0.058,1,0,0,0,0,0,0,0,0,0,0
41,0,1,0,3.6167,0,1,0,0,0,0,0,0.0,0,0,0,0,0.5,0,0,0,0.0,0,0,0,0,0,-1.0,0,0,0,0,0,-1.0,-1,0.2223,1,1,1,1,1,0.00025,0.48675,0,0,0,0,0,0,0,0,0,0,1
38,1,1,1,3.75,0,1,0,0,14,0,0,0.0,0,0,0,0,0.5,0,0,0,0.0,0,1,2,0,0,-1.0,0,0,0,1,0,78.0,0,0.225,1,1,0,0,0,0.02275,0.48675,0,1,0,0,0,0,0,0,0,0,0
34,0,1,0,2.9477,0,1,0,0,17,0,0,0.0,0,0,0,0,0.28,1,0,0,0.0,0,0,0,0,0,4266.0,0,0,1,0,0,-1.0,-1,0.143,0,0,1,1,1,0.0545,0.03575,0,0,0,0,0,0,0,0,0,0,1
45,0,6,11,3.8537,5,1,0,0,0,0,0,0.0,0,0,0,0,0.22,1,0,0,0.0,0,1,1,0,0,10352.0,0,0,1,0,0,-1.0,-1,0.1431,0,0,1,1,1,0.0405,0.001,0,0,0,0,0,0,0,0,0,0,1
53,3,2,8,4.5803,1,0,0,0,0,0,0,0.0,0,0,0,0,0.5,0,0,0,0.0,0,1,2,0,0,-1.0,0,0,0,1,0,78.0,0,0.2416,1,1,0,0,0,0.0995,0.48675,1,0,0,0,0,0,0,0,0,0,0
28,0,2,0,3.4714,1,1,0,0,0,0,0,0.0,0,0,0,0,0.15,1,0,0,0.0,0,1,2,0,0,4504.0,0,0,1,1,0,37.0,0,0.1144,0,0,0,0,0,0.35225,0.004,0,1,0,0,0,0,0,0,0,0,0
39,0,1,0,3.3249,0,1,0,0,7,1,2,0.0,0,0,0,0,0.15,1,0,0,0.0,0,1,2,0,1,9988.0,0,0,1,1,0,62.0,0,0.1115,0,0,0,0,0,0.35225,0.004,0,1,0,0,0,0,0,0,0,0,0
22,0,1,0,3.3788,0,1,0,0,0,0,0,0.0,0,0,0,0,0.15,1,0,0,0.0,0,1,2,0,0,-1.0,0,0,0,1,0,82.0,0,0.1126,1,1,0,0,0,0.35225,0.48675,0,1,0,0,0,0,0,0,0,0,0
30,0,1,0,3.9706,0,1,0,0,0,0,0,0.0,0,0,0,0,0.15,1,0,0,0.0,0,1,4,0,1,6267.0,0,0,1,1,0,54.0,0,0.1244,0,0,0,0,0,0.35225,0.058,0,0,0,1,0,0,0,0,0,0,0
24,0,2,0,3.1396,1,1,0,0,0,0,0,0.0,0,0,0,0,0.15,1,0,0,0.0,0,1,2,0,0,5507.0,0,0,1,1,0,108.0,0,0.1078,0,0,0,0,0,0.35225,0.058,0,0,0,0,0,1,0,0,0,0,0
19,0,1,0,3.2776,0,1,0,0,0,0,0,0.0,0,0,0,0,0.15,1,0,0,0.0,0,1,4,0,1,7911.0,0,1,1,1,0,144.0,0,0.1106,0,0,0,0,0,0.35225,0.019,0,0,0,1,0,0,0,0,0,0,0
30,0,1,0,3.5226,0,1,0,0,0,0,0,0.0,0,0,0,0,0.65,1,0,0,0.0,0,0,0,0,0,1.0,1,0,1,0,0,-1.0,-1,0.2655,0,0,1,1,1,0.0025,0.006,0,0,0,0,0,0,0,0,0,0,1
50,0,3,0,3.2484,2,1,0,0,25,0,0,0.0,0,0,0,0,0.5,0,0,0,0.0,0,1,1,0,0,-1.0,0,0,0,0,0,-1.0,0,0.215,1,1,1,1,0,0.00075,0.48675,0,0,0,0,0,0,0,0,0,0,1
45,4,2,0,3.7845,1,1,0,0,0,0,0,0.3333,3,0,4,0,0.35,1,0,0,0.0,0,1,1,0,0,-1.0,0,0,0,1,0,66.0,0,0.314,1,1,0,0,0,0.08025,0.48675,1,0,0,0,0,0,0,0,0,0,0
82,1,2,3,3.7729,1,1,0,0,24,0,0,0.0,0,0,0,0,0.5,0,0,0,0.0,0,1,2,0,0,-1.0,0,0,0,1,0,109.0,0,0.2255,1,1,0,0,0,0.0995,0.48675,0,0,1,0,0,0,0,0,0,0,0
89,0,1,0,3.1219,0,1,0,0,8,1,2,0.1667,2,0,2,0,0.5,0,0,0,0.0,0,1,1,0,0,-1.0,0,0,0,1,0,13.0,0,0.2791,1,1,0,0,0,0.0005,0.48675,0,0,0,0,0,0,0,1,0,0,0
22,0,3,0,2.9852,2,1,0,0,0,0,0,0.0,0,0,0,0,0.5,0,0,0,0.0,0,1,8,0,0,-1.0,0,0,0,1,0,236.0,0,0.2097,1,1,0,0,0,0.01325,0.48675,0,0,0,0,0,0,0,0,0,1,0
42,2,2,6,3.8132,1,1,0,0,0,0,0,0.0833,1,0,1,0,0.35,1,0,0,0.0,0,1,2,0,0,-1.0,0,0,0,1,0,31.0,0,0.2146,1,1,0,0,0,0.08025,0.48675,0,1,0,0,0,0,0,0,0,0,0
14,0,1,0,2.585,0,1,0,0,0,0,0,0.0,0,0,0,0,0.3,1,0,0,0.0,0,1,2,0,1,5730.0,0,0,1,1,0,42.0,0,0.1417,0,0,0,0,0,0.00425,0.00025,1,0,0,0,0,0,0,0,0,0,0
40,1,2,4,4.0535,1,1,0,0,7,0,0,0.1667,1,0,1,0,0.28,1,0,0,0.0,0,1,4,0,0,-1.0,0,0,0,1,0,31.0,0,0.2318,1,1,0,0,0,0.0545,0.48675,0,1,0,0,0,0,0,0,0,0,0
44,1,3,4,4.05,2,1,0,0,0,0,0,0.1667,1,0,1,0,0.15,1,0,0,0.0,0,1,2,0,0,-1.0,0,0,0,0,0,-1.0,0,0.1927,1,1,1,1,0,0.35225,0.48675,0,0,0,0,0,0,0,0,0,0,1
41,0,1,0,3.375,0,1,0,0,17,0,0,0.0,0,0,0,0,0.15,1,0,0,0.0,0,1,1,0,1,-1.0,0,0,0,1,0,124.0,0,0.1125,1,1,0,0,0,0.35225,0.48675,0,0,0,0,0,0,0,0,0,0,0
37,0,1,0,2.3535,0,1,0,0,7,1,2,0.0,0,0,0,0,0.5,0,0,0,0.0,0,1,1,0,1,10568.0,0,0,1,1,0,39.0,0,0.1971,0,0,0,0,0,0.00425,0.00125,0,1,0,0,0,0,0,0,0,0,0
30,0,2,0,3.7544,1,0,0,0,0,0,0,0.0,0,0,0,0,0.15,1,0,0,0.0,0,1,2,0,0,58.0,0,0,1,1,0,31.0,0,0.1201,0,0,0,0,0,0.35225,0.00025,1,0,0,0,0,0,0,0,0,0,0
52,0,2,0,2.8963,1,0,0,0,30,0,0,0.0,0,0,0,0,0.22,1,0,0,0.0,0,0,0,0,0,-1.0,0,0,0,0,0,-1.0,-1,0.1239,1,1,1,1,1,0.0405,0.48675,0,0,0,0,0,0,0,0,0,0,1
25,0,1,0,3.5725,0,1,0,0,0,0,0,0.0,0,0,0,0,0.15,1,0,0,0.0,0,1,2,0,1,5820.0,0,0,1,1,0,40.0,0,0.1164,0,0,0,0,0,0.35225,0.058,0,1,0,0,0,0,0,0,0,0,0
28,0,1,0,2.7255,0,1,0,0,11,0,0,0.0,0,0,0,0,0.15,1,0,0,0.0,0,1,2,0,1,-1.0,0,0,0,1,0,77.0,0,0.0995,1,1,0,0,0,0.35225,0.48675,0,1,0,0,0,0,0,0,0,0,0
35,0,1,5,3.2776,0,1,0,0,7,1,2,0.0,0,0,0,0,0.22,1,0,0,0.0,0,1,1,0,1,7285.0,0,0,1,0,0,-1.0,-1,0.1316,0,0,1,1,1,0.0405,0.00075,0,0,0,0,0,0,0,0,0,0,1
24,0,2,0,3.1899,1,1,0,0,0,0,0,0.0,0,0,0,0,0.15,1,0,0,0.0,0,1,1,0,0,10636.0,0,0,1,1,0,118.0,0,0.1088,0,0,0,0,0,0.35225,0.036,0,0,0,0,0,1,0,0,0,0,0
22,0,2,0,3.1808,1,1,0,0,0,0,0,0.0,0,0,0,0,0.1,1,0,0,0.0,0,1,1,0,1,12235.0,0,0,1,1,0,48.0,0,0.0936,0,0,0,0,0,0.02775,0.013,0,1,0,0,0,0,0,0,0,0,0
37,0,2,0,3.5724,1,1,0,0,11,0,0,0.0,0,0,0,0,0.5,0,0,0,0.0,0,1,1,0,0,-1.0,0,0,0,1,0,70.0,0,0.2214,1,1,0,0,0,0.012,0.48675,0,0,0,0,0,0,0,0,0,0,0
110,6,4,12,4.4597,3,1,0,0,11,0,0,0.0,0,0,0,1,0.15,1,0,0,0.0,0,1,2,0,0,7654.0,0,0,1,1,0,175.0,0,0.1342,0,0,0,0,0,0.35225,0.0155,0,0,0,1,0,0,0,0,0,0,0
22,0,2,0,2.8151,1,1,0,0,0,0,0,0.0,0,0,0,0,0.15,1,0,0,0.0,0,1,4,0,0,11519.0,0,0,1,1,0,24.0,0,0.1013,0,0,0,0,0,0.35225,0.0155,0,0,0,0,0,0,0,0,0,0,0
25,0,2,0,3.7345,1,1,0,0,0,0,0,0.0,0,0,0,0,0.15,1,0,0,0.0,0,1,1,0,0,4519.0,0,0,1,1,0,73.0,0,0.1197,0,0,0,0,0,0.35225,0.058,1,0,0,0,0,0,0,0,0,0,0
82,0,3,7,4.6852,2,0,0,0,0,0,0,0.0833,1,0,1,0,0.85,1,0,0,0.0,0,1,2,0,0,3446.0,0,0,1,1,0,78.0,0,0.382,0,0,0,0,0,0.0025,0.0055,0,1,0,0,0,0,0,0,0,0,0
91,0,2,1,3.6425,1,1,0,0,59,0,0,0.0,0,0,0,0,0.28,1,0,0,0.0,0,1,1,0,0,-1.0,0,0,0,0,0,-1.0,0,0.1569,1,1,1,1,0,0.0545,0.48675,0,0,0,0,0,0,0,0,0,0,1
30,0,1,0,3.3927,0,1,0,0,9,0,0,0.0,0,0,0,0,0.5,0,0,0,0.0,0,1,2,0,1,-1.0,0,0,0,1,0,193.0,0,0.2179,1,1,0,0,0,0.00525,0.48675,0,0,0,1,0,0,0,0,0,0,0
39,0,1,0,3.8522,0,1,0,0,14,0,0,0.0,0,0,0,0,0.15,1,0,0,0.0,0,0,0,0,0,6256.0,0,0,1,0,0,-1.0,-1,0.122,0,0,1,1,1,0.35225,0.0005,0,0,0,0,0,0,0,0,0,0,1
32,0,1,0,2.9219,0,1,0,0,14,0,0,0.0,0,0,0,0,0.15,1,0,0,0.0,0,0,0,0,0,4989.0,0,1,1,0,0,-1.0,-1,0.1034,0,0,1,1,1,0.35225,0.0005,0,0,0,0,0,0,0,0,0,0,1
22,0,1,0,2.1556,0,1,0,0,6,0,0,0.0,0,0,0,0,0.5,0,0,0,0.0,0,1,3,0,0,-1.0,0,0,0,0,0,-1.0,-1,0.1931,1,1,1,1,1,0.003,0.48675,0,0,0,0,0,0,0,0,0,0,1
22,0,1,0,2.75,0,1,0,0,6,0,0,0.0833,1,0,1,0,0.22,1,0,0,0.0,0,1,1,0,1,11150.0,0,0,1,1,0,61.0,0,0.1543,0,0,0,0,0,0.0405,0.00975,0,0,0,0,0,0,0,0,0,1,0
31,1,1,0,3.7345,0,1,0,0,5,0,0,0.25,2,0,2,0,0.7,1,0,0,0.0,0,1,1,0,0,27.0,1,1,1,1,0,89.0,0,0.3847,0,0,0,0,0,0.0095,0.00375,0,1,0,0,0,0,0,0,0,0,0
34,1,2,0,3.7035,1,1,0,0,0,0,0,0.0,0,0,0,0,0.15,1,0,0,0.0,0,0,0,0,0,-1.0,0,0,0,0,0,-1.0,-1,0.1191,1,1,1,1,1,0.35225,0.48675,0,0,0,0,0,0,0,0,0,0,1
42,0,3,1,3.9176,2,0,0,0,0,0,0,0.0,0,0,0,0,0.15,1,0,0,0.0,0,1,1,0,0,-1.0,0,0,0,0,0,-1.0,0,0.1234,1,1,1,1,0,0.35225,0.48675,0,0,0,0,0,0,0,0,0,0,1
30,1,2,3,3.8231,1,0,0,0,0,0,0,0.0,0,0,0,0,0.5,0,0,0,0.0,0,1,2,0,0,-1.0,0,0,0,1,0,86.0,0,0.2265,1,1,0,0,0,0.0995,0.48675,1,0,0,0,0,0,0,0,0,0,0
47,0,2,0,3.6281,1,1,0,0,11,0,0,0.0833,1,0,1,0,0.35,1,0,0,0.0,0,1,2,0,0,-1.0,0,0,0,1,0,55.0,0,0.2109,1,1,0,0,0,0.08025,0.48675,1,0,0,0,0,0,0,0,0,0,0
24,0,2,0,3.1899,1,1,0,0,0,0,0,0.0,0,0,0,0,0.15,1,0,0,0.0,0,1,1,0,0,12870.0,0,0,1,1,0,42.0,0,0.1088,0,0,0,0,0,0.35225,0.036,0,1,0,0,0,0,0,0,0,0,0
22,0,2,0,2.8731,1,1,0,0,0,0,0,0.0,0,0,0,0,0.1,1,0,0,0.0,0,1,1,0,1,11117.0,0,0,1,1,0,46.0,0,0.0875,0,0,0,0,0,0.02775,0.058,0,1,0,0,0,0,0,0,0,0,0
48,4,2,2,4.4842,1,0,0,0,0,0,0,0.0,0,0,0,0,0.5,0,0,0,0.0,0,1,2,0,0,-1.0,0,0,0,1,0,77.0,0,0.2397,1,1,0,0,0,0.0995,0.48675,1,0,0,0,0,0,0,0,0,0,0
29,0,2,0,3.5585,1,1,0,0,0,0,0,0.0,0,0,0,0,0.15,1,0,0,0.0,0,1,1,0,0,6433.0,0,0,1,1,0,57.0,0,0.1162,0,0,0,0,0,0.35225,0.019,1,0,0,0,0,0,0,0,0,0,0
37,2,2,6,3.9947,1,1,0,0,0,0,0,0.0833,1,0,1,0,0.35,1,0,0,0.0,0,1,2,0,0,-1.0,0,0,0,1,0,31.0,0,0.2182,1,1,0,0,0,0.08025,0.48675,0,1,0,0,0,0,0,0,0,0,0
58,0,2,1,2.6464,1,1,0,0,40,0,2,0.0,0,0,0,0,0.5,0,0,0,0.0,0,0,0,0,0,-1.0,0,0,1,0,0,-1.0,-1,0.2029,0,1,1,1,1,0.00175,0.0005,0,0,0,0,0,0,0,0,0,0,1
48,1,2,0,4.0153,1,0,0,0,0,0,0,0.0,0,0,0,0,0.28,1,0,0,0.0,0,1,2,0,0,4834.0,0,0,1,1,0,81.0,0,0.1643,0,0,0,0,0,0.0545,0.0155,1,0,0,0,0,0,0,0,0,0,0
35,0,3,0,3.4885,2,1,0,0,0,0,0,0.0,0,0,0,0,0.5,0,0,0,0.0,0,0,0,0,0,-1.0,0,0,0,0,0,-1.0,-1,0.2198,1,1,1,1,1,0.02275,0.48675,0,0,0,0,0,0,0,0,0,0,1
23,0,1,0,2.6416,0,1,0,0,6,0,0,0.0,0,0,0,0,0.22,1,0,0,0.0,0,1,1,0,1,2515.0,0,0,1,0,0,-1.0,-1,0.1188,0,0,1,1,1,0.0405,0.03575,0,0,0,0,0,0,0,0,0,0,1
28,0,3,0,3.3919,2,1,0,0,0,0,0,0.0,0,0,0,0,0.5,0,0,0,0.0,0,1,1,0,0,8404.0,0,0,1,1,0,132.0,0,0.2178,0,0,0,0,0,0.009,0.00025,0,0,0,0,0,1,0,0,0,0,0
35,0,3,0,3.4262,2,0,0,0,0,0,0,0.0833,1,0,1,0,0.35,1,0,0,0.0,0,1,2,0,0,-1.0,0,0,0,0,0,-1.0,0,0.2068,1,1,1,1,0,0.08025,0.48675,0,0,0,0,0,0,0,0,0,0,1
34,0,3,0,3.7035,2,1,0,0,0,0,0,0.0,0,0,0,0,0.5,0,0,0,0.0,0,1,1,0,0,8185.0,0,0,1,1,0,132.0,0,0.2241,0,0,0,0,0,0.001,0.0005,0,0,0,0,0,1,0,0,0,0,0
39,1,2,4,3.9239,1,1,0,0,5,0,0,0.0833,1,0,1,0,0.28,1,0,0,0.0,0,1,4,0,0,-1.0,0,0,0,1,0,31.0,0,0.1958,1,1,0,0,0,0.0545,0.48675,0,1,0,0,0,0,0,0,0,0,0
39,0,1,0,3.5069,0,1,0,0,16,0,0,0.0,0,0,0,0,0.15,1,0,0,0.0,0,1,4,0,0,498.0,0,0,1,1,0,171.0,0,0.1151,0,0,0,0,0,0.35225,0.058,0,0,0,1,0,0,0,0,0,0,0
43,1,2,4,4.0039,1,1,0,0,10,0,0,0.0,0,0,0,0,0.28,1,0,0,0.0,0,1,4,0,0,-1.0,0,0,0,1,0,31.0,0,0.1641,1,1,0,0,0,0.0545,0.48675,0,1,0,0,0,0,0,0,0,0,0
22,0,2,0,2.8731,1,1,0,0,0,0,0,0.0833,1,0,1,0,0.15,1,0,0,0.0,0,1,3,0,0,8298.0,0,0,1,1,0,59.0,0,0.1358,0,0,0,0,0,0.35225,0.00975,1,0,0,0,0,0,0,0,0,0,0
50,0,3,0,3.1307,2,1,0,0,25,0,0,0.0,0,0,0,0,0.5,0,0,0,0.0,0,1,1,0,0,56.0,0,0,1,1,0,38.0,0,0.2126,0,0,0,0,0,0.004,0.0035,0,1,0,0,0,0,0,0,0,0,0
16,0,1,0,2.75,0,1,0,0,0,0,0,0.0,0,0,0,0,0.28,1,0,0,0.0,0,1,4,0,1,4944.0,0,0,1,1,0,204.0,0,0.139,0,0,0,0,0,0.0545,0.00325,0,0,0,1,0,0,0,0,0,0,0
52,0,3,0,3.1307,2,1,0,0,27,0,0,0.0,0,0,0,0,0.5,0,0,0,0.0,0,1,1,0,0,-1.0,0,0,1,1,0,67.0,0,0.2126,0,1,0,0,0,0.00225,0.002,0,1,0,0,0,0,0,0,0,0,0
22,0,2,7,3.3788,1,0,0,0,0,0,0,0.0,0,0,0,0,0.5,0,0,0,0.0,0,0,0,0,0,7.0,1,1,1,0,0,-1.0,-1,0.2176,0,0,1,1,1,0.00375,0.006,0,0,0,0,0,0,0,0,0,0,1
34,0,1,0,2.9477,0,1,0,0,17,0,0,0.0,0,0,0,0,0.15,1,0,0,0.0,0,0,0,0,0,17.0,1,0,1,0,0,-1.0,-1,0.104,0,0,1,1,1,0.35225,0.0025,0,0,0,0,0,0,0,0,0,0,1
38,2,2,0,3.9094,1,1,0,0,0,0,0,0.0,0,0,0,0,0.5,0,0,0,0.0,0,1,2,0,0,-1.0,0,0,0,1,0,109.0,0,0.2282,1,1,0,0,0,0.0995,0.48675,0,0,1,0,0,0,0,0,0,0,0
24,0,1,3,3.75,0,1,0,0,0,0,0,0.0,0,0,0,0,0.15,1,0,0,0.0,0,1,2,0,0,156.0,0,0,1,1,0,62.0,0,0.12,0,0,0,0,0,0.35225,0.00025,0,1,0,0,0,0,0,0,0,0,0
19,0,1,1,2.3219,0,1,0,0,6,0,0,0.0,0,0,0,0,0.5,0,0,0,0.0,0,1,1,0,0,-1.0,0,0,1,1,0,61.0,0,0.1964,0,1,0,0,0,0.00075,0.0005,0,1,0,0,0,0,0,0,0,0,0
52,0,3,0,3.1307,2,1,0,0,27,0,0,0.0,0,0,0,0,0.5,0,0,0,0.0,0,1,1,0,0,149.0,0,0,1,1,0,33.0,0,0.2126,0,0,0,0,0,0.00325,0.00275,0,1,0,0,0,0,0,0,0,0,0
26,0,2,2,3.5724,1,0,0,0,0,0,0,0.0,0,0,0,0,0.5,0,0,0,0.0,0,1,2,0,0,-1.0,0,0,0,1,0,70.0,0,0.2214,1,1,0,0,0,0.0995,0.48675,1,0,0,0,0,0,0,0,0,0,0
63,1,2,2,4.0767,1,1,0,0,20,0,0,0.0,0,0,0,0,0.28,1,0,0,0.0,0,1,4,0,0,-1.0,0,0,0,1,0,31.0,0,0.1655,1,1,0,0,0,0.0545,0.48675,0,1,0,0,0,0,0,0,0,0,0
23,0,1,0,3.5216,0,1,0,0,0,0,0,0.0,0,0,0,0,0.15,1,0,0,0.0,0,1,2,0,1,1974.0,0,0,1,1,0,45.0,0,0.1154,0,0,0,0,0,0.35225,0.058,1,0,0,0,0,0,0,0,0,0,0
33,0,1,0,2.914,0,1,0,0,7,1,2,0.0,0,0,0,0,0.5,0,0,0,0.0,0,1,2,0,1,-1.0,0,0,0,1,0,193.0,0,0.2083,1,1,0,0,0,0.002,0.48675,0,0,0,0,0,0,1,0,0,0,0
48,0,2,4,4.0537,1,1,0,0,14,0,1,0.0,0,0,0,0,0.28,1,0,0,0.0,0,1,4,0,0,-1.0,0,0,0,1,0,31.0,0,0.1651,1,1,0,0,0,0.0545,0.48675,0,1,0,0,0,0,0,0,0,0,0
37,2,2,0,3.7285,1,0,0,0,0,0,0,0.3167,2,0,2,1,0.35,1,0,0,0.0,0,0,0,0,0,-1.0,0,0,0,0,0,-1.0,-1,0.3063,1,1,1,1,1,0.08025,0.48675,0,0,0,0,0,0,0,0,0,0,1
53,4,2,8,4.5694,1,0,0,0,0,0,0,0.0,0,0,0,0,0.5,0,0,0,0.0,0,1,2,0,0,-1.0,0,0,0,1,0,51.0,0,0.2414,1,1,0,0,0,0.0995,0.48675,1,0,0,0,0,0,0,0,0,0,0
37,0,1,0,2.914,0,1,0,0,18,0,0,0.0,0,0,0,0,0.5,0,0,0,0.0,0,1,2,0,0,1709.0,0,0,1,1,0,49.0,0,0.2083,0,0,0,0,0,0.0085,0.058,1,0,0,0,0,0,0,0,0,0,0
27,0,2,0,3.3502,1,1,0,0,0,0,0,0.0,0,0,0,0,0.15,1,0,0,0.0,0,1,1,0,0,9405.0,0,0,1,1,0,195.0,0,0.112,0,0,0,0,0,0.35225,0.036,0,0,0,1,0,0,0,0,0,0,0
37,0,1,0,3.0851,0,1,0,0,16,0,0,0.0,0,0,0,0,0.5,0,0,0,0.0,0,1,1,0,1,-1.0,0,0,0,1,0,204.0,0,0.2117,1,1,0,0,0,0.01075,0.48675,0,0,0,0,0,0,0,0,0,0,0
50,1,1,0,3.1396,0,1,0,0,6,1,2,0.0,0,0,0,0,0.15,1,0,0,0.0,0,1,1,0,0,-1.0,0,0,0,1,0,85.0,0,0.1078,1,1,0,0,0,0.35225,0.48675,0,1,0,0,0,0,0,0,0,0,0
28,0,2,0,3.8842,1,1,0,0,0,0,0,0.0833,1,0,1,0,0.01,1,0,0,0.0,0,1,1,0,0,5601.0,0,0,1,0,0,-1.0,0,0.114,0,0,1,1,0,0.00025,0.00025,0,0,0,0,0,0,0,0,0,0,1
47,4,2,6,4.3555,1,0,0,0,0,0,0,0.0,0,0,0,0,0.5,0,0,0,0.0,0,1,2,0,0,-1.0,0,0,0,1,0,81.0,0,0.2371,1,1,0,0,0,0.0995,0.48675,1,0,0,0,0,0,0,0,0,0,0
20,0,2,0,3.0221,1,1,0,0,0,0,0,0.0833,1,0,1,0,0.15,1,0,0,0.0,0,1,4,0,0,10249.0,0,0,1,1,0,88.0,0,0.1388,0,0,0,0,0,0.35225,0.058,0,0,0,1,0,0,0,0,0,0,0
25,0,2,0,3.4528,1,1,0,0,0,0,0,0.0,0,0,0,0,0.15,1,0,0,0.0,0,1,2,0,0,6655.0,0,0,1,1,0,208.0,0,0.1141,0,0,0,0,0,0.35225,0.0005,0,0,0,0,0,1,0,0,0,0,0
22,0,3,0,2.9689,2,1,0,0,0,0,0,0.0833,1,0,1,0,0.5,0,0,0,0.0,0,1,2,0,0,-1.0,0,0,0,1,0,66.0,0,0.2427,1,1,0,0,0,0.00025,0.48675,1,0,0,0,0,0,0,0,0,0,0
57,0,2,4,4.182,1,1,0,0,21,0,0,0.0,0,0,0,0,0.94,1,0,0,0.0,0,0,0,0,0,7.0,1,0,1,0,0,-1.0,-1,0.3656,0,0,1,1,1,0.01625,0.01125,0,0,0,0,0,0,0,0,0,0,1
25,0,2,0,2.9528,1,1,0,0,0,0,0,0.0,0,0,0,0,0.2,1,0,0,0.0,0,1,4,0,0,4130.0,0,0,1,1,0,119.0,0,0.1191,0,0,0,0,0,0.0055,0.00175,0,0,0,1,0,0,0,0,0,0,0
66,2,4,5,4.2946,3,1,0,0,13,0,0,0.0,0,0,0,0,0.15,1,0,0,0.0,0,1,4,0,0,3671.0,0,1,1,1,0,41.0,0,0.1309,0,0,0,0,0,0.35225,0.01575,0,1,0,0,0,0,0,0,0,0,0
27,0,1,0,3.027,0,1,0,0,6,0,0,0.0,0,0,0,0,0.1,1,0,0,0.0,0,1,1,0,1,11385.0,0,0,1,1,0,60.0,0,0.0905,0,0,0,0,0,0.02775,0.013,0,1,0,0,0,0,0,0,0,0,0
28,0,2,3,3.8219,1,0,0,0,0,0,0,0.0,0,0,0,0,0.15,1,0,0,0.0,0,1,1,0,0,8879.0,0,0,1,0,0,-1.0,-1,0.1214,0,0,1,1,1,0.35225,0.058,0,0,0,0,0,0,0,0,0,0,1
66,0,1,0,3.0958,0,1,0,0,47,0,0,0.0,0,0,0,0,0.15,1,0,0,0.0,0,1,4,0,1,-1.0,0,0,0,1,0,102.0,0,0.1069,1,1,0,0,0,0.35225,0.48675,0,0,0,1,0,0,0,0,0,0,0
52,0,3,0,3.2484,2,1,0,0,27,0,0,0.0,0,0,0,0,0.5,0,0,0,0.0,0,1,1,0,0,-1.0,0,0,0,0,0,-1.0,0,0.215,1,1,1,1,0,0.002,0.48675,0,0,0,0,0,0,0,0,0,0,1
32,0,2,0,3.5221,1,0,0,0,0,0,0,0.0,0,0,0,0,0.28,1,0,0,0.0,0,1,2,0,0,4834.0,0,0,1,1,0,81.0,0,0.1544,0,0,0,0,0,0.0545,0.036,1,0,0,0,0,0,0,0,0,0,0
44,1,2,0,3.9194,1,0,0,0,0,0,0,0.0833,1,0,1,0,0.35,1,0,0,0.0,0,1,2,0,0,-1.0,0,0,0,1,0,55.0,0,0.2167,1,1,0,0,0,0.08025,0.48675,1,0,0,0,0,0,0,0,0,0,0
30,0,2,0,2.8454,1,1,0,0,11,0,0,0.0,0,0,0,0,0.5,0,0,0,0.0,0,1,1,0,1,8844.0,0,0,1,1,0,168.0,0,0.2069,0,0,0,0,0,0.01325,0.0015,0,0,0,0,0,0,0,0,0,1,0
22,0,2,0,2.9312,1,1,0,0,0,0,0,0.0,0,0,0,0,0.15,1,0,0,0.0,0,1,2,0,0,-1.0,0,0,0,1,0,66.0,0,0.1036,1,1,0,0,0,0.35225,0.48675,0,1,0,0,0,0,0,0,0,0,0
54,0,3,0,3.1307,2,1,0,0,29,0,0,0.0,0,0,0,0,0.5,0,0,0,0.0,0,1,1,0,0,56.0,0,0,1,1,0,38.0,0,0.2126,0,0,0,0,0,0.004,0.0035,0,1,0,0,0,0,0,0,0,0,0
49,1,1,0,3.6901,0,1,0,0,24,0,0,0.0,0,0,0,0,0.15,1,0,0,0.0,0,0,0,0,0,-1.0,0,0,0,0,0,-1.0,-1,0.1188,1,1,1,1,1,0.35225,0.48675,0,0,0,0,0,0,0,0,0,0,1
47,4,2,2,4.3749,1,0,0,0,0,0,0,0.0,0,0,0,0,0.5,0,0,0,0.0,0,1,2,0,0,-1.0,0,0,0,1,0,77.0,0,0.2375,1,1,0,0,0,0.0995,0.48675,1,0,0,0,0,0,0,0,0,0,0
33,1,1,0,3.2776,0,1,0,0,14,0,0,0.1667,2,0,2,0,0.15,1,0,0,0.0,0,1,1,0,1,3662.0,0,0,1,0,0,-1.0,-1,0.1772,0,0,1,1,1,0.35225,0.019,0,0,0,0,0,0,0,0,0,0,1
39,2,2,6,3.7647,1,1,0,0,0,0,0,0.0833,1,0,1,0,0.35,1,0,0,0.0,0,1,2,0,0,-1.0,0,0,0,1,0,31.0,0,0.2136,1,1,0,0,0,0.08025,0.48675,0,1,0,0,0,0,0,0,0,0,0
23,0,2,0,2.8963,1,1,0,0,0,0,0,0.0,0,0,0,0,0.1,1,0,0,0.0,0,1,2,0,0,-1.0,0,0,0,1,0,46.0,0,0.0879,1,1,0,0,0,0.02775,0.48675,1,0,0,0,0,0,0,0,0,0,0
19,0,2,1,2.8454,1,1,0,0,0,0,0,0.0,0,0,0,0,0.5,0,0,0,0.0,0,1,1,0,0,-1.0,0,0,0,1,0,189.0,0,0.2069,1,1,0,0,0,0.01075,0.48675,0,0,0,0,0,0,0,0,0,0,0
43,3,2,0,3.9176,1,1,0,0,0,0,0,0.0833,1,0,1,0,0.35,1,0,0,0.0,0,1,2,0,0,-1.0,0,0,0,1,0,55.0,0,0.2167,1,1,0,0,0,0.08025,0.48675,1,0,0,0,0,0,0,0,0,0,0
38,1,2,0,3.4219,1,1,0,0,10,0,0,0.0,0,0,0,0,0.28,1,0,0,0.0,0,1,4,0,0,-1.0,0,0,0,1,0,31.0,0,0.1524,1,1,0,0,0,0.0545,0.48675,0,1,0,0,0,0,0,0,0,0,0
40,2,1,2,3.5,0,1,0,0,16,0,0,0.0,0,0,0,0,0.15,1,0,0,0.0,0,0,0,0,0,-1.0,0,0,0,0,0,-1.0,-1,0.115,1,1,1,1,1,0.35225,0.48675,0,0,0,0,0,0,0,0,0,0,1
52,0,3,0,3.0131,2,1,0,0,27,0,0,0.0,0,0,0,0,0.93,1,0,0,0.0,0,1,1,0,0,-1.0,0,0,0,0,0,-1.0,0,0.3393,1,1,1,1,0,0.00375,0.48675,0,0,0,0,0,0,0,0,0,0,1
39,0,1,0,3.3736,0,1,0,0,16,0,0,0.0,0,0,0,0,0.15,1,0,0,0.0,0,1,4,0,1,-1.0,0,0,0,1,0,204.0,0,0.1125,1,1,0,0,0,0.35225,0.48675,0,0,0,1,0,0,0,0,0,0,0
25,0,1,0,2.4131,0,1,0,0,6,0,0,0.0,0,0,0,0,0.15,1,0,0,0.0,0,1,1,0,0,3294.0,0,0,1,1,0,87.0,0,0.0933,0,0,0,0,0,0.35225,0.003,1,0,0,0,0,0,0,0,0,0,0
26,0,2,1,3.4613,1,1,0,0,0,0,0,0.0,0,0,0,0,0.5,0,0,0,0.0,0,1,1,0,0,83.0,0,1,1,0,0,-1.0,0,0.2192,0,0,1,1,0,0.0085,0.01225,0,0,0,0,0,0,0,0,0,0,1
174,0,3,0,3.1307,2,1,0,0,41,3,8,0.0,0,0,0,0,0.5,0,0,0,0.0,0,1,1,0,0,-1.0,0,0,0,0,0,-1.0,0,0.2126,1,1,1,1,0,0.012,0.48675,0,0,0,0,0,0,0,0,0,0,1
29,0,1,0,3.5069,0,1,0,0,6,0,0,0.0,0,0,0,0,0.15,1,0,0,0.0,0,0,0,0,0,-1.0,0,0,0,0,0,-1.0,-1,0.1151,1,1,1,1,1,0.35225,0.48675,0,0,0,0,0,0,0,0,0,0,1
21,0,2,0,2.6887,1,1,0,0,0,0,0,0.0,0,0,0,0,0.15,1,0,0,0.0,0,1,2,0,0,-1.0,0,0,0,1,0,81.0,0,0.0988,1,1,0,0,0,0.35225,0.48675,1,0,0,0,0,0,0,0,0,0,0
47,0,2,0,3.6368,1,1,0,0,14,0,0,0.0,0,0,0,0,0.28,1,0,0,0.0,0,1,4,0,0,-1.0,0,0,0,1,0,31.0,0,0.1567,1,1,0,0,0,0.0545,0.48675,0,1,0,0,0,0,0,0,0,0,0
45,4,2,7,4.4323,1,0,0,0,0,0,0,0.0,0,0,0,0,0.5,0,0,0,0.0,0,1,2,0,0,-1.0,0,0,0,1,0,76.0,0,0.2386,1,1,0,0,0,0.0995,0.48675,1,0,0,0,0,0,0,0,0,0,0
42,0,1,0,3.5842,0,1,0,0,14,0,0,0.0,0,0,0,0,0.15,1,0,0,0.0,0,1,2,0,0,-1.0,0,0,0,0,0,-1.0,-1,0.1167,1,1,1,1,1,0.35225,0.48675,0,0,0,0,0,0,0,0,0,0,1
58,1,3,3,4.4162,2,1,0,0,0,0,0,0.0,0,0,0,0,0.22,1,0,0,0.0,0,1,1,0,0,-1.0,0,0,0,1,0,102.0,0,0.1543,1,1,0,0,0,0.0405,0.48675,0,0,0,0,0,0,0,0,0,1,0
27,0,1,0,2.75,0,1,0,0,11,0,0,0.0,0,0,0,0,0.1,1,0,0,0.0,0,1,2,0,0,14367.0,0,0,1,1,0,75.0,0,0.085,0,0,0,0,0,0.02775,0.0055,0,0,0,1,0,0,0,0,0,0,0
42,2,3,0,3.9226,2,1,0,0,0,0,0,0.1667,2,0,2,0,0.35,1,0,0,0.0,0,1,2,0,0,-1.0,0,0,0,0,0,-1.0,0,0.2501,1,1,1,1,0,0.08025,0.48675,0,0,0,0,0,0,0,0,0,0,1
23,0,2,0,3.0566,1,1,0,0,0,0,0,0.0,0,0,0,0,0.5,0,0,0,0.0,0,1,1,0,0,-1.0,0,0,0,1,0,125.0,0,0.2111,1,1,0,0,0,0.01075,0.48675,0,0,0,0,0,0,0,0,0,0,0
48,4,2,2,4.3342,1,0,0,0,0,0,0,0.3333,2,1,1,0,0.5,0,0,0,0.0,0,1,2,0,0,-1.0,0,0,0,1,0,76.0,0,0.37,1,1,0,0,0,0.0995,0.48675,1,0,0,0,0,0,0,0,0,0,0
18,0,2,0,2.6464,1,1,0,0,0,0,0,0.0,0,0,0,0,0.5,0,0,0,0.0,0,1,1,0,1,10323.0,0,0,1,1,0,157.0,0,0.2029,0,0,0,0,0,0.00325,0.0005,0,0,0,0,1,0,0,0,0,0,0
27,1,2,0,3.5766,1,1,0,0,0,0,0,0.0,0,0,0,0,0.15,1,0,0,0.0,0,1,1,0,0,-1.0,0,0,0,1,0,52.0,0,0.1165,1,1,0,0,0,0.35225,0.48675,0,0,0,0,0,0,0,0,0,0,0
57,0,2,4,4.182,1,1,0,0,21,0,0,0.0,0,0,0,0,0.94,1,0,0,0.0,0,0,0,0,0,7.0,1,0,1,0,0,-1.0,-1,0.3656,0,0,1,1,1,0.01625,0.01125,0,0,0,0,0,0,0,0,0,0,1
33,0,2,0,3.085,1,1,0,0,13,0,0,0.0,0,0,0,0,0.5,0,0,0,0.0,0,0,0,0,0,7421.0,0,1,1,0,0,-1.0,-1,0.2117,0,0,1,1,1,0.0085,0.01225,0,0,0,0,0,0,0,0,0,0,1
35,0,1,0,3.4528,0,1,0,0,10,0,0,0.0,0,0,0,0,0.15,1,0,0,0.0,0,0,0,0,1,-1.0,0,0,0,0,0,-1.0,-1,0.1141,1,1,1,1,1,0.35225,0.48675,0,0,0,0,0,0,0,0,0,0,1
313,0,2,0,3.9022,1,1,0,0,13,2,5,0.0,0,0,0,0,0.15,1,0,0,0.0,0,1,2,0,1,11337.0,0,0,1,1,0,136.0,0,0.123,0,0,0,0,0,0.35225,0.004,0,0,0,0,0,0,0,0,1,0,0
22,0,1,0,2.1556,0,1,0,0,6,0,0,0.0,0,0,0,0,0.5,0,0,0,0.0,0,0,0,0,0,2222.0,0,0,1,0,0,-1.0,-1,0.1931,0,0,1,1,1,0.01325,0.00225,0,0,0,0,0,0,0,0,0,0,1
42,5,2,0,3.8307,1,0,0,0,0,0,0,0.0833,1,0,1,0,0.5,0,0,0,0.0,0,1,2,0,0,-1.0,0,0,0,1,0,47.0,0,0.2599,1,1,0,0,0,0.0995,0.48675,1,0,0,0,0,0,0,0,0,0,0
70,3,3,10,4.243,2,1,0,0,13,1,1,0.1667,1,0,1,0,0.7,1,0,0,0.0,0,0,0,0,0,696.0,0,1,1,0,0,-1.0,-1,0.3615,0,0,1,1,1,0.0095,0.01175,0,0,0,0,0,0,0,0,0,0,1
31,2,2,0,3.7888,1,1,0,0,0,0,0,0.25,2,0,3,0,0.35,1,0,0,0.0,0,1,2,0,0,-1.0,0,0,0,1,0,55.0,0,0.2808,1,1,0,0,0,0.08025,0.48675,1,0,0,0,0,0,0,0,0,0,0
36,1,3,0,3.8249,2,0,0,0,0,0,0,0.0,0,0,0,0,0.5,0,0,0,0.0,0,1,2,0,0,-1.0,0,0,0,1,0,84.0,0,0.2265,1,1,0,0,0,0.00975,0.48675,1,0,0,0,0,0,0,0,0,0,0
35,0,1,0,3.3502,0,1,0,0,9,0,0,0.0,0,0,0,0,0.15,1,0,0,0.0,0,1,2,0,1,6789.0,0,0,1,1,0,86.0,0,0.112,0,0,0,0,0,0.35225,0.00025,1,0,0,0,0,0,0,0,0,0,0
31,1,2,0,3.8209,1,1,0,0,2,0,0,0.0833,1,0,1,0,0.5,0,0,0,0.0,0,1,2,0,0,-1.0,0,0,0,1,0,85.0,0,0.2597,1,1,0,0,0,0.00175,0.48675,1,0,0,0,0,0,0,0,0,0,0
28,0,1,0,3.1219,0,1,0,0,10,0,0,0.0,0,0,0,0,0.22,1,0,0,0.0,0,1,1,0,1,9216.0,0,0,1,0,0,-1.0,-1,0.1284,0,0,1,1,1,0.0405,0.004,0,0,0,0,0,0,0,0,0,0,1
20,0,2,0,2.8454,1,1,0,0,0,0,0,0.0833,1,0,1,0,0.5,0,0,0,0.0,0,1,2,0,0,-1.0,0,0,0,1,0,100.0,0,0.2402,1,1,0,0,0,0.01075,0.48675,0,0,0,0,0,0,0,0,0,0,0
36,0,1,0,3.4183,0,1,0,0,16,0,0,0.0,0,0,0,0,0.15,1,0,0,0.0,0,1,4,0,1,3760.0,0,0,1,1,0,189.0,0,0.1134,0,0,0,0,0,0.35225,0.058,0,0,0,0,1,0,0,0,0,0,0
23,0,2,0,3.182,1,1,0,0,0,0,0,0.0,0,0,0,0,0.5,0,0,0,0.0,0,1,1,0,0,-1.0,0,0,0,1,0,14.0,0,0.2136,1,1,0,0,0,0.02275,0.48675,0,1,0,0,0,0,0,0,0,0,0
57,0,2,0,2.8963,1,1,0,0,22,1,5,0.0833,1,0,1,0,0.15,1,0,0,0.0,0,1,1,0,0,11597.0,0,0,1,1,0,162.0,0,0.1362,0,0,0,0,0,0.35225,0.036,0,0,0,1,0,0,0,0,0,0,0
38,0,1,0,3.875,0,1,0,0,14,0,0,0.0,0,0,0,0,0.15,1,0,0,0.0,0,1,1,0,1,10323.0,0,0,1,1,0,77.0,0,0.1225,0,0,0,0,0,0.35225,0.013,0,1,0,0,0,0,0,0,0,0,0
40,1,2,8,4.2264,1,0,0,0,0,0,0,0.0833,1,0,1,0,0.35,1,0,0,0.0,0,1,2,0,0,-1.0,0,0,0,1,0,55.0,0,0.2228,1,1,0,0,0,0.08025,0.48675,1,0,0,0,0,0,0,0,0,0,0
41,0,1,0,3.8522,0,1,0,0,7,1,2,0.0,0,0,0,0,0.15,1,0,0,0.0,0,1,1,0,1,10967.0,0,0,1,1,0,57.0,0,0.122,0,0,0,0,0,0.35225,0.004,0,1,0,0,0,0,0,0,0,0,0
30,0,2,0,3.7544,1,1,0,0,0,0,0,0.0,0,0,0,0,0.5,0,0,0,0.0,0,1,2,0,0,7179.0,0,0,1,1,0,88.0,0,0.2251,0,0,0,0,0,0.00525,0.00175,0,0,0,0,0,1,0,0,0,0,0
26,0,2,0,3.5725,1,1,0,0,0,0,0,0.0,0,0,0,0,0.15,1,0,0,0.0,0,1,1,0,0,4341.0,0,0,1,1,0,87.0,0,0.1164,0,0,0,0,0,0.35225,0.00975,1,0,0,0,0,0,0,0,0,0,0
42,0,1,0,3.3842,0,1,0,0,13,0,0,0.0,0,0,0,0,0.5,0,0,0,0.0,0,1,1,0,0,-1.0,0,0,0,0,0,-1.0,-1,0.2177,1,1,1,1,1,0.01075,0.48675,0,0,0,0,0,0,0,0,0,0,1
28,0,2,4,3.2211,1,1,0,0,0,0,0,0.0,0,0,0,0,0.5,0,0,0,0.0,0,1,2,0,0,-1.0,0,0,0,1,0,87.0,0,0.2144,1,1,0,0,0,0.0995,0.48675,1,0,0,0,0,0,0,0,0,0,0
31,0,1,0,2.9477,0,1,0,0,7,1,2,0.0,0,0,0,0,0.15,1,0,0,0.0,0,1,1,0,0,4517.0,0,0,1,0,0,-1.0,-1,0.104,0,0,1,1,1,0.35225,0.00975,0,0,0,0,0,0,0,0,0,0,1
24,0,2,0,3.3232,1,1,0,0,0,0,0,0.0,0,0,0,0,0.15,1,0,0,0.0,0,1,1,0,0,11473.0,0,0,1,1,0,63.0,0,0.1115,0,0,0,0,0,0.35225,0.036,0,0,0,0,0,0,0,0,0,0,0
31,0,1,0,3.2389,0,1,0,0,10,0,0,0.0,0,0,0,0,0.15,1,0,0,0.0,0,0,0,0,1,3376.0,0,1,1,0,0,-1.0,-1,0.1098,0,0,1,1,1,0.35225,0.00625,0,0,0,0,0,0,0,0,0,0,1
36,0,2,3,4.0391,1,0,0,0,0,0,0,0.0,0,0,0,0,0.15,1,0,0,0.0,0,1,2,0,0,7431.0,0,0,1,1,0,37.0,0,0.1258,0,0,0,0,0,0.35225,0.0155,0,1,0,0,0,0,0,0,0,0,0
53,0,2,0,3.027,1,0,0,0,33,0,0,0.0,0,0,0,0,0.5,0,0,0,0.0,0,1,1,0,0,149.0,0,0,1,1,0,33.0,0,0.2105,0,0,0,0,0,0.00325,0.00275,0,1,0,0,0,0,0,0,0,0,0
27,0,1,0,3.5466,0,1,0,0,6,0,0,0.0,0,0,0,0,0.15,1,0,0,0.0,0,1,1,0,1,7779.0,0,0,1,0,0,-1.0,-1,0.1159,0,0,1,1,1,0.35225,0.00975,0,0,0,0,0,0,0,0,0,0,1
35,0,1,0,2.6635,0,1,0,0,16,0,0,0.0,0,0,0,0,0.15,1,0,0,0.0,0,1,1,0,0,10912.0,0,0,1,0,0,-1.0,0,0.0983,0,0,1,1,0,0.35225,0.00975,0,0,0,0,0,0,0,0,0,0,1
46,3,2,4,4.3764,1,0,0,0,0,0,0,0.0833,1,0,1,0,0.5,0,0,0,0.0,0,1,2,0,0,-1.0,0,0,0,1,0,81.0,0,0.2708,1,1,0,0,0,0.0995,0.48675,1,0,0,0,0,0,0,0,0,0,0
33,2,1,0,3.4842,0,0,0,0,5,0,0,0.0833,1,0,1,0,0.15,1,0,0,0.0,0,0,0,0,0,20.0,1,0,1,0,0,-1.0,-1,0.148,0,0,1,1,1,0.35225,0.00175,0,0,0,0,0,0,0,0,0,0,1
29,1,1,0,3.5219,0,1,0,0,0,0,0,0.0,0,0,0,0,0.15,1,0,0,0.0,0,1,3,0,0,6736.0,0,0,1,1,0,183.0,0,0.1154,0,0,0,0,0,0.35225,0.019,0,0,0,1,0,0,0,0,0,0,0
70,3,4,9,4.0004,3,1,0,0,13,1,1,0.25,2,0,2,0,0.7,1,0,0,0.0,0,1,1,0,0,696.0,0,1,1,0,0,-1.0,-1,0.39,0,0,1,1,1,0.0095,0.01175,0,0,0,0,0,0,0,0,0,0,1
27,0,2,0,3.5766,1,0,0,0,0,0,0,0.0833,1,0,1,0,0.35,1,0,0,0.0,0,1,2,0,0,-1.0,0,0,0,1,0,229.0,0,0.2099,1,1,0,0,0,0.08025,0.48675,0,0,0,0,0,0,0,0,0,0,0
42,1,2,0,3.281,1,1,0,0,8,1,2,0.0,0,0,0,0,0.5,0,0,0,0.0,0,1,1,0,0,-1.0,0,0,0,1,0,67.0,0,0.2156,1,1,0,0,0,0.01075,0.48675,0,0,0,0,0,0,1,0,0,0,0
26,0,2,0,3.4548,1,1,0,0,0,0,0,0.0833,1,0,1,0,0.03,1,0,0,0.0,0,1,4,0,0,8726.0,0,1,1,1,0,149.0,0,0.1114,0,0,0,0,0,0.00325,0.0025,0,0,0,1,0,0,0,0,0,0,0
46,3,2,2,3.8441,1,1,0,0,12,0,0,0.0833,1,0,1,0,0.35,1,0,0,0.0,0,1,2,0,0,-1.0,0,0,0,1,0,55.0,0,0.2152,1,1,0,0,0,0.08025,0.48675,1,0,0,0,0,0,0,0,0,0,0
41,0,1,0,3.0566,0,1,0,0,18,0,0,0.0,0,0,0,0,0.15,1,0,0,0.0,0,1,1,0,1,7820.0,0,0,1,1,0,49.0,0,0.1061,0,0,0,0,0,0.35225,0.001,0,1,0,0,0,0,0,0,0,0,0
39,0,2,2,3.6169,1,1,0,0,13,0,0,0.0,0,0,0,0,0.28,1,0,0,0.0,0,1,4,0,0,-1.0,0,0,0,1,0,31.0,0,0.1563,1,1,0,0,0,0.0545,0.48675,0,1,0,0,0,0,0,0,0,0,0
38,1,1,0,3.9702,0,1,0,0,5,0,0,0.0833,1,0,1,0,0.55,1,0,0,0.0,0,0,0,0,0,-1.0,0,0,0,0,0,-1.0,-1,0.2777,1,1,1,1,1,0.00575,0.48675,0,0,0,0,0,0,0,0,0,0,1
47,3,2,4,4.4187,1,1,0,0,0,0,0,0.0,0,0,0,0,0.5,0,0,0,0.0,0,1,2,0,0,-1.0,0,0,0,1,0,78.0,0,0.2384,1,1,0,0,0,0.0995,0.48675,1,0,0,0,0,0,0,0,0,0,0
78,4,4,12,4.3306,3,0,0,0,0,0,0,0.1667,1,0,1,0,0.7,1,0,0,0.0,0,0,0,0,0,696.0,0,1,1,0,0,-1.0,-1,0.3633,0,0,1,1,1,0.0095,0.01175,0,0,0,0,0,0,0,0,0,0,1
35,0,2,0,2.7219,1,1,0,0,17,0,0,0.0,0,0,0,0,0.5,0,0,0,0.0,0,1,1,0,0,-1.0,0,0,0,1,0,32.0,0,0.2044,1,1,0,0,0,0.0015,0.48675,0,1,0,0,0,0,0,0,0,0,0
29,0,2,0,3.8219,1,1,0,0,0,0,0,0.0,0,0,0,0,0.15,1,0,0,0.0,0,1,2,0,0,7431.0,0,0,1,1,0,37.0,0,0.1214,0,0,0,0,0,0.35225,0.036,0,1,0,0,0,0,0,0,0,0,0
38,2,2,6,3.6151,1,0,0,0,0,0,0,0.0833,1,0,1,0,0.35,1,0,0,0.0,0,1,2,0,0,-1.0,0,0,0,1,0,31.0,0,0.2106,1,1,0,0,0,0.08025,0.48675,0,1,0,0,0,0,0,0,0,0,0
24,0,2,0,3.1069,1,1,0,0,0,0,0,0.0,0,0,0,0,0.15,1,0,0,0.0,0,1,1,0,0,11365.0,0,0,1,1,0,67.0,0,0.1071,0,0,0,0,0,0.35225,0.004,0,1,0,0,0,0,0,0,0,0,0
23,0,2,0,3.182,1,1,0,0,0,0,0,0.0,0,0,0,0,0.5,0,0,0,0.0,0,1,2,0,0,3151.0,0,0,1,1,0,59.0,0,0.2136,0,0,0,0,0,0.0035,0.0155,1,0,0,0,0,0,0,0,0,0,0
41,0,2,0,3.5724,1,1,0,0,15,0,0,0.0,0,0,0,0,0.5,0,0,0,0.0,0,1,1,0,0,-1.0,0,0,0,1,0,86.0,0,0.2214,1,1,0,0,0,0.00175,0.48675,0,0,0,0,0,0,0,0,0,1,0
32,0,2,0,3.8366,1,1,0,0,0,1,1,0.0,0,0,0,0,0.15,1,0,0,0.0,0,1,1,0,0,1078.0,0,0,1,0,0,-1.0,-1,0.1217,0,0,1,1,1,0.35225,0.03575,0,0,0,0,0,0,0,0,0,0,1
32,0,3,0,3.7294,2,1,0,0,0,0,0,0.0,0,0,0,0,0.5,0,0,0,0.0,0,1,4,0,0,-1.0,0,0,0,1,0,24.0,0,0.2246,1,1,0,0,0,0.00975,0.48675,0,1,0,0,0,0,0,0,0,0,0
23,0,1,0,2.9477,0,1,0,0,6,0,0,0.0,0,0,0,0,0.02,1,0,0,0.0,0,1,1,0,0,10650.0,0,0,1,1,0,94.0,0,0.065,1,0,0,0,0,0.0075,0.48675,0,0,0,0,0,0,0,0,0,1,0
26,0,2,0,3.3372,1,1,0,0,0,0,0,0.0,0,0,0,0,0.15,1,0,0,0.0,0,1,8,0,0,8755.0,0,0,1,1,0,187.0,0,0.1117,0,0,0,0,0,0.35225,0.00975,0,0,1,0,0,0,0,0,0,0,0
40,0,2,0,3.8331,1,1,0,0,0,0,0,0.0,0,0,0,0,0.15,1,0,0,0.0,0,1,2,0,0,7431.0,0,0,1,1,0,37.0,0,0.1217,0,0,0,0,0,0.35225,0.036,0,1,0,0,0,0,0,0,0,0,0
31,0,1,0,2.2516,0,1,0,0,17,0,0,0.0833,1,0,1,0,0.5,0,0,0,0.0,0,0,0,0,0,-1.0,0,0,0,0,0,-1.0,-1,0.2284,1,1,1,1,1,0.00075,0.48675,0,0,0,0,0,0,0,0,0,0,1
33,0,1,3,3.4594,0,1,0,0,14,0,0,0.0,0,0,0,0,0.15,1,0,0,0.0,0,0,0,0,0,1809.0,0,0,1,0,0,-1.0,-1,0.1142,0,0,1,1,1,0.35225,0.00275,0,0,0,0,0,0,0,0,0,0,1
22,0,2,1,2.9312,1,1,0,0,0,0,0,0.0,0,0,0,0,0.15,1,0,0,0.0,0,1,2,0,0,11236.0,0,0,1,1,0,72.0,0,0.1036,0,0,0,0,0,0.35225,0.004,0,1,0,0,0,0,0,0,0,0,0
36,0,1,0,3.5778,0,1,0,0,12,0,0,0.0,0,0,0,0,0.15,1,0,0,0.0,0,0,0,0,0,2839.0,0,0,1,0,0,-1.0,-1,0.1166,0,0,1,1,1,0.35225,0.0155,0,0,0,0,0,0,0,0,0,0,1
36,0,1,0,2.914,0,1,0,0,17,0,0,0.0,0,0,0,0,0.1,1,0,0,0.0,0,1,1,0,0,1640.0,0,1,1,0,0,-1.0,0,0.0883,0,0,1,1,0,0.02775,0.006,0,0,0,0,0,0,0,0,0,0,1
22,0,2,0,3.182,1,1,0,0,0,0,0,0.0,0,0,0,0,0.5,0,0,0,0.0,0,1,1,0,0,1602.0,0,0,1,1,0,35.0,0,0.2136,0,0,0,0,0,0.02275,0.012,0,1,0,0,0,0,0,0,0,0,0
76,0,6,9,3.8337,5,1,0,0,33,0,0,0.0,0,0,0,0,0.22,1,0,0,0.0,0,1,1,0,0,10352.0,0,0,1,1,0,87.0,0,0.1427,0,0,0,0,0,0.0405,0.001,0,1,0,0,0,0,0,0,0,0,0
34,0,2,0,3.7255,1,1,0,0,7,0,0,0.0,0,0,0,0,0.15,1,0,0,0.0,0,1,4,0,0,3651.0,0,1,1,1,0,168.0,0,0.1195,0,0,0,0,0,0.35225,0.019,0,0,0,1,0,0,0,0,0,0,0
20,0,2,0,2.6635,1,1,0,0,0,0,0,0.0833,1,0,1,0,0.02,1,0,0,0.0,0,1,4,0,0,14354.0,0,0,1,1,0,67.0,0,0.0926,1,0,0,0,0,0.0075,0.48675,0,0,0,1,0,0,0,0,0,0,0
22,0,1,0,3.0931,0,1,0,0,0,0,0,0.0,0,0,0,0,0.15,1,0,0,0.0,0,1,1,0,1,7722.0,0,0,1,1,0,79.0,0,0.1069,0,0,0,0,0,0.35225,0.036,0,1,0,0,0,0,0,0,0,0,0
24,0,1,0,2.8464,0,1,0,0,6,0,0,0.0,0,0,0,0,0.28,1,0,0,0.0,0,0,0,0,0,-1.0,0,0,0,0,0,-1.0,-1,0.1409,1,1,1,1,1,0.0545,0.48675,0,0,0,0,0,0,0,0,0,0,1
31,1,3,0,3.3222,2,1,0,0,0,0,0,0.0,0,0,0,0,0.5,0,0,0,0.0,0,1,1,0,0,4.0,1,0,1,1,0,86.0,0,0.2164,0,0,0,0,0,0.01325,0.002,0,1,0,0,0,0,0,0,0,0,0
22,0,1,0,3.182,0,1,0,0,0,0,0,0.0,0,0,0,0,0.5,0,0,0,0.0,0,1,1,0,1,-1.0,0,0,0,1,0,72.0,0,0.2136,1,1,0,0,0,0.00025,0.48675,1,0,0,0,0,0,0,0,0,0,0
42,2,1,2,3.1899,0,1,0,0,19,0,0,0.0,0,0,0,0,0.5,0,0,0,0.0,0,0,0,0,0,3090.0,0,0,1,0,0,-1.0,-1,0.2138,0,0,1,1,1,0.01325,0.001,0,0,0,0,0,0,0,0,0,0,1
31,0,2,0,2.7255,1,1,0,0,14,0,0,0.0833,1,0,1,0,0.5,0,0,0,0.0,0,0,0,0,0,3299.0,0,0,1,0,0,-1.0,-1,0.2378,1,0,1,1,1,0.00875,0.48675,0,0,0,0,0,0,0,0,0,0,1
20,0,1,0,3.2776,0,1,0,0,0,0,0,0.0,0,0,0,0,0.15,1,0,0,0.0,0,1,3,0,1,11133.0,0,0,1,1,0,82.0,0,0.1106,0,0,0,0,0,0.35225,0.01575,1,0,0,0,0,0,0,0,0,0,0
18,0,1,0,3.1219,0,1,0,0,0,0,0,0.0,0,0,0,0,0.5,0,0,0,0.0,0,1,1,0,1,-1.0,0,0,0,1,0,36.0,0,0.2124,1,1,0,0,0,0.02275,0.48675,0,1,0,0,0,0,0,0,0,0,0
47,4,2,2,4.386,1,1,0,0,0,0,0,0.0,0,0,0,0,0.5,0,0,0,0.0,0,1,2,0,0,-1.0,0,0,0,1,0,78.0,0,0.2377,1,1,0,0,0,0.0995,0.48675,1,0,0,0,0,0,0,0,0,0,0
20,0,1,0,2.8554,0,1,0,0,0,0,0,0.0,0,0,0,0,0.15,1,0,0,0.0,0,1,8,0,0,4009.0,0,0,1,1,0,73.0,0,0.1021,0,0,0,0,0,0.35225,0.03575,0,1,0,0,0,0,0,0,0,0,0
36,0,1,0,3.2516,0,1,0,0,16,0,0,0.0,0,0,0,0,0.15,1,0,0,0.0,0,1,5,0,0,1193.0,0,0,1,1,0,49.0,0,0.11,0,0,0,0,0,0.35225,0.058,0,1,0,0,0,0,0,0,0,0,0
44,1,3,0,3.9497,2,1,0,0,0,0,0,0.0,0,0,0,0,0.15,1,0,0,0.0,0,1,1,0,0,-1.0,0,0,0,0,0,-1.0,0,0.124,1,1,1,1,0,0.35225,0.48675,0,0,0,0,0,0,0,0,0,0,1
29,0,2,0,3.5945,1,0,0,0,0,0,0,0.0,0,0,0,0,0.5,0,0,0,0.0,0,1,1,0,0,-1.0,0,0,0,0,0,-1.0,-1,0.2219,1,1,1,1,1,0.001,0.48675,0,0,0,0,0,0,0,0,0,0,1
22,0,1,0,2.9689,0,1,0,0,0,0,0,0.0,0,0,0,0,0.5,0,0,0,0.0,0,1,5,0,1,1471.0,0,0,1,1,0,166.0,0,0.2094,0,0,0,0,0,0.00025,0.00325,0,0,0,1,0,0,0,0,0,0,0
27,0,2,0,3.2866,1,1,0,0,0,0,0,0.0,0,0,0,0,0.5,0,0,0,0.0,0,1,1,0,0,-1.0,0,0,0,1,0,41.0,0,0.2157,1,1,0,0,0,0.01075,0.48675,0,1,0,0,0,0,0,0,0,0,0
184,0,3,0,3.1307,2,1,0,0,46,3,8,0.0,0,0,0,0,0.5,0,0,0,0.0,0,1,1,0,0,-1.0,0,0,0,0,0,-1.0,0,0.2126,1,1,1,1,0,0.012,0.48675,0,0,0,0,0,0,0,0,0,0,1
33,0,1,0,3.1699,0,1,0,0,16,0,0,0.0,0,0,0,0,0.5,0,0,0,0.0,0,1,1,0,0,-1.0,0,0,0,0,0,-1.0,0,0.2134,1,1,1,1,0,0.02275,0.48675,0,0,0,0,0,0,0,0,0,0,1
36,0,1,0,3.3219,0,1,0,0,18,0,0,0.0,0,0,0,0,0.15,1,0,0,0.0,0,1,1,0,0,3986.0,0,0,1,0,0,-1.0,-1,0.1114,0,0,1,1,1,0.35225,0.058,0,0,0,0,0,0,0,0,0,0,1
29,0,2,0,3.027,1,1,0,0,7,0,0,0.0,0,0,0,0,0.15,1,0,0,0.0,0,1,2,0,0,-1.0,0,0,0,1,0,137.0,0,0.1055,1,1,0,0,0,0.35225,0.48675,0,0,0,0,0,0,0,0,0,0,0
17,0,1,2,2.75,0,1,0,0,0,0,0,0.0,0,0,0,0,0.9,1,0,0,0.0,0,0,0,0,0,-1.0,0,0,0,0,0,-1.0,-1,0.325,1,1,1,1,1,0.00575,0.48675,0,0,0,0,0,0,0,0,0,0,1
31,0,2,0,3.516,1,1,0,0,0,0,0,0.0,0,0,0,0,0.5,0,0,0,0.0,0,1,1,0,1,-1.0,0,0,0,1,0,33.0,0,0.2203,1,1,0,0,0,0.02275,0.48675,0,1,0,0,0,0,0,0,0,0,0
47,3,3,1,3.8553,2,0,0,0,0,0,0,0.0,0,0,0,0,0.5,0,0,0,0.0,0,0,0,0,0,-1.0,0,0,0,0,0,-1.0,-1,0.2271,1,1,1,1,1,0.00975,0.48675,0,0,0,0,0,0,0,0,0,0,1
38,0,1,0,2.914,0,1,0,0,19,0,0,0.25,2,0,2,0,0.5,0,0,0,0.0,0,0,0,0,0,26.0,1,1,1,0,0,-1.0,-1,0.3083,0,0,1,1,1,0.00175,0.006,0,0,0,0,0,0,0,0,0,0,1
29,0,1,0,3.4566,0,1,0,0,6,0,0,0.0,0,0,0,0,0.15,1,0,0,0.0,0,1,1,0,1,1670.0,0,1,1,0,0,-1.0,-1,0.1141,0,0,1,1,1,0.35225,0.058,0,0,0,0,0,0,0,0,0,0,1
33,0,2,0,2.5503,1,1,0,0,14,0,0,0.1667,2,0,2,0,0.5,0,0,0,0.0,0,1,1,0,0,9055.0,0,0,1,0,0,-1.0,-1,0.2677,0,0,1,1,1,0.01325,0.0015,0,0,0,0,0,0,0,0,0,0,1
48,1,3,7,4.0562,2,0,0,0,0,0,0,0.0833,1,0,1,0,0.35,1,0,0,0.0,0,1,2,0,0,-1.0,0,0,0,0,0,-1.0,0,0.2194,1,1,1,1,0,0.08025,0.48675,0,0,0,0,0,0,0,0,0,0,1
53,2,2,6,4.1873,1,1,0,0,0,0,0,0.0833,1,0,1,0,0.35,1,0,0,0.0,0,1,2,0,0,-1.0,0,0,0,1,0,31.0,0,0.2221,1,1,0,0,0,0.08025,0.48675,0,1,0,0,0,0,0,0,0,0,0
35,3,2,4,3.8731,1,1,0,0,0,0,0,0.0833,1,0,1,0,0.35,1,0,0,0.0,0,1,1,0,0,-1.0,0,0,0,1,0,66.0,0,0.2158,1,1,0,0,0,0.08025,0.48675,1,0,0,0,0,0,0,0,0,0,0
34,0,2,3,3.8137,1,1,0,0,0,0,0,0.0,0,0,0,0,0.5,0,0,0,0.0,0,1,1,0,0,-1.0,0,0,0,0,0,-1.0,-1,0.2263,1,1,1,1,1,0.001,0.48675,0,0,0,0,0,0,0,0,0,0,1
22,0,2,0,2.8731,1,1,0,0,0,0,0,0.0,0,0,0,0,0.15,1,0,0,0.0,0,1,4,0,1,9700.0,0,0,1,1,0,209.0,0,0.1025,0,0,0,0,0,0.35225,0.013,0,0,0,1,0,0,0,0,0,0,0
32,0,2,0,3.4548,1,1,0,0,6,0,0,0.0,0,0,0,0,0.5,0,0,0,0.0,0,0,0,0,0,-1.0,0,0,0,0,0,-1.0,-1,0.2191,1,1,1,1,1,0.001,0.48675,0,0,0,0,0,0,0,0,0,0,1
36,0,1,0,3.5724,0,1,0,0,10,0,0,0.0,0,0,0,0,0.15,1,0,0,0.0,0,0,0,0,0,3382.0,0,1,1,0,0,-1.0,-1,0.1164,0,0,1,1,1,0.35225,0.004,0,0,0,0,0,0,0,0,0,0,1
35,0,2,0,3.1899,1,1,0,0,11,0,0,0.0,0,0,0,0,0.5,0,0,0,0.0,0,1,1,0,0,-1.0,0,0,0,1,0,161.0,0,0.2138,1,1,0,0,0,0.0005,0.48675,0,0,0,0,1,0,0,0,0,0,0
29,0,1,0,3.5069,0,1,0,0,6,0,0,0.0,0,0,0,0,0.28,1,0,0,0.0,0,0,0,0,0,800.0,0,0,1,0,0,-1.0,-1,0.1541,0,0,1,1,1,0.0545,0.036,0,0,0,0,0,0,0,0,0,0,1
56,0,2,3,3.6899,1,0,0,0,22,0,0,0.0,0,0,0,0,0.28,1,0,0,0.0,0,1,4,0,0,-1.0,0,0,0,1,0,31.0,0,0.1578,1,1,0,0,0,0.0545,0.48675,0,1,0,0,0,0,0,0,0,0,0
50,3,2,8,4.7193,1,0,0,0,0,0,0,0.0,0,0,0,0,0.5,0,0,0,0.0,0,1,2,0,0,-1.0,0,0,0,1,0,77.0,0,0.2444,1,1,0,0,0,0.0995,0.48675,1,0,0,0,0,0,0,0,0,0,0
21,0,2,0,2.4464,1,1,0,0,3,0,0,0.3333,3,0,3,0,0.5,0,0,0,0.0,0,1,4,0,0,-1.0,0,0,0,0,0,-1.0,-1,0.3322,1,1,1,1,1,0.00175,0.48675,0,0,0,0,0,0,0,0,0,0,1
22,0,2,1,3.0391,1,1,0,0,0,0,0,0.0,0,0,0,0,0.02,1,0,0,0.0,0,1,2,0,0,14146.0,0,0,1,1,0,39.0,0,0.0668,1,0,0,0,0,0.0075,0.48675,1,0,0,0,0,0,0,0,0,0,0
45,0,2,0,3.516,1,1,0,0,14,0,0,0.0,0,0,0,0,0.28,1,0,0,0.0,0,1,4,0,0,-1.0,0,0,0,1,0,31.0,0,0.1543,1,1,0,0,0,0.0545,0.48675,0,1,0,0,0,0,0,0,0,0,0
38,0,1,0,3.3788,0,1,0,0,16,0,0,0.0,0,0,0,0,0.5,0,0,0,0.0,0,0,0,0,0,1461.0,0,0,1,0,0,-1.0,-1,0.2176,0,0,1,1,1,0.0005,0.03575,0,0,0,0,0,0,0,0,0,0,1
29,0,1,0,3.749,0,1,0,0,0,0,0,0.0,0,0,0,0,0.15,1,0,0,0.0,0,1,1,0,1,4230.0,0,1,1,1,0,148.0,0,0.12,0,0,0,0,0,0.35225,0.00425,0,0,0,0,1,0,0,0,0,0,0
22,0,2,7,3.0391,1,0,0,0,0,0,0,0.0,0,0,0,0,0.5,0,0,0,0.0,0,1,5,0,0,7.0,1,1,1,1,0,86.0,0,0.2108,0,0,0,0,0,0.00375,0.006,0,1,0,0,0,0,0,0,0,0,0
39,0,1,0,3.9698,0,1,0,0,14,0,0,0.0,0,0,0,0,0.15,1,0,0,0.0,0,0,0,0,0,3480.0,0,0,1,0,0,-1.0,-1,0.1244,0,0,1,1,1,0.35225,0.03575,0,0,0,0,0,0,0,0,0,0,1
71,0,2,0,3.5725,1,1,0,0,10,1,3,0.0,0,0,0,0,0.15,1,0,0,0.0,0,1,3,0,0,4369.0,0,1,1,1,0,48.0,0,0.1164,0,0,0,0,0,0.35225,0.058,1,0,0,0,0,0,0,0,0,0,0
16,0,1,0,3.0,0,1,0,0,0,0,0,0.0,0,0,0,0,0.5,0,0,0,0.0,0,0,0,0,0,-1.0,0,0,0,0,0,-1.0,-1,0.21,1,1,1,1,1,0.0995,0.48675,0,0,0,0,0,0,0,0,0,0,1
166,0,3,0,3.1307,2,1,0,0,37,3,8,0.0,0,0,0,0,0.5,0,0,0,0.0,0,1,1,0,0,-1.0,0,0,0,0,0,-1.0,0,0.2126,1,1,1,1,0,0.012,0.48675,0,0,0,0,0,0,0,0,0,0,1
49,1,1,0,3.6538,0,0,0,0,21,0,0,0.0,0,0,0,0,0.15,1,0,0,0.0,0,0,0,0,0,24.0,1,0,1,0,0,-1.0,-1,0.1181,0,0,1,1,1,0.35225,0.00325,0,0,0,0,0,0,0,0,0,0,1
68,2,4,5,4.0923,3,1,0,0,13,0,0,0.0,0,0,0,0,0.15,1,0,0,0.0,0,1,4,0,0,3671.0,0,1,1,1,0,41.0,0,0.1268,0,0,0,0,0,0.35225,0.01575,0,1,0,0,0,0,0,0,0,0,0
33,0,2,0,3.0958,1,1,0,0,14,0,0,0.0,0,0,0,0,0.5,0,0,0,0.0,0,0,0,0,1,-1.0,0,0,1,0,0,-1.0,-1,0.2119,1,1,1,1,1,0.00875,0.48675,0,0,0,0,0,0,0,0,0,0,1
50,4,2,2,4.4795,1,1,0,0,0,0,0,0.0,0,0,0,0,0.5,0,0,0,0.0,0,1,2,0,0,-1.0,0,0,0,1,0,77.0,0,0.2396,1,1,0,0,0,0.0995,0.48675,1,0,0,0,0,0,0,0,0,0,0
18,0,2,0,2.9219,1,1,0,0,0,0,0,0.0,0,0,0,0,0.5,0,0,0,0.0,0,1,1,0,1,3982.0,0,0,1,0,0,-1.0,0,0.2084,0,0,1,1,0,0.009,0.00025,0,0,0,0,0,0,0,0,0,0,1
80,0,1,0,3.3211,0,1,0,0,53,0,2,0.0,0,0,0,0,0.5,0,0,0,0.0,0,0,0,0,0,8.0,1,0,1,0,0,-1.0,-1,0.2164,0,0,1,1,1,0.001,0.00075,0,0,0,0,0,0,0,0,0,0,1
31,0,2,0,3.3788,1,1,0,0,9,0,0,0.0,0,0,0,0,0.5,0,0,0,0.0,0,0,0,0,0,6362.0,0,0,1,0,0,-1.0,-1,0.2176,0,0,1,1,1,0.009,0.00125,0,0,0,0,0,0,0,0,0,0,1
101,0,2,0,2.8731,1,1,0,0,25,1,2,0.0,0,0,0,0,0.5,0,0,0,0.0,0,1,1,0,0,-1.0,0,0,0,1,0,72.0,0,0.2075,1,1,0,0,0,0.0025,0.48675,0,1,0,0,0,0,0,0,0,0,0
25,0,2,2,3.0306,1,1,0,0,0,0,0,0.0,0,0,0,0,0.5,0,0,0,0.0,0,1,1,0,0,-1.0,0,0,0,1,0,193.0,0,0.2106,1,1,0,0,0,0.01075,0.48675,0,0,0,0,0,0,0,0,0,0,0
34,1,2,0,3.6133,1,0,0,0,0,0,0,0.0833,1,0,1,0,0.5,0,0,0,0.0,0,1,2,0,0,-1.0,0,0,0,1,0,47.0,0,0.2556,1,1,0,0,0,0.0995,0.48675,1,0,0,0,0,0,0,0,0,0,0
21,0,1,0,3.5466,0,1,0,0,0,0,0,0.0,0,0,0,0,0.15,1,0,0,0.0,0,1,2,0,1,5798.0,0,1,1,1,0,71.0,0,0.1159,0,0,0,0,0,0.35225,0.058,1,0,0,0,0,0,0,0,0,0,0
33,0,2,2,3.8868,1,1,0,0,0,0,0,0.0,0,0,0,0,0.15,1,0,0,0.0,0,1,2,0,0,7431.0,0,0,1,1,0,37.0,0,0.1227,0,0,0,0,0,0.35225,0.036,0,1,0,0,0,0,0,0,0,0,0
20,0,1,2,3.585,0,1,0,0,0,0,0,0.0,0,0,0,0,0.15,1,0,0,0.0,0,1,1,0,1,9244.0,0,1,1,1,0,59.0,0,0.1167,0,0,0,0,0,0.35225,0.058,0,1,0,0,0,0,0,0,0,0,0
47,2,2,6,4.0708,1,1,0,0,0,0,0,0.0833,1,0,1,0,0.35,1,0,0,0.0,0,1,2,0,0,-1.0,0,0,0,1,0,31.0,0,0.2197,1,1,0,0,0,0.08025,0.48675,0,1,0,0,0,0,0,0,0,0,0
35,0,2,0,3.3927,1,1,0,0,7,1,2,0.0833,1,0,1,0,0.5,0,0,0,0.0,0,1,2,0,0,9993.0,0,0,1,0,0,-1.0,-1,0.2512,0,0,1,1,1,0.01325,0.0015,0,0,0,0,0,0,0,0,0,0,1
19,0,1,0,3.4594,0,1,0,0,0,0,0,0.0,0,0,0,0,0.5,0,0,0,0.0,0,1,3,0,1,-1.0,0,0,0,1,0,34.0,0,0.2192,1,1,0,0,0,0.00025,0.48675,1,0,0,0,0,0,0,0,0,0,0
25,0,2,0,2.914,1,1,0,0,6,0,0,0.0,0,0,0,0,0.5,0,0,0,0.0,0,1,1,0,1,-1.0,0,0,0,1,0,190.0,0,0.2083,1,1,0,0,0,0.001,0.48675,0,0,0,0,1,0,0,0,0,0,0
32,2,2,0,3.4702,1,0,0,0,0,0,0,0.1667,2,0,2,0,0.5,0,0,0,0.0,0,1,2,0,0,-1.0,0,0,0,1,0,46.0,0,0.2861,1,1,0,0,0,0.0995,0.48675,1,0,0,0,0,0,0,0,0,0,0
31,1,2,0,3.8209,1,1,0,0,2,0,0,0.0833,1,0,1,0,0.5,0,0,0,0.0,0,1,2,0,0,-1.0,0,0,0,1,0,85.0,0,0.2597,1,1,0,0,0,0.00175,0.48675,1,0,0,0,0,0,0,0,0,0,0
29,0,2,0,3.2961,1,1,0,0,0,0,0,0.0,0,0,0,0,0.15,1,0,0,0.0,0,1,4,0,0,11119.0,0,0,1,1,0,155.0,0,0.1109,0,0,0,0,0,0.35225,0.013,0,0,0,1,0,0,0,0,0,0,0
38,0,1,0,3.3788,0,1,0,0,16,0,0,0.0,0,0,0,0,0.1,1,0,0,0.0,0,1,1,0,0,2833.0,0,0,1,1,0,109.0,0,0.0976,0,0,0,0,0,0.02775,0.0035,0,0,0,0,0,1,0,0,0,0,0
23,0,1,0,3.2359,0,1,0,0,0,0,0,0.0833,1,0,1,0,0.6,1,0,0,0.0,0,1,2,0,0,-1.0,0,0,0,1,0,51.0,0,0.278,1,1,0,0,0,0.00125,0.48675,0,1,0,0,0,0,0,0,0,0,0
48,2,2,5,4.2842,1,0,0,0,0,0,0,0.0833,1,0,1,0,0.35,1,0,0,0.0,0,1,2,0,0,-1.0,0,0,0,1,0,229.0,0,0.224,1,1,0,0,0,0.08025,0.48675,0,0,0,0,0,0,0,0,0,0,0
24,0,1,0,2.8074,0,1,0,0,9,0,0,0.1667,2,0,2,0,0.15,1,0,0,0.0,0,1,4,0,1,11246.0,0,0,1,0,0,-1.0,-1,0.1678,0,0,1,1,1,0.35225,0.00375,0,0,0,0,0,0,0,0,0,0,1
51,0,2,3,4.1933,1,0,0,0,0,0,0,0.0833,1,0,1,0,0.35,1,0,0,0.0,0,1,2,0,0,-1.0,0,0,0,1,0,55.0,0,0.2222,1,1,0,0,0,0.08025,0.48675,1,0,0,0,0,0,0,0,0,0,0
168,1,1,0,3.6835,0,1,0,0,6,1,2,0.0,0,0,0,0,0.15,1,0,0,0.0,0,0,0,0,0,134.0,0,0,1,0,0,-1.0,-1,0.1187,0,0,1,1,1,0.35225,0.03575,0,0,0,0,0,0,0,0,0,0,1
47,2,2,6,4.1287,1,1,0,0,0,0,0,0.0833,1,0,1,0,0.35,1,0,0,0.0,0,1,2,0,0,-1.0,0,0,0,1,0,31.0,0,0.2209,1,1,0,0,0,0.08025,0.48675,0,1,0,0,0,0,0,0,0,0,0
34,1,1,0,3.1699,0,1,0,0,17,0,0,0.0,0,0,0,0,0.28,1,0,0,0.0,0,1,4,0,0,912.0,0,0,1,1,0,183.0,0,0.1474,0,0,0,0,0,0.0545,0.058,0,0,0,0,1,0,0,0,0,0,0
44,4,2,6,4.3502,1,0,0,0,0,0,0,0.0,0,0,0,0,0.5,0,0,0,0.0,0,1,2,0,0,-1.0,0,0,0,1,0,83.0,0,0.237,1,1,0,0,0,0.0995,0.48675,1,0,0,0,0,0,0,0,0,0,0
20,0,1,0,3.0221,0,1,0,0,0,0,0,0.0,0,0,0,0,0.28,1,0,0,0.0,0,1,2,0,1,3181.0,0,0,1,1,0,43.0,0,0.1444,0,0,0,0,0,0.0545,0.03575,1,0,0,0,0,0,0,0,0,0,0
36,0,2,0,2.8731,1,1,0,0,13,1,1,0.0,0,0,0,0,0.15,1,0,0,0.0,0,1,3,0,0,-1.0,0,0,0,1,0,156.0,0,0.1025,1,1,0,0,0,0.35225,0.48675,0,0,0,1,0,0,0,0,0,0,0
47,4,2,3,4.4649,1,0,0,0,0,0,0,0.1667,2,0,2,0,0.5,0,0,0,0.0,0,1,2,0,0,-1.0,0,0,0,1,0,83.0,0,0.306,1,1,0,0,0,0.0995,0.48675,1,0,0,0,0,0,0,0,0,0,0
144,4,2,2,4.2611,1,1,0,0,20,3,8,0.1667,2,0,2,0,0.5,0,0,0,0.0,0,1,2,0,0,-1.0,0,0,0,1,0,87.0,0,0.3019,1,1,0,0,0,0.0995,0.48675,1,0,0,0,0,0,0,0,0,0,0
40,2,3,0,3.7417,2,0,0,0,0,0,0,0.1667,2,0,2,0,0.35,1,0,0,0.0,0,1,2,0,0,-1.0,0,0,0,0,0,-1.0,0,0.2465,1,1,1,1,0,0.08025,0.48675,0,0,0,0,0,0,0,0,0,0,1
19,0,1,0,3.2776,0,1,0,0,0,0,0,0.0,0,0,0,0,0.15,1,0,0,0.0,0,1,4,0,1,8961.0,0,0,1,1,0,159.0,0,0.1106,0,0,0,0,0,0.35225,0.013,0,0,0,0,0,1,0,0,0,0,0
64,0,2,0,3.9737,1,0,0,0,32,0,0,0.0,0,0,0,0,0.5,0,0,0,0.0,0,0,0,0,0,-1.0,0,0,0,0,0,-1.0,-1,0.2295,1,1,1,1,1,0.00075,0.48675,0,0,0,0,0,0,0,0,0,0,1
15,0,1,0,2.5216,0,1,0,0,0,0,0,0.0833,1,0,1,0,0.15,1,0,0,0.0,0,1,4,0,1,9644.0,0,0,1,1,0,22.0,0,0.1288,0,0,0,0,0,0.35225,0.036,0,0,0,0,0,0,0,0,0,0,0
37,0,3,0,3.5814,2,0,0,0,0,0,0,0.0,0,0,0,0,0.15,1,0,0,0.0,0,1,2,0,0,7431.0,0,0,1,0,0,-1.0,-1,0.1166,0,0,1,1,1,0.35225,0.0155,0,0,0,0,0,0,0,0,0,0,1
33,0,2,0,3.5535,1,1,0,0,0,0,0,0.0,0,0,0,0,0.28,1,0,0,0.0,0,1,2,0,0,4834.0,0,0,1,1,0,81.0,0,0.1551,0,0,0,0,0,0.0545,0.0155,1,0,0,0,0,0,0,0,0,0,0
30,1,3,0,3.4633,2,1,0,0,0,0,0,0.0,0,0,0,0,0.5,0,0,0,0.0,0,1,1,0,0,-1.0,0,0,0,1,0,74.0,0,0.2193,1,1,0,0,0,0.00975,0.48675,0,1,0,0,0,0,0,0,0,0,0
27,1,2,0,3.5369,1,1,0,0,0,0,0,0.0,0,0,0,0,0.5,0,0,0,0.0,0,1,1,0,0,-1.0,0,0,0,1,0,81.0,0,0.2207,1,1,0,0,0,0.01075,0.48675,0,0,0,0,0,0,1,0,0,0,0
29,1,3,0,3.4992,2,0,0,0,0,0,0,0.0,0,0,0,0,0.5,0,0,0,0.0,0,0,0,0,0,4.0,1,0,1,0,0,-1.0,-1,0.22,0,0,1,1,1,0.01325,0.00075,0,0,0,0,0,0,0,0,0,0,1
21,0,2,0,3.027,1,1,0,0,0,0,0,0.0,0,0,0,0,0.2,1,0,0,0.0,0,1,4,0,0,1425.0,0,0,1,1,0,171.0,0,0.1205,0,0,0,0,0,0.0055,0.058,0,0,0,1,0,0,0,0,0,0,0
47,1,1,0,3.6402,0,1,0,0,23,0,0,0.0,0,0,0,0,0.5,0,0,0,0.0,0,1,1,0,1,-1.0,0,0,0,0,0,-1.0,-1,0.2228,1,1,1,1,1,0.01075,0.48675,0,0,0,0,0,0,0,0,0,0,1
34,0,2,0,3.6235,1,1,0,0,0,0,0,0.0,0,0,0,0,0.1,1,0,0,0.0,0,1,2,0,0,7137.0,0,0,1,1,0,61.0,0,0.1025,0,0,0,0,0,0.02775,0.058,1,0,0,0,0,0,0,0,0,0,0
23,0,1,0,3.3232,0,1,0,0,0,0,0,0.0,0,0,0,0,0.15,1,0,0,0.0,0,1,4,0,1,9223.0,0,0,1,1,0,67.0,0,0.1115,0,0,0,0,0,0.35225,0.00175,0,0,0,0,0,0,0,0,0,0,0
34,0,2,0,3.7035,1,1,0,0,0,0,0,0.0,0,0,0,0,0.15,1,0,0,0.0,0,1,1,0,0,-1.0,0,0,0,1,0,50.0,0,0.1191,1,1,0,0,0,0.35225,0.48675,1,0,0,0,0,0,0,0,0,0,0
38,2,2,0,3.8868,1,1,0,0,5,0,0,0.0833,1,0,1,0,0.5,0,0,0,0.0,0,0,0,0,0,2.0,1,0,1,0,0,-1.0,-1,0.2611,0,0,1,1,1,0.0025,0.0035,0,0,0,0,0,0,0,0,0,0,1
18,0,1,0,2.9477,0,1,0,0,0,0,0,0.0,0,0,0,0,0.15,1,0,0,0.0,0,1,4,0,1,6026.0,0,1,1,1,0,31.0,0,0.104,0,0,0,0,0,0.35225,0.00625,0,1,0,0,0,0,0,0,0,0,0
41,0,2,0,3.7534,1,1,0,0,0,1,2,0.0,0,0,0,0,0.15,1,0,0,0.0,0,1,1,0,0,-1.0,0,0,0,1,0,50.0,0,0.1201,1,1,0,0,0,0.35225,0.48675,1,0,0,0,0,0,0,0,0,0,0
70,0,2,1,3.6635,1,1,0,0,19,1,2,0.0,0,0,0,0,0.22,1,0,0,0.0,0,0,0,0,0,-1.0,0,0,0,0,0,-1.0,-1,0.1393,1,1,1,1,1,0.0405,0.48675,0,0,0,0,0,0,0,0,0,0,1
38,2,2,6,4.2151,1,0,0,0,0,0,0,0.0833,1,0,1,0,0.35,1,0,0,0.0,0,1,2,0,0,-1.0,0,0,0,1,0,31.0,0,0.2226,1,1,0,0,0,0.08025,0.48675,0,1,0,0,0,0,0,0,0,0,0
40,0,1,1,3.5069,0,1,0,0,17,0,0,0.0,0,0,0,0,0.5,0,0,0,0.0,0,0,0,0,0,-1.0,0,0,0,0,0,-1.0,-1,0.2201,1,1,1,1,1,0.0035,0.48675,0,0,0,0,0,0,0,0,0,0,1
33,2,2,0,3.5737,1,0,0,0,0,0,0,0.0,0,0,0,0,0.5,0,0,0,0.0,0,1,2,0,0,-1.0,0,0,0,1,0,83.0,0,0.2215,1,1,0,0,0,0.0995,0.48675,1,0,0,0,0,0,0,0,0,0,0
26,0,1,0,3.7947,0,1,0,0,0,0,0,0.0,0,0,0,0,0.15,1,0,0,0.0,0,1,4,0,1,7222.0,0,0,1,1,0,19.0,0,0.1209,0,0,0,0,0,0.35225,0.019,0,0,0,0,0,0,0,0,0,1,0
25,0,1,0,3.5725,0,1,0,0,0,0,0,0.0,0,0,0,0,0.15,1,0,0,0.0,0,1,2,0,0,332.0,0,0,1,1,0,52.0,0,0.1164,0,0,0,0,0,0.35225,0.0065,1,0,0,0,0,0,0,0,0,0,0
94,0,2,0,3.7257,1,1,0,0,10,2,4,0.0,0,0,0,0,0.15,1,0,0,0.0,0,1,1,0,0,4727.0,0,0,1,1,0,198.0,0,0.1195,0,0,0,0,0,0.35225,0.036,0,0,0,0,0,0,0,0,0,0,0
24,0,1,0,3.3232,0,1,0,0,0,0,0,0.0,0,0,0,0,0.15,1,0,0,0.0,0,1,1,0,1,5035.0,0,0,1,1,0,41.0,0,0.1115,0,0,0,0,0,0.35225,0.03575,1,0,0,0,0,0,0,0,0,0,0
254,0,1,0,3.182,0,1,0,0,17,11,20,0.0,0,0,0,0,0.5,0,0,0,0.0,0,0,0,0,0,-1.0,0,0,0,0,0,-1.0,-1,0.2136,1,1,1,1,1,0.002,0.48675,0,0,0,0,0,0,0,0,0,0,1
19,0,2,0,2.1219,1,1,0,0,0,0,0,0.0833,1,0,1,0,0.03,1,0,0,0.0,0,1,1,0,0,9116.0,0,1,1,1,0,103.0,0,0.0848,0,0,0,0,0,0.00325,0.0025,0,0,0,0,0,0,0,0,0,0,0
26,2,1,1,3.6144,0,1,0,0,0,0,0,0.0,0,0,0,0,0.22,1,1,0,0.6,1,1,3,0,1,1790.0,0,0,1,1,0,74.0,0,0.2583,0,0,0,0,0,0.0405,0.00625,0,1,0,0,0,0,0,0,0,0,0
45,2,2,6,4.2737,1,1,0,0,0,0,0,0.0833,1,0,1,0,0.35,1,0,0,0.0,0,1,2,0,0,-1.0,0,0,0,1,0,31.0,0,0.2238,1,1,0,0,0,0.08025,0.48675,0,1,0,0,0,0,0,0,0,0,0
17,0,1,0,2.6416,0,1,0,0,0,0,0,0.0,0,0,0,0,0.5,0,0,0,0.0,0,1,3,0,1,-1.0,0,0,1,1,0,74.0,0,0.2028,0,1,0,0,0,0.0015,0.00075,1,0,0,0,0,0,0,0,0,0,0
27,1,1,0,3.2608,0,1,0,0,0,0,0,0.0,0,0,0,0,0.15,1,0,0,0.0,0,1,2,0,0,383.0,0,0,1,1,0,67.0,0,0.1102,0,0,0,0,0,0.35225,0.03575,1,0,0,0,0,0,0,0,0,0,0
186,0,3,0,3.1307,2,1,0,0,47,3,8,0.0,0,0,0,0,0.5,0,0,0,0.0,0,1,1,0,0,-1.0,0,0,0,0,0,-1.0,0,0.2126,1,1,1,1,0,0.012,0.48675,0,0,0,0,0,0,0,0,0,0,1
36,0,1,0,3.1219,0,1,0,0,18,0,0,0.0,0,0,0,0,0.28,1,0,0,0.0,0,1,2,0,1,1444.0,0,0,1,1,0,86.0,0,0.1464,0,0,0,0,0,0.0545,0.0025,1,0,0,0,0,0,0,0,0,0,0
54,0,1,0,3.3661,0,0,0,0,28,0,1,0.0833,1,0,1,0,0.55,1,0,0,0.0,0,1,1,0,1,-1.0,0,0,0,1,0,125.0,0,0.2656,1,1,0,0,0,0.00575,0.48675,0,0,0,0,0,0,0,0,0,1,0
34,0,1,0,3.2516,0,1,0,0,14,0,0,0.0,0,0,0,0,0.15,1,0,0,0.0,0,1,2,0,0,4418.0,0,1,1,0,0,-1.0,-1,0.11,0,0,1,1,1,0.35225,0.00625,0,0,0,0,0,0,0,0,0,0,1
39,0,1,0,3.7736,0,1,0,0,16,0,0,0.0,0,0,0,0,0.15,1,0,0,0.0,0,0,0,0,0,1595.0,0,0,1,0,0,-1.0,-1,0.1205,0,0,1,1,1,0.35225,0.00975,0,0,0,0,0,0,0,0,0,0,1
52,0,3,0,3.2484,2,1,0,0,27,0,0,0.0,0,0,0,0,0.5,0,0,0,0.0,0,1,1,0,0,-1.0,0,0,0,1,0,60.0,0,0.215,1,1,0,0,0,0.003,0.48675,0,1,0,0,0,0,0,0,0,0,0
26,0,2,0,3.1019,1,1,0,0,0,0,0,0.0,0,0,0,0,0.15,1,0,0,0.0,0,1,1,0,0,10733.0,0,1,1,1,0,44.0,0,0.107,0,0,0,0,0,0.35225,0.002,0,1,0,0,0,0,0,0,0,0,0
34,0,2,0,3.8937,1,1,0,0,0,0,0,0.0,0,0,0,0,0.15,1,0,0,0.0,0,1,2,0,0,7431.0,0,0,1,1,0,37.0,0,0.1229,0,0,0,0,0,0.35225,0.036,0,1,0,0,0,0,0,0,0,0,0
41,0,2,0,3.7534,1,1,0,0,0,1,2,0.0,0,0,0,0,0.15,1,0,0,0.0,0,1,2,0,0,-1.0,0,0,0,1,0,50.0,0,0.1201,1,1,0,0,0,0.35225,0.48675,1,0,0,0,0,0,0,0,0,0,0
57,0,2,4,4.182,1,1,0,0,21,0,0,0.0,0,0,0,0,0.94,1,0,0,0.0,0,0,0,0,0,7.0,1,0,1,0,0,-1.0,-1,0.3656,0,0,1,1,1,0.01625,0.01125,0,0,0,0,0,0,0,0,0,0,1
43,0,1,0,3.4714,0,1,0,0,16,0,0,0.0,0,0,0,0,0.15,1,0,0,0.0,0,1,2,0,1,3063.0,0,0,1,1,0,88.0,0,0.1144,0,0,0,0,0,0.35225,0.0155,0,1,0,0,0,0,0,0,0,0,0
36,0,1,0,3.3219,0,1,0,0,18,0,0,0.0,0,0,0,0,0.15,1,0,0,0.0,0,0,0,0,1,205.0,0,0,1,0,0,-1.0,-1,0.1114,0,0,1,1,1,0.35225,0.03575,0,0,0,0,0,0,0,0,0,0,1
37,3,2,0,3.8573,1,0,0,0,0,0,0,0.0833,1,0,1,0,0.5,0,0,0,0.0,0,1,2,0,0,-1.0,0,0,0,1,0,86.0,0,0.2605,1,1,0,0,0,0.0995,0.48675,1,0,0,0,0,0,0,0,0,0,0
48,0,2,0,3.7202,1,1,0,0,0,2,4,0.0,0,0,0,0,0.15,1,0,0,0.0,0,1,1,0,0,-1.0,0,0,0,1,0,50.0,0,0.1194,1,1,0,0,0,0.35225,0.48675,1,0,0,0,0,0,0,0,0,0,0
54,2,2,0,4.0251,1,1,0,0,0,1,2,0.0,0,0,0,0,0.15,1,0,0,0.0,0,1,2,0,0,-1.0,0,0,0,1,0,50.0,0,0.1255,1,1,0,0,0,0.35225,0.48675,1,0,0,0,0,0,0,0,0,0,0
117,0,3,0,3.1307,2,1,0,0,37,1,2,0.0,0,0,0,0,0.5,0,0,0,0.0,0,1,1,0,0,56.0,0,0,1,1,0,38.0,0,0.2126,0,0,0,0,0,0.004,0.0035,0,1,0,0,0,0,0,0,0,0,0
20,0,1,0,3.0221,0,1,0,0,0,0,0,0.0,0,0,0,0,0.15,1,0,0,0.0,0,1,2,0,0,400.0,0,0,1,1,0,50.0,0,0.1054,0,0,0,0,0,0.35225,0.00025,1,0,0,0,0,0,0,0,0,0,0
34,0,2,0,3.9022,1,0,0,0,0,0,0,0.0,0,0,0,0,0.5,0,0,0,0.0,0,1,2,0,0,-1.0,0,0,0,1,0,52.0,0,0.228,1,1,0,0,0,0.0995,0.48675,0,1,0,0,0,0,0,0,0,0,0
53,3,2,6,4.5359,1,0,0,0,0,0,0,0.0,0,0,0,0,0.5,0,0,0,0.0,0,1,2,0,0,-1.0,0,0,0,1,0,78.0,0,0.2407,1,1,0,0,0,0.0995,0.48675,1,0,0,0,0,0,0,0,0,0,0
48,1,2,0,3.7623,1,1,0,0,17,0,0,0.0,0,0,0,0,0.5,0,0,0,0.0,0,1,1,0,1,10854.0,0,0,1,1,0,236.0,0,0.2252,0,0,0,0,0,0.009,0.0005,0,0,0,0,0,0,0,0,0,0,0
43,3,3,0,3.9573,2,0,0,0,0,0,0,0.0,0,0,0,1,0.5,0,0,0,0.0,0,0,0,0,0,4390.0,0,0,1,0,0,-1.0,-1,0.2291,0,0,1,1,1,0.004,0.00625,0,0,0,0,0,0,0,0,0,0,1
37,2,2,0,3.6887,1,0,0,0,5,0,0,0.0,0,0,0,1,0.15,1,0,0,0.0,0,0,0,0,0,19.0,1,0,1,0,0,-1.0,-1,0.1188,0,0,1,1,1,0.35225,0.00175,0,0,0,0,0,0,0,0,0,0,1
20,0,1,0,1.7925,0,1,0,0,6,0,0,0.0,0,0,0,0,0.5,0,0,0,0.0,0,1,3,0,1,-1.0,0,0,0,1,0,89.0,0,0.1858,1,1,0,0,0,0.00125,0.48675,0,0,0,0,0,1,0,0,0,0,0
31,0,2,0,3.7081,1,0,0,0,0,0,0,0.0,0,0,0,0,0.15,1,0,0,0.0,0,0,0,0,0,-1.0,0,0,0,0,0,-1.0,-1,0.1192,1,1,1,1,1,0.35225,0.48675,0,0,0,0,0,0,0,0,0,0,1
37,0,1,3,3.7736,0,1,0,0,14,0,0,0.0833,1,0,1,0,0.55,1,0,0,0.0,0,1,2,0,0,-1.0,0,0,0,1,0,52.0,0,0.2738,1,1,0,0,0,0.00575,0.48675,1,0,0,0,0,0,0,0,0,0,0
33,1,3,0,3.6573,2,1,0,0,0,0,0,0.0,0,0,0,0,0.5,0,0,0,0.0,0,1,1,0,0,4.0,1,0,1,1,0,86.0,0,0.2231,0,0,0,0,0,0.01325,0.002,0,1,0,0,0,0,0,0,0,0,0
21,0,1,0,3.5466,0,1,0,0,0,0,0,0.0,0,0,0,0,0.15,1,0,0,0.0,0,1,1,0,1,9334.0,0,0,1,1,0,79.0,0,0.1159,0,0,0,0,0,0.35225,0.019,0,1,0,0,0,0,0,0,0,0,0
19,0,1,1,2.3219,0,1,0,0,6,0,0,0.0,0,0,0,0,0.5,0,0,0,0.0,0,1,1,0,0,-1.0,0,0,1,1,0,61.0,0,0.1964,0,1,0,0,0,0.00075,0.0005,0,1,0,0,0,0,0,0,0,0,0
19,0,1,2,3.2776,0,0,0,0,0,0,0,0.0,0,0,0,0,0.15,1,0,0,0.0,0,1,2,0,0,356.0,0,0,1,1,0,88.0,0,0.1106,0,0,0,0,0,0.35225,0.03575,1,0,0,0,0,0,0,0,0,0,0
31,0,3,0,3.4131,2,1,0,0,0,0,0,0.0,0,0,0,0,0.5,0,0,0,0.0,0,1,4,0,0,8404.0,0,0,1,1,0,96.0,0,0.2183,0,0,0,0,0,0.0025,0.00025,0,0,0,1,0,0,0,0,0,0,0
31,0,1,0,3.2776,0,1,0,0,12,0,0,0.0,0,0,0,0,0.22,1,0,0,0.0,0,1,2,0,1,1387.0,0,0,1,1,0,61.0,0,0.1316,0,0,0,0,0,0.0405,0.03575,1,0,0,0,0,0,0,0,0,0,0
20,0,2,0,2.6635,1,1,0,0,0,0,0,0.0,0,0,0,0,0.5,0,0,0,0.0,0,1,1,0,1,10224.0,0,0,1,1,0,61.0,0,0.2033,0,0,0,0,0,0.00425,0.00125,0,1,0,0,0,0,0,0,0,0,0
16,0,1,0,2.5,0,1,0,0,0,0,0,0.0,0,0,0,0,0.5,0,0,0,0.0,0,1,2,0,1,984.0,0,0,1,1,0,59.0,0,0.2,0,0,0,0,0,0.0035,0.03575,1,0,0,0,0,0,0,0,0,0,0
30,0,1,0,3.3788,0,0,0,0,9,0,0,0.0,0,0,0,0,0.15,1,0,0,0.0,0,1,1,0,0,-1.0,0,0,0,0,0,-1.0,0,0.1126,1,1,1,1,0,0.35225,0.48675,0,0,0,0,0,0,0,0,0,0,1
41,2,2,6,4.2714,1,0,0,0,0,0,0,0.0833,1,0,1,0,0.35,1,0,0,0.0,0,1,2,0,0,-1.0,0,0,0,1,0,31.0,0,0.2237,1,1,0,0,0,0.08025,0.48675,0,1,0,0,0,0,0,0,0,0,0
27,0,1,0,2.8464,0,1,0,0,9,0,0,0.0,0,0,0,0,0.22,1,0,0,0.0,0,0,0,0,0,-1.0,0,0,0,0,0,-1.0,-1,0.1229,1,1,1,1,1,0.0405,0.48675,0,0,0,0,0,0,0,0,0,0,1
21,0,1,0,3.3927,0,1,0,0,0,0,0,0.0,0,0,0,0,0.15,1,0,0,0.0,0,1,1,0,1,11114.0,0,0,1,1,0,62.0,0,0.1129,0,0,0,0,0,0.35225,0.03575,0,1,0,0,0,0,0,0,0,0,0
34,0,2,0,3.6693,1,1,0,0,0,0,0,0.0,0,0,0,0,0.15,1,0,0,0.0,0,1,2,0,0,7431.0,0,0,1,1,0,37.0,0,0.1184,0,0,0,0,0,0.35225,0.036,0,1,0,0,0,0,0,0,0,0,0
48,2,2,2,4.0285,1,1,0,0,0,0,0,0.1667,1,0,2,0,0.35,1,0,0,0.0,0,1,2,0,0,-1.0,0,0,0,1,0,82.0,0,0.2523,1,1,0,0,0,0.08025,0.48675,1,0,0,0,0,0,0,0,0,0,0
24,0,2,0,3.1069,1,1,0,0,0,0,0,0.0,0,0,0,0,0.15,1,0,0,0.0,0,0,0,0,0,-1.0,0,0,0,0,0,-1.0,-1,0.1071,1,1,1,1,1,0.35225,0.48675,0,0,0,0,0,0,0,0,0,0,1
46,1,3,6,4.3764,2,0,0,0,0,0,0,0.0833,1,0,1,0,0.35,1,0,0,0.0,0,1,2,0,0,-1.0,0,0,0,0,0,-1.0,0,0.2258,1,1,1,1,0,0.08025,0.48675,0,0,0,0,0,0,0,0,0,0,1
52,3,2,8,4.4817,1,0,0,0,0,0,0,0.0,0,0,0,0,0.5,0,0,0,0.0,0,1,2,0,0,-1.0,0,0,0,1,0,80.0,0,0.2396,1,1,0,0,0,0.0995,0.48675,1,0,0,0,0,0,0,0,0,0,0
22,0,1,0,3.3249,0,1,0,0,0,0,0,0.0,0,0,0,0,0.15,1,0,0,0.0,0,1,2,0,1,7740.0,0,0,1,1,0,37.0,0,0.1115,0,0,0,0,0,0.35225,0.058,1,0,0,0,0,0,0,0,0,0,0
57,0,2,4,4.182,1,1,0,0,21,0,0,0.0,0,0,0,0,0.94,1,0,0,0.0,0,0,0,0,0,7.0,1,0,1,0,0,-1.0,-1,0.3656,0,0,1,1,1,0.01625,0.01125,0,0,0,0,0,0,0,0,0,0,1
37,0,1,0,3.2928,0,1,0,0,12,0,0,0.0,0,0,0,0,0.5,0,0,0,0.0,0,1,4,0,0,5183.0,0,0,1,1,0,136.0,0,0.2159,1,0,0,0,0,0.00175,0.48675,0,0,0,1,0,0,0,0,0,0,0
41,0,1,0,2.7255,0,0,0,0,25,0,0,0.0,0,0,0,0,0.5,0,0,0,0.0,0,1,1,0,0,-1.0,0,0,0,1,0,72.0,0,0.2045,1,1,0,0,0,0.0025,0.48675,0,1,0,0,0,0,0,0,0,0,0
34,0,2,0,3.1699,1,1,0,0,7,0,0,0.0,0,0,0,0,0.15,1,0,0,0.0,0,1,4,0,0,10156.0,0,1,1,1,0,169.0,0,0.1084,0,0,0,0,0,0.35225,0.01175,0,0,0,1,0,0,0,0,0,0,0
46,4,2,5,4.4386,1,0,0,0,0,0,0,0.0833,1,0,1,0,0.5,0,0,0,0.0,0,1,2,0,0,-1.0,0,0,0,1,0,77.0,0,0.2721,1,1,0,0,0,0.0995,0.48675,1,0,0,0,0,0,0,0,0,0,0
33,0,1,0,2.7255,0,1,0,0,16,0,0,0.0,0,0,0,0,0.28,1,0,0,0.0,0,0,0,0,0,8442.0,0,0,1,0,0,-1.0,-1,0.1385,0,0,1,1,1,0.0545,0.036,0,0,0,0,0,0,0,0,0,0,1
24,0,2,0,3.0062,1,1,0,0,0,0,0,0.0,0,0,0,0,0.5,0,0,0,0.0,0,1,3,0,1,9865.0,0,0,1,1,0,165.0,0,0.2101,0,0,0,0,0,0.00325,0.00025,0,0,0,0,0,0,0,0,0,1,0
18,0,2,0,2.4194,1,1,0,0,0,0,0,0.0,0,0,0,0,0.5,0,0,0,0.0,0,1,1,0,0,9631.0,0,0,1,1,0,99.0,0,0.1984,0,0,0,0,0,0.02275,0.012,0,0,0,0,0,1,0,0,0,0,0
50,4,3,0,4.0763,2,1,0,0,0,0,0,0.0833,1,0,1,0,0.5,0,0,0,0.0,0,0,0,0,0,4390.0,0,0,1,0,0,-1.0,-1,0.2648,0,0,1,1,1,0.004,0.00625,0,0,0,0,0,0,0,0,0,0,1
23,0,2,0,2.8424,1,1,0,0,0,0,0,0.0,0,0,0,0,0.15,1,0,0,0.0,0,1,2,0,0,8504.0,0,0,1,0,0,-1.0,-1,0.1018,0,0,1,1,1,0.35225,0.00975,0,0,0,0,0,0,0,0,0,0,1
26,0,1,0,3.0221,0,1,0,0,6,0,0,0.0,0,0,0,0,0.5,0,0,0,0.0,0,0,0,0,1,6808.0,0,0,1,0,0,-1.0,-1,0.2104,1,0,1,1,1,0.00875,0.48675,0,0,0,0,0,0,0,0,0,0,1
33,0,1,0,2.75,0,1,0,0,17,0,0,0.0,0,0,0,0,0.5,0,0,0,0.0,0,1,3,0,0,6010.0,0,0,1,1,0,65.0,0,0.205,0,0,0,0,0,0.02275,0.012,0,1,0,0,0,0,0,0,0,0,0
34,0,1,0,3.1219,0,1,0,0,16,0,0,0.0,0,0,0,0,0.15,1,0,0,0.0,0,0,0,0,0,1913.0,0,0,1,0,0,-1.0,-1,0.1074,0,0,1,1,1,0.35225,0.00975,0,0,0,0,0,0,0,0,0,0,1
46,2,2,1,3.8693,1,1,0,0,12,0,0,0.0833,1,0,1,0,0.5,0,0,0,0.0,0,1,2,0,0,-1.0,0,0,0,1,0,54.0,0,0.2607,1,1,0,0,0,0.0995,0.48675,1,0,0,0,0,0,0,0,0,0,0
37,0,1,2,3.0221,0,1,0,0,7,1,2,0.0,0,0,0,0,0.15,1,0,0,0.0,0,0,0,0,0,3908.0,0,0,1,0,0,-1.0,-1,0.1054,0,0,1,1,1,0.35225,0.00075,0,0,0,0,0,0,0,0,0,0,1
36,0,1,0,3.3563,0,1,0,0,0,0,0,0.0,0,0,0,0,0.5,0,0,0,0.0,0,1,1,0,0,-1.0,0,0,1,1,0,26.0,0,0.2171,0,1,0,0,0,0.00175,0.058,0,0,0,0,0,0,0,1,0,0,0
24,0,3,0,3.2806,2,1,0,0,0,0,0,0.0,0,0,0,0,0.5,0,0,0,0.0,0,1,1,0,0,8517.0,0,0,1,1,0,110.0,0,0.2156,0,0,0,0,0,0.0015,0.00025,0,0,0,0,1,0,0,0,0,0,0
34,0,2,3,3.7255,1,1,0,0,7,0,0,0.0,0,0,0,0,0.28,1,0,0,0.0,0,1,4,0,0,-1.0,0,0,0,1,0,31.0,0,0.1585,1,1,0,0,0,0.0545,0.48675,0,1,0,0,0,0,0,0,0,0,0
34,0,1,0,3.3232,0,1,0,0,11,0,0,0.0,0,0,0,0,0.22,1,0,0,0.0,0,0,0,0,0,-1.0,0,0,0,0,0,-1.0,-1,0.1325,1,1,1,1,1,0.0405,0.48675,0,0,0,0,0,0,0,0,0,0,1
19,0,1,0,3.2776,0,1,0,0,0,0,0,0.0,0,0,0,0,0.15,1,0,0,0.0,0,1,2,0,1,6586.0,0,1,1,1,0,102.0,0,0.1106,0,0,0,0,0,0.35225,0.00625,0,0,0,0,0,0,0,0,0,0,0
29,0,1,0,3.4633,0,1,0,0,0,0,0,0.0,0,0,0,0,0.15,1,0,0,0.0,0,1,2,0,1,4392.0,0,0,1,1,0,76.0,0,0.1143,0,0,0,0,0,0.35225,0.00975,1,0,0,0,0,0,0,0,0,0,0
56,0,2,0,3.9911,1,1,0,0,0,0,0,0.0,0,0,0,0,0.5,0,0,0,0.0,0,1,1,0,0,-1.0,0,0,0,1,0,88.0,0,0.2298,1,1,0,0,0,0.0005,0.48675,0,1,0,0,0,0,0,0,0,0,0
54,0,2,0,3.2389,1,1,0,0,33,0,0,0.0,0,0,0,0,0.22,1,0,0,0.0,0,0,0,0,0,29.0,1,1,1,0,0,-1.0,-1,0.1308,0,0,1,1,1,0.0405,0.00425,0,0,0,0,0,0,0,0,0,0,1
34,1,2,0,3.6235,1,0,0,0,0,0,0,0.0,0,0,0,0,0.5,0,0,0,0.0,0,1,2,0,0,-1.0,0,0,0,1,0,86.0,0,0.2225,1,1,0,0,0,0.0995,0.48675,1,0,0,0,0,0,0,0,0,0,0
211,0,2,0,3.3927,1,1,0,0,190,0,0,0.0,0,0,0,0,0.15,1,0,0,0.0,0,0,0,0,0,35.0,0,1,1,0,0,-1.0,-1,0.1129,0,0,1,1,1,0.35225,0.00425,0,0,0,0,0,0,0,0,0,0,1
36,0,2,0,3.5599,1,1,0,0,0,0,0,0.0,0,0,0,0,0.5,0,0,0,0.0,0,1,2,0,0,-1.0,0,0,0,1,0,47.0,0,0.2212,1,1,0,0,0,0.0995,0.48675,1,0,0,0,0,0,0,0,0,0,0
88,4,3,12,4.2913,2,1,0,0,15,0,0,0.1667,1,0,1,0,0.7,1,0,0,0.0,0,0,0,0,0,696.0,0,1,1,0,0,-1.0,-1,0.3625,0,0,1,1,1,0.0095,0.01175,0,0,0,0,0,0,0,0,0,0,1
66,0,1,3,3.2516,0,1,0,0,45,0,0,0.0,0,0,0,0,0.15,1,0,0,0.0,0,0,0,0,1,553.0,0,1,1,0,0,-1.0,-1,0.11,0,0,1,1,1,0.35225,0.0035,0,0,0,0,0,0,0,0,0,0,1
63,0,2,0,3.7081,1,1,0,0,32,0,3,0.0,0,0,0,0,0.5,0,0,0,0.0,0,0,0,0,1,-1.0,0,0,0,0,0,-1.0,-1,0.2242,1,1,1,1,1,0.00125,0.48675,0,0,0,0,0,0,0,0,0,0,1
45,0,1,0,3.5464,0,1,0,0,17,0,0,0.0,0,0,0,0,0.22,1,0,0,0.0,0,0,0,0,0,3708.0,0,0,1,0,0,-1.0,-1,0.1369,0,0,1,1,1,0.0405,0.004,0,0,0,0,0,0,0,0,0,0,1
48,1,2,1,3.6981,1,1,0,0,10,0,0,0.0,0,0,0,0,0.5,0,0,0,0.0,0,1,2,0,0,-1.0,0,0,0,1,0,88.0,0,0.224,1,1,0,0,0,0.0995,0.48675,1,0,0,0,0,0,0,0,0,0,0
28,0,2,0,3.5725,1,1,0,0,3,0,0,0.0,0,0,0,0,0.15,1,0,0,0.0,0,1,2,0,0,8652.0,0,0,1,1,0,214.0,0,0.1164,0,0,0,0,0,0.35225,0.0025,0,0,0,0,1,0,0,0,0,0,0
38,2,1,0,3.7202,0,1,0,0,5,0,0,0.0833,1,0,1,0,0.5,0,0,0,0.0,0,0,0,0,0,-1.0,0,0,0,0,0,-1.0,-1,0.2577,1,1,1,1,1,0.00175,0.48675,0,0,0,0,0,0,0,0,0,0,1
21,0,2,0,3.1808,1,1,0,0,0,0,0,0.0,0,0,0,0,0.15,1,0,0,0.0,0,1,1,0,0,4324.0,0,0,1,1,0,45.0,0,0.1086,0,0,0,0,0,0.35225,0.00975,0,0,0,0,0,0,0,1,0,0,0
15,0,1,0,2.8074,0,1,0,0,0,0,0,0.1667,1,0,1,0,0.5,0,0,0,0.0,0,1,1,0,1,-1.0,0,0,0,1,0,54.0,0,0.2728,1,1,0,0,0,0.0995,0.48675,1,0,0,0,0,0,0,0,0,0,0
30,0,2,0,3.6897,1,1,0,0,0,0,0,0.0,0,0,0,0,0.15,1,0,0,0.0,0,1,1,0,0,5447.0,0,0,1,1,0,36.0,0,0.1188,0,0,0,0,0,0.35225,0.00975,0,1,0,0,0,0,0,0,0,0,0
24,0,3,0,3.1396,2,1,0,0,0,0,0,0.0,0,0,0,0,0.5,0,0,0,0.0,0,1,4,0,0,10338.0,0,0,1,1,0,80.0,0,0.2128,1,0,0,0,0,0.00875,0.48675,0,0,0,1,0,0,0,0,0,0,0
41,1,1,0,3.6402,0,1,0,0,17,0,0,0.0,0,0,0,0,0.5,0,0,0,0.0,0,1,1,0,1,-1.0,0,0,0,0,0,-1.0,-1,0.2228,1,1,1,1,1,0.01075,0.48675,0,0,0,0,0,0,0,0,0,0,1
32,0,1,0,2.5216,0,1,0,0,17,0,0,0.0,0,0,0,0,0.5,0,0,0,0.0,0,1,1,0,0,11535.0,0,0,1,1,0,23.0,0,0.2004,0,0,0,0,0,0.003,0.00075,0,1,0,0,0,0,0,0,0,0,0
24,0,2,0,3.1396,1,1,0,0,0,0,0,0.0,0,0,0,0,0.5,0,0,0,0.0,0,1,1,0,0,-1.0,0,0,0,1,0,86.0,0,0.2128,1,1,0,0,0,0.002,0.48675,0,0,0,0,0,1,0,0,0,0,0
39,0,1,0,3.5216,0,1,0,0,17,0,0,0.0,0,0,0,0,0.5,0,0,0,0.0,0,1,1,0,1,5833.0,0,0,1,1,0,92.0,0,0.2204,0,0,0,0,0,0.02275,0.012,0,0,0,0,0,1,0,0,0,0,0
37,0,1,0,3.1219,0,1,0,0,19,0,0,0.0,0,0,0,0,0.15,1,0,0,0.0,0,0,0,0,0,4537.0,0,0,1,0,0,-1.0,-1,0.1074,0,0,1,1,1,0.35225,0.019,0,0,0,0,0,0,0,0,0,0,1
25,0,2,0,3.2028,1,1,0,0,0,0,0,0.0,0,0,0,0,0.15,1,0,0,0.0,0,1,2,0,0,9530.0,0,0,1,1,0,188.0,0,0.1091,0,0,0,0,0,0.35225,0.036,0,0,0,0,0,0,0,0,0,1,0
26,0,2,0,3.2928,1,1,0,0,0,0,0,0.0,0,0,0,0,0.15,1,0,0,0.0,0,1,1,0,0,11138.0,0,0,1,1,0,58.0,0,0.1109,0,0,0,0,0,0.35225,0.0155,0,1,0,0,0,0,0,0,0,0,0
42,0,1,0,3.5464,0,1,0,0,14,0,0,0.0,0,0,0,0,0.15,1,0,0,0.0,0,1,1,0,1,6393.0,0,0,1,0,0,-1.0,-1,0.1159,0,0,1,1,1,0.35225,0.058,0,0,0,0,0,0,0,0,0,0,1
34,0,1,0,3.3219,0,1,0,0,7,1,2,0.0,0,0,0,0,0.5,0,0,0,0.0,0,0,0,0,0,-1.0,0,0,0,0,0,-1.0,-1,0.2164,1,1,1,1,1,0.00025,0.48675,0,0,0,0,0,0,0,0,0,0,1
48,0,2,0,3.1808,1,1,0,0,27,0,0,0.0,0,0,0,0,0.5,0,0,0,0.0,0,0,0,0,0,-1.0,0,0,0,0,0,-1.0,-1,0.2136,1,1,1,1,1,0.002,0.48675,0,0,0,0,0,0,0,0,0,0,1
44,5,2,4,4.1734,1,0,0,0,0,0,0,0.0833,1,0,1,0,0.5,0,0,0,0.0,0,1,2,0,0,-1.0,0,0,0,1,0,76.0,0,0.2668,1,1,0,0,0,0.0995,0.48675,1,0,0,0,0,0,0,0,0,0,0
33,0,2,0,3.4906,1,1,0,0,0,0,0,0.0,0,0,0,0,0.1,1,0,0,0.0,0,1,4,0,0,9136.0,0,0,1,1,0,163.0,0,0.0998,0,0,0,0,0,0.02775,0.0055,0,0,0,1,0,0,0,0,0,0,0
55,4,2,1,3.8717,1,0,0,0,0,0,0,0.2333,1,0,1,1,0.35,1,0,0,0.0,0,1,1,0,0,-1.0,0,0,0,1,0,66.0,0,0.2758,1,1,0,0,0,0.08025,0.48675,1,0,0,0,0,0,0,0,0,0,0
46,3,3,0,4.06,2,1,0,0,0,0,0,0.0,0,0,0,0,0.5,0,0,0,0.0,0,1,1,0,0,4390.0,0,0,1,0,0,-1.0,0,0.2312,0,0,1,1,0,0.004,0.00625,0,0,0,0,0,0,0,0,0,0,1
42,4,2,6,4.4182,1,0,0,0,0,0,0,0.1667,2,0,2,0,0.5,0,0,0,0.0,0,1,2,0,0,-1.0,0,0,0,1,0,81.0,0,0.305,1,1,0,0,0,0.0995,0.48675,1,0,0,0,0,0,0,0,0,0,0
30,0,2,0,3.2369,1,1,0,0,0,0,0,0.0,0,0,0,0,0.22,1,0,0,0.0,0,1,3,0,0,7504.0,0,1,1,1,0,69.0,0,0.1307,0,0,0,0,0,0.0405,0.01175,1,0,0,0,0,0,0,0,0,0,0
69,0,1,0,3.1699,0,0,0,0,52,0,0,0.0,0,0,0,0,0.85,1,0,0,0.0,0,1,2,0,0,3446.0,0,0,1,1,0,78.0,0,0.3184,0,0,0,0,0,0.0025,0.0055,0,1,0,0,0,0,0,0,0,0,0
18,0,1,0,3.1219,0,1,0,0,0,0,0,0.0,0,0,0,0,0.5,0,0,0,0.0,0,1,2,0,1,-1.0,0,0,0,1,0,44.0,0,0.2124,1,1,0,0,0,0.00025,0.48675,1,0,0,0,0,0,0,0,0,0,0
26,0,1,0,2.9477,0,1,0,0,9,0,0,0.0,0,0,0,0,0.5,0,0,0,0.0,0,0,0,0,0,1263.0,0,0,1,0,0,-1.0,-1,0.209,0,0,1,1,1,0.0035,0.00625,0,0,0,0,0,0,0,0,0,0,1
40,2,1,2,3.1899,0,1,0,0,7,1,2,0.0,0,0,0,0,0.5,0,0,0,0.0,0,0,0,0,0,3090.0,0,0,1,0,0,-1.0,-1,0.2138,0,0,1,1,1,0.01325,0.001,0,0,0,0,0,0,0,0,0,0,1
27,0,1,0,3.6819,0,1,0,0,0,0,0,0.0,0,0,0,0,0.15,1,0,0,0.0,0,1,2,0,1,4892.0,0,1,1,1,0,42.0,0,0.1186,0,0,0,0,0,0.35225,0.01575,1,0,0,0,0,0,0,0,0,0,0
35,0,2,0,3.182,1,1,0,0,13,0,0,0.0,0,0,0,0,0.5,0,0,0,0.0,0,0,0,0,0,7421.0,0,1,1,0,0,-1.0,-1,0.2136,0,0,1,1,1,0.0085,0.01225,0,0,0,0,0,0,0,0,0,0,1
19,0,2,2,2.8454,1,1,0,0,0,0,0,0.0833,1,0,1,0,0.5,0,0,0,0.0,0,1,1,0,0,-1.0,0,0,0,1,0,174.0,0,0.2402,1,1,0,0,0,0.002,0.48675,0,0,0,0,0,0,0,0,0,1,0
27,0,1,0,3.2389,0,1,0,0,6,0,0,0.0,0,0,0,0,0.22,1,0,0,0.0,0,0,0,0,0,3734.0,0,0,1,0,0,-1.0,-1,0.1308,0,0,1,1,1,0.0405,0.00375,0,0,0,0,0,0,0,0,0,0,1
52,0,3,0,3.1307,2,1,0,0,27,0,0,0.0,0,0,0,0,0.5,0,0,0,0.0,0,1,1,0,0,149.0,0,0,1,1,0,33.0,0,0.2126,0,0,0,0,0,0.00325,0.00275,0,1,0,0,0,0,0,0,0,0,0
83,3,4,5,4.4137,3,1,0,0,13,0,0,0.0,0,0,0,0,0.15,1,0,0,0.0,0,1,4,0,0,3671.0,0,1,1,1,0,41.0,0,0.1333,0,0,0,0,0,0.35225,0.01575,0,1,0,0,0,0,0,0,0,0,0
30,0,2,0,3.7849,1,1,0,0,0,0,0,0.0,0,0,0,0,0.15,1,0,0,0.0,0,1,2,0,0,7431.0,0,0,1,1,0,37.0,0,0.1207,0,0,0,0,0,0.35225,0.036,0,1,0,0,0,0,0,0,0,0,0
30,0,2,0,3.4633,1,1,0,0,0,0,0,0.0,0,0,0,0,0.5,0,0,0,0.0,0,1,3,0,0,-1.0,0,0,0,1,0,48.0,0,0.2193,1,1,0,0,0,0.01075,0.48675,0,1,0,0,0,0,0,0,0,0,0
43,0,2,2,3.4992,1,1,0,0,13,0,0,0.0,0,0,0,0,0.28,1,0,0,0.0,0,1,4,0,0,-1.0,0,0,0,1,0,31.0,0,0.154,1,1,0,0,0,0.0545,0.48675,0,1,0,0,0,0,0,0,0,0,0
28,0,2,4,3.7871,1,1,0,0,0,0,0,0.0,0,0,0,0,0.15,1,0,0,0.0,0,1,1,0,0,1300.0,0,1,1,1,0,167.0,0,0.1207,0,0,0,0,0,0.35225,0.00625,0,0,0,0,0,0,0,0,0,0,0
42,0,2,0,3.7353,1,0,0,0,0,0,0,0.0,0,0,0,0,0.15,1,0,0,0.0,0,1,1,0,0,-1.0,0,0,0,1,0,50.0,0,0.1197,1,1,0,0,0,0.35225,0.48675,1,0,0,0,0,0,0,0,0,0,0
41,0,2,0,3.7953,1,0,0,0,0,0,0,0.0,0,0,0,0,0.15,1,0,0,0.0,0,1,2,0,0,7431.0,0,0,1,1,0,37.0,0,0.1209,0,0,0,0,0,0.35225,0.0155,0,1,0,0,0,0,0,0,0,0,0
26,0,1,0,3.6144,0,1,0,0,0,0,0,0.0,0,0,0,0,0.5,0,0,0,0.0,0,1,1,0,1,-1.0,0,0,0,1,0,57.0,0,0.2223,1,1,0,0,0,0.01075,0.48675,0,1,0,0,0,0,0,0,0,0,0
24,0,2,2,3.3736,1,1,0,0,0,0,0,0.0,0,0,0,0,0.5,0,0,0,0.0,0,1,2,0,0,-1.0,0,0,0,1,0,50.0,0,0.2175,1,1,0,0,0,0.0995,0.48675,0,1,0,0,0,0,0,0,0,0,0
50,0,2,0,3.2028,1,1,0,0,0,1,2,0.0,0,0,0,0,0.22,1,0,0,0.0,0,1,1,0,0,7967.0,0,0,1,1,0,81.0,0,0.1301,0,0,0,0,0,0.0405,0.004,0,0,0,0,0,0,0,0,0,1,0
38,0,2,0,3.0391,1,1,0,0,16,0,0,0.0,0,0,0,0,0.5,0,0,0,0.0,0,1,1,0,0,6891.0,0,0,1,1,0,42.0,0,0.2108,1,0,0,0,0,0.00875,0.48675,0,1,0,0,0,0,0,0,0,0,0
70,2,2,6,4.2947,1,1,0,0,11,0,0,0.0,0,0,0,0,0.5,0,0,0,0.0,0,1,2,0,0,-1.0,0,0,0,1,0,109.0,0,0.2359,1,1,0,0,0,0.0995,0.48675,0,0,1,0,0,0,0,0,0,0,0
18,0,1,0,2.8464,0,1,0,0,0,0,0,0.0,0,0,0,0,0.28,1,0,0,0.0,0,1,1,0,1,4174.0,0,0,1,1,0,50.0,0,0.1409,0,0,0,0,0,0.0545,0.058,0,1,0,0,0,0,0,0,0,0,0
30,1,1,0,3.2389,0,1,0,0,9,0,0,0.0,0,0,0,0,0.15,1,0,0,0.0,0,0,0,0,0,610.0,0,0,1,0,0,-1.0,-1,0.1098,0,0,1,1,1,0.35225,0.058,0,0,0,0,0,0,0,0,0,0,1
40,4,2,0,3.9261,1,0,0,0,0,0,0,0.0,0,0,0,0,0.5,0,0,0,0.0,0,1,2,0,0,-1.0,0,0,0,1,0,85.0,0,0.2285,1,1,0,0,0,0.0995,0.48675,1,0,0,0,0,0,0,0,0,0,0
24,0,2,0,3.1899,1,1,0,0,0,0,0,0.0,0,0,0,0,0.15,1,0,0,0.0,0,1,1,0,0,11465.0,0,0,1,1,0,73.0,0,0.1088,0,0,0,0,0,0.35225,0.019,0,1,0,0,0,0,0,0,0,0,0
16,0,1,1,2.75,0,1,0,0,0,0,0,0.1667,2,0,2,0,0.86,1,0,0,0.0,0,1,2,0,1,-1.0,0,0,0,1,0,76.0,0,0.3797,1,1,0,0,0,0.00025,0.48675,1,0,0,0,0,0,0,0,0,0,0
23,0,1,0,3.4566,0,1,0,0,0,0,0,0.0,0,0,0,0,0.15,1,0,0,0.0,0,1,2,0,1,2122.0,0,0,1,1,0,51.0,0,0.1141,0,0,0,0,0,0.35225,0.03575,1,0,0,0,0,0,0,0,0,0,0
57,0,2,4,4.182,1,1,0,0,21,0,0,0.0,0,0,0,0,0.94,1,0,0,0.0,0,0,0,0,0,7.0,1,0,1,0,0,-1.0,-1,0.3656,0,0,1,1,1,0.01625,0.01125,0,0,0,0,0,0,0,0,0,0,1
54,1,2,0,3.8191,1,1,0,0,10,0,0,0.1667,1,0,1,0,0.7,1,0,0,0.0,0,1,1,0,0,1077.0,0,0,1,1,0,54.0,0,0.3531,0,0,0,0,0,0.0095,0.0005,0,1,0,0,0,0,0,0,0,0,0
19,1,1,0,3.0272,0,1,0,0,0,0,0,0.0,0,0,0,0,0.15,1,0,0,0.0,0,1,1,0,1,9780.0,0,0,1,1,0,34.0,0,0.1055,0,0,0,0,0,0.35225,0.001,0,1,0,0,0,0,0,0,0,0,0
34,0,1,0,3.085,0,1,0,0,14,0,0,0.0,0,0,0,0,0.22,1,0,0,0.0,0,0,0,0,0,1416.0,0,0,1,0,0,-1.0,-1,0.1277,0,0,1,1,1,0.0405,0.058,0,0,0,0,0,0,0,0,0,0,1
48,5,2,6,4.5628,1,0,0,0,0,0,0,0.0,0,0,0,0,0.5,0,0,0,0.0,0,1,2,0,0,-1.0,0,0,0,1,0,81.0,0,0.2413,1,1,0,0,0,0.0995,0.48675,1,0,0,0,0,0,0,0,0,0,0
45,0,1,0,3.5033,0,1,0,0,19,0,0,0.0,0,0,0,0,0.15,1,0,0,0.0,0,1,1,0,1,6253.0,0,0,1,0,0,-1.0,-1,0.1151,0,0,1,1,1,0.35225,0.013,0,0,0,0,0,0,0,0,0,0,1
62,0,1,0,3.5464,0,0,0,0,35,0,1,0.1667,1,0,1,0,0.7,1,0,0,0.0,0,1,1,0,1,-1.0,0,0,0,0,0,-1.0,-1,0.3476,1,1,1,1,1,0.0095,0.48675,0,0,0,0,0,0,0,0,0,0,1
23,0,2,0,2.8424,1,1,0,0,0,0,0,0.0,0,0,0,0,0.15,1,0,0,0.0,0,1,8,0,0,10548.0,0,0,1,1,0,50.0,0,0.1018,0,0,0,0,0,0.35225,0.036,1,0,0,0,0,0,0,0,0,0,0
32,0,1,0,2.2516,0,1,0,0,18,0,0,0.0,0,0,0,0,0.5,0,0,0,0.0,0,1,1,0,1,12997.0,0,0,1,1,0,110.0,0,0.195,0,0,0,0,0,0.002,0.00025,0,0,0,0,0,0,1,0,0,0,0
42,4,2,6,4.3594,1,0,0,0,0,0,0,0.0833,1,0,1,0,0.5,0,0,0,0.0,0,1,2,0,0,-1.0,0,0,0,1,0,77.0,0,0.2705,1,1,0,0,0,0.0995,0.48675,1,0,0,0,0,0,0,0,0,0,0
27,0,2,0,3.4194,1,1,0,0,0,0,0,0.0,0,0,0,0,0.15,1,0,0,0.0,0,1,2,0,0,10897.0,0,0,1,1,0,215.0,0,0.1134,0,0,0,0,0,0.35225,0.058,0,0,0,0,0,0,0,0,0,1,0
37,2,2,0,3.8404,1,0,0,0,0,0,0,0.1667,2,0,2,0,0.35,1,0,0,0.0,0,1,2,0,0,-1.0,0,0,0,1,0,55.0,0,0.2485,1,1,0,0,0,0.08025,0.48675,1,0,0,0,0,0,0,0,0,0,0
48,4,2,2,4.4153,1,0,0,0,0,0,0,0.0,0,0,0,0,0.5,0,0,0,0.0,0,1,2,0,0,-1.0,0,0,0,1,0,76.0,0,0.2383,1,1,0,0,0,0.0995,0.48675,1,0,0,0,0,0,0,0,0,0,0
49,1,2,0,3.8191,1,0,0,0,6,0,0,0.1667,1,0,1,0,0.7,1,0,0,0.0,0,1,1,0,0,1077.0,0,0,1,1,0,54.0,0,0.3531,0,0,0,0,0,0.0095,0.0005,0,1,0,0,0,0,0,0,0,0,0
30,1,1,2,3.9754,0,1,0,0,0,0,0,0.0,0,0,0,0,0.55,1,0,0,0.0,0,1,1,0,0,-1.0,0,0,0,1,0,88.0,0,0.2445,1,1,0,0,0,0.00425,0.48675,0,1,0,0,0,0,0,0,0,0,0
22,0,2,7,3.2359,1,0,0,0,0,0,0,0.0,0,0,0,0,0.5,0,0,0,0.0,0,0,0,0,0,-1.0,0,0,0,0,0,-1.0,-1,0.2147,1,1,1,1,1,0.00375,0.48675,0,0,0,0,0,0,0,0,0,0,1
35,0,1,0,3.5466,0,1,0,0,7,1,2,0.0,0,0,0,0,0.15,1,0,0,0.0,0,0,0,0,0,1766.0,0,0,1,0,0,-1.0,-1,0.1159,0,0,1,1,1,0.35225,0.00375,0,0,0,0,0,0,0,0,0,0,1
48,4,2,2,4.4531,1,0,0,0,0,0,0,0.0,0,0,0,0,0.5,0,0,0,0.0,0,1,2,0,0,-1.0,0,0,0,1,0,76.0,0,0.2391,1,1,0,0,0,0.0995,0.48675,1,0,0,0,0,0,0,0,0,0,0
117,2,4,1,3.7841,3,1,0,1,11,1,3,0.0,0,0,0,0,0.15,1,0,0,0.0,0,1,1,0,0,508.0,0,0,1,1,0,40.0,0,0.1207,0,0,0,0,0,0.35225,0.058,0,0,0,0,0,0,0,0,0,1,0
37,0,1,0,3.1808,0,1,0,0,16,0,0,0.0,0,0,0,0,0.15,1,0,0,0.0,0,0,0,0,0,2028.0,0,0,1,0,0,-1.0,-1,0.1086,0,0,1,1,1,0.35225,0.00975,0,0,0,0,0,0,0,0,0,0,1
52,0,3,0,3.0131,2,1,0,0,27,0,0,0.0,0,0,0,0,0.93,1,0,0,0.0,0,1,1,0,0,-1.0,0,0,0,0,0,-1.0,0,0.3393,1,1,1,1,0,0.00375,0.48675,0,0,0,0,0,0,0,0,0,0,1
32,0,2,2,3.8868,1,0,0,0,0,0,0,0.0833,1,0,1,0,0.35,1,0,0,0.0,0,1,2,0,0,-1.0,0,0,0,1,0,229.0,0,0.2161,1,1,0,0,0,0.08025,0.48675,0,0,0,0,0,0,0,0,0,0,0
71,3,5,2,4.1581,4,1,0,0,0,0,0,0.0,0,0,0,0,0.15,1,0,0,0.0,0,0,0,0,0,49.0,0,1,1,0,0,-1.0,-1,0.1282,0,0,1,1,1,0.35225,0.00425,0,0,0,0,0,0,0,0,0,0,1
96,0,1,0,3.7216,0,1,0,1,16,1,3,0.0,0,0,0,0,0.5,0,0,0,0.0,0,0,0,0,1,968.0,0,0,1,0,0,-1.0,-1,0.2244,0,0,1,1,1,0.0025,0.058,0,0,0,0,0,0,0,0,0,0,1
17,0,1,2,2.75,0,1,0,0,0,0,0,0.0,0,0,0,0,0.9,1,0,0,0.0,0,0,0,0,0,-1.0,0,0,0,0,0,-1.0,-1,0.325,1,1,1,1,1,0.00575,0.48675,0,0,0,0,0,0,0,0,0,0,1
180,0,3,0,3.1307,2,1,0,0,44,3,8,0.0,0,0,0,0,0.5,0,0,0,0.0,0,1,1,0,0,-1.0,0,0,0,0,0,-1.0,0,0.2126,1,1,1,1,0,0.012,0.48675,0,0,0,0,0,0,0,0,0,0,1
23,0,2,0,3.3249,1,1,0,0,0,0,0,0.0,0,0,0,0,0.15,1,0,0,0.0,0,1,4,0,0,-1.0,0,0,0,1,0,189.0,0,0.1115,1,1,0,0,0,0.35225,0.48675,0,0,0,1,0,0,0,0,0,0,0
49,4,2,2,4.4546,1,0,0,0,0,0,0,0.0,0,0,0,0,0.5,0,0,0,0.0,0,1,2,0,0,-1.0,0,0,0,1,0,78.0,0,0.2391,1,1,0,0,0,0.0995,0.48675,1,0,0,0,0,0,0,0,0,0,0
27,0,1,0,2.9219,0,1,0,0,9,0,0,0.0,0,0,0,0,0.15,1,0,0,0.0,0,1,2,0,1,6400.0,0,0,1,1,0,65.0,0,0.1034,0,0,0,0,0,0.35225,0.058,1,0,0,0,0,0,0,0,0,0,0
32,0,1,0,3.3219,0,1,0,0,14,0,0,0.0,0,0,0,0,0.15,1,0,0,0.0,0,1,1,0,0,3897.0,0,0,1,1,0,50.0,0,0.1114,0,0,0,0,0,0.35225,0.00975,0,0,0,0,0,0,0,0,0,1,0
38,0,2,3,3.8279,1,1,0,0,6,0,0,0.0,0,0,0,0,0.28,1,0,0,0.0,0,1,4,0,0,-1.0,0,0,0,1,0,31.0,0,0.1606,1,1,0,0,0,0.0545,0.48675,0,1,0,0,0,0,0,0,0,0,0
20,0,1,0,3.085,0,1,0,0,0,0,0,0.0,0,0,0,0,0.15,1,0,0,0.0,0,1,4,0,1,2767.0,0,1,1,1,0,56.0,0,0.1067,0,0,0,0,0,0.35225,0.01575,0,1,0,0,0,0,0,0,0,0,0
32,0,2,0,3.7623,1,1,0,0,0,0,0,0.0,0,0,0,0,0.15,1,0,0,0.0,0,1,2,0,0,7431.0,0,0,1,1,0,37.0,0,0.1202,0,0,0,0,0,0.35225,0.036,0,1,0,0,0,0,0,0,0,0,0
65,1,5,3,4.0182,4,0,0,0,20,0,0,0.4833,1,1,1,1,0.22,1,0,0,0.0,0,0,0,0,0,611.0,0,0,1,0,0,-1.0,-1,0.3397,0,0,1,1,1,0.0405,0.00475,0,0,0,0,0,0,0,0,0,0,1
139,0,3,0,3.0131,2,1,0,0,61,1,2,0.0,0,0,0,0,0.93,1,0,0,0.0,0,1,1,0,0,-1.0,0,0,0,0,0,-1.0,0,0.3393,1,1,1,1,0,0.00375,0.48675,0,0,0,0,0,0,0,0,0,0,1
23,0,1,0,2.9477,0,1,0,0,6,0,0,0.0,0,0,0,0,0.5,0,0,0,0.0,0,1,1,0,1,4729.0,0,0,1,0,0,-1.0,-1,0.209,1,0,1,1,1,0.00875,0.48675,0,0,0,0,0,0,0,0,0,0,1
56,3,2,2,4.2646,1,1,0,0,0,0,0,0.4167,4,0,4,0,0.35,1,0,0,0.0,0,1,2,0,0,-1.0,0,0,0,1,0,55.0,0,0.357,1,1,0,0,0,0.08025,0.48675,1,0,0,0,0,0,0,0,0,0,0
40,1,3,0,4.0153,2,0,0,0,0,0,0,0.0833,1,0,1,0,0.35,1,0,0,0.0,0,1,2,0,0,-1.0,0,0,0,0,0,-1.0,0,0.2186,1,1,1,1,0,0.08025,0.48675,0,0,0,0,0,0,0,0,0,0,1
22,0,2,0,2.4464,1,1,0,0,3,0,0,0.0,0,0,0,0,0.15,1,0,0,0.0,0,1,2,0,0,10131.0,0,0,1,1,0,216.0,0,0.0939,0,0,0,0,0,0.35225,0.013,0,0,1,0,0,0,0,0,0,0,0
163,0,2,1,3.654,1,1,0,0,132,0,0,0.0,0,0,0,0,0.15,1,0,0,0.0,0,1,2,0,0,1619.0,0,1,1,1,0,81.0,0,0.1181,0,0,0,0,0,0.35225,0.00175,0,0,0,0,0,0,0,1,0,0,0
38,0,1,0,3.5216,0,1,0,0,7,1,2,0.0,0,0,0,0,0.5,0,0,0,0.0,0,1,1,0,1,8077.0,0,0,1,1,0,55.0,0,0.2204,0,0,0,0,0,0.02275,0.012,0,1,0,0,0,0,0,0,0,0,0
42,0,1,0,3.7193,0,1,0,0,7,0,0,0.0,0,0,0,0,0.15,1,0,0,0.0,0,0,0,0,1,799.0,0,0,1,0,0,-1.0,-1,0.1194,0,0,1,1,1,0.35225,0.013,0,0,0,0,0,0,0,0,0,0,1
52,0,3,0,3.0131,2,1,0,0,27,0,0,0.0,0,0,0,0,0.93,1,0,0,0.0,0,1,1,0,0,-1.0,0,0,0,0,0,-1.0,0,0.3393,1,1,1,1,0,0.00375,0.48675,0,0,0,0,0,0,0,0,0,0,1
39,1,1,0,3.7004,0,1,0,0,18,0,0,0.0,0,0,0,0,0.94,1,0,0,0.0,0,0,0,0,0,80.0,0,0,1,0,0,-1.0,-1,0.356,0,0,1,1,1,0.01625,0.03575,0,0,0,0,0,0,0,0,0,0,1
30,0,2,0,3.3264,1,1,0,0,3,0,0,0.0,0,0,0,0,0.22,1,0,0,0.0,0,1,1,0,1,-1.0,0,0,0,1,0,50.0,0,0.1325,1,1,0,0,0,0.0405,0.48675,1,0,0,0,0,0,0,0,0,0,0
74,0,2,22,4.7163,1,1,0,0,0,0,0,0.0833,1,0,1,0,0.35,1,0,0,0.0,0,1,2,0,0,-1.0,0,0,0,1,0,55.0,0,0.2326,1,1,0,0,0,0.08025,0.48675,1,0,0,0,0,0,0,0,0,0,0
17,0,1,0,2.9477,0,1,0,0,0,0,0,0.0,0,0,0,0,0.15,1,0,0,0.0,0,1,1,0,1,9960.0,0,0,1,1,0,237.0,0,0.104,0,0,0,0,0,0.35225,0.0015,0,0,0,0,0,1,0,0,0,0,0
29,0,1,0,3.7257,0,1,0,0,0,0,0,0.0,0,0,0,0,0.15,1,0,0,0.0,0,1,2,0,0,501.0,0,0,1,1,0,51.0,0,0.1195,0,0,0,0,0,0.35225,0.03575,1,0,0,0,0,0,0,0,0,0,0
21,0,2,0,3.0221,1,1,0,0,0,0,0,0.0833,1,0,1,0,0.15,1,0,0,0.0,0,1,3,0,0,9647.0,0,0,1,1,0,193.0,0,0.1388,0,0,0,0,0,0.35225,0.019,0,0,0,1,0,0,0,0,0,0,0
114,0,3,0,3.1307,2,1,0,0,34,1,2,0.0,0,0,0,0,0.5,0,0,0,0.0,0,1,1,0,0,-1.0,0,0,1,0,0,-1.0,0,0.2126,0,1,1,1,0,0.00125,0.001,0,0,0,0,0,0,0,0,0,0,1
184,0,3,0,3.1307,2,1,0,0,46,3,8,0.0,0,0,0,0,0.5,0,0,0,0.0,0,1,1,0,0,-1.0,0,0,0,0,0,-1.0,0,0.2126,1,1,1,1,0,0.012,0.48675,0,0,0,0,0,0,0,0,0,0,1
17,0,1,2,3.0,0,1,0,0,0,0,0,0.0,0,0,0,0,0.9,1,0,0,0.0,0,0,0,0,0,-1.0,0,0,0,0,0,-1.0,-1,0.33,1,1,1,1,1,0.00575,0.48675,0,0,0,0,0,0,0,0,0,0,1
41,1,2,0,3.5766,1,1,0,0,13,0,0,0.0,0,0,0,0,0.28,1,0,0,0.0,0,1,4,0,0,-1.0,0,0,0,1,0,31.0,0,0.1555,1,1,0,0,0,0.0545,0.48675,0,1,0,0,0,0,0,0,0,0,0
36,1,3,0,3.7534,2,0,0,0,0,0,0,0.1667,2,0,2,0,0.5,0,0,0,0.0,0,0,0,0,0,-1.0,0,0,0,0,0,-1.0,-1,0.2917,1,1,1,1,1,0.00975,0.48675,0,0,0,0,0,0,0,0,0,0,1
37,0,1,0,3.7947,0,1,0,0,10,0,0,0.0,0,0,0,0,0.15,1,0,0,0.0,0,1,2,0,0,1.0,1,1,1,1,0,88.0,0,0.1209,0,0,0,0,0,0.35225,0.006,1,0,0,0,0,0,0,0,0,0,0
34,0,2,0,2.7255,1,1,0,0,7,1,2,0.0,0,0,0,0,0.5,0,0,0,0.0,0,1,1,0,0,10958.0,0,0,1,1,0,88.0,0,0.2045,0,0,0,0,0,0.009,0.001,0,0,0,0,1,0,0,0,0,0,0
35,0,2,0,2.7219,1,1,0,0,7,1,2,0.0,0,0,0,0,0.5,0,0,0,0.0,0,1,1,0,0,-1.0,0,0,0,0,0,-1.0,0,0.2044,1,1,1,1,0,0.00175,0.48675,0,0,0,0,0,0,0,0,0,0,1
46,3,2,9,4.2603,1,1,0,0,0,0,0,0.0,0,0,0,0,0.5,0,0,0,0.0,0,1,2,0,0,-1.0,0,0,0,1,0,77.0,0,0.2352,1,1,0,0,0,0.0995,0.48675,1,0,0,0,0,0,0,0,0,0,0
30,0,2,0,2.4464,1,1,0,0,12,0,0,0.0,0,0,0,0,0.5,0,0,0,0.0,0,1,1,0,0,-1.0,0,0,1,1,0,193.0,0,0.1989,0,1,0,0,0,0.003,0.0005,0,0,0,0,0,0,0,0,0,0,0
41,1,3,0,4.0408,2,0,0,0,0,0,0,0.0,0,0,0,0,0.15,1,0,0,0.0,0,1,2,0,0,-1.0,0,0,0,0,0,-1.0,0,0.1258,1,1,1,1,0,0.35225,0.48675,0,0,0,0,0,0,0,0,0,0,1
41,0,1,0,3.7871,0,0,0,0,15,0,0,0.0,0,0,0,0,0.1,1,0,0,0.0,0,1,2,0,0,466.0,0,0,1,1,0,36.0,0,0.1057,0,0,0,0,0,0.02775,0.058,1,0,0,0,0,0,0,0,0,0,0
37,3,2,0,3.9523,1,0,0,0,0,0,0,0.0,0,0,0,0,0.5,0,0,0,0.0,0,1,2,0,0,3130.0,0,0,1,1,0,52.0,0,0.229,0,0,0,0,0,0.0035,0.0055,0,1,0,0,0,0,0,0,0,0,0
51,1,2,0,3.6235,1,1,0,0,18,0,0,0.0,0,0,0,0,0.15,1,0,0,0.0,0,1,2,0,0,-1.0,0,0,0,1,0,157.0,0,0.1175,1,1,0,0,0,0.35225,0.48675,0,0,0,0,0,0,0,0,0,0,0
43,0,1,0,3.625,0,1,0,0,19,0,0,0.0,0,0,0,0,0.15,1,0,0,0.0,0,0,0,0,0,-1.0,0,0,0,0,0,-1.0,-1,0.1175,1,1,1,1,1,0.35225,0.48675,0,0,0,0,0,0,0,0,0,0,1
34,0,2,0,3.4137,1,1,0,0,0,0,0,0.0,0,0,0,0,0.28,1,0,0,0.0,0,1,2,0,0,4834.0,0,0,1,1,0,81.0,0,0.1523,0,0,0,0,0,0.0545,0.036,1,0,0,0,0,0,0,0,0,0,0
29,0,2,0,3.6842,1,1,0,0,0,0,0,0.0,0,0,0,0,0.15,1,0,0,0.0,0,1,4,0,0,3609.0,0,0,1,1,0,145.0,0,0.1187,0,0,0,0,0,0.35225,0.058,0,0,0,1,0,0,0,0,0,0,0
24,0,1,0,3.4528,0,1,0,0,0,0,0,0.0,0,0,0,0,0.1,1,0,0,0.0,0,1,3,0,0,1557.0,0,0,1,1,0,68.0,0,0.0991,0,0,0,0,0,0.02775,0.058,1,0,0,0,0,0,0,0,0,0,0
35,1,1,1,3.75,0,1,0,0,11,0,0,0.0,0,0,0,0,0.15,1,0,0,0.0,0,1,1,0,1,6284.0,0,0,1,0,0,-1.0,-1,0.12,0,0,1,1,1,0.35225,0.036,0,0,0,0,0,0,0,0,0,0,1
51,0,1,0,3.3842,0,1,0,0,14,1,1,0.0,0,0,0,0,0.15,1,0,0,0.0,0,0,0,0,0,-1.0,0,0,0,0,0,-1.0,-1,0.1127,1,1,1,1,1,0.35225,0.48675,0,0,0,0,0,0,0,0,0,0,1
30,0,1,1,3.875,0,1,0,0,6,0,0,0.0,0,0,0,0,0.15,1,0,0,0.0,0,1,1,0,1,-1.0,0,0,0,1,0,16.0,0,0.1225,1,1,0,0,0,0.35225,0.48675,0,0,0,0,0,1,0,0,0,0,0
29,0,2,0,3.4842,1,1,0,0,0,0,0,0.0,0,0,0,0,0.5,0,0,0,0.0,0,1,2,0,0,-1.0,0,0,0,1,0,84.0,0,0.2197,1,1,0,0,0,0.0005,0.48675,1,0,0,0,0,0,0,0,0,0,0
24,0,2,0,2.6887,1,1,0,0,3,0,0,0.0,0,0,0,0,0.28,1,0,0,0.0,0,1,4,0,0,4810.0,0,0,1,1,0,139.0,0,0.1378,0,0,0,0,0,0.0545,0.058,0,0,0,0,0,0,0,0,0,1,0
86,8,3,10,4.3653,2,0,0,0,0,0,0,0.25,3,0,3,0,0.35,1,0,0,0.0,0,1,2,0,0,-1.0,0,0,0,0,0,-1.0,0,0.2923,1,1,1,1,0,0.08025,0.48675,0,0,0,0,0,0,0,0,0,0,1
21,0,1,0,3.5466,0,1,0,0,0,0,0,0.0,0,0,0,0,0.15,1,0,0,0.0,0,1,2,0,0,8444.0,0,0,1,1,0,111.0,0,0.1159,0,0,0,0,0,0.35225,0.0005,0,0,0,0,1,0,0,0,0,0,0
36,0,1,0,3.2776,0,1,0,0,17,0,0,0.0,0,0,0,0,0.15,1,0,0,0.0,0,1,1,0,0,-1.0,0,0,0,0,0,-1.0,-1,0.1106,1,1,1,1,1,0.35225,0.48675,0,0,0,0,0,0,0,0,0,0,1
34,0,2,0,3.1219,1,1,0,0,16,0,0,0.0,0,0,0,0,0.5,0,0,0,0.0,0,1,1,0,1,9872.0,0,0,1,1,0,91.0,0,0.2124,0,0,0,0,0,0.009,0.00025,0,0,0,0,0,0,0,0,0,0,0
30,0,1,0,3.4528,0,1,0,0,6,0,0,0.0,0,0,0,0,0.5,0,0,0,0.0,0,0,0,0,0,3492.0,0,0,1,0,0,-1.0,-1,0.2191,0,0,1,1,1,0.00325,0.00975,0,0,0,0,0,0,0,0,0,0,1
70,0,1,0,3.4528,0,1,0,0,0,2,4,0.0,0,0,0,0,0.15,1,0,0,0.0,0,1,1,0,0,47.0,0,0,1,1,0,85.0,0,0.1141,0,0,0,0,0,0.35225,0.019,0,1,0,0,0,0,0,0,0,0,0
28,0,1,0,2.0,0,1,0,0,7,1,2,0.0,0,0,0,0,0.5,0,0,0,0.0,0,1,1,0,0,-1.0,0,0,1,0,0,-1.0,-1,0.19,0,1,1,1,1,0.003,0.00025,0,0,0,0,0,0,0,0,0,0,1
29,0,2,0,3.6897,1,0,0,0,0,0,0,0.0,0,0,0,0,0.28,1,0,0,0.0,0,1,4,0,0,-1.0,0,0,0,1,0,31.0,0,0.1578,1,1,0,0,0,0.0545,0.48675,0,1,0,0,0,0,0,0,0,0,0
30,0,2,0,3.2776,1,1,0,0,11,0,0,0.0833,1,0,1,0,0.5,0,0,0,0.0,0,0,0,0,0,3197.0,0,0,1,0,0,-1.0,-1,0.2489,1,0,1,1,1,0.00925,0.48675,0,0,0,0,0,0,0,0,0,0,1
37,0,1,0,3.2776,0,1,0,0,18,0,0,0.0,0,0,0,0,0.15,1,0,0,0.0,0,1,1,0,0,3409.0,0,1,1,0,0,-1.0,-1,0.1106,0,0,1,1,1,0.35225,0.003,0,0,0,0,0,0,0,0,0,0,1
20,0,2,0,2.6635,1,1,0,0,0,0,0,0.0,0,0,0,0,0.15,1,0,0,0.0,0,1,2,0,0,11058.0,0,0,1,1,0,51.0,0,0.0983,0,0,0,0,0,0.35225,0.058,1,0,0,0,0,0,0,0,0,0,0
26,0,2,0,3.5725,1,1,0,0,0,0,0,0.0,0,0,0,0,0.15,1,0,0,0.0,0,1,4,0,0,-1.0,0,0,0,1,0,66.0,0,0.1164,1,1,0,0,0,0.35225,0.48675,0,0,0,1,0,0,0,0,0,0,0
32,0,1,0,2.9219,0,1,0,0,7,1,2,0.0,0,0,0,0,0.5,0,0,0,0.0,0,1,1,0,1,5765.0,0,0,1,1,0,196.0,0,0.2084,0,0,0,0,0,0.003,0.00025,0,0,0,0,0,0,0,0,0,1,0
56,5,2,11,4.6866,1,0,0,0,0,0,0,0.0,0,0,0,0,0.5,0,0,0,0.0,0,1,2,0,0,-1.0,0,0,0,1,0,51.0,0,0.2437,1,1,0,0,0,0.0995,0.48675,1,0,0,0,0,0,0,0,0,0,0
23,0,1,0,3.1396,0,1,0,0,0,0,0,0.0,0,0,0,0,0.22,1,0,0,0.0,0,1,1,0,0,9452.0,0,0,1,0,0,-1.0,-1,0.1288,0,0,1,1,1,0.0405,0.013,0,0,0,0,0,0,0,0,0,0,1
55,4,2,4,3.9954,1,0,0,0,0,0,0,0.2333,1,0,1,1,0.35,1,0,0,0.0,0,1,1,0,0,-1.0,0,0,0,1,0,66.0,0,0.2782,1,1,0,0,0,0.08025,0.48675,1,0,0,0,0,0,0,0,0,0,0
36,0,1,0,3.2516,0,1,0,0,16,0,0,0.0,0,0,0,0,0.15,1,0,0,0.0,0,0,0,0,0,38.0,0,1,1,0,0,-1.0,-1,0.11,0,0,1,1,1,0.35225,0.01175,0,0,0,0,0,0,0,0,0,0,1
23,0,1,0,3.3232,0,1,0,0,0,0,0,0.0,0,0,0,0,0.22,1,0,0,0.0,0,1,3,0,1,8404.0,0,0,1,1,0,45.0,0,0.1325,0,0,0,0,0,0.0405,0.058,1,0,0,0,0,0,0,0,0,0,0
22,0,1,0,2.75,0,1,0,0,6,0,0,0.0,0,0,0,0,0.5,0,0,0,0.0,0,1,1,0,0,1884.0,0,0,1,0,0,-1.0,-1,0.205,0,0,1,1,1,0.00325,0.03575,0,0,0,0,0,0,0,0,0,0,1
26,0,1,0,3.2516,0,1,0,0,6,0,0,0.0,0,0,0,0,0.15,1,0,0,0.0,0,1,2,0,1,11646.0,0,0,1,0,0,-1.0,-1,0.11,0,0,1,1,1,0.35225,0.03575,0,0,0,0,0,0,0,0,0,0,1
57,0,2,4,4.182,1,1,0,0,21,0,0,0.0,0,0,0,0,0.94,1,0,0,0.0,0,0,0,0,0,7.0,1,0,1,0,0,-1.0,-1,0.3656,0,0,1,1,1,0.01625,0.01125,0,0,0,0,0,0,0,0,0,0,1
22,0,1,0,3.2359,0,1,0,0,0,0,0,0.0,0,0,0,0,0.15,1,0,0,0.0,0,1,2,0,1,6996.0,0,0,1,1,0,76.0,0,0.1097,0,0,0,0,0,0.35225,0.058,0,1,0,0,0,0,0,0,0,0,0
32,0,1,0,3.1219,0,1,0,0,14,0,0,0.0833,1,0,1,0,0.55,1,0,0,0.0,0,0,0,0,0,-1.0,0,0,0,0,0,-1.0,-1,0.2608,1,1,1,1,1,0.00575,0.48675,0,0,0,0,0,0,0,0,0,0,1
48,3,3,0,3.7308,2,1,0,0,0,0,0,0.0833,1,0,1,0,0.35,1,0,0,0.0,0,1,2,0,0,-1.0,0,0,0,0,0,-1.0,0,0.2129,1,1,1,1,0,0.08025,0.48675,0,0,0,0,0,0,0,0,0,0,1
73,4,3,12,4.2913,2,0,0,0,0,0,0,0.1667,1,0,1,0,0.7,1,0,0,0.0,0,0,0,0,0,696.0,0,1,1,0,0,-1.0,-1,0.3625,0,0,1,1,1,0.0095,0.01175,0,0,0,0,0,0,0,0,0,0,1
23,0,2,0,2.8424,1,1,0,0,0,0,0,0.0,0,0,0,0,0.15,1,0,0,0.0,0,1,8,0,0,10548.0,0,0,1,1,0,50.0,0,0.1018,0,0,0,0,0,0.35225,0.036,1,0,0,0,0,0,0,0,0,0,0
89,8,3,12,4.4613,2,1,0,0,0,0,0,0.0,0,0,0,0,0.5,0,0,0,0.0,0,1,2,0,0,-1.0,0,0,0,1,0,63.0,0,0.2392,1,1,0,0,0,0.0995,0.48675,1,0,0,0,0,0,0,0,0,0,0
20,1,1,0,3.1219,0,0,0,0,3,0,0,0.0,0,0,0,0,0.15,1,0,0,0.0,0,0,0,0,0,4.0,1,0,1,0,0,-1.0,-1,0.1074,0,0,1,1,1,0.35225,0.00125,0,0,0,0,0,0,0,0,0,0,1
38,3,2,0,3.5097,1,0,0,0,0,0,0,0.0833,1,0,1,0,0.5,0,0,0,0.0,0,1,2,0,0,-1.0,0,0,0,1,0,47.0,0,0.2535,1,1,0,0,0,0.0995,0.48675,1,0,0,0,0,0,0,0,0,0,0
26,0,1,0,3.4613,0,0,0,0,0,0,0,0.0,0,0,0,0,0.9,1,0,0,0.0,0,0,0,0,0,9.0,1,1,1,0,0,-1.0,-1,0.3392,0,0,1,1,1,0.00575,0.0035,0,0,0,0,0,0,0,0,0,0,1
49,0,2,0,3.5216,1,1,0,0,27,0,0,0.0,0,0,0,0,0.5,0,0,0,0.0,0,1,1,0,0,2364.0,0,0,1,1,0,61.0,0,0.2204,0,0,0,0,0,0.00125,0.0005,0,1,0,0,0,0,0,0,0,0,0
32,0,1,0,3.3927,0,1,0,0,10,0,0,0.0,0,0,0,0,0.15,1,0,0,0.0,0,1,2,0,0,88.0,0,0,1,1,0,60.0,0,0.1129,0,0,0,0,0,0.35225,0.0045,0,1,0,0,0,0,0,0,0,0,0
22,0,2,5,3.3927,1,1,0,0,0,0,0,0.0,0,0,0,0,0.15,1,0,0,0.0,0,0,0,0,0,-1.0,0,0,0,0,0,-1.0,-1,0.1129,1,1,1,1,1,0.35225,0.48675,0,0,0,0,0,0,0,0,0,0,1
31,0,1,0,2.585,0,1,0,0,17,0,0,0.0,0,0,0,0,0.15,1,0,0,0.0,0,1,4,0,1,-1.0,0,0,0,1,0,131.0,0,0.0967,1,1,0,0,0,0.35225,0.48675,0,0,0,1,0,0,0,0,0,0,0
38,0,1,0,3.2389,0,1,0,0,17,0,0,0.0,0,0,0,0,0.5,0,0,0,0.0,0,0,0,0,1,5112.0,0,0,1,0,0,-1.0,-1,0.2148,0,0,1,1,1,0.02275,0.012,0,0,0,0,0,0,0,0,0,0,1
85,0,2,0,3.8638,1,1,0,0,40,0,1,0.0,0,0,0,0,0.15,1,0,0,0.0,0,1,2,0,0,-1.0,0,0,0,1,0,83.0,0,0.1223,1,1,0,0,0,0.35225,0.48675,1,0,0,0,0,0,0,0,0,0,0
29,0,1,0,3.368,0,0,0,0,0,0,0,0.0,0,0,0,0,0.15,1,0,0,0.0,0,0,0,0,0,4.0,1,0,1,0,0,-1.0,-1,0.1124,0,0,1,1,1,0.35225,0.0005,0,0,0,0,0,0,0,0,0,0,1
56,0,2,2,3.9022,1,0,0,0,22,0,0,0.0,0,0,0,0,0.28,1,0,0,0.0,0,1,4,0,0,-1.0,0,0,0,1,0,31.0,0,0.162,1,1,0,0,0,0.0545,0.48675,0,1,0,0,0,0,0,0,0,0,0
38,2,2,0,3.552,1,1,0,0,0,0,0,0.0833,1,0,1,0,0.5,0,0,0,0.0,0,1,2,0,0,-1.0,0,0,0,1,0,47.0,0,0.2544,1,1,0,0,0,0.0995,0.48675,1,0,0,0,0,0,0,0,0,0,0
32,1,1,0,3.3927,0,1,0,0,11,0,0,0.0,0,0,0,0,0.15,1,0,0,0.0,0,1,1,0,1,3261.0,0,0,1,1,0,162.0,0,0.1129,0,0,0,0,0,0.35225,0.0045,0,0,0,0,0,1,0,0,0,0,0
23,0,2,0,3.0391,1,1,0,0,0,0,0,0.0,0,0,0,0,0.28,1,0,0,0.0,0,1,1,0,0,5300.0,0,0,1,1,0,77.0,0,0.1448,0,0,0,0,0,0.0545,0.03575,0,1,0,0,0,0,0,0,0,0,0
47,2,2,6,4.0079,1,1,0,0,0,0,0,0.0833,1,0,1,0,0.35,1,0,0,0.0,0,1,2,0,0,-1.0,0,0,0,1,0,31.0,0,0.2185,1,1,0,0,0,0.08025,0.48675,0,1,0,0,0,0,0,0,0,0,0
26,0,1,0,3.3083,0,1,0,0,0,0,0,0.0,0,0,0,0,0.5,0,0,0,0.0,0,1,2,0,0,3017.0,0,1,1,1,0,45.0,0,0.2162,0,0,0,0,0,0.0005,0.0035,0,1,0,0,0,0,0,0,0,0,0
27,0,1,0,3.3264,0,1,0,0,0,0,0,0.0,0,0,0,0,0.15,1,0,0,0.0,0,1,2,0,1,2988.0,0,0,1,1,0,61.0,0,0.1115,0,0,0,0,0,0.35225,0.03575,1,0,0,0,0,0,0,0,0,0,0
24,0,2,0,3.1219,1,1,0,0,6,0,0,0.0833,1,0,1,0,0.5,0,0,0,0.0,0,1,1,0,0,8123.0,0,0,1,1,0,2.0,0,0.2458,1,0,0,0,0,0.00925,0.48675,0,1,0,0,0,0,0,0,0,0,0
53,0,1,1,2.585,0,1,0,0,39,0,0,0.0833,1,0,1,0,0.2,1,0,0,0.0,0,1,2,0,1,6834.0,0,0,1,1,0,45.0,0,0.145,0,0,0,0,0,0.0055,0.00175,0,1,0,0,0,0,0,0,0,0,0
96,1,2,0,3.903,1,1,0,0,33,1,2,0.1667,2,0,2,0,0.5,0,0,0,0.0,0,0,0,0,0,-1.0,0,0,0,0,0,-1.0,-1,0.2947,1,1,1,1,1,0.02275,0.48675,0,0,0,0,0,0,0,0,0,0,1
47,4,2,3,4.4455,1,0,0,0,0,0,0,0.0,0,0,0,0,0.5,0,0,0,0.0,0,1,2,0,0,-1.0,0,0,0,1,0,83.0,0,0.2389,1,1,0,0,0,0.0995,0.48675,1,0,0,0,0,0,0,0,0,0,0
36,0,1,0,2.8454,0,1,0,0,7,1,2,0.0,0,0,0,0,0.15,1,0,0,0.0,0,1,1,0,1,10149.0,0,0,1,0,0,-1.0,-1,0.1019,0,0,1,1,1,0.35225,0.00025,0,0,0,0,0,0,0,0,0,0,1
34,0,1,0,2.585,0,1,0,0,7,1,2,0.0,0,0,0,0,0.5,0,0,0,0.0,0,1,1,0,1,8222.0,0,0,1,0,0,-1.0,-1,0.2017,0,0,1,1,1,0.02275,0.012,0,0,0,0,0,0,0,0,0,0,1
43,0,2,2,3.7255,1,1,0,0,17,0,1,0.0,0,0,0,0,0.28,1,0,0,0.0,0,1,4,0,0,-1.0,0,0,0,1,0,31.0,0,0.1585,1,1,0,0,0,0.0545,0.48675,0,1,0,0,0,0,0,0,0,0,0
28,1,2,0,3.3919,1,1,0,0,0,0,0,0.0,0,0,0,0,0.15,1,0,0,0.0,0,1,2,0,0,-1.0,0,0,0,1,0,50.0,0,0.1128,1,1,0,0,0,0.35225,0.48675,1,0,0,0,0,0,0,0,0,0,0
30,0,1,0,3.8209,0,1,0,0,0,0,0,0.0,0,0,0,0,0.15,1,0,0,0.0,0,1,1,0,0,275.0,0,0,1,1,0,87.0,0,0.1214,0,0,0,0,0,0.35225,0.03575,0,1,0,0,0,0,0,0,0,0,0
55,2,1,0,3.8477,0,1,0,0,7,1,2,0.0,0,0,0,0,0.5,0,0,0,0.0,0,1,1,0,0,-1.0,0,0,0,1,0,50.0,0,0.227,1,1,0,0,0,0.00025,0.48675,1,0,0,0,0,0,0,0,0,0,0
24,0,2,0,2.8402,1,1,0,0,0,0,0,0.0,0,0,0,0,0.15,1,0,0,0.0,0,1,1,0,0,7474.0,0,0,1,1,0,82.0,0,0.1018,0,0,0,0,0,0.35225,0.058,0,1,0,0,0,0,0,0,0,0,0
74,0,1,0,0.7554,0,1,0,0,0,0,0,0.0,0,0,0,0,0.15,1,0,0,0.0,0,1,3,0,1,2656.0,0,0,1,0,0,-1.0,0,0.0601,0,0,1,1,0,0.35225,0.058,0,0,0,0,0,0,0,0,0,0,1
30,0,2,0,3.4714,1,1,0,0,3,0,0,0.0,0,0,0,0,0.15,1,0,0,0.0,0,1,3,0,0,5163.0,0,0,1,1,0,159.0,0,0.1144,0,0,0,0,0,0.35225,0.00075,0,0,0,0,1,0,0,0,0,0,0
145,0,2,0,3.4528,1,1,0,0,120,0,0,0.0,0,0,0,0,0.5,0,0,0,0.0,0,0,0,0,0,305.0,0,0,1,0,0,-1.0,-1,0.2191,1,0,1,1,1,0.00925,0.48675,0,0,0,0,0,0,0,0,0,0,1
29,0,1,0,2.8074,0,1,0,0,14,0,0,0.0,0,0,0,0,0.5,0,0,0,0.0,0,1,2,0,1,-1.0,0,0,0,1,0,205.0,0,0.2061,1,1,0,0,0,0.00975,0.48675,0,0,0,0,0,0,0,0,0,0,0
24,0,1,0,2.9219,0,1,0,0,6,0,0,0.1667,2,0,2,0,0.5,0,0,0,0.0,0,1,2,0,1,-1.0,0,0,0,1,0,33.0,0,0.2751,1,1,0,0,0,0.00225,0.48675,1,0,0,0,0,0,0,0,0,0,0
33,0,3,0,3.4387,2,1,0,0,0,0,0,0.0,0,0,0,0,0.68,1,0,0,0.0,0,0,0,0,0,1457.0,0,0,1,0,0,-1.0,-1,0.2728,0,0,1,1,1,0.002,0.058,0,0,0,0,0,0,0,0,0,0,1
45,1,1,0,3.5945,0,1,0,0,16,0,0,0.0,0,0,0,0,0.15,1,0,0,0.0,0,1,3,0,1,9403.0,0,0,1,1,0,63.0,0,0.1169,0,0,0,0,0,0.35225,0.058,1,0,0,0,0,0,0,0,0,0,0
29,0,2,6,3.166,1,1,0,0,0,0,0,0.0,0,0,0,0,0.5,0,0,0,0.0,0,1,2,0,0,-1.0,0,0,0,1,0,86.0,0,0.2133,1,1,0,0,0,0.0995,0.48675,1,0,0,0,0,0,0,0,0,0,0
45,0,2,3,3.882,1,1,0,0,13,0,0,0.0,0,0,0,0,0.28,1,0,0,0.0,0,1,4,0,0,-1.0,0,0,0,1,0,31.0,0,0.1616,1,1,0,0,0,0.0545,0.48675,0,1,0,0,0,0,0,0,0,0,0
32,1,2,0,3.7679,1,0,0,0,0,0,0,0.0,0,0,0,0,0.15,1,0,0,0.0,0,1,1,0,0,-1.0,0,0,0,1,0,50.0,0,0.1204,1,1,0,0,0,0.35225,0.48675,1,0,0,0,0,0,0,0,0,0,0
25,0,2,0,3.4528,1,1,0,0,0,0,0,0.0,0,0,0,0,0.15,1,0,0,0.0,0,1,1,0,1,4295.0,0,0,1,1,0,76.0,0,0.1141,0,0,0,0,0,0.35225,0.058,0,1,0,0,0,0,0,0,0,0,0
49,4,2,2,4.2595,1,0,0,0,0,0,0,0.0,0,0,0,0,0.5,0,0,0,0.0,0,1,2,0,0,-1.0,0,0,0,1,0,77.0,0,0.2352,1,1,0,0,0,0.0995,0.48675,1,0,0,0,0,0,0,0,0,0,0
30,0,1,0,2.585,0,1,0,0,16,0,0,0.1667,2,0,2,0,0.5,0,0,0,0.0,0,1,1,0,0,11536.0,0,0,1,1,0,48.0,0,0.2684,1,0,0,0,0,0.00925,0.48675,0,0,0,0,0,1,0,0,0,0,0
19,0,1,0,3.2776,0,1,0,0,0,0,0,0.25,1,1,0,0,0.15,1,0,0,0.0,0,1,2,0,1,6009.0,0,1,1,1,0,77.0,0,0.2106,0,0,0,0,0,0.35225,0.01575,1,0,0,0,0,0,0,0,0,0,0
27,0,2,0,3.4194,1,1,0,0,0,0,0,0.0,0,0,0,0,0.15,1,0,0,0.0,0,1,2,0,0,7431.0,0,0,1,1,0,37.0,0,0.1134,0,0,0,0,0,0.35225,0.036,0,1,0,0,0,0,0,0,0,0,0
56,3,2,3,4.2116,1,1,0,0,0,0,0,0.4167,4,0,4,0,0.35,1,0,0,0.0,0,1,2,0,0,-1.0,0,0,0,1,0,55.0,0,0.3559,1,1,0,0,0,0.08025,0.48675,1,0,0,0,0,0,0,0,0,0,0
40,2,2,6,4.2445,1,1,0,0,0,0,0,0.0833,1,0,1,0,0.35,1,0,0,0.0,0,1,2,0,0,-1.0,0,0,0,1,0,31.0,0,0.2232,1,1,0,0,0,0.08025,0.48675,0,1,0,0,0,0,0,0,0,0,0
29,0,2,0,3.5069,1,1,0,0,6,0,0,0.0,0,0,0,0,0.5,0,0,0,0.0,0,1,1,0,0,10338.0,0,0,1,1,0,240.0,0,0.2201,1,0,0,0,0,0.00875,0.48675,0,0,0,0,0,1,0,0,0,0,0
50,0,2,0,3.5766,1,0,0,0,24,0,0,0.0,0,0,0,0,0.65,1,0,0,0.0,0,1,2,0,0,2649.0,0,0,1,1,0,67.0,0,0.2665,0,0,0,0,0,0.0025,0.03575,0,1,0,0,0,0,0,0,0,0,0
42,2,2,4,4.1973,1,0,0,0,0,0,0,0.0833,1,0,1,0,0.35,1,0,0,0.0,0,1,2,0,0,-1.0,0,0,0,1,0,229.0,0,0.2223,1,1,0,0,0,0.08025,0.48675,0,0,0,0,0,0,0,0,0,0,0
31,0,3,0,3.4358,2,1,0,0,0,0,0,0.0833,1,0,1,0,0.5,0,0,0,0.0,0,1,1,0,0,-1.0,0,0,0,1,0,121.0,0,0.252,1,1,0,0,0,0.002,0.48675,0,0,0,0,0,0,0,0,0,1,0
22,0,2,0,3.2359,1,1,0,0,0,0,0,0.0,0,0,0,0,0.5,0,0,0,0.0,0,1,1,0,1,10958.0,0,0,1,1,0,56.0,0,0.2147,0,0,0,0,0,0.009,0.00075,0,1,0,0,0,0,0,0,0,0,0
22,1,2,0,3.3788,1,1,0,0,0,0,0,0.0,0,0,0,0,0.5,0,0,0,0.0,0,1,3,0,1,5738.0,0,0,1,1,0,38.0,0,0.2176,0,0,0,0,0,0.00025,0.00025,1,0,0,0,0,0,0,0,0,0,0
26,0,2,0,3.3921,1,1,0,0,0,0,0,0.0,0,0,0,0,0.5,0,0,0,0.0,0,1,2,0,0,-1.0,0,0,1,1,0,87.0,0,0.2178,0,1,0,0,0,0.00175,0.00025,0,0,0,0,1,0,0,0,0,0,0
18,0,1,0,3.3219,0,1,0,0,0,0,0,0.0,0,0,0,0,0.15,1,0,0,0.0,0,1,4,0,1,-1.0,0,0,0,1,0,55.0,0,0.1114,1,1,0,0,0,0.35225,0.48675,0,0,0,1,0,0,0,0,0,0,0
40,1,2,3,3.3278,1,1,0,0,16,0,0,0.0,0,0,0,0,0.5,0,0,0,0.0,0,0,0,0,0,-1.0,0,0,0,0,0,-1.0,-1,0.2166,1,1,1,1,1,0.00075,0.48675,0,0,0,0,0,0,0,0,0,0,1
35,0,2,0,3.2389,1,1,0,0,14,0,0,0.0,0,0,0,0,0.5,0,0,0,0.0,0,0,0,0,0,-1.0,0,0,1,0,0,-1.0,-1,0.2148,0,1,1,1,1,0.00125,0.00075,0,0,0,0,0,0,0,0,0,0,1
13,0,1,0,1.9219,0,1,0,0,0,0,0,0.0,0,0,0,0,0.5,0,0,0,0.0,0,1,6,0,0,8307.0,0,0,1,1,0,67.0,0,0.1884,0,0,0,0,0,0.02275,0.012,0,1,0,0,0,0,0,0,0,0,0
30,0,2,0,3.4992,1,1,0,0,0,0,0,0.0,0,0,0,0,0.15,1,0,0,0.0,0,1,2,0,0,10734.0,0,0,1,1,0,59.0,0,0.115,0,0,0,0,0,0.35225,0.0035,1,0,0,0,0,0,0,0,0,0,0
22,0,2,0,3.182,1,1,0,0,0,0,0,0.0,0,0,0,0,0.15,1,0,0,0.0,0,1,7,0,0,8299.0,0,0,1,1,0,51.0,0,0.1086,0,0,0,0,0,0.35225,0.00275,0,0,0,0,0,1,0,0,0,0,0
20,0,2,2,3.0221,1,0,0,0,0,0,0,0.0,0,0,0,0,0.5,0,0,0,0.0,0,0,0,0,0,64.0,0,0,1,0,0,-1.0,-1,0.2104,0,0,1,1,1,0.00375,0.00225,0,0,0,0,0,0,0,0,0,0,1
30,0,1,0,2.75,0,1,0,0,14,0,0,0.0,0,0,0,0,0.5,0,0,0,0.0,0,1,1,0,1,-1.0,0,0,0,1,0,8.0,0,0.205,1,1,0,0,0,0.01075,0.48675,0,1,0,0,0,0,0,0,0,0,0
42,8,2,0,3.6882,1,1,0,0,0,0,0,0.0833,1,0,1,0,0.28,1,0,0,0.0,0,1,2,0,0,4834.0,0,0,1,1,0,81.0,0,0.1911,0,0,0,0,0,0.0545,0.036,1,0,0,0,0,0,0,0,0,0,0
21,0,1,0,3.7004,0,1,0,0,0,0,0,0.0,0,0,0,0,0.15,1,0,0,0.0,0,1,1,0,0,4100.0,0,0,1,1,0,80.0,0,0.119,0,0,0,0,0,0.35225,0.00975,0,1,0,0,0,0,0,0,0,0,0
49,4,2,2,4.3267,1,0,0,0,0,0,0,0.0,0,0,0,0,0.5,0,0,0,0.0,0,1,2,0,0,-1.0,0,0,0,1,0,77.0,0,0.2365,1,1,0,0,0,0.0995,0.48675,1,0,0,0,0,0,0,0,0,0,0
70,0,3,0,3.7647,2,1,0,0,32,0,0,0.0,0,0,0,0,0.15,1,0,0,0.0,0,0,0,0,1,4029.0,0,0,1,0,0,-1.0,-1,0.1203,0,0,1,1,1,0.35225,0.0025,0,0,0,0,0,0,0,0,0,0,1
28,0,1,0,3.0931,0,1,0,0,6,0,0,0.0,0,0,0,0,0.22,1,0,0,0.0,0,0,0,0,0,3361.0,0,0,1,0,0,-1.0,-1,0.1279,0,0,1,1,1,0.0405,0.00325,0,0,0,0,0,0,0,0,0,0,1
18,0,1,0,3.3219,0,1,0,0,0,0,0,0.0,0,0,0,0,0.15,1,0,0,0.0,0,1,2,0,1,5447.0,0,0,1,1,0,69.0,0,0.1114,0,0,0,0,0,0.35225,0.004,1,0,0,0,0,0,0,0,0,0,0
47,4,2,2,4.386,1,1,0,0,0,0,0,0.0,0,0,0,0,0.5,0,0,0,0.0,0,1,2,0,0,-1.0,0,0,0,1,0,78.0,0,0.2377,1,1,0,0,0,0.0995,0.48675,1,0,0,0,0,0,0,0,0,0,0
33,0,2,0,3.2679,1,1,0,0,0,0,0,0.0,0,0,0,0,0.28,1,0,0,0.0,0,1,2,0,0,4834.0,0,0,1,1,0,81.0,0,0.1494,0,0,0,0,0,0.0545,0.036,1,0,0,0,0,0,0,0,0,0,0
32,0,2,0,3.6054,1,1,0,0,0,0,0,0.0,0,0,0,0,0.15,1,0,0,0.0,0,1,1,0,0,4497.0,0,0,1,1,0,18.0,0,0.1171,0,0,0,0,0,0.35225,0.03575,0,1,0,0,0,0,0,0,0,0,0
26,0,2,0,3.3083,1,1,0,0,0,0,0,0.0,0,0,0,0,0.15,1,0,0,0.0,0,1,3,0,0,10007.0,0,0,1,1,0,46.0,0,0.1112,0,0,0,0,0,0.35225,0.03575,1,0,0,0,0,0,0,0,0,0,0
21,0,2,0,2.6464,1,1,0,0,3,0,0,0.0833,1,0,1,0,0.5,0,0,0,0.0,0,1,2,0,0,9950.0,0,0,1,1,0,86.0,0,0.2362,0,0,0,0,0,0.00525,0.00025,1,0,0,0,0,0,0,0,0,0,0
52,0,2,0,3.7544,1,1,0,0,21,0,0,0.0,0,0,0,0,0.5,0,0,0,0.0,0,0,0,0,1,1416.0,0,0,1,0,0,-1.0,-1,0.2251,1,0,1,1,1,0.00925,0.48675,0,0,0,0,0,0,0,0,0,0,1
14,0,1,0,2.585,0,1,0,0,0,0,0,0.3333,4,0,4,0,0.5,0,0,0,0.0,0,1,1,0,0,-1.0,0,0,0,1,0,39.0,0,0.335,1,1,0,0,0,0.00175,0.48675,0,0,0,0,0,0,0,0,0,0,0
24,0,1,0,2.9219,0,1,0,0,6,0,0,0.0,0,0,0,0,0.22,1,0,0,0.0,0,1,1,0,0,3295.0,0,1,1,0,0,-1.0,0,0.1244,0,0,1,1,0,0.0405,0.00325,0,0,0,0,0,0,0,0,0,0,1
17,0,1,0,2.7255,0,1,0,0,0,0,0,0.0,0,0,0,0,0.28,1,0,0,0.0,0,1,1,0,1,1567.0,0,0,1,1,0,41.0,0,0.1385,0,0,0,0,0,0.0545,0.00325,0,1,0,0,0,0,0,0,0,0,0
19,0,1,0,2.3219,0,1,0,0,6,0,0,0.0833,1,0,1,0,0.5,0,0,0,0.0,0,0,0,0,1,-1.0,0,0,0,0,0,-1.0,-1,0.2298,1,1,1,1,1,0.0005,0.48675,0,0,0,0,0,0,0,0,0,0,1
34,2,2,0,3.5035,1,0,0,0,0,0,0,0.1667,2,0,2,0,0.5,0,0,0,0.0,0,1,2,0,0,-1.0,0,0,0,1,0,46.0,0,0.2868,1,1,0,0,0,0.0995,0.48675,1,0,0,0,0,0,0,0,0,0,0
17,0,1,0,2.9477,0,1,0,0,0,0,0,0.0,0,0,0,0,0.15,1,0,0,0.0,0,1,2,0,0,1855.0,0,0,1,1,0,71.0,0,0.104,0,0,0,0,0,0.35225,0.03575,1,0,0,0,0,0,0,0,0,0,0
47,4,2,2,4.4585,1,1,0,0,0,0,0,0.0,0,0,0,0,0.5,0,0,0,0.0,0,1,2,0,0,-1.0,0,0,0,1,0,78.0,0,0.2392,1,1,0,0,0,0.0995,0.48675,1,0,0,0,0,0,0,0,0,0,0
28,0,1,0,3.2776,0,1,0,0,9,0,0,0.0,0,0,0,0,0.15,1,0,0,0.0,0,1,1,0,0,6630.0,0,0,1,1,0,38.0,0,0.1106,0,0,0,0,0,0.35225,0.00025,0,1,0,0,0,0,0,0,0,0,0
39,0,2,0,3.7811,1,1,0,0,0,0,0,0.0833,1,0,1,0,0.35,1,0,0,0.0,0,1,2,0,0,-1.0,0,0,0,1,0,229.0,0,0.2139,1,1,0,0,0,0.08025,0.48675,0,0,0,0,0,0,0,0,0,0,0
38,0,2,0,3.182,1,1,0,0,16,0,0,0.0,0,0,0,0,0.5,0,0,0,0.0,0,1,1,0,0,1568.0,0,0,1,0,0,-1.0,-1,0.2136,0,0,1,1,1,0.00175,0.058,0,0,0,0,0,0,0,0,0,0,1
24,0,2,0,3.1899,1,1,0,0,0,0,0,0.0,0,0,0,0,0.15,1,0,0,0.0,0,1,2,0,0,12184.0,0,1,1,1,0,57.0,0,0.1088,0,0,0,0,0,0.35225,0.01575,1,0,0,0,0,0,0,0,0,0,0
86,0,2,1,3.6425,1,1,0,0,54,0,0,0.0,0,0,0,0,0.28,1,0,0,0.0,0,1,1,0,0,-1.0,0,0,0,0,0,-1.0,0,0.1569,1,1,1,1,0,0.0545,0.48675,0,0,0,0,0,0,0,0,0,0,1
48,0,2,4,4.0439,1,0,0,0,0,0,0,0.0,0,0,0,0,0.15,1,0,0,0.0,0,1,2,0,0,-1.0,0,0,0,1,0,50.0,0,0.1259,1,1,0,0,0,0.35225,0.48675,1,0,0,0,0,0,0,0,0,0,0
71,0,1,0,3.4714,0,0,0,0,45,0,1,0.0,0,0,0,0,0.15,1,0,0,0.0,0,0,0,0,1,-1.0,0,0,0,0,0,-1.0,-1,0.1144,1,1,1,1,1,0.35225,0.48675,0,0,0,0,0,0,0,0,0,0,1
31,0,1,0,3.7345,0,1,0,0,6,0,0,0.0,0,0,0,0,0.15,1,0,0,0.0,0,1,2,0,0,5427.0,0,0,1,0,0,-1.0,0,0.1197,0,0,1,1,0,0.35225,0.00975,0,0,0,0,0,0,0,0,0,0,1
85,0,2,1,3.6425,1,1,0,0,53,0,0,0.0,0,0,0,0,0.28,1,0,0,0.0,0,1,1,0,0,-1.0,0,0,0,0,0,-1.0,0,0.1569,1,1,1,1,0,0.0545,0.48675,0,0,0,0,0,0,0,0,0,0,1
44,1,2,3,3.8035,1,1,0,0,12,0,0,0.0833,1,0,1,0,0.28,1,0,0,0.0,0,1,4,0,0,-1.0,0,0,0,1,0,31.0,0,0.1934,1,1,0,0,0,0.0545,0.48675,0,1,0,0,0,0,0,0,0,0,0
35,0,1,0,3.0,0,1,0,0,19,0,0,0.0,0,0,0,0,0.15,1,0,0,0.0,0,1,1,0,0,919.0,0,1,1,0,0,-1.0,0,0.105,0,0,1,1,0,0.35225,0.058,0,0,0,0,0,0,0,0,0,0,1
20,0,1,0,3.585,0,1,0,0,0,0,0,0.0,0,0,0,0,0.15,1,0,0,0.0,0,1,2,0,1,8733.0,0,0,1,1,0,70.0,0,0.1167,0,0,0,0,0,0.35225,0.03575,1,0,0,0,0,0,0,0,0,0,0
27,0,2,0,3.3921,1,1,0,0,0,0,0,0.0,0,0,0,0,0.15,1,0,0,0.0,0,1,3,0,0,12149.0,0,0,1,1,0,81.0,0,0.1128,0,0,0,0,0,0.35225,0.036,0,0,0,0,0,0,0,0,0,0,0
25,0,2,1,3.4528,1,1,0,0,0,0,0,0.0,0,0,0,0,0.15,1,0,0,0.0,0,1,2,0,0,7431.0,0,0,1,1,0,37.0,0,0.1141,0,0,0,0,0,0.35225,0.0155,0,1,0,0,0,0,0,0,0,0,0
43,0,2,0,4.1859,1,0,0,0,0,0,0,0.0,0,0,0,0,0.15,1,0,0,0.0,0,1,1,0,0,183.0,0,1,1,0,0,-1.0,0,0.1287,0,0,1,1,0,0.35225,0.01225,0,0,0,0,0,0,0,0,0,0,1
29,0,2,2,3.5585,1,0,0,0,0,0,0,0.0,0,0,0,0,0.5,0,0,0,0.0,0,1,2,0,0,-1.0,0,0,0,1,0,54.0,0,0.2212,1,1,0,0,0,0.0995,0.48675,0,1,0,0,0,0,0,0,0,0,0
19,0,1,0,2.8454,0,1,0,0,0,0,0,0.0,0,0,0,0,0.15,1,0,0,0.0,0,0,0,0,0,-1.0,0,0,0,0,0,-1.0,-1,0.1019,1,1,1,1,1,0.35225,0.48675,0,0,0,0,0,0,0,0,0,0,1
24,0,2,0,3.3232,1,1,0,0,0,0,0,0.0,0,0,0,0,0.15,1,0,0,0.0,0,1,1,0,0,-1.0,0,0,0,1,0,192.0,0,0.1115,1,1,0,0,0,0.35225,0.48675,0,0,0,0,0,0,0,0,0,0,0
89,6,3,13,4.4404,2,1,0,0,0,0,0,0.0,0,0,0,0,0.5,0,0,0,0.0,0,1,1,0,0,-1.0,0,0,0,1,0,30.0,0,0.2388,1,1,0,0,0,0.002,0.48675,0,1,0,0,0,0,0,0,0,0,0
51,2,2,0,4.1486,1,1,0,0,0,1,2,0.0,0,0,0,0,0.15,1,0,0,0.0,0,1,2,0,0,-1.0,0,0,0,1,0,50.0,0,0.128,1,1,0,0,0,0.35225,0.48675,1,0,0,0,0,0,0,0,0,0,0
30,1,2,0,3.516,1,0,0,0,0,0,0,0.1667,2,0,2,0,0.35,1,0,0,0.0,0,1,2,0,0,-1.0,0,0,0,1,0,55.0,0,0.242,1,1,0,0,0,0.08025,0.48675,1,0,0,0,0,0,0,0,0,0,0
48,2,2,2,3.7835,1,1,0,0,14,0,0,0.0,0,0,0,0,0.28,1,0,0,0.0,0,1,4,0,0,-1.0,0,0,0,1,0,31.0,0,0.1597,1,1,0,0,0,0.0545,0.48675,0,1,0,0,0,0,0,0,0,0,0
24,0,2,0,3.0566,1,1,0,0,0,0,0,0.0,0,0,0,0,0.15,1,0,0,0.0,0,1,2,0,0,-1.0,0,0,0,1,0,35.0,0,0.1061,1,1,0,0,0,0.35225,0.48675,1,0,0,0,0,0,0,0,0,0,0
23,0,1,0,2.6416,0,1,0,0,6,0,0,0.0,0,0,0,0,0.15,1,0,0,0.0,0,1,2,0,1,10911.0,0,1,1,1,0,67.0,0,0.0978,0,0,0,0,0,0.35225,0.058,1,0,0,0,0,0,0,0,0,0,0
19,0,1,0,3.0958,0,1,0,0,0,0,0,0.0,0,0,0,0,0.15,1,0,0,0.0,0,1,1,0,1,4525.0,0,0,1,1,0,152.0,0,0.1069,0,0,0,0,0,0.35225,0.0045,0,0,0,0,1,0,0,0,0,0,0
30,1,2,0,3.6538,1,1,0,0,0,0,0,0.0,0,0,0,0,0.5,0,0,0,0.0,0,1,2,0,0,-1.0,0,0,0,1,0,83.0,0,0.2231,1,1,0,0,0,0.0995,0.48675,0,1,0,0,0,0,0,0,0,0,0
18,0,1,0,2.8464,0,1,0,0,0,0,0,0.0,0,0,0,0,0.15,1,0,0,0.0,0,1,2,0,0,2699.0,0,1,1,1,0,65.0,0,0.1019,0,0,0,0,0,0.35225,0.058,1,0,0,0,0,0,0,0,0,0,0
139,0,3,0,3.1307,2,1,0,0,59,1,2,0.0,0,0,0,0,0.5,0,0,0,0.0,0,1,1,0,0,-1.0,0,0,0,0,0,-1.0,0,0.2126,1,1,1,1,0,0.012,0.48675,0,0,0,0,0,0,0,0,0,0,1
23,0,1,0,3.4566,0,1,0,0,0,0,0,0.0,0,0,0,0,0.15,1,0,0,0.0,0,1,1,0,0,10018.0,0,0,1,1,0,118.0,0,0.1141,0,0,0,0,0,0.35225,0.004,0,0,0,0,0,1,0,0,0,0,0
31,0,1,0,3.3816,0,1,0,0,6,0,0,0.0,0,0,0,0,0.15,1,0,0,0.0,0,1,4,0,1,-1.0,0,0,0,0,0,-1.0,-1,0.1126,1,1,1,1,1,0.35225,0.48675,0,0,0,0,0,0,0,0,0,0,1
42,0,2,4,3.9161,1,0,0,0,14,0,1,0.0,0,0,0,0,0.28,1,0,0,0.0,0,1,4,0,0,-1.0,0,0,0,1,0,31.0,0,0.1623,1,1,0,0,0,0.0545,0.48675,0,1,0,0,0,0,0,0,0,0,0
39,0,1,0,3.5069,0,1,0,0,16,0,0,0.0,0,0,0,0,0.15,1,0,0,0.0,0,1,2,0,1,8714.0,0,1,1,1,0,192.0,0,0.1151,0,0,0,0,0,0.35225,0.058,0,0,0,1,0,0,0,0,0,0,0
24,0,2,0,3.4566,1,1,0,0,0,0,0,0.0,0,0,0,0,0.15,1,0,0,0.0,0,1,2,0,0,10195.0,0,0,1,1,0,89.0,0,0.1141,0,0,0,0,0,0.35225,0.004,0,0,0,0,0,0,0,0,0,0,0
47,4,2,3,4.4136,1,0,0,0,0,0,0,0.0,0,0,0,0,0.5,0,0,0,0.0,0,1,2,0,0,-1.0,0,0,0,1,0,83.0,0,0.2383,1,1,0,0,0,0.0995,0.48675,1,0,0,0,0,0,0,0,0,0,0
18,0,2,0,2.6464,1,1,0,0,0,0,0,0.0833,1,0,1,0,0.5,0,0,0,0.0,0,1,2,0,0,10482.0,0,0,1,1,0,147.0,0,0.2362,0,0,0,0,0,0.00425,0.0005,0,0,0,0,1,0,0,0,0,0,0
146,0,3,0,3.1307,2,1,0,0,27,3,8,0.0,0,0,0,0,0.5,0,0,0,0.0,0,1,1,0,0,-1.0,0,0,0,0,0,-1.0,0,0.2126,1,1,1,1,0,0.012,0.48675,0,0,0,0,0,0,0,0,0,0,1
18,0,1,0,2.9219,0,1,0,0,0,0,0,0.0,0,0,0,0,0.1,1,0,0,0.0,0,1,1,0,1,8863.0,0,0,1,0,0,-1.0,-1,0.0884,0,0,1,1,1,0.02775,0.001,0,0,0,0,0,0,0,0,0,0,1
33,1,2,2,4.2137,1,0,0,0,0,0,0,0.0833,1,0,1,0,0.35,1,0,0,0.0,0,1,2,0,0,-1.0,0,0,0,1,0,229.0,0,0.2226,1,1,0,0,0,0.08025,0.48675,0,0,0,0,0,0,0,0,0,0,0
33,0,1,0,3.0,0,1,0,0,17,0,0,0.0,0,0,0,0,0.5,0,0,0,0.0,0,1,1,0,0,-1.0,0,0,0,1,0,240.0,0,0.21,1,1,0,0,0,0.02275,0.48675,0,0,0,0,0,1,0,0,0,0,0
52,0,3,0,3.0131,2,1,0,0,27,0,0,0.0,0,0,0,0,0.93,1,0,0,0.0,0,1,1,0,0,-1.0,0,0,0,0,0,-1.0,0,0.3393,1,1,1,1,0,0.00375,0.48675,0,0,0,0,0,0,0,0,0,0,1
35,0,1,0,3.0272,0,1,0,0,16,0,0,0.0,0,0,0,0,0.5,0,0,0,0.0,0,1,2,0,1,-1.0,0,0,0,1,0,65.0,0,0.2105,1,1,0,0,0,0.00025,0.48675,0,1,0,0,0,0,0,0,0,0,0
44,0,2,3,4.1042,1,0,0,0,0,0,0,0.0,0,0,0,0,0.68,1,0,0,0.0,0,1,2,0,0,1716.0,0,0,1,1,0,53.0,0,0.2861,0,0,0,0,0,0.002,0.0055,0,1,0,0,0,0,0,0,0,0,0
127,0,3,0,3.1307,2,1,0,0,47,1,2,0.0,0,0,0,0,0.5,0,0,0,0.0,0,1,1,0,0,56.0,0,0,1,1,0,38.0,0,0.2126,0,0,0,0,0,0.004,0.0035,0,1,0,0,0,0,0,0,0,0,0
17,0,1,0,3.1699,0,1,0,0,0,0,0,0.0,0,0,0,0,0.15,1,0,0,0.0,0,1,2,0,0,2656.0,0,0,1,0,0,-1.0,-1,0.1084,0,0,1,1,1,0.35225,0.00025,0,0,0,0,0,0,0,0,0,0,1
22,0,2,0,2.8731,1,1,0,0,0,0,0,0.0,0,0,0,0,0.15,1,0,0,0.0,0,1,1,0,0,9713.0,0,0,1,1,0,65.0,0,0.1025,0,0,0,0,0,0.35225,0.03575,1,0,0,0,0,0,0,0,0,0,0
47,2,2,6,4.1158,1,1,0,0,0,0,0,0.0833,1,0,1,0,0.35,1,0,0,0.0,0,1,2,0,0,-1.0,0,0,0,1,0,31.0,0,0.2206,1,1,0,0,0,0.08025,0.48675,0,1,0,0,0,0,0,0,0,0,0
40,0,1,0,3.6144,0,1,0,0,14,0,0,0.0,0,0,0,0,0.15,1,0,0,0.0,0,1,3,0,1,5545.0,0,0,1,0,0,-1.0,-1,0.1173,0,0,1,1,1,0.35225,0.00475,0,0,0,0,0,0,0,0,0,0,1
23,0,2,0,2.9502,1,1,0,0,0,0,0,0.0,0,0,0,0,0.15,1,0,0,0.0,0,1,1,0,0,8282.0,0,0,1,0,0,-1.0,-1,0.104,0,0,1,1,1,0.35225,0.00175,0,0,0,0,0,0,0,0,0,0,1
37,0,1,0,3.7871,0,0,0,0,10,0,0,0.0,0,0,0,0,0.1,1,0,0,0.0,0,1,2,0,0,466.0,0,0,1,1,0,36.0,0,0.1057,0,0,0,0,0,0.02775,0.058,1,0,0,0,0,0,0,0,0,0,0
129,1,2,0,3.8164,1,0,0,0,89,0,3,0.0,0,0,0,1,0.15,1,0,0,0.0,0,1,4,0,1,681.0,0,0,1,1,0,192.0,0,0.1213,0,0,0,0,0,0.35225,0.058,0,0,0,1,0,0,0,0,0,0,0
34,0,1,0,2.3219,0,1,0,0,16,0,0,0.0,0,0,0,0,0.5,0,0,0,0.0,0,0,0,0,1,3010.0,0,0,1,0,0,-1.0,-1,0.1964,1,0,1,1,1,0.00175,0.48675,0,0,0,0,0,0,0,0,0,0,1
34,0,3,0,3.4528,2,1,0,0,10,0,0,0.0,0,0,0,0,0.5,0,0,0,0.0,0,0,0,0,0,4832.0,0,0,1,0,0,-1.0,-1,0.2191,1,0,1,1,1,0.0015,0.48675,0,0,0,0,0,0,0,0,0,0,1
51,0,2,2,3.8279,1,0,0,0,21,0,0,0.0,0,0,0,0,0.28,1,0,0,0.0,0,1,4,0,0,-1.0,0,0,0,1,0,31.0,0,0.1606,1,1,0,0,0,0.0545,0.48675,0,1,0,0,0,0,0,0,0,0,0
29,0,2,0,3.271,1,1,0,0,0,0,0,0.0,0,0,0,0,0.22,1,0,0,0.0,0,1,3,0,0,3628.0,0,0,1,1,0,64.0,0,0.1314,0,0,0,0,0,0.0405,0.00975,1,0,0,0,0,0,0,0,0,0,0
39,0,1,0,2.9852,0,1,0,0,17,0,0,0.0833,1,0,1,0,0.03,1,0,0,0.0,0,1,2,0,1,9377.0,0,1,1,1,0,189.0,0,0.102,0,0,0,0,0,0.00325,0.0025,0,0,0,0,0,0,0,0,0,1,0
79,2,3,5,4.0062,2,1,0,0,41,0,0,0.0,0,0,0,0,0.15,1,0,0,0.0,0,1,4,0,0,3671.0,0,1,1,1,0,41.0,0,0.1251,0,0,0,0,0,0.35225,0.01575,0,1,0,0,0,0,0,0,0,0,0
26,0,2,1,3.7255,1,0,0,0,0,0,0,0.0833,1,0,1,0,0.35,1,0,0,0.0,0,1,2,0,0,-1.0,0,0,0,1,0,229.0,0,0.2128,1,1,0,0,0,0.08025,0.48675,0,0,0,0,0,0,0,0,0,0,0
30,0,1,0,3.585,0,1,0,0,10,0,0,0.0,0,0,0,0,0.15,1,0,0,0.0,0,0,0,0,0,317.0,0,1,1,0,0,-1.0,-1,0.1167,0,0,1,1,1,0.35225,0.058,0,0,0,0,0,0,0,0,0,0,1
45,0,2,0,3.6212,1,1,0,0,7,1,2,0.0,0,0,0,0,0.5,0,0,0,0.0,0,1,2,0,1,10021.0,0,0,1,1,0,71.0,0,0.2224,0,0,0,0,0,0.0025,0.00175,1,0,0,0,0,0,0,0,0,0,0
28,0,2,0,3.4714,1,1,0,0,0,0,0,0.0,0,0,0,0,0.15,1,0,0,0.0,0,1,1,0,0,7286.0,0,0,1,1,0,93.0,0,0.1144,0,0,0,0,0,0.35225,0.058,0,0,0,0,0,1,0,0,0,0,0
27,0,1,0,2.6464,0,1,0,0,9,0,0,0.0,0,0,0,0,0.02,1,0,0,0.0,0,0,0,0,0,12395.0,0,0,1,0,0,-1.0,-1,0.0589,1,0,1,1,1,0.0075,0.48675,0,0,0,0,0,0,0,0,0,0,1
44,4,2,2,3.9573,1,1,0,0,0,0,0,0.1667,2,0,2,0,0.35,1,0,0,0.0,0,1,2,0,0,-1.0,0,0,0,1,0,55.0,0,0.2508,1,1,0,0,0,0.08025,0.48675,1,0,0,0,0,0,0,0,0,0,0
39,1,1,0,3.3232,0,1,0,0,0,1,2,0.0833,1,0,1,0,0.35,1,0,0,0.0,0,0,0,0,0,-1.0,0,0,0,0,0,-1.0,-1,0.2048,1,1,1,1,1,0.08025,0.48675,0,0,0,0,0,0,0,0,0,0,1
30,0,1,1,3.3927,0,1,0,0,9,0,0,0.0,0,0,0,0,0.5,0,0,0,0.0,0,0,0,0,0,-1.0,0,0,0,0,0,-1.0,-1,0.2179,1,1,1,1,1,0.00025,0.48675,0,0,0,0,0,0,0,0,0,0,1
38,1,1,0,2.9502,0,1,0,0,16,0,0,0.0,0,0,0,0,0.5,0,0,0,0.0,0,1,1,0,1,8774.0,0,0,1,1,0,68.0,0,0.209,0,0,0,0,0,0.00525,0.00025,0,0,0,0,1,0,0,0,0,0,0
54,0,2,4,4.0888,1,0,0,0,24,0,0,0.0,0,0,0,0,0.28,1,0,0,0.0,0,1,4,0,0,-1.0,0,0,0,1,0,31.0,0,0.1658,1,1,0,0,0,0.0545,0.48675,0,1,0,0,0,0,0,0,0,0,0
26,0,2,3,3.6835,1,1,0,0,0,0,0,0.0833,1,0,1,0,0.03,1,0,0,0.0,0,1,4,0,0,9697.0,0,1,1,1,0,80.0,0,0.116,0,0,0,0,0,0.00325,0.0025,0,1,0,0,0,0,0,0,0,0,0
40,0,1,0,3.3788,0,1,0,0,17,0,0,0.0,0,0,0,0,0.88,1,0,0,0.0,0,1,1,0,1,-1.0,0,0,0,0,0,-1.0,-1,0.3316,1,1,1,1,1,0.00225,0.48675,0,0,0,0,0,0,0,0,0,0,1
36,1,2,2,3.9862,1,1,0,0,0,0,0,0.0,0,0,0,0,0.15,1,0,0,0.0,0,0,0,0,0,73.0,0,0,1,0,0,-1.0,-1,0.1247,0,0,1,1,1,0.35225,0.03575,0,0,0,0,0,0,0,0,0,0,1
27,0,1,0,2.3219,0,1,0,0,14,0,0,0.0,0,0,0,0,0.5,0,0,0,0.0,0,1,1,0,1,8895.0,0,0,1,0,0,-1.0,-1,0.1964,0,0,1,1,1,0.00125,0.0005,0,0,0,0,0,0,0,0,0,0,1
34,1,1,0,3.3736,0,1,0,0,11,0,0,0.0,0,0,0,0,0.5,0,0,0,0.0,0,1,4,0,1,3960.0,0,0,1,1,0,38.0,0,0.2175,0,0,0,0,0,0.0035,0.001,0,1,0,0,0,0,0,0,0,0,0
35,0,1,0,3.2776,0,1,0,0,16,0,0,0.0,0,0,0,0,0.5,0,0,0,0.0,0,1,1,0,1,1633.0,0,0,1,1,0,81.0,0,0.2156,0,0,0,0,0,0.001,0.0045,0,0,0,0,0,1,0,0,0,0,0
23,0,2,0,3.1069,1,1,0,0,0,0,0,0.0,0,0,0,0,0.15,1,0,0,0.0,0,1,1,0,1,7472.0,0,0,1,1,0,113.0,0,0.1071,0,0,0,0,0,0.35225,0.00975,0,0,0,0,0,1,0,0,0,0,0
58,3,2,5,3.8485,1,1,0,0,0,0,0,0.0833,1,0,1,0,0.35,1,0,0,0.0,0,1,1,0,0,-1.0,0,0,0,1,0,66.0,0,0.2153,1,1,0,0,0,0.08025,0.48675,1,0,0,0,0,0,0,0,0,0,0
45,2,2,2,4.1008,1,0,0,0,0,0,0,0.0833,1,0,1,0,0.35,1,0,0,0.0,0,1,2,0,0,-1.0,0,0,0,1,0,229.0,0,0.2203,1,1,0,0,0,0.08025,0.48675,0,0,0,0,0,0,0,0,0,0,0
23,0,2,7,3.5069,1,0,0,0,0,0,0,0.0,0,0,0,0,0.5,0,0,0,0.0,0,1,1,0,1,-1.0,0,0,0,1,0,227.0,0,0.2201,1,1,0,0,0,0.02275,0.48675,0,0,0,0,0,1,0,0,0,0,0
50,4,2,2,4.473,1,1,0,0,0,0,0,0.0,0,0,0,0,0.5,0,0,0,0.0,0,1,2,0,0,-1.0,0,0,0,1,0,78.0,0,0.2395,1,1,0,0,0,0.0995,0.48675,1,0,0,0,0,0,0,0,0,0,0
41,0,3,2,3.9681,2,1,0,0,0,0,0,0.0,0,0,0,0,0.15,1,0,0,0.0,0,1,2,0,0,-1.0,0,0,0,0,0,-1.0,0,0.1244,1,1,1,1,0,0.35225,0.48675,0,0,0,0,0,0,0,0,0,0,1
22,0,2,0,3.182,1,1,0,0,0,0,0,0.0,0,0,0,0,0.15,1,0,0,0.0,0,1,2,0,0,6529.0,0,0,1,1,0,81.0,0,0.1086,0,0,0,0,0,0.35225,0.058,0,1,0,0,0,0,0,0,0,0,0
33,1,3,0,3.6573,2,1,0,0,0,0,0,0.0,0,0,0,0,0.5,0,0,0,0.0,0,1,1,0,0,4.0,1,0,1,1,0,86.0,0,0.2231,0,0,0,0,0,0.01325,0.002,0,1,0,0,0,0,0,0,0,0,0
19,0,1,0,3.0958,0,1,0,0,0,0,0,0.0,0,0,0,0,0.02,1,0,0,0.0,0,1,1,0,1,5161.0,0,0,1,1,0,65.0,0,0.0679,1,0,0,0,0,0.0075,0.48675,0,0,0,0,0,0,0,0,0,1,0
49,0,2,0,4.1087,1,1,0,0,0,0,0,0.0,0,0,0,0,0.15,1,0,0,0.0,0,1,2,0,0,-1.0,0,0,0,1,0,50.0,0,0.1272,1,1,0,0,0,0.35225,0.48675,1,0,0,0,0,0,0,0,0,0,0
60,0,2,0,3.6543,1,1,0,0,19,0,0,0.0,0,0,0,0,0.5,0,0,0,0.0,0,0,0,0,1,-1.0,0,0,0,0,0,-1.0,-1,0.2231,1,1,1,1,1,0.01075,0.48675,0,0,0,0,0,0,0,0,0,0,1
36,0,1,0,3.2516,0,1,0,0,16,0,0,0.0,0,0,0,0,0.15,1,0,0,0.0,0,0,0,0,0,1941.0,0,0,1,0,0,-1.0,-1,0.11,0,0,1,1,1,0.35225,0.00975,0,0,0,0,0,0,0,0,0,0,1
41,2,2,6,4.0306,1,1,0,0,0,0,0,0.0833,1,0,1,0,0.35,1,0,0,0.0,0,1,2,0,0,-1.0,0,0,0,1,0,31.0,0,0.2189,1,1,0,0,0,0.08025,0.48675,0,1,0,0,0,0,0,0,0,0,0
46,1,2,0,3.9702,1,1,0,0,13,0,0,0.0,0,0,0,0,0.28,1,0,0,0.0,0,1,4,0,0,-1.0,0,0,0,1,0,31.0,0,0.1634,1,1,0,0,0,0.0545,0.48675,0,1,0,0,0,0,0,0,0,0,0
36,1,3,0,3.3983,2,1,0,0,0,0,0,0.0,0,0,0,0,0.5,0,0,0,0.0,0,1,1,0,0,4.0,1,0,1,1,0,86.0,0,0.218,0,0,0,0,0,0.01325,0.002,0,1,0,0,0,0,0,0,0,0,0
20,0,1,0,3.2516,0,1,0,0,0,0,0,0.0,0,0,0,0,0.5,0,0,0,0.0,0,1,6,0,0,-1.0,0,0,0,1,0,65.0,0,0.215,1,1,0,0,0,0.00025,0.48675,0,0,0,1,0,0,0,0,0,0,0
15,0,1,0,2.8074,0,1,0,0,0,0,0,0.0,0,0,0,0,0.28,1,0,0,0.0,0,1,3,0,1,4184.0,0,0,1,1,0,78.0,0,0.1401,0,0,0,0,0,0.0545,0.0025,1,0,0,0,0,0,0,0,0,0,0
21,0,1,0,3.1808,0,1,0,0,0,0,0,0.0,0,0,0,0,0.15,1,0,0,0.0,0,1,3,0,1,1020.0,0,0,1,1,0,59.0,0,0.1086,0,0,0,0,0,0.35225,0.0025,1,0,0,0,0,0,0,0,0,0,0
24,0,1,3,3.7028,0,1,0,0,0,0,0,0.0,0,0,0,0,0.5,0,0,0,0.0,0,1,2,0,1,4212.0,0,0,1,1,0,195.0,0,0.2241,0,0,0,0,0,0.00325,0.00025,0,0,0,1,0,0,0,0,0,0,0
24,0,1,0,3.0272,0,1,0,0,4,0,0,0.0,0,0,0,0,0.15,1,0,0,0.0,0,1,2,0,0,3362.0,0,0,1,1,0,58.0,0,0.1055,0,0,0,0,0,0.35225,0.058,1,0,0,0,0,0,0,0,0,0,0
22,0,2,0,3.182,1,1,0,0,0,0,0,0.0,0,0,0,0,0.15,1,0,0,0.0,0,1,2,0,0,6757.0,0,0,1,1,0,27.0,0,0.1086,0,0,0,0,0,0.35225,0.00275,0,0,0,0,0,1,0,0,0,0,0
33,0,2,0,3.027,1,1,0,0,12,0,0,0.0,0,0,0,0,0.15,1,0,0,0.0,0,1,1,0,0,10527.0,0,0,1,1,0,185.0,0,0.1055,0,0,0,0,0,0.35225,0.036,0,0,0,0,1,0,0,0,0,0,0
45,0,2,4,3.969,1,1,0,0,13,0,0,0.0,0,0,0,0,0.28,1,0,0,0.0,0,1,4,0,0,-1.0,0,0,0,1,0,31.0,0,0.1634,1,1,0,0,0,0.0545,0.48675,0,1,0,0,0,0,0,0,0,0,0
31,0,2,0,3.5014,1,0,0,0,0,0,0,0.0,0,0,0,0,0.5,0,0,0,0.0,0,1,2,0,0,-1.0,0,0,0,1,0,74.0,0,0.22,1,1,0,0,0,0.0995,0.48675,1,0,0,0,0,0,0,0,0,0,0
42,1,2,6,4.3342,1,0,0,0,0,0,0,0.0833,1,0,1,0,0.35,1,0,0,0.0,0,1,2,0,0,-1.0,0,0,0,1,0,55.0,0,0.225,1,1,0,0,0,0.08025,0.48675,1,0,0,0,0,0,0,0,0,0,0
30,0,1,0,3.3278,0,1,0,0,6,0,0,0.0,0,0,0,0,0.22,1,0,0,0.0,0,0,0,0,0,3435.0,0,0,1,0,0,-1.0,-1,0.1326,0,0,1,1,1,0.0405,0.0045,0,0,0,0,0,0,0,0,0,0,1
45,3,2,8,4.4194,1,1,0,0,0,0,0,0.0,0,0,0,0,0.15,1,1,0,0.6,1,1,3,0,0,263.0,0,1,1,1,0,65.0,0,0.2534,0,0,0,0,0,0.35225,0.006,0,1,0,0,0,0,0,0,0,0,0
26,0,1,0,2.5216,0,1,0,0,11,0,0,0.0,0,0,0,0,0.5,0,0,0,0.0,0,1,1,0,1,11085.0,0,0,1,1,0,64.0,0,0.2004,0,0,0,0,0,0.00125,0.00025,0,1,0,0,0,0,0,0,0,0,0
53,3,2,2,4.1613,1,0,0,0,0,0,0,0.0833,1,0,1,0,0.35,1,0,0,0.0,0,1,2,0,0,-1.0,0,0,0,1,0,55.0,0,0.2215,1,1,0,0,0,0.08025,0.48675,1,0,0,0,0,0,0,0,0,0,0
57,0,2,4,4.182,1,1,0,0,21,0,0,0.0,0,0,0,0,0.94,1,0,0,0.0,0,0,0,0,0,7.0,1,0,1,0,0,-1.0,-1,0.3656,0,0,1,1,1,0.01625,0.01125,0,0,0,0,0,0,0,0,0,0,1
18,0,1,0,3.1219,0,1,0,0,0,0,0,0.0,0,0,0,0,0.1,1,0,0,0.0,0,1,2,0,1,11596.0,0,1,1,1,0,39.0,0,0.0924,0,0,0,0,0,0.02775,0.01175,1,0,0,0,0,0,0,0,0,0,0
45,0,1,0,3.567,0,1,0,0,7,1,2,0.0,0,0,0,0,0.15,1,0,0,0.0,0,0,0,0,0,9307.0,0,0,1,0,0,-1.0,-1,0.1163,0,0,1,1,1,0.35225,0.013,0,0,0,0,0,0,0,0,0,0,1
40,0,1,0,3.6402,0,1,0,0,17,0,0,0.0,0,0,0,0,0.5,0,0,0,0.0,0,0,0,0,0,1.0,1,1,1,0,0,-1.0,-1,0.2228,0,0,1,1,1,0.0035,0.00275,0,0,0,0,0,0,0,0,0,0,1
50,0,2,0,3.4299,1,1,0,0,15,0,0,0.0,0,0,0,0,0.15,1,0,0,0.0,0,0,0,0,0,2511.0,0,1,1,0,0,-1.0,-1,0.1136,0,0,1,1,1,0.35225,0.01175,0,0,0,0,0,0,0,0,0,0,1
24,1,1,2,2.8074,0,1,0,0,9,0,0,0.0,0,0,0,0,0.5,0,0,0,0.0,0,0,0,0,0,3041.0,0,0,1,0,0,-1.0,-1,0.2061,1,0,1,1,1,0.00875,0.48675,0,0,0,0,0,0,0,0,0,0,1
22,0,2,0,2.5654,1,1,0,0,0,0,0,0.0,0,0,0,0,0.15,1,0,0,0.0,0,1,1,0,0,7602.0,0,0,1,1,0,88.0,0,0.0963,0,0,0,0,0,0.35225,0.0025,1,0,0,0,0,0,0,0,0,0,0
34,0,2,0,3.7337,1,1,0,0,0,0,0,0.0,0,0,0,0,0.15,1,0,0,0.0,0,1,2,0,0,7431.0,0,0,1,1,0,37.0,0,0.1197,0,0,0,0,0,0.35225,0.036,0,1,0,0,0,0,0,0,0,0,0
31,0,1,0,3.567,0,1,0,0,0,0,0,0.0,0,0,0,0,0.15,1,0,0,0.0,0,1,2,0,1,6800.0,0,0,1,1,0,45.0,0,0.1163,0,0,0,0,0,0.35225,0.03575,0,1,0,0,0,0,0,0,0,0,0
39,0,2,1,3.7216,1,1,0,0,11,0,0,0.0,0,0,0,0,0.28,1,0,0,0.0,0,1,4,0,0,-1.0,0,0,0,1,0,31.0,0,0.1584,1,1,0,0,0,0.0545,0.48675,0,1,0,0,0,0,0,0,0,0,0
29,0,2,0,3.8209,1,0,0,0,0,0,0,0.0,0,0,0,0,0.5,0,0,0,0.0,0,1,1,0,0,4496.0,0,0,1,0,0,-1.0,-1,0.2264,0,0,1,1,1,0.003,0.00025,0,0,0,0,0,0,0,0,0,0,1
14,0,1,0,2.585,0,1,0,0,0,0,0,0.0,0,0,0,0,0.5,0,0,0,0.0,0,1,8,0,1,-1.0,0,0,0,1,0,154.0,0,0.2017,1,1,0,0,0,0.002,0.48675,0,0,0,0,0,1,0,0,0,0,0
33,0,1,0,3.2776,0,1,0,0,14,0,0,0.0,0,0,0,0,0.15,1,0,0,0.0,0,1,1,0,1,10979.0,0,1,1,1,0,79.0,0,0.1106,0,0,0,0,0,0.35225,0.01175,0,1,0,0,0,0,0,0,0,0,0
92,0,2,0,3.8209,1,1,0,0,63,0,0,0.0,0,0,0,0,0.15,1,0,0,0.0,0,1,2,0,0,130.0,0,1,1,1,0,76.0,0,0.1214,0,0,0,0,0,0.35225,0.0035,1,0,0,0,0,0,0,0,0,0,0
18,0,1,0,3.1219,0,1,0,0,0,0,0,0.0,0,0,0,0,0.15,1,0,0,0.0,0,1,2,0,1,11050.0,0,0,1,1,0,78.0,0,0.1074,0,0,0,0,0,0.35225,0.019,1,0,0,0,0,0,0,0,0,0,0
21,0,2,0,3.1808,1,1,0,0,0,0,0,0.0,0,0,0,0,0.15,1,0,0,0.0,0,1,4,0,0,10160.0,0,0,1,1,0,60.0,0,0.1086,0,0,0,0,0,0.35225,0.001,0,0,0,1,0,0,0,0,0,0,0
20,0,1,0,3.2516,0,1,0,0,0,0,0,0.0,0,0,0,0,0.15,1,0,0,0.0,0,1,2,0,1,9134.0,0,0,1,1,0,57.0,0,0.11,0,0,0,0,0,0.35225,0.019,0,1,0,0,0,0,0,0,0,0,0
44,1,2,0,4.1719,1,1,0,0,0,0,0,0.0,0,0,0,0,0.15,1,0,0,0.0,0,1,2,0,0,-1.0,0,0,0,1,0,50.0,0,0.1284,1,1,0,0,0,0.35225,0.48675,1,0,0,0,0,0,0,0,0,0,0
52,1,1,0,3.6819,0,1,0,0,25,0,0,0.0,0,0,0,0,0.15,1,0,0,0.0,0,0,0,0,0,-1.0,0,0,0,0,0,-1.0,-1,0.1186,1,1,1,1,1,0.35225,0.48675,0,0,0,0,0,0,0,0,0,0,1
19,0,2,0,2.6635,1,1,0,0,0,0,0,0.1667,2,0,2,0,0.1,1,0,0,0.0,0,1,2,0,0,-1.0,0,0,0,1,0,86.0,0,0.1499,1,1,0,0,0,0.02775,0.48675,0,1,0,0,0,0,0,0,0,0,0
38,0,1,0,3.5216,0,1,0,0,16,0,0,0.0,0,0,0,0,0.15,1,0,0,0.0,0,1,5,0,1,5954.0,0,0,1,1,0,201.0,0,0.1154,0,0,0,0,0,0.35225,0.058,0,0,0,1,0,0,0,0,0,0,0
34,0,1,1,2.9219,0,1,0,0,16,0,0,0.0,0,0,0,0,0.15,1,0,0,0.0,0,1,1,0,1,49.0,0,0,1,1,0,62.0,0,0.1034,0,0,0,0,0,0.35225,0.03575,0,1,0,0,0,0,0,0,0,0,0
43,0,2,1,3.8314,1,1,0,0,0,1,2,0.0,0,0,0,0,0.15,1,0,0,0.0,0,1,2,0,0,-1.0,0,0,0,1,0,50.0,0,0.1216,1,1,0,0,0,0.35225,0.48675,1,0,0,0,0,0,0,0,0,0,0
36,0,2,0,3.8693,1,0,0,0,0,0,0,0.0,0,0,0,0,0.15,1,0,0,0.0,0,1,2,0,0,-1.0,0,0,0,1,0,50.0,0,0.1224,1,1,0,0,0,0.35225,0.48675,1,0,0,0,0,0,0,0,0,0,0
38,0,2,0,3.8035,1,1,0,0,5,0,0,0.1667,1,0,1,0,0.7,1,0,0,0.0,0,0,0,0,0,5.0,1,1,1,0,0,-1.0,-1,0.3528,0,0,1,1,1,0.0095,0.00375,0,0,0,0,0,0,0,0,0,0,1
23,0,1,1,3.4566,0,1,0,0,0,0,0,0.0,0,0,0,0,0.15,1,0,0,0.0,0,1,2,0,1,7025.0,0,0,1,1,0,10.0,0,0.1141,0,0,0,0,0,0.35225,0.036,0,0,0,0,0,0,0,0,0,0,0
29,0,2,0,3.0958,1,1,0,0,10,0,0,0.0833,1,0,1,0,0.5,0,0,0,0.0,0,1,9,0,1,8410.0,0,0,1,1,0,72.0,0,0.2452,1,0,0,0,0,0.00925,0.48675,0,1,0,0,0,0,0,0,0,0,0
45,4,2,6,4.4119,1,0,0,0,0,0,0,0.0,0,0,0,0,0.5,0,0,0,0.0,0,1,2,0,0,-1.0,0,0,0,1,0,81.0,0,0.2382,1,1,0,0,0,0.0995,0.48675,1,0,0,0,0,0,0,0,0,0,0
31,0,1,0,3.1699,0,1,0,0,14,0,0,0.1667,2,0,2,0,0.5,0,0,0,0.0,0,1,1,0,1,-1.0,0,0,0,1,0,57.0,0,0.2801,1,1,0,0,0,0.00225,0.48675,0,1,0,0,0,0,0,0,0,0,0
27,0,2,0,3.0566,1,1,0,0,3,0,0,0.0,0,0,0,0,0.15,1,0,0,0.0,0,1,2,0,0,8754.0,0,1,1,1,0,87.0,0,0.1061,0,0,0,0,0,0.35225,0.006,1,0,0,0,0,0,0,0,0,0,0
25,0,2,0,3.7345,1,0,0,0,0,0,0,0.0833,1,0,1,0,0.35,1,0,0,0.0,0,1,2,0,0,-1.0,0,0,0,1,0,229.0,0,0.213,1,1,0,0,0,0.08025,0.48675,0,0,0,0,0,0,0,0,0,0,0
38,2,2,6,4.2402,1,0,0,0,0,0,0,0.0833,1,0,1,0,0.35,1,0,0,0.0,0,1,2,0,0,-1.0,0,0,0,1,0,31.0,0,0.2231,1,1,0,0,0,0.08025,0.48675,0,1,0,0,0,0,0,0,0,0,0
30,1,2,2,3.7322,1,0,0,0,0,0,0,0.0,0,0,0,0,0.15,1,0,0,0.0,0,1,2,0,0,-1.0,0,0,0,1,0,50.0,0,0.1196,1,1,0,0,0,0.35225,0.48675,1,0,0,0,0,0,0,0,0,0,0
24,0,1,0,3.5,0,1,0,0,0,0,0,0.0,0,0,0,0,0.15,1,0,0,0.0,0,1,2,0,1,-1.0,0,0,0,1,0,69.0,0,0.115,1,1,0,0,0,0.35225,0.48675,0,0,0,0,0,0,0,0,0,1,0
16,0,1,0,2.75,0,1,0,0,0,0,0,0.0,0,0,0,0,0.5,0,0,0,0.0,0,1,1,0,0,1334.0,0,0,1,1,0,68.0,0,0.205,0,0,0,0,0,0.0035,0.036,0,1,0,0,0,0,0,0,0,0,0
21,0,1,0,2.2359,0,1,0,0,6,0,0,0.0,0,0,0,0,0.02,1,0,0,0.0,0,1,1,0,1,4406.0,0,0,1,1,0,73.0,0,0.0507,1,0,0,0,0,0.0075,0.48675,0,0,0,0,0,0,0,0,0,0,0
52,0,3,0,3.0131,2,1,0,0,27,0,0,0.0,0,0,0,0,0.93,1,0,0,0.0,0,1,1,0,0,-1.0,0,0,0,0,0,-1.0,0,0.3393,1,1,1,1,0,0.00375,0.48675,0,0,0,0,0,0,0,0,0,0,1
26,0,1,0,3.2516,0,1,0,0,6,0,0,0.0,0,0,0,0,0.15,1,0,0,0.0,0,1,1,0,0,1656.0,0,0,1,0,0,-1.0,0,0.11,0,0,1,1,0,0.35225,0.058,0,0,0,0,0,0,0,0,0,0,1
112,0,2,0,3.6235,1,1,0,0,10,2,11,0.0,0,0,0,0,0.22,1,0,0,0.0,0,1,1,0,0,9809.0,0,0,1,0,0,-1.0,-1,0.1385,0,0,1,1,1,0.0405,0.00625,0,0,0,0,0,0,0,0,0,0,1
35,1,2,0,3.6612,1,1,0,0,0,0,0,0.0,0,0,0,0,0.1,1,0,0,0.0,0,1,2,0,0,1908.0,0,0,1,1,0,79.0,0,0.1032,0,0,0,0,0,0.02775,0.001,1,0,0,0,0,0,0,0,0,0,0
46,2,2,6,4.3242,1,1,0,0,0,0,0,0.0833,1,0,1,0,0.35,1,0,0,0.0,0,1,2,0,0,-1.0,0,0,0,1,0,31.0,0,0.2248,1,1,0,0,0,0.08025,0.48675,0,1,0,0,0,0,0,0,0,0,0
80,6,3,4,4.3988,2,1,0,0,17,0,0,0.0,0,0,0,1,0.5,0,0,0,0.0,0,1,2,0,0,-1.0,0,0,0,1,0,85.0,0,0.238,1,1,0,0,0,0.0995,0.48675,1,0,0,0,0,0,0,0,0,0,0
39,0,2,0,3.8492,1,1,0,0,7,0,0,0.0,0,0,0,0,0.1,1,0,0,0.0,0,1,2,0,0,466.0,0,0,1,1,0,36.0,0,0.107,0,0,0,0,0,0.02775,0.058,1,0,0,0,0,0,0,0,0,0,0
36,0,1,0,3.4594,0,1,0,0,7,1,2,0.0,0,0,0,0,0.22,1,0,0,0.0,0,1,1,0,0,2599.0,0,0,1,1,0,23.0,0,0.1352,0,0,0,0,0,0.0405,0.00325,0,1,0,0,0,0,0,0,0,0,0
30,0,2,0,3.3502,1,1,0,0,3,0,0,0.0,0,0,0,0,0.15,1,0,0,0.0,0,1,1,0,0,9066.0,0,0,1,1,0,56.0,0,0.112,0,0,0,0,0,0.35225,0.00025,0,0,0,0,1,0,0,0,0,0,0
27,0,1,0,3.3347,0,1,0,0,6,0,0,0.0,0,0,0,0,0.5,0,0,0,0.0,0,1,1,0,0,-1.0,0,0,0,0,0,-1.0,-1,0.2167,1,1,1,1,1,0.00025,0.48675,0,0,0,0,0,0,0,0,0,0,1
25,0,1,0,3.5725,0,1,0,0,0,0,0,0.0,0,0,0,0,0.15,1,0,0,0.0,0,1,3,0,1,1704.0,0,0,1,1,0,75.0,0,0.1164,0,0,0,0,0,0.35225,0.03575,1,0,0,0,0,0,0,0,0,0,0
29,0,1,0,3.3219,0,1,0,0,11,0,0,0.0,0,0,0,0,0.5,0,0,0,0.0,0,1,1,0,0,-1.0,0,0,0,0,0,-1.0,-1,0.2164,1,1,1,1,1,0.00025,0.48675,0,0,0,0,0,0,0,0,0,0,1
24,0,2,0,3.375,1,1,0,0,0,0,0,0.0,0,0,0,0,0.5,0,0,0,0.0,0,1,1,0,1,3968.0,0,0,1,1,0,134.0,0,0.2175,1,0,0,0,0,0.00925,0.48675,0,0,0,0,0,1,0,0,0,0,0
38,0,1,0,2.914,0,1,0,0,19,0,0,0.0,0,0,0,0,0.15,1,0,0,0.0,0,0,0,0,0,11058.0,0,0,1,0,0,-1.0,-1,0.1033,0,0,1,1,1,0.35225,0.00975,0,0,0,0,0,0,0,0,0,0,1
18,0,1,5,2.9477,0,1,0,0,0,0,0,0.0,0,0,0,0,0.94,1,0,0,0.0,0,0,0,0,0,229.0,0,1,1,0,0,-1.0,-1,0.341,0,0,1,1,1,0.01625,0.01225,0,0,0,0,0,0,0,0,0,0,1
53,0,2,0,3.9133,1,0,0,0,21,0,0,0.0,0,0,0,0,0.28,1,0,0,0.0,0,1,4,0,0,-1.0,0,0,0,1,0,31.0,0,0.1623,1,1,0,0,0,0.0545,0.48675,0,1,0,0,0,0,0,0,0,0,0
99,1,2,6,3.4686,1,1,0,0,58,0,0,0.0,0,0,0,0,0.5,0,0,0,0.0,0,0,0,0,0,-1.0,0,0,0,0,0,-1.0,-1,0.2194,1,1,1,1,1,0.0005,0.48675,0,0,0,0,0,0,0,0,0,0,1
24,0,2,0,3.3278,1,1,0,0,0,0,0,0.0,0,0,0,0,0.5,0,0,0,0.0,0,1,1,0,0,-1.0,0,0,0,1,0,75.0,0,0.2166,1,1,0,0,0,0.02275,0.48675,0,1,0,0,0,0,0,0,0,0,0
41,1,2,1,3.3278,1,1,0,0,7,1,2,0.0,0,0,0,0,0.5,0,0,0,0.0,0,1,1,0,0,-1.0,0,0,0,0,0,-1.0,-1,0.2166,1,1,1,1,1,0.001,0.48675,0,0,0,0,0,0,0,0,0,0,1
18,0,1,3,3.1699,0,1,0,0,0,0,0,0.0,0,0,0,0,0.15,1,0,0,0.0,0,0,0,0,0,-1.0,0,0,0,0,0,-1.0,-1,0.1084,1,1,1,1,1,0.35225,0.48675,0,0,0,0,0,0,0,0,0,0,1
36,1,2,1,3.8842,1,1,0,0,0,0,0,0.0833,1,0,1,0,0.35,1,0,0,0.0,0,1,2,0,0,-1.0,0,0,0,1,0,229.0,0,0.216,1,1,0,0,0,0.08025,0.48675,0,0,0,0,0,0,0,0,0,0,0
48,4,2,2,4.4153,1,0,0,0,0,0,0,0.0,0,0,0,0,0.5,0,0,0,0.0,0,1,2,0,0,-1.0,0,0,0,1,0,77.0,0,0.2383,1,1,0,0,0,0.0995,0.48675,1,0,0,0,0,0,0,0,0,0,0
28,0,1,0,3.3788,0,1,0,0,6,0,0,0.0,0,0,0,0,0.5,0,0,0,0.0,0,1,1,0,1,4337.0,0,0,1,0,0,-1.0,-1,0.2176,0,0,1,1,1,0.00525,0.0015,0,0,0,0,0,0,0,0,0,0,1
26,1,2,0,3.3372,1,1,0,0,0,0,0,0.0,0,0,0,0,0.15,1,0,0,0.0,0,1,1,0,0,3637.0,0,0,1,1,0,3.0,0,0.1117,0,0,0,0,0,0.35225,0.00975,0,1,0,0,0,0,0,0,0,0,0
49,0,3,0,3.2484,2,0,0,0,25,0,0,0.0,0,0,0,0,0.5,0,0,0,0.0,0,1,2,0,0,-1.0,0,0,1,1,0,87.0,0,0.215,0,1,0,0,0,0.002,0.00075,1,0,0,0,0,0,0,0,0,0,0
23,0,2,7,3.3788,1,1,0,0,0,0,0,0.0,0,0,0,0,0.5,0,0,0,0.0,0,1,5,0,0,7.0,1,1,1,1,0,88.0,0,0.2176,0,0,0,0,0,0.00375,0.006,0,1,0,0,0,0,0,0,0,0,0
46,0,2,0,3.027,1,1,0,0,25,0,0,0.0,0,0,0,0,0.5,0,0,0,0.0,0,1,1,0,0,56.0,0,0,1,1,0,38.0,0,0.2105,0,0,0,0,0,0.004,0.0035,0,1,0,0,0,0,0,0,0,0,0
42,4,2,7,4.3006,1,0,0,0,0,0,0,0.0,0,0,0,0,0.5,0,0,0,0.0,0,1,2,0,0,-1.0,0,0,0,1,0,81.0,0,0.236,1,1,0,0,0,0.0995,0.48675,1,0,0,0,0,0,0,0,0,0,0
27,0,2,0,3.0386,1,1,0,0,0,0,0,0.0,0,0,0,0,0.5,0,0,0,0.0,0,1,2,0,0,-1.0,0,0,0,1,0,67.0,0,0.2108,1,1,0,0,0,0.0995,0.48675,1,0,0,0,0,0,0,0,0,0,0
30,0,1,0,3.5,0,1,0,0,6,0,0,0.0,0,0,0,0,0.5,0,0,0,0.0,0,1,1,0,1,-1.0,0,0,0,0,0,-1.0,0,0.22,1,1,1,1,0,0.02275,0.48675,0,0,0,0,0,0,0,0,0,0,1
24,0,3,0,2.8729,2,1,0,0,0,0,0,0.0,0,0,0,0,0.5,0,0,0,0.0,0,1,1,0,0,5821.0,0,0,1,1,0,165.0,0,0.2075,0,0,0,0,0,0.009,0.00125,0,0,0,0,0,1,0,0,0,0,0
26,0,2,2,3.3372,1,1,0,0,0,0,0,0.0,0,0,0,0,0.5,0,0,0,0.0,0,1,1,0,0,-1.0,0,0,0,1,0,86.0,0,0.2167,1,1,0,0,0,0.002,0.48675,0,1,0,0,0,0,0,0,0,0,0
30,0,1,0,3.2776,0,1,0,0,11,0,0,0.0,0,0,0,0,0.5,0,0,0,0.0,0,0,0,0,0,2673.0,0,1,1,0,0,-1.0,-1,0.2156,0,0,1,1,1,0.00325,0.00025,0,0,0,0,0,0,0,0,0,0,1
44,1,2,6,4.1972,1,0,0,0,0,0,0,0.0833,1,0,1,0,0.35,1,0,0,0.0,0,1,2,0,0,-1.0,0,0,0,1,0,55.0,0,0.2223,1,1,0,0,0,0.08025,0.48675,1,0,0,0,0,0,0,0,0,0,0
32,0,1,0,3.1808,0,1,0,0,11,0,0,0.0,0,0,0,0,0.15,1,0,0,0.0,0,1,1,0,1,-1.0,0,0,0,1,0,69.0,0,0.1086,1,1,0,0,0,0.35225,0.48675,0,1,0,0,0,0,0,0,0,0,0
31,0,2,0,3.2903,1,0,0,0,0,0,0,0.0,0,0,0,0,0.28,1,0,0,0.0,0,1,2,0,0,4834.0,0,0,1,1,0,81.0,0,0.1498,0,0,0,0,0,0.0545,0.036,1,0,0,0,0,0,0,0,0,0,0
23,0,2,0,2.4194,1,0,0,0,6,0,0,0.0833,1,0,1,0,0.5,0,0,0,0.0,0,1,1,0,0,3578.0,0,0,1,1,0,83.0,0,0.2317,0,0,0,0,0,0.0005,0.00025,0,1,0,0,0,0,0,0,0,0,0
71,4,3,12,4.509,2,0,0,0,0,0,0,0.1667,1,0,1,0,0.7,1,0,0,0.0,0,0,0,0,0,-1.0,0,0,0,0,0,-1.0,-1,0.3669,1,1,1,1,1,0.0095,0.48675,0,0,0,0,0,0,0,0,0,0,1
32,1,1,0,3.3927,0,1,0,0,11,0,0,0.3333,3,0,3,0,0.7,1,0,0,0.0,0,1,2,0,0,1116.0,0,0,1,1,0,37.0,0,0.4112,0,0,0,0,0,0.0095,0.0045,1,0,0,0,0,0,0,0,0,0,0
41,0,3,0,3.8431,2,1,0,0,0,0,0,0.0,0,0,0,0,0.15,1,0,0,0.0,0,1,2,0,0,-1.0,0,0,0,0,0,-1.0,0,0.1219,1,1,1,1,0,0.35225,0.48675,0,0,0,0,0,0,0,0,0,0,1
77,1,6,1,4.2275,5,1,0,0,0,0,0,0.3167,2,0,2,1,0.15,1,0,0,0.0,0,0,0,0,0,1409.0,0,0,1,0,0,-1.0,-1,0.2562,0,0,1,1,1,0.35225,0.01125,0,0,0,0,0,0,0,0,0,0,1
52,3,2,9,4.4646,1,0,0,0,0,0,0,0.0,0,0,0,0,0.5,0,0,0,0.0,0,1,2,0,0,-1.0,0,0,0,1,0,78.0,0,0.2393,1,1,0,0,0,0.0995,0.48675,1,0,0,0,0,0,0,0,0,0,0
67,0,1,0,3.1899,0,1,0,0,44,0,0,0.0,0,0,0,0,0.1,1,0,0,0.0,0,0,0,0,0,-1.0,0,0,0,0,0,-1.0,-1,0.0938,1,1,1,1,1,0.02775,0.48675,0,0,0,0,0,0,0,0,0,0,1
26,0,2,0,3.0566,1,1,0,0,3,0,0,0.0,0,0,0,0,0.5,0,0,0,0.0,0,0,0,0,0,10520.0,0,1,1,0,0,-1.0,-1,0.2111,0,0,1,1,1,0.0085,0.01225,0,0,0,0,0,0,0,0,0,0,1
17,0,1,2,3.1699,0,1,0,0,0,0,0,0.0,0,0,0,0,0.15,1,0,0,0.0,0,1,1,0,0,3565.0,0,0,1,1,0,45.0,0,0.1084,0,0,0,0,0,0.35225,0.00625,0,1,0,0,0,0,0,0,0,0,0
34,0,2,0,3.8635,1,1,0,0,0,0,0,0.0,0,0,0,0,0.15,1,0,0,0.0,0,1,3,0,0,33.0,0,1,1,1,0,56.0,0,0.1223,0,0,0,0,0,0.35225,0.01575,1,0,0,0,0,0,0,0,0,0,0
48,4,2,11,4.5719,1,0,0,0,0,0,0,0.0,0,0,0,0,0.5,0,0,0,0.0,0,1,2,0,0,-1.0,0,0,0,1,0,81.0,0,0.2414,1,1,0,0,0,0.0995,0.48675,1,0,0,0,0,0,0,0,0,0,0
46,3,2,4,4.5041,1,0,0,0,0,0,0,0.0833,1,0,1,0,0.5,0,0,0,0.0,0,1,2,0,0,-1.0,0,0,0,1,0,81.0,0,0.2734,1,1,0,0,0,0.0995,0.48675,1,0,0,0,0,0,0,0,0,0,0
32,0,1,0,2.9219,0,1,0,0,7,1,2,0.0,0,0,0,0,0.15,1,0,0,0.0,0,1,2,0,1,-1.0,0,0,0,0,0,-1.0,-1,0.1034,1,1,1,1,1,0.35225,0.48675,0,0,0,0,0,0,0,0,0,0,1
37,0,2,0,3.6375,1,1,0,0,0,0,0,0.0,0,0,0,0,0.15,1,0,0,0.0,0,1,2,0,0,7431.0,0,0,1,1,0,37.0,0,0.1178,0,0,0,0,0,0.35225,0.036,0,1,0,0,0,0,0,0,0,0,0
47,4,2,3,4.4649,1,0,0,0,0,0,0,0.0,0,0,0,0,0.5,0,0,0,0.0,0,1,2,0,0,-1.0,0,0,0,1,0,83.0,0,0.2393,1,1,0,0,0,0.0995,0.48675,1,0,0,0,0,0,0,0,0,0,0
32,0,3,0,3.4686,2,1,0,0,0,0,0,0.0,0,0,0,0,0.5,0,0,0,0.0,0,1,4,0,0,4916.0,0,0,1,1,0,153.0,0,0.2194,0,0,0,0,0,0.009,0.00125,0,0,0,1,0,0,0,0,0,0,0
47,4,2,3,4.343,1,0,0,0,0,0,0,0.0,0,0,0,0,0.5,0,0,0,0.0,0,1,2,0,0,-1.0,0,0,0,1,0,83.0,0,0.2369,1,1,0,0,0,0.0995,0.48675,1,0,0,0,0,0,0,0,0,0,0
35,0,2,0,3.8253,1,1,0,0,0,0,0,0.0,0,0,0,0,0.28,1,0,0,0.0,0,1,2,0,0,4834.0,0,0,1,1,0,81.0,0,0.1605,0,0,0,0,0,0.0545,0.0155,1,0,0,0,0,0,0,0,0,0,0
26,0,2,0,3.1751,1,1,0,0,0,0,0,0.0833,1,0,1,0,0.35,1,0,0,0.0,0,1,2,0,0,-1.0,0,0,0,1,0,55.0,0,0.2018,1,1,0,0,0,0.08025,0.48675,1,0,0,0,0,0,0,0,0,0,0
37,2,2,0,3.8404,1,0,0,0,0,0,0,0.0833,1,0,1,0,0.35,1,0,0,0.0,0,1,2,0,0,-1.0,0,0,0,1,0,83.0,0,0.2151,1,1,0,0,0,0.08025,0.48675,1,0,0,0,0,0,0,0,0,0,0
17,0,1,3,3.1699,0,1,0,0,0,0,0,0.0,0,0,0,0,0.2,1,0,0,0.0,0,1,3,0,1,1422.0,0,0,1,1,0,54.0,0,0.1234,0,0,0,0,0,0.0055,0.00175,1,0,0,0,0,0,0,0,0,0,0
20,0,3,0,2.6258,2,1,0,0,0,0,0,0.0,0,0,0,0,0.5,0,0,0,0.0,0,1,2,0,0,10482.0,0,0,1,1,0,66.0,0,0.2025,0,0,0,0,0,0.001,0.0005,1,0,0,0,0,0,0,0,0,0,0
61,0,2,0,3.2389,1,1,0,0,40,0,2,0.0,0,0,0,0,0.22,1,0,0,0.0,0,0,0,0,0,70.0,0,0,1,0,0,-1.0,-1,0.1308,0,0,1,1,1,0.0405,0.00425,0,0,0,0,0,0,0,0,0,0,1
33,0,2,0,3.5933,1,0,0,0,0,0,0,0.0,0,0,0,0,0.28,1,0,0,0.0,0,1,2,0,0,-1.0,0,0,0,1,0,81.0,0,0.1559,1,1,0,0,0,0.0545,0.48675,1,0,0,0,0,0,0,0,0,0,0
34,0,1,0,3.7345,0,1,0,0,9,0,0,0.0,0,0,0,0,0.5,0,0,0,0.0,0,1,1,0,1,-1.0,0,0,0,0,0,-1.0,-1,0.2247,1,1,1,1,1,0.001,0.48675,0,0,0,0,0,0,0,0,0,0,1
34,0,1,0,3.1219,0,1,0,0,16,0,0,0.0,0,0,0,0,0.15,1,0,0,0.0,0,0,0,0,0,-1.0,0,0,0,0,0,-1.0,-1,0.1074,1,1,1,1,1,0.35225,0.48675,0,0,0,0,0,0,0,0,0,0,1
25,0,2,2,3.1808,1,1,0,0,3,0,0,0.0,0,0,0,0,0.1,1,0,0,0.0,0,1,3,0,0,-1.0,0,0,0,1,0,78.0,0,0.0936,1,1,0,0,0,0.02775,0.48675,1,0,0,0,0,0,0,0,0,0,0
30,0,2,0,3.2389,1,1,0,0,9,0,0,0.0,0,0,0,0,0.5,0,0,0,0.0,0,1,1,0,1,-1.0,0,0,1,0,0,-1.0,-1,0.2148,1,1,1,1,1,0.00875,0.48675,0,0,0,0,0,0,0,0,0,0,1
29,0,2,0,2.75,1,1,0,0,13,0,0,0.0,0,0,0,0,0.5,0,0,0,0.0,0,1,1,0,1,-1.0,0,0,1,1,0,166.0,0,0.205,0,1,0,0,0,0.00025,0.00025,0,0,0,0,0,0,0,0,0,0,0
49,1,2,4,3.859,1,1,0,0,7,0,0,0.0,0,0,0,0,0.28,1,0,0,0.0,0,1,4,0,0,-1.0,0,0,0,1,0,31.0,0,0.1612,1,1,0,0,0,0.0545,0.48675,0,1,0,0,0,0,0,0,0,0,0
16,0,1,4,2.75,0,1,0,0,0,0,0,0.0,0,0,0,0,0.9,1,0,0,0.0,0,1,2,0,1,-1.0,0,0,0,1,0,56.0,0,0.325,1,1,0,0,0,0.00575,0.48675,1,0,0,0,0,0,0,0,0,0,0
45,3,2,0,3.687,1,1,0,0,0,0,0,0.0,0,0,0,0,0.5,0,0,0,0.0,0,1,2,0,0,-1.0,0,0,0,1,0,69.0,0,0.2237,1,1,0,0,0,0.0995,0.48675,1,0,0,0,0,0,0,0,0,0,0
27,0,2,0,3.5724,1,1,0,0,0,0,0,0.0,0,0,0,0,0.15,1,0,0,0.0,0,1,1,0,0,-1.0,0,0,0,1,0,39.0,0,0.1164,1,1,0,0,0,0.35225,0.48675,0,1,0,0,0,0,0,0,0,0,0
38,0,1,0,2.9312,0,1,0,0,17,0,0,0.0,0,0,0,0,0.15,1,0,0,0.0,0,0,0,0,0,1754.0,0,0,1,0,0,-1.0,-1,0.1036,0,0,1,1,1,0.35225,0.0065,0,0,0,0,0,0,0,0,0,0,1
54,0,1,1,2.585,0,1,0,0,40,0,0,0.0833,1,0,1,0,0.2,1,0,0,0.0,0,1,2,0,1,6834.0,0,0,1,1,0,45.0,0,0.145,0,0,0,0,0,0.0055,0.00175,0,1,0,0,0,0,0,0,0,0,0
39,0,1,0,3.5725,0,1,0,0,14,0,0,0.0,0,0,0,0,0.15,1,0,0,0.0,0,0,0,0,0,9840.0,0,0,1,0,0,-1.0,-1,0.1164,0,0,1,1,1,0.35225,0.00325,0,0,0,0,0,0,0,0,0,0,1
63,0,1,7,2.9219,0,1,0,0,10,2,4,0.0,0,0,0,0,0.5,0,0,0,0.0,0,1,3,0,0,15.0,1,1,1,1,0,74.0,0,0.2084,0,0,0,0,0,0.0085,0.006,0,1,0,0,0,0,0,0,0,0,0
41,2,2,6,3.9764,1,1,0,0,0,0,0,0.0833,1,0,1,0,0.35,1,0,0,0.0,0,1,2,0,0,-1.0,0,0,0,1,0,31.0,0,0.2178,1,1,0,0,0,0.08025,0.48675,0,1,0,0,0,0,0,0,0,0,0
44,0,2,0,3.5725,1,1,0,0,19,0,0,0.0,0,0,0,0,0.15,1,0,0,0.0,0,1,2,0,0,8652.0,0,0,1,1,0,214.0,0,0.1164,0,0,0,0,0,0.35225,0.0025,0,0,0,0,1,0,0,0,0,0,0
45,0,1,0,3.7219,0,1,0,0,7,1,2,0.0,0,0,0,0,0.15,1,0,0,0.0,0,1,1,0,1,7495.0,0,1,1,1,0,61.0,0,0.1194,0,0,0,0,0,0.35225,0.0005,0,1,0,0,0,0,0,0,0,0,0
22,0,1,0,3.5216,0,1,0,0,0,0,0,0.0,0,0,0,0,0.15,1,0,0,0.0,0,1,2,0,1,-1.0,0,0,0,1,0,81.0,0,0.1154,1,1,0,0,0,0.35225,0.48675,1,0,0,0,0,0,0,0,0,0,0
33,0,2,0,3.6887,1,1,0,0,0,0,0,0.0,0,0,0,0,0.5,0,0,0,0.0,0,1,2,0,0,10181.0,0,0,1,1,0,70.0,0,0.2238,0,0,0,0,0,0.00425,0.00125,1,0,0,0,0,0,0,0,0,0,0
40,0,2,0,3.5876,1,1,0,0,0,0,0,0.1667,2,0,2,0,0.5,0,0,0,0.0,0,0,0,0,0,-1.0,0,0,0,0,0,-1.0,-1,0.2884,1,1,1,1,1,0.00225,0.48675,0,0,0,0,0,0,0,0,0,0,1
207,1,3,2,4.09,2,1,0,0,167,0,0,0.0,0,0,0,0,0.5,0,0,0,0.0,0,0,0,0,0,-1.0,0,0,0,0,0,-1.0,-1,0.2318,1,1,1,1,1,0.00175,0.48675,0,0,0,0,0,0,0,0,0,0,1
46,2,2,6,4.0131,1,1,0,0,0,0,0,0.0833,1,0,1,0,0.35,1,0,0,0.0,0,1,2,0,0,-1.0,0,0,0,1,0,31.0,0,0.2186,1,1,0,0,0,0.08025,0.48675,0,1,0,0,0,0,0,0,0,0,0
40,1,2,4,3.8253,1,1,0,0,0,1,2,0.0,0,0,0,0,0.15,1,0,0,0.0,0,1,2,0,0,-1.0,0,0,0,1,0,50.0,0,0.1215,1,1,0,0,0,0.35225,0.48675,1,0,0,0,0,0,0,0,0,0,0
47,2,2,4,4.2143,1,0,0,0,0,0,0,0.0833,1,0,1,0,0.35,1,0,0,0.0,0,1,2,0,0,-1.0,0,0,0,1,0,229.0,0,0.2226,1,1,0,0,0,0.08025,0.48675,0,0,0,0,0,0,0,0,0,0,0
21,0,1,0,2.5216,0,1,0,0,6,0,0,0.0833,1,0,1,0,0.5,0,0,0,0.0,0,1,1,0,1,-1.0,0,0,0,1,0,20.0,0,0.2338,1,1,0,0,0,0.002,0.48675,0,0,0,0,0,0,0,0,0,1,0
32,0,2,0,3.5739,1,1,0,0,0,0,0,0.0,0,0,0,0,0.15,1,0,0,0.0,0,1,1,0,0,-1.0,0,0,0,1,0,96.0,0,0.1165,1,1,0,0,0,0.35225,0.48675,0,0,0,0,1,0,0,0,0,0,0
35,1,1,2,3.5466,0,1,0,0,14,0,0,0.0,0,0,0,0,0.15,1,0,0,0.0,0,0,0,0,0,5763.0,0,0,1,0,0,-1.0,-1,0.1159,0,0,1,1,1,0.35225,0.036,0,0,0,0,0,0,0,0,0,0,1
33,0,3,5,3.9073,2,1,0,0,0,0,0,0.0,0,0,0,0,0.15,1,0,0,0.0,0,1,2,0,0,-1.0,0,0,0,0,0,-1.0,0,0.1231,1,1,1,1,0,0.35225,0.48675,0,0,0,0,0,0,0,0,0,0,1
34,0,1,0,2.9477,0,1,0,0,17,0,0,0.0,0,0,0,0,0.5,0,0,0,0.0,0,0,0,0,0,2996.0,0,0,1,0,0,-1.0,-1,0.209,0,0,1,1,1,0.01325,0.0005,0,0,0,0,0,0,0,0,0,0,1
44,0,1,0,3.2037,0,1,0,0,16,0,0,0.0,0,0,0,0,0.15,1,0,0,0.0,0,1,3,0,1,5556.0,0,1,1,1,0,46.0,0,0.1091,0,0,0,0,0,0.35225,0.00025,1,0,0,0,0,0,0,0,0,0,0
39,0,1,0,3.1069,0,1,0,0,16,0,0,0.0,0,0,0,0,0.5,0,0,0,0.0,0,1,4,0,1,8865.0,0,0,1,1,0,53.0,0,0.2121,0,0,0,0,0,0.00325,0.00025,0,1,0,0,0,0,0,0,0,0,0
20,0,1,0,3.2516,0,1,0,0,0,0,0,0.0,0,0,0,0,0.15,1,0,0,0.0,0,1,1,0,1,12462.0,0,0,1,1,0,220.0,0,0.11,0,0,0,0,0,0.35225,0.00025,0,0,0,0,0,0,0,0,0,1,0
18,0,1,3,3.1219,0,1,0,0,0,0,0,0.0,0,0,0,0,0.15,1,0,0,0.0,0,1,1,0,1,4520.0,0,0,1,0,0,-1.0,-1,0.1074,0,0,1,1,1,0.35225,0.00975,0,0,0,0,0,0,0,0,0,0,1
32,1,3,0,3.7623,2,1,0,0,0,0,0,0.0,0,0,0,0,0.5,0,0,0,0.0,0,0,0,0,0,-1.0,0,0,0,0,0,-1.0,-1,0.2252,1,1,1,1,1,0.01325,0.48675,0,0,0,0,0,0,0,0,0,0,1
21,0,1,0,2.9689,0,1,0,0,0,0,0,0.0,0,0,0,0,0.15,1,0,0,0.0,0,1,2,0,0,2048.0,0,0,1,1,0,55.0,0,0.1044,0,0,0,0,0,0.35225,0.058,1,0,0,0,0,0,0,0,0,0,0
27,0,1,0,2.9312,0,1,0,0,6,0,0,0.0,0,0,0,0,0.15,1,0,0,0.0,0,1,3,0,1,9899.0,0,1,1,1,0,41.0,0,0.1036,0,0,0,0,0,0.35225,0.01575,1,0,0,0,0,0,0,0,0,0,0
20,0,1,0,3.085,0,1,0,0,0,0,0,0.0,0,0,0,0,0.15,1,0,0,0.0,0,1,1,0,1,8408.0,0,0,1,1,0,136.0,0,0.1067,0,0,0,0,0,0.35225,0.058,0,0,0,0,1,0,0,0,0,0,0
45,4,2,4,4.4527,1,0,0,0,0,0,0,0.1667,2,0,2,0,0.5,0,0,0,0.0,0,1,2,0,0,-1.0,0,0,0,1,0,74.0,0,0.3057,1,1,0,0,0,0.0995,0.48675,1,0,0,0,0,0,0,0,0,0,0
38,1,3,0,4.0817,2,0,0,0,0,0,0,0.25,3,0,3,0,0.15,1,0,0,0.0,0,1,2,0,0,7431.0,0,0,1,0,0,-1.0,-1,0.2266,0,0,1,1,1,0.35225,0.036,0,0,0,0,0,0,0,0,0,0,1
62,6,2,5,4.1318,1,0,0,0,0,0,0,0.25,3,0,3,0,0.35,1,0,0,0.0,0,1,2,0,0,-1.0,0,0,0,1,0,55.0,0,0.2876,1,1,0,0,0,0.08025,0.48675,1,0,0,0,0,0,0,0,0,0,0
53,0,1,0,2.0,0,0,0,0,42,0,0,0.0,0,0,0,0,0.5,0,0,0,0.0,0,1,1,0,1,1718.0,0,0,1,1,0,116.0,0,0.19,0,0,0,0,0,0.00125,0.00075,0,0,0,0,0,0,0,0,0,1,0
42,3,3,0,3.4334,2,0,0,0,0,0,0,0.0,0,0,0,0,0.5,0,0,0,0.0,0,0,0,0,0,32.0,0,0,1,0,0,-1.0,-1,0.2187,0,0,1,1,1,0.01325,0.00175,0,0,0,0,0,0,0,0,0,0,1
30,0,1,0,3.0306,0,1,0,0,6,0,0,0.0,0,0,0,0,0.5,0,0,0,0.0,0,1,1,0,1,11143.0,0,0,1,1,0,147.0,0,0.2106,0,0,0,0,0,0.00425,0.0005,0,0,0,0,0,0,0,0,0,1,0
23,0,2,0,2.9852,1,1,0,0,0,0,0,0.0,0,0,0,0,0.15,1,0,0,0.0,0,1,1,0,0,5516.0,0,0,1,1,0,39.0,0,0.1047,0,0,0,0,0,0.35225,0.058,0,1,0,0,0,0,0,0,0,0,0
29,0,2,0,3.7219,1,1,0,0,0,0,0,0.0,0,0,0,0,0.15,1,0,0,0.0,0,0,0,0,0,2263.0,0,0,1,0,0,-1.0,-1,0.1194,0,0,1,1,1,0.35225,0.0065,0,0,0,0,0,0,0,0,0,0,1
24,0,1,0,3.2516,0,1,0,0,3,0,0,0.0,0,0,0,0,0.15,1,0,0,0.0,0,1,1,0,1,6153.0,0,1,1,1,0,100.0,0,0.11,0,0,0,0,0,0.35225,0.002,0,0,0,0,0,1,0,0,0,0,0
49,0,3,0,4.0521,2,1,0,0,0,0,0,0.0,0,0,0,0,0.15,1,0,0,0.0,0,1,2,0,0,4639.0,0,0,1,0,0,-1.0,0,0.126,0,0,1,1,0,0.35225,0.058,0,0,0,0,0,0,0,0,0,0,1
32,0,3,0,3.5555,2,1,0,0,0,0,0,0.0,0,0,0,0,0.5,0,0,0,0.0,0,1,2,0,0,9942.0,0,0,1,1,0,94.0,0,0.2211,1,0,0,0,0,0.00925,0.48675,0,0,0,1,0,0,0,0,0,0,0
20,0,2,0,2.6635,1,1,0,0,0,0,0,0.0833,1,0,1,0,0.15,1,0,0,0.0,0,1,1,0,0,12161.0,0,0,1,1,0,82.0,0,0.1316,0,0,0,0,0,0.35225,0.013,0,0,0,0,0,0,0,0,0,0,0
25,0,1,1,3.4594,0,1,0,0,6,0,0,0.0,0,0,0,0,0.5,0,0,0,0.0,0,1,1,0,0,1930.0,0,0,1,0,0,-1.0,-1,0.2192,0,0,1,1,1,0.01325,0.00225,0,0,0,0,0,0,0,0,0,0,1
21,0,2,0,3.0221,1,1,0,0,0,0,0,0.0,0,0,0,0,0.15,1,0,0,0.0,0,1,4,0,0,10176.0,0,0,1,1,0,133.0,0,0.1054,0,0,0,0,0,0.35225,0.004,0,0,0,1,0,0,0,0,0,0,0
24,0,2,0,2.6635,1,1,0,0,4,0,0,0.1667,2,0,2,0,0.15,1,0,0,0.0,0,1,2,0,0,11982.0,0,1,1,1,0,82.0,0,0.1649,0,0,0,0,0,0.35225,0.0005,0,1,0,0,0,0,0,0,0,0,0
21,0,1,0,3.0221,0,1,0,0,0,0,0,0.0,0,0,0,0,0.15,1,0,0,0.0,0,1,1,0,1,7046.0,0,1,1,1,0,85.0,0,0.1054,0,0,0,0,0,0.35225,0.00075,0,1,0,0,0,0,0,0,0,0,0
44,0,2,1,3.9058,1,0,0,0,0,0,0,0.0,0,0,0,0,0.68,1,0,0,0.0,0,1,2,0,0,1716.0,0,0,1,1,0,53.0,0,0.2821,0,0,0,0,0,0.002,0.0055,0,1,0,0,0,0,0,0,0,0,0
36,2,2,6,3.8424,1,0,0,0,0,0,0,0.0833,1,0,1,0,0.35,1,0,0,0.0,0,1,2,0,0,-1.0,0,0,0,1,0,31.0,0,0.2152,1,1,0,0,0,0.08025,0.48675,0,1,0,0,0,0,0,0,0,0,0
23,0,2,0,3.1899,1,1,0,0,0,0,0,0.0,0,0,0,0,0.02,1,0,0,0.0,0,1,2,0,0,13813.0,0,0,1,1,0,85.0,0,0.0698,1,0,0,0,0,0.0075,0.48675,1,0,0,0,0,0,0,0,0,0,0
31,1,2,0,3.4144,1,1,0,0,0,0,0,0.0,0,0,0,0,0.5,0,0,0,0.0,0,1,1,0,0,-1.0,0,0,0,1,0,56.0,0,0.2183,1,1,0,0,0,0.01075,0.48675,0,1,0,0,0,0,0,0,0,0,0
46,4,2,9,4.3011,1,1,0,0,0,0,0,0.0833,1,0,1,0,0.5,0,0,0,0.0,0,1,2,0,0,-1.0,0,0,0,1,0,77.0,0,0.2693,1,1,0,0,0,0.0995,0.48675,1,0,0,0,0,0,0,0,0,0,0
53,1,2,1,4.3158,1,0,0,0,20,0,1,0.0,0,0,0,1,0.94,1,0,0,0.0,0,0,0,0,1,-1.0,0,0,0,0,0,-1.0,-1,0.3683,1,1,1,1,1,0.01625,0.48675,0,0,0,0,0,0,0,0,0,0,1
35,0,1,0,3.5305,0,1,0,0,9,0,0,0.0,0,0,0,0,0.88,1,0,0,0.0,0,0,0,0,0,2.0,1,1,1,0,0,-1.0,-1,0.3346,0,0,1,1,1,0.00225,0.00075,0,0,0,0,0,0,0,0,0,0,1
44,1,2,0,3.4992,1,1,0,0,14,0,0,0.0833,1,0,1,0,0.28,1,0,0,0.0,0,1,4,0,0,-1.0,0,0,0,1,0,31.0,0,0.1873,1,1,0,0,0,0.0545,0.48675,0,1,0,0,0,0,0,0,0,0,0
29,0,1,0,2.5216,0,1,0,0,14,0,0,0.0833,1,0,1,0,0.03,1,0,0,0.0,0,1,1,0,1,-1.0,0,0,0,0,0,-1.0,-1,0.0928,1,1,1,1,1,0.00325,0.48675,0,0,0,0,0,0,0,0,0,0,1
40,2,2,6,4.0778,1,0,0,0,0,0,0,0.0833,1,0,1,0,0.35,1,0,0,0.0,0,1,2,0,0,-1.0,0,0,0,1,0,31.0,0,0.2199,1,1,0,0,0,0.08025,0.48675,0,1,0,0,0,0,0,0,0,0,0
45,2,2,3,3.9378,1,1,0,0,6,0,0,0.0833,1,0,1,0,0.35,1,0,0,0.0,0,1,2,0,0,-1.0,0,0,0,1,0,229.0,0,0.2171,1,1,0,0,0,0.08025,0.48675,0,0,0,0,0,0,0,0,0,0,0
214,0,3,0,3.1307,2,1,0,0,61,3,8,0.0,0,0,0,0,0.5,0,0,0,0.0,0,1,1,0,0,-1.0,0,0,0,0,0,-1.0,0,0.2126,1,1,1,1,0,0.012,0.48675,0,0,0,0,0,0,0,0,0,0,1
75,1,1,0,3.8522,0,1,0,0,50,0,0,0.0,0,0,0,0,0.1,1,0,0,0.0,0,1,2,0,1,3285.0,0,0,1,1,0,80.0,0,0.107,0,0,0,0,0,0.02775,0.019,0,0,0,1,0,0,0,0,0,0,0
36,0,2,0,2.9219,1,1,0,0,18,0,0,0.25,3,0,3,0,0.5,0,0,0,0.0,0,0,0,0,0,9951.0,0,0,1,0,0,-1.0,-1,0.3084,0,0,1,1,1,0.01325,0.0015,0,0,0,0,0,0,0,0,0,0,1
23,0,1,0,3.4183,0,1,0,0,3,0,0,0.0,0,0,0,0,0.15,1,0,0,0.0,0,1,2,0,1,10634.0,0,0,1,1,0,20.0,0,0.1134,0,0,0,0,0,0.35225,0.036,0,0,0,0,1,0,0,0,0,0,0
50,0,3,0,3.1307,2,1,0,0,25,0,0,0.0,0,0,0,0,0.5,0,0,0,0.0,0,1,1,0,0,56.0,0,0,1,1,0,38.0,0,0.2126,0,0,0,0,0,0.004,0.0035,0,1,0,0,0,0,0,0,0,0,0
45,0,1,0,3.1776,0,1,0,0,16,0,0,0.0,0,0,0,0,0.5,0,0,0,0.0,0,1,1,0,0,-1.0,0,0,1,1,0,67.0,0,0.2136,0,1,0,0,0,0.0015,0.00125,0,0,0,0,0,0,0,0,0,0,0
32,1,2,2,3.5184,1,1,0,0,0,0,0,0.1667,2,0,2,0,0.5,0,0,0,0.0,0,1,2,0,0,-1.0,0,0,0,1,0,67.0,0,0.287,1,1,0,0,0,0.0995,0.48675,1,0,0,0,0,0,0,0,0,0,0
163,0,1,0,3.5216,0,0,0,0,6,1,2,0.0,0,0,0,0,0.15,1,0,0,0.0,0,0,0,0,0,125.0,0,0,1,0,0,-1.0,-1,0.1154,0,0,1,1,1,0.35225,0.03575,0,0,0,0,0,0,0,0,0,0,1
42,0,2,0,3.5945,1,1,0,0,13,0,0,0.0,0,0,0,0,0.28,1,0,0,0.0,0,1,4,0,0,-1.0,0,0,0,1,0,31.0,0,0.1559,1,1,0,0,0,0.0545,0.48675,0,1,0,0,0,0,0,0,0,0,0
33,1,2,5,3.7337,1,0,0,0,0,0,0,0.0,0,0,0,0,0.28,1,0,0,0.0,0,1,2,0,0,3852.0,0,0,1,1,0,66.0,0,0.1587,0,0,0,0,0,0.0545,0.0025,1,0,0,0,0,0,0,0,0,0,0
40,2,2,4,4.1958,1,1,0,0,0,0,0,0.0833,1,0,1,0,0.35,1,0,0,0.0,0,1,2,0,0,-1.0,0,0,0,1,0,229.0,0,0.2222,1,1,0,0,0,0.08025,0.48675,0,0,0,0,0,0,0,0,0,0,0
33,1,2,0,3.5369,1,0,0,0,6,0,0,0.0,0,0,0,0,0.88,1,0,0,0.0,0,0,0,0,0,237.0,0,0,1,0,0,-1.0,-1,0.3347,0,0,1,1,1,0.00225,0.0025,0,0,0,0,0,0,0,0,0,0,1
33,0,1,0,3.2391,0,1,0,0,6,0,0,0.0,0,0,0,0,0.5,0,0,0,0.0,0,0,0,0,0,-1.0,0,0,1,0,0,-1.0,-1,0.2148,0,1,1,1,1,0.00175,0.00025,0,0,0,0,0,0,0,0,0,0,1
19,0,1,0,3.0958,0,1,0,0,0,0,0,0.0,0,0,0,0,0.15,1,0,0,0.0,0,1,2,0,1,11262.0,0,0,1,1,0,188.0,0,0.1069,0,0,0,0,0,0.35225,0.013,0,0,0,0,0,0,0,0,0,0,0
82,9,2,7,4.4741,1,0,0,0,0,0,0,0.25,3,0,3,0,0.35,1,0,0,0.0,0,1,2,0,0,-1.0,0,0,0,1,0,55.0,0,0.2945,1,1,0,0,0,0.08025,0.48675,1,0,0,0,0,0,0,0,0,0,0
32,0,2,0,3.4864,1,0,0,0,0,0,0,0.0,0,0,0,0,0.65,1,0,0,0.0,0,0,0,0,0,132.0,0,0,1,0,0,-1.0,-1,0.2647,0,0,1,1,1,0.0025,0.00475,0,0,0,0,0,0,0,0,0,0,1
33,0,1,0,3.3249,0,1,0,0,11,0,0,0.0,0,0,0,0,0.2,1,0,0,0.0,0,1,1,0,0,409.0,0,0,1,1,0,68.0,0,0.1265,0,0,0,0,0,0.0055,0.0005,0,1,0,0,0,0,0,0,0,0,0
51,3,2,8,4.647,1,0,0,0,0,0,0,0.0,0,0,0,0,0.5,0,0,0,0.0,0,1,2,0,0,-1.0,0,0,0,1,0,78.0,0,0.2429,1,1,0,0,0,0.0995,0.48675,1,0,0,0,0,0,0,0,0,0,0
36,0,2,0,3.5766,1,1,0,0,8,0,0,0.0,0,0,0,0,0.28,1,0,0,0.0,0,1,4,0,0,-1.0,0,0,0,1,0,31.0,0,0.1555,1,1,0,0,0,0.0545,0.48675,0,1,0,0,0,0,0,0,0,0,0
31,0,2,0,2.7255,1,1,0,0,7,1,2,0.0,0,0,0,0,0.5,0,0,0,0.0,0,1,1,0,0,11356.0,0,0,1,1,0,143.0,0,0.2045,0,0,0,0,0,0.0025,0.00175,0,0,0,1,0,0,0,0,0,0,0
46,4,2,12,4.3989,1,0,0,0,0,0,0,0.0,0,0,0,0,0.5,0,0,0,0.0,0,1,2,0,0,-1.0,0,0,0,1,0,81.0,0,0.238,1,1,0,0,0,0.0995,0.48675,1,0,0,0,0,0,0,0,0,0,0
36,0,1,1,3.1219,0,1,0,0,18,0,0,0.0833,1,0,1,0,0.35,1,0,0,0.0,0,1,1,0,1,-1.0,0,0,0,1,0,21.0,0,0.2008,1,1,0,0,0,0.08025,0.48675,0,0,0,0,0,0,0,1,0,0,0
166,0,1,0,2.9842,0,0,0,0,6,1,2,0.0,0,0,0,0,0.15,1,0,0,0.0,0,0,0,0,0,138.0,0,0,1,0,0,-1.0,-1,0.1047,0,0,1,1,1,0.35225,0.03575,0,0,0,0,0,0,0,0,0,0,1
40,1,2,8,4.2653,1,0,0,0,0,0,0,0.0833,1,0,1,0,0.35,1,0,0,0.0,0,1,2,0,0,-1.0,0,0,0,1,0,55.0,0,0.2236,1,1,0,0,0,0.08025,0.48675,1,0,0,0,0,0,0,0,0,0,0
37,0,2,1,3.7979,1,1,0,0,0,0,0,0.0,0,0,0,0,0.15,1,0,0,0.0,0,1,2,0,0,-1.0,0,0,0,1,0,50.0,0,0.121,1,1,0,0,0,0.35225,0.48675,1,0,0,0,0,0,0,0,0,0,0
44,0,1,0,3.3372,0,1,0,0,19,0,0,0.0,0,0,0,0,0.5,0,0,0,0.0,0,1,3,0,1,9196.0,0,0,1,1,0,73.0,0,0.2167,0,0,0,0,0,0.00325,0.0005,1,0,0,0,0,0,0,0,0,0,0
35,1,1,0,3.0778,0,1,0,0,11,0,0,0.0,0,0,0,0,0.5,0,0,0,0.0,0,1,1,0,0,2022.0,0,0,1,0,0,-1.0,0,0.2116,0,0,1,1,0,0.00325,0.00025,0,0,0,0,0,0,0,0,0,0,1
27,0,1,1,3.3219,0,1,0,0,9,0,0,0.0,0,0,0,0,0.15,1,0,0,0.0,0,0,0,0,0,2887.0,0,0,1,0,0,-1.0,-1,0.1114,0,0,1,1,1,0.35225,0.00175,0,0,0,0,0,0,0,0,0,0,1
31,0,1,0,3.2516,0,1,0,0,11,0,0,0.0,0,0,0,0,0.85,1,0,0,0.0,0,0,0,0,0,1250.0,0,0,1,0,0,-1.0,-1,0.32,0,0,1,1,1,0.0025,0.019,0,0,0,0,0,0,0,0,0,0,1
28,1,1,0,3.4677,0,1,0,0,6,0,0,0.0833,1,0,1,0,0.5,0,0,0,0.0,0,1,1,0,1,7710.0,0,0,1,1,0,107.0,0,0.2527,1,0,0,0,0,0.00875,0.48675,0,0,0,0,0,1,0,0,0,0,0
22,0,2,0,3.027,1,1,0,0,0,0,0,0.0,0,0,0,0,0.15,1,0,0,0.0,0,1,2,0,0,4643.0,0,0,1,1,0,42.0,0,0.1055,0,0,0,0,0,0.35225,0.058,1,0,0,0,0,0,0,0,0,0,0
23,0,2,0,3.3232,1,1,0,0,0,0,0,0.0,0,0,0,0,0.22,1,0,0,0.0,0,1,1,0,1,9604.0,0,0,1,0,0,-1.0,-1,0.1325,0,0,1,1,1,0.0405,0.03575,0,0,0,0,0,0,0,0,0,0,1
33,1,2,0,3.8868,1,1,0,0,0,0,0,0.0833,1,0,1,0,0.35,1,0,0,0.0,0,1,2,0,0,-1.0,0,0,0,1,0,55.0,0,0.2161,1,1,0,0,0,0.08025,0.48675,1,0,0,0,0,0,0,0,0,0,0
53,2,2,0,4.1429,1,1,0,0,5,0,0,0.0,0,0,0,0,0.5,0,0,0,0.0,0,0,0,0,0,-1.0,0,0,0,0,0,-1.0,-1,0.2329,1,1,1,1,1,0.0995,0.48675,0,0,0,0,0,0,0,0,0,0,1
22,0,2,0,3.0391,1,1,0,0,0,0,0,0.0,0,0,0,0,0.5,0,0,0,0.0,0,1,1,0,0,9025.0,0,0,1,1,0,188.0,0,0.2108,0,0,0,0,0,0.02275,0.012,0,0,0,0,0,0,1,0,0,0,0
35,0,1,0,3.2776,0,1,0,0,16,0,0,0.0,0,0,0,0,0.15,1,0,0,0.0,0,1,1,0,0,2302.0,0,1,1,0,0,-1.0,-1,0.1106,0,0,1,1,1,0.35225,0.00075,0,0,0,0,0,0,0,0,0,0,1
32,0,1,0,3.5069,0,1,0,0,9,0,0,0.0,0,0,0,0,0.15,1,0,0,0.0,0,1,2,0,1,-1.0,0,0,0,1,0,17.0,0,0.1151,1,1,0,0,0,0.35225,0.48675,0,1,0,0,0,0,0,0,0,0,0
17,0,1,0,2.4194,0,1,0,0,0,0,0,0.0833,1,0,1,0,0.35,1,0,0,0.0,0,1,3,0,1,-1.0,0,0,0,1,0,83.0,0,0.1867,1,1,0,0,0,0.08025,0.48675,1,0,0,0,0,0,0,0,0,0,0
23,0,2,7,3.6402,1,0,0,0,0,0,0,0.0,0,0,0,0,0.5,0,0,0,0.0,0,1,1,0,0,-1.0,0,0,0,1,0,227.0,0,0.2228,1,1,0,0,0,0.02275,0.48675,0,0,0,0,0,1,0,0,0,0,0
18,0,1,0,3.1219,0,1,0,0,0,0,0,0.0,0,0,0,0,0.22,1,0,0,0.0,0,1,4,0,0,-1.0,0,0,0,1,0,164.0,0,0.1284,1,1,0,0,0,0.0405,0.48675,0,0,0,1,0,0,0,0,0,0,0
43,2,3,0,3.881,2,1,0,0,0,0,0,0.1667,2,0,2,0,0.15,1,0,0,0.0,0,1,2,0,0,-1.0,0,0,0,0,0,-1.0,0,0.1893,1,1,1,1,0,0.35225,0.48675,0,0,0,0,0,0,0,0,0,0,1
37,1,3,0,3.8388,2,1,0,0,0,0,0,0.0,0,0,0,0,0.15,1,0,0,0.0,0,1,2,0,0,-1.0,0,0,0,0,0,-1.0,0,0.1218,1,1,1,1,0,0.35225,0.48675,0,0,0,0,0,0,0,0,0,0,1
24,0,1,0,3.4528,0,1,0,0,0,0,0,0.0,0,0,0,0,0.5,0,0,0,0.0,0,1,4,0,0,-1.0,0,0,0,1,0,117.0,0,0.2191,1,1,0,0,0,0.00025,0.48675,0,0,0,1,0,0,0,0,0,0,0
40,1,2,6,4.1715,1,1,0,0,0,0,0,0.0,0,0,0,0,0.15,1,0,0,0.0,0,1,2,0,0,4974.0,0,0,1,1,0,34.0,0,0.1284,0,0,0,0,0,0.35225,0.036,1,0,0,0,0,0,0,0,0,0,0
43,2,3,0,3.7859,2,0,0,0,0,0,0,0.0833,1,0,1,0,0.35,1,0,0,0.0,0,1,2,0,0,-1.0,0,0,0,0,0,-1.0,0,0.214,1,1,1,1,0,0.08025,0.48675,0,0,0,0,0,0,0,0,0,0,1
24,1,2,0,3.1396,1,1,0,0,0,0,0,0.0,0,0,0,0,0.15,1,0,0,0.0,0,1,2,0,0,7774.0,0,0,1,1,0,36.0,0,0.1078,0,0,0,0,0,0.35225,0.058,1,0,0,0,0,0,0,0,0,0,0
24,0,2,0,3.1899,1,1,0,0,0,0,0,0.0,0,0,0,0,0.02,1,0,0,0.0,0,1,1,0,0,14746.0,0,0,1,1,0,34.0,0,0.0698,1,0,0,0,0,0.0075,0.48675,0,1,0,0,0,0,0,0,0,0,0
50,0,3,0,3.1307,2,1,0,0,25,0,0,0.0,0,0,0,0,0.5,0,0,0,0.0,0,1,1,0,0,-1.0,0,0,0,0,0,-1.0,0,0.2126,1,1,1,1,0,0.012,0.48675,0,0,0,0,0,0,0,0,0,0,1
21,1,1,0,3.3927,0,1,0,0,0,0,0,0.0,0,0,0,0,0.5,0,0,0,0.0,0,1,1,0,1,2524.0,0,0,1,1,0,145.0,0,0.2179,0,0,0,0,0,0.0035,0.00375,0,0,0,0,1,0,0,0,0,0,0
33,0,2,0,3.7035,1,0,0,0,0,0,0,0.0,0,0,0,0,0.28,1,0,0,0.0,0,1,2,0,0,4834.0,0,0,1,1,0,81.0,0,0.1581,0,0,0,0,0,0.0545,0.036,1,0,0,0,0,0,0,0,0,0,0
27,0,2,0,3.4194,1,1,0,0,0,0,0,0.0,0,0,0,0,0.5,0,0,0,0.0,0,1,2,0,0,3130.0,0,0,1,1,0,52.0,0,0.2184,0,0,0,0,0,0.0035,0.0055,0,1,0,0,0,0,0,0,0,0,0
22,0,2,0,2.5654,1,1,0,0,0,0,0,0.0,0,0,0,0,0.5,0,0,0,0.0,0,1,1,0,0,6263.0,0,0,1,1,0,99.0,0,0.2013,0,0,0,0,0,0.0035,0.036,0,0,0,0,0,1,0,0,0,0,0
20,0,2,0,2.8454,1,1,0,0,0,0,0,0.0,0,0,0,0,0.1,1,0,0,0.0,0,1,4,0,0,12422.0,0,0,1,1,0,28.0,0,0.0869,0,0,0,0,0,0.02775,0.013,0,1,0,0,0,0,0,0,0,0,0
29,1,2,0,3.6538,1,1,0,0,0,0,0,0.0,0,0,0,0,0.22,1,0,0,0.0,0,1,1,0,0,7436.0,0,0,1,1,0,108.0,0,0.1391,0,0,0,0,0,0.0405,0.0025,0,0,0,0,0,0,0,0,0,0,0
79,2,3,11,4.408,2,1,0,0,27,0,0,0.0,0,0,0,0,0.5,0,0,0,0.0,0,1,2,0,0,-1.0,0,0,0,1,0,87.0,0,0.2382,1,1,0,0,0,0.0995,0.48675,1,0,0,0,0,0,0,0,0,0,0
29,0,2,0,3.3278,1,1,0,0,5,0,0,0.0,0,0,0,0,0.15,1,0,0,0.0,0,1,1,0,0,-1.0,0,0,0,1,0,145.0,0,0.1116,1,1,0,0,0,0.35225,0.48675,0,0,0,0,0,0,0,0,0,0,0
43,4,2,3,4.1934,1,0,0,0,0,0,0,0.0833,1,0,1,0,0.5,0,0,0,0.0,0,1,2,0,0,-1.0,0,0,0,1,0,74.0,0,0.2672,1,1,0,0,0,0.0995,0.48675,1,0,0,0,0,0,0,0,0,0,0
24,0,1,0,2.9219,0,1,0,0,6,0,0,0.0,0,0,0,0,0.5,0,0,0,0.0,0,0,0,0,0,90.0,0,0,1,0,0,-1.0,-1,0.2084,0,0,1,1,1,0.00125,0.0015,0,0,0,0,0,0,0,0,0,0,1
26,0,2,0,3.4104,1,1,0,0,0,0,0,0.0,0,0,0,0,0.15,1,0,0,0.0,0,1,2,0,0,2937.0,0,0,1,1,0,83.0,0,0.1132,0,0,0,0,0,0.35225,0.03575,1,0,0,0,0,0,0,0,0,0,0
34,2,2,0,3.6095,1,0,0,0,0,0,0,0.0,0,0,0,0,0.5,0,0,0,0.0,0,1,2,0,0,-1.0,0,0,0,1,0,47.0,0,0.2222,1,1,0,0,0,0.0995,0.48675,1,0,0,0,0,0,0,0,0,0,0
174,0,3,0,3.1307,2,1,0,0,41,3,8,0.0,0,0,0,0,0.5,0,0,0,0.0,0,1,1,0,0,149.0,0,0,1,1,0,33.0,0,0.2126,0,0,0,0,0,0.00325,0.00275,0,1,0,0,0,0,0,0,0,0,0
23,0,2,0,3.0391,1,1,0,0,0,0,0,0.0,0,0,0,0,0.15,1,0,0,0.0,0,1,1,0,0,3309.0,0,1,1,1,0,41.0,0,0.1058,0,0,0,0,0,0.35225,0.00325,0,1,0,0,0,0,0,0,0,0,0
52,0,3,0,3.1307,2,1,0,0,27,0,0,0.0,0,0,0,0,0.5,0,0,0,0.0,0,1,1,0,0,-1.0,0,0,1,1,0,67.0,0,0.2126,0,1,0,0,0,0.00225,0.002,0,1,0,0,0,0,0,0,0,0,0
20,0,2,0,2.6635,1,1,0,0,0,0,0,0.0833,1,0,1,0,0.15,1,0,0,0.0,0,1,2,0,0,11306.0,0,0,1,1,0,48.0,0,0.1316,0,0,0,0,0,0.35225,0.019,0,1,0,0,0,0,0,0,0,0,0
184,0,3,0,3.1307,2,1,0,0,46,3,8,0.0,0,0,0,0,0.5,0,0,0,0.0,0,1,1,0,0,-1.0,0,0,0,0,0,-1.0,0,0.2126,1,1,1,1,0,0.012,0.48675,0,0,0,0,0,0,0,0,0,0,1
31,1,3,0,3.2999,2,1,0,0,0,0,0,0.0,0,0,0,0,0.5,0,0,0,0.0,0,0,0,0,0,4.0,1,0,1,0,0,-1.0,-1,0.216,0,0,1,1,1,0.01325,0.002,0,0,0,0,0,0,0,0,0,0,1
35,0,1,0,3.0958,0,1,0,0,16,0,0,0.0,0,0,0,0,0.22,1,0,0,0.0,0,1,1,0,1,7862.0,0,0,1,1,0,141.0,0,0.1279,0,0,0,0,0,0.0405,0.00025,0,0,0,0,1,0,0,0,0,0,0
36,0,1,0,3.1699,0,1,0,0,19,0,0,0.0,0,0,0,0,0.15,1,0,0,0.0,0,1,1,0,1,-1.0,0,0,0,0,0,-1.0,-1,0.1084,1,1,1,1,1,0.35225,0.48675,0,0,0,0,0,0,0,0,0,0,1
40,2,2,3,4.0266,1,1,0,0,0,0,0,0.0,0,0,0,0,0.5,0,0,0,0.0,0,1,2,0,0,-1.0,0,0,0,1,0,109.0,0,0.2305,1,1,0,0,0,0.0995,0.48675,0,0,1,0,0,0,0,0,0,0,0
26,0,1,0,3.4183,0,1,0,0,6,0,0,0.0,0,0,0,0,0.1,1,0,0,0.0,0,0,0,0,0,1538.0,0,0,1,0,0,-1.0,-1,0.0984,0,0,1,1,1,0.02775,0.01575,0,0,0,0,0,0,0,0,0,0,1
31,0,1,0,2.7255,0,1,0,0,14,0,0,0.0,0,0,0,0,0.22,1,0,0,0.0,0,1,1,0,0,60.0,0,0,1,0,0,-1.0,-1,0.1205,0,0,1,1,1,0.0405,0.00475,0,0,0,0,0,0,0,0,0,0,1
33,0,2,0,3.455,1,1,0,0,0,0,0,0.0,0,0,0,0,0.15,1,0,0,0.0,0,1,2,0,0,7431.0,0,0,1,1,0,37.0,0,0.1141,0,0,0,0,0,0.35225,0.0155,0,1,0,0,0,0,0,0,0,0,0
162,0,3,0,3.1307,2,1,0,0,35,3,8,0.0,0,0,0,0,0.5,0,0,0,0.0,0,1,1,0,0,-1.0,0,0,0,0,0,-1.0,0,0.2126,1,1,1,1,0,0.012,0.48675,0,0,0,0,0,0,0,0,0,0,1
38,0,3,0,3.7589,2,1,0,0,0,0,0,0.0,0,0,0,0,0.15,1,0,0,0.0,0,1,2,0,0,-1.0,0,0,0,0,0,-1.0,0,0.1202,1,1,1,1,0,0.35225,0.48675,0,0,0,0,0,0,0,0,0,0,1
51,3,2,7,4.647,1,0,0,0,0,0,0,0.0,0,0,0,0,0.5,0,0,0,0.0,0,1,2,0,0,-1.0,0,0,0,1,0,78.0,0,0.2429,1,1,0,0,0,0.0995,0.48675,1,0,0,0,0,0,0,0,0,0,0
38,2,2,0,3.7285,1,1,0,0,0,0,0,0.0,0,0,0,0,0.5,0,0,0,0.0,0,1,2,0,0,-1.0,0,0,0,1,0,82.0,0,0.2246,1,1,0,0,0,0.0995,0.48675,1,0,0,0,0,0,0,0,0,0,0
21,0,1,0,3.0851,0,1,0,0,0,0,0,0.0,0,0,0,0,0.15,1,0,0,0.0,0,1,2,0,1,2122.0,0,0,1,1,0,52.0,0,0.1067,0,0,0,0,0,0.35225,0.03575,1,0,0,0,0,0,0,0,0,0,0
35,2,1,0,3.8231,0,0,0,0,5,0,0,0.0,0,0,0,0,0.15,1,0,0,0.0,0,0,0,0,0,19.0,1,0,1,0,0,-1.0,-1,0.1215,0,0,1,1,1,0.35225,0.00175,0,0,0,0,0,0,0,0,0,0,1
25,0,2,0,3.182,1,1,0,0,3,0,0,0.0,0,0,0,0,0.5,0,0,0,0.0,0,1,2,0,0,9687.0,0,0,1,1,0,121.0,0,0.2136,0,0,0,0,0,0.00425,0.00025,0,0,0,0,0,0,0,0,0,0,0
53,3,2,8,4.6352,1,1,0,0,0,0,0,0.0,0,0,0,0,0.5,0,0,0,0.0,0,1,2,0,0,-1.0,0,0,0,1,0,78.0,0,0.2427,1,1,0,0,0,0.0995,0.48675,1,0,0,0,0,0,0,0,0,0,0
33,0,1,0,3.0272,0,1,0,0,7,1,2,0.0,0,0,0,0,0.5,0,0,0,0.0,0,1,2,0,1,-1.0,0,0,0,1,0,53.0,0,0.2105,1,1,0,0,0,0.00025,0.48675,1,0,0,0,0,0,0,0,0,0,0
19,0,1,0,3.0958,0,1,0,0,0,0,0,0.0,0,0,0,0,0.1,1,0,0,0.0,0,1,2,0,1,4215.0,0,0,1,1,0,37.0,0,0.0919,0,0,0,0,0,0.02775,0.00325,1,0,0,0,0,0,0,0,0,0,0
29,0,2,0,3.085,1,1,0,0,9,0,0,0.0,0,0,0,0,0.5,0,0,0,0.0,0,1,1,0,1,7767.0,0,0,1,1,0,78.0,0,0.2117,1,0,0,0,0,0.00925,0.48675,1,0,0,0,0,0,0,0,0,0,0
21,0,1,0,3.0221,0,1,0,0,0,0,0,0.0,0,0,0,0,0.9,1,0,0,0.0,0,0,0,0,0,-1.0,0,0,0,0,0,-1.0,-1,0.3304,1,1,1,1,1,0.00575,0.48675,0,0,0,0,0,0,0,0,0,0,1
51,1,2,2,4.0902,1,1,0,0,13,0,0,0.0,0,0,0,0,0.28,1,0,0,0.0,0,1,4,0,0,-1.0,0,0,0,1,0,31.0,0,0.1658,1,1,0,0,0,0.0545,0.48675,0,1,0,0,0,0,0,0,0,0,0
38,2,2,1,3.9354,1,1,0,0,0,0,0,0.0833,1,0,1,0,0.35,1,0,0,0.0,0,1,2,0,0,-1.0,0,0,0,1,0,229.0,0,0.217,1,1,0,0,0,0.08025,0.48675,0,0,0,0,0,0,0,0,0,0,0
36,0,1,0,3.2516,0,1,0,0,16,0,0,0.0,0,0,0,0,0.15,1,0,0,0.0,0,1,1,0,1,8212.0,0,0,1,1,0,125.0,0,0.11,0,0,0,0,0,0.35225,0.00275,0,0,0,0,0,0,0,0,0,0,0
26,0,2,0,3.4613,1,1,0,0,0,0,0,0.0,0,0,0,0,0.15,1,0,0,0.0,0,1,4,0,0,11035.0,0,0,1,1,0,211.0,0,0.1142,0,0,0,0,0,0.35225,0.0005,0,0,0,1,0,0,0,0,0,0,0
17,0,1,2,2.5,0,1,0,0,0,0,0,0.0,0,0,0,0,0.94,1,0,0,0.0,0,0,0,0,0,329.0,0,1,1,0,0,-1.0,-1,0.332,0,0,1,1,1,0.01625,0.01225,0,0,0,0,0,0,0,0,0,0,1
17,0,2,0,2.7255,1,1,0,0,0,0,0,0.0,0,0,0,0,0.5,0,0,0,0.0,0,1,1,0,1,9308.0,0,0,1,1,0,98.0,0,0.2045,1,0,0,0,0,0.0015,0.48675,0,0,0,0,0,0,0,0,0,0,0
47,4,2,2,4.4187,1,1,0,0,0,0,0,0.0,0,0,0,0,0.5,0,0,0,0.0,0,1,2,0,0,-1.0,0,0,0,1,0,78.0,0,0.2384,1,1,0,0,0,0.0995,0.48675,1,0,0,0,0,0,0,0,0,0,0
29,0,1,0,3.6402,0,1,0,0,6,0,0,0.0,0,0,0,0,0.5,0,0,0,0.0,0,1,2,0,1,-1.0,0,0,0,1,0,31.0,0,0.2228,1,1,0,0,0,0.00025,0.48675,1,0,0,0,0,0,0,0,0,0,0
29,0,1,0,2.8074,0,1,0,0,14,0,0,0.0,0,0,0,0,0.28,1,0,0,0.0,0,0,0,0,1,1390.0,0,0,1,0,0,-1.0,-1,0.1401,0,0,1,1,1,0.0545,0.001,0,0,0,0,0,0,0,0,0,0,1
29,0,2,0,3.4273,1,1,0,0,0,0,0,0.0,0,0,0,0,0.15,1,0,0,0.0,0,1,2,0,0,9635.0,0,1,1,1,0,72.0,0,0.1135,0,0,0,0,0,0.35225,0.00025,1,0,0,0,0,0,0,0,0,0,0
36,1,4,0,3.6106,3,0,0,0,0,0,0,0.0,0,0,0,0,0.5,0,0,0,0.0,0,1,1,0,0,4.0,1,0,1,0,0,-1.0,0,0.2222,0,0,1,1,0,0.01325,0.002,0,0,0,0,0,0,0,0,0,0,1
33,0,1,0,2.0588,0,1,0,0,16,0,0,0.0,0,0,0,0,0.15,1,0,0,0.0,0,0,0,0,0,382.0,0,1,1,0,0,-1.0,-1,0.0862,0,0,1,1,1,0.35225,0.00175,0,0,0,0,0,0,0,0,0,0,1
35,0,1,0,2.8464,0,1,0,0,17,0,0,0.0,0,0,0,0,0.28,1,0,0,0.0,0,0,0,0,1,3460.0,0,0,1,0,0,-1.0,-1,0.1409,0,0,1,1,1,0.0545,0.00975,0,0,0,0,0,0,0,0,0,0,1
66,1,2,9,4.6063,1,1,0,0,0,0,0,0.0833,1,0,1,0,0.35,1,0,0,0.0,0,1,2,0,0,-1.0,0,0,0,1,0,55.0,0,0.2304,1,1,0,0,0,0.08025,0.48675,1,0,0,0,0,0,0,0,0,0,0
52,0,3,0,3.2484,2,1,0,0,27,0,0,0.0,0,0,0,0,0.5,0,0,0,0.0,0,1,1,0,0,-1.0,0,0,0,0,0,-1.0,0,0.215,1,1,1,1,0,0.002,0.48675,0,0,0,0,0,0,0,0,0,0,1
23,0,2,0,3.1899,1,1,0,0,0,0,0,0.0,0,0,0,0,0.15,1,0,0,0.0,0,1,4,0,0,4751.0,0,0,1,1,0,136.0,0,0.1088,0,0,0,0,0,0.35225,0.019,0,0,0,1,0,0,0,0,0,0,0
34,2,2,0,3.5364,1,0,0,0,0,0,0,0.0,0,0,0,0,0.28,1,0,0,0.0,0,1,2,0,0,4834.0,0,0,1,1,0,81.0,0,0.1547,0,0,0,0,0,0.0545,0.036,1,0,0,0,0,0,0,0,0,0,0
186,0,3,0,3.1307,2,1,0,0,47,3,8,0.0,0,0,0,0,0.5,0,0,0,0.0,0,1,1,0,0,-1.0,0,0,0,0,0,-1.0,0,0.2126,1,1,1,1,0,0.012,0.48675,0,0,0,0,0,0,0,0,0,0,1
21,0,1,0,3.3927,0,1,0,0,0,0,0,0.0,0,0,0,0,0.1,1,0,0,0.0,0,1,2,0,1,2275.0,0,0,1,1,0,75.0,0,0.0979,0,0,0,0,0,0.02775,0.001,1,0,0,0,0,0,0,0,0,0,0
35,0,2,0,2.9219,1,1,0,0,17,0,0,0.0833,1,0,1,0,0.5,0,0,0,0.0,0,1,3,0,1,-1.0,0,0,1,1,0,85.0,0,0.2418,0,1,0,0,0,0.0015,0.00025,1,0,0,0,0,0,0,0,0,0,0
47,4,2,3,4.4968,1,0,0,0,0,0,0,0.0,0,0,0,0,0.5,0,0,0,0.0,0,1,2,0,0,-1.0,0,0,0,1,0,83.0,0,0.2399,1,1,0,0,0,0.0995,0.48675,1,0,0,0,0,0,0,0,0,0,0
48,1,1,0,3.2028,0,0,0,0,25,0,0,0.0,0,0,0,0,0.15,1,0,0,0.0,0,0,0,0,0,-1.0,0,0,0,0,0,-1.0,-1,0.1091,1,1,1,1,1,0.35225,0.48675,0,0,0,0,0,0,0,0,0,0,1
52,0,3,0,3.0131,2,1,0,0,27,0,0,0.0,0,0,0,0,0.93,1,0,0,0.0,0,1,1,0,0,-1.0,0,0,0,0,0,-1.0,0,0.3393,1,1,1,1,0,0.00375,0.48675,0,0,0,0,0,0,0,0,0,0,1
46,3,2,4,4.4187,1,0,0,0,0,0,0,0.0833,1,0,1,0,0.5,0,0,0,0.0,0,1,2,0,0,-1.0,0,0,0,1,0,81.0,0,0.2717,1,1,0,0,0,0.0995,0.48675,1,0,0,0,0,0,0,0,0,0,0
26,0,3,0,3.2928,2,1,0,0,0,0,0,0.0,0,0,0,0,0.5,0,0,0,0.0,0,1,1,0,0,-1.0,0,0,1,1,0,171.0,0,0.2159,0,1,0,0,0,0.003,0.00125,0,0,0,0,0,0,0,0,0,0,0
51,4,2,2,4.2728,1,1,0,0,0,0,0,0.0,0,0,0,0,0.5,0,0,0,0.0,0,1,2,0,0,-1.0,0,0,0,1,0,78.0,0,0.2355,1,1,0,0,0,0.0995,0.48675,1,0,0,0,0,0,0,0,0,0,0
30,0,1,0,3.2776,0,1,0,0,11,0,0,0.0,0,0,0,0,0.15,1,0,0,0.0,0,1,1,0,1,10242.0,0,0,1,1,0,175.0,0,0.1106,0,0,0,0,0,0.35225,0.0035,0,0,0,0,0,0,0,0,0,1,0
34,0,1,0,3.2516,0,1,0,0,14,0,0,0.0,0,0,0,0,0.2,1,0,0,0.0,0,1,1,0,1,3340.0,0,0,1,0,0,-1.0,-1,0.125,0,0,1,1,1,0.0055,0.00175,0,0,0,0,0,0,0,0,0,0,1
12,0,1,0,2.0,0,1,0,0,0,0,0,0.0,0,0,0,0,0.3,1,0,0,0.0,0,1,1,0,0,-1.0,0,0,0,1,0,66.0,0,0.13,1,1,0,0,0,0.00425,0.48675,0,1,0,0,0,0,0,0,0,0,0
18,0,1,0,2.9219,0,1,0,0,0,0,0,0.0,0,0,0,0,0.15,1,0,0,0.0,0,1,1,0,1,3629.0,0,0,1,1,0,66.0,0,0.1034,0,0,0,0,0,0.35225,0.058,0,1,0,0,0,0,0,0,0,0,0
32,1,2,0,3.6258,1,0,0,0,0,0,0,0.0833,1,0,1,0,0.35,1,0,0,0.0,0,1,2,0,0,-1.0,0,0,0,1,0,55.0,0,0.2108,1,1,0,0,0,0.08025,0.48675,1,0,0,0,0,0,0,0,0,0,0
28,0,1,0,3.4528,0,1,0,0,3,0,0,0.0,0,0,0,0,0.5,0,0,0,0.0,0,1,4,0,1,6452.0,0,0,1,1,0,219.0,0,0.2191,1,0,0,0,0,0.00175,0.48675,0,0,0,1,0,0,0,0,0,0,0
40,0,1,0,3.2402,0,1,0,0,7,1,2,0.0,0,0,0,0,0.15,1,0,0,0.0,0,1,2,0,1,3466.0,0,1,1,1,0,88.0,0,0.1098,0,0,0,0,0,0.35225,0.058,1,0,0,0,0,0,0,0,0,0,0
59,3,4,11,4.1753,3,1,0,0,14,0,0,0.25,2,0,2,0,0.7,1,0,0,0.0,0,1,1,0,0,696.0,0,1,1,0,0,-1.0,-1,0.3935,0,0,1,1,1,0.0095,0.01175,0,0,0,0,0,0,0,0,0,0,1
25,1,1,0,3.0958,0,1,0,0,6,0,0,0.0,0,0,0,0,0.15,1,0,0,0.0,0,1,2,0,0,4618.0,0,0,1,1,0,162.0,0,0.1069,0,0,0,0,0,0.35225,0.019,0,0,0,0,0,1,0,0,0,0,0
208,0,3,0,3.1307,2,1,0,0,58,3,8,0.0,0,0,0,0,0.5,0,0,0,0.0,0,1,1,0,0,-1.0,0,0,0,0,0,-1.0,0,0.2126,1,1,1,1,0,0.012,0.48675,0,0,0,0,0,0,0,0,0,0,1
34,0,1,0,3.1219,0,1,0,0,16,0,0,0.0,0,0,0,0,0.15,1,0,0,0.0,0,0,0,0,1,-1.0,0,0,0,0,0,-1.0,-1,0.1074,1,1,1,1,1,0.35225,0.48675,0,0,0,0,0,0,0,0,0,0,1
46,0,3,4,4.0562,2,0,0,0,0,0,0,0.0,0,0,0,0,0.15,1,0,0,0.0,0,1,2,0,0,-1.0,0,0,0,0,0,-1.0,0,0.1261,1,1,1,1,0,0.35225,0.48675,0,0,0,0,0,0,0,0,0,0,1
33,0,1,0,3.3278,0,1,0,0,9,0,0,0.0,0,0,0,0,0.15,1,0,0,0.0,0,1,2,0,1,6465.0,0,1,1,1,0,52.0,0,0.1116,0,0,0,0,0,0.35225,0.058,1,0,0,0,0,0,0,0,0,0,0
46,3,2,4,4.3462,1,0,0,0,0,0,0,0.0,0,0,0,0,0.5,0,0,0,0.0,0,1,2,0,0,-1.0,0,0,0,1,0,78.0,0,0.2369,1,1,0,0,0,0.0995,0.48675,1,0,0,0,0,0,0,0,0,0,0
61,0,1,0,3.6842,0,1,0,0,33,0,0,0.0,0,0,0,0,0.15,1,0,0,0.0,0,1,1,0,0,1747.0,0,1,1,0,0,-1.0,0,0.1187,0,0,1,1,0,0.35225,0.058,0,0,0,0,0,0,0,0,0,0,1
37,0,3,0,3.7363,2,1,0,0,0,0,0,0.0833,1,0,1,0,0.5,0,0,0,0.0,0,1,1,0,0,10958.0,0,0,1,1,0,104.0,0,0.258,0,0,0,0,0,0.009,0.001,0,0,0,0,0,0,0,0,1,0,0
33,1,2,0,3.7679,1,1,0,0,0,0,0,0.0,0,0,0,0,0.15,1,0,0,0.0,0,1,2,0,0,-1.0,0,0,0,1,0,50.0,0,0.1204,1,1,0,0,0,0.35225,0.48675,1,0,0,0,0,0,0,0,0,0,0
29,0,1,0,2.9219,0,1,0,0,11,0,0,0.0,0,0,0,0,0.1,1,0,0,0.0,0,1,1,0,0,-1.0,0,0,0,0,0,-1.0,-1,0.0884,1,1,1,1,1,0.02775,0.48675,0,0,0,0,0,0,0,0,0,0,1
28,0,1,0,3.6219,0,1,0,0,0,0,0,0.25,1,1,0,0,0.15,1,0,0,0.0,0,1,1,0,1,-1.0,0,0,0,1,0,127.0,0,0.2174,1,1,0,0,0,0.35225,0.48675,0,0,0,0,0,0,0,0,0,0,0
21,0,1,0,2.5216,0,1,0,0,6,0,0,0.1667,2,0,2,0,0.02,1,0,0,0.0,0,1,1,0,0,14479.0,0,0,1,0,0,-1.0,0,0.1231,1,0,1,1,0,0.0075,0.48675,0,0,0,0,0,0,0,0,0,0,1
21,0,1,0,3.1808,0,1,0,0,0,0,0,0.0,0,0,0,0,0.15,1,0,0,0.0,0,1,3,0,0,-1.0,0,0,0,0,0,-1.0,-1,0.1086,1,1,1,1,1,0.35225,0.48675,0,0,0,0,0,0,0,0,0,0,1
39,0,1,0,3.2359,0,1,0,0,17,0,0,0.0833,1,0,1,0,0.6,1,0,0,0.0,0,1,2,0,0,-1.0,0,0,0,1,0,56.0,0,0.278,1,1,0,0,0,0.00125,0.48675,0,1,0,0,0,0,0,0,0,0,0
81,1,7,1,4.2223,6,1,0,0,0,0,0,0.3167,2,0,2,1,0.15,1,0,0,0.0,0,1,1,0,0,1409.0,0,0,1,1,0,65.0,0,0.2561,0,0,0,0,0,0.35225,0.01125,0,1,0,0,0,0,0,0,0,0,0
34,0,2,0,2.8731,1,1,0,0,13,0,0,0.0,0,0,0,0,0.5,0,0,0,0.0,0,0,0,0,0,7421.0,0,1,1,0,0,-1.0,-1,0.2075,0,0,1,1,1,0.0085,0.01225,0,0,0,0,0,0,0,0,0,0,1
991,1,3,0,4.0464,2,1,0,0,29,12,54,0.0,0,0,0,0,0.5,0,0,0,0.0,0,1,2,0,0,-1.0,0,0,0,1,0,77.0,0,0.2309,1,1,0,0,0,0.0995,0.48675,1,0,0,0,0,0,0,0,0,0,0
37,2,2,6,4.0044,1,0,0,0,0,0,0,0.0833,1,0,1,0,0.35,1,0,0,0.0,0,1,2,0,0,-1.0,0,0,0,1,0,31.0,0,0.2184,1,1,0,0,0,0.08025,0.48675,0,1,0,0,0,0,0,0,0,0,0
33,0,1,0,2.75,0,1,0,0,7,1,2,0.0,0,0,0,0,0.5,0,0,0,0.0,0,1,1,0,0,9483.0,0,0,1,1,0,81.0,0,0.205,0,0,0,0,0,0.02275,0.012,0,0,0,0,0,1,0,0,0,0,0
41,0,1,0,2.9852,0,1,0,0,19,0,0,0.0,0,0,0,0,0.15,1,0,0,0.0,0,1,2,0,1,1171.0,0,0,1,1,0,55.0,0,0.1047,0,0,0,0,0,0.35225,0.00025,0,1,0,0,0,0,0,0,0,0,0
43,2,2,5,4.3372,1,1,0,0,0,0,0,0.0833,1,0,1,0,0.35,1,0,0,0.0,0,1,2,0,0,-1.0,0,0,0,1,0,229.0,0,0.2251,1,1,0,0,0,0.08025,0.48675,0,0,0,0,0,0,0,0,0,0,0
65,6,3,4,4.2619,2,1,0,0,0,0,0,0.0,0,0,0,1,0.5,0,0,0,0.0,0,1,2,0,0,-1.0,0,0,0,1,0,56.0,0,0.2352,1,1,0,0,0,0.0995,0.48675,1,0,0,0,0,0,0,0,0,0,0
23,0,1,0,3.6402,0,0,0,0,0,0,0,0.0,0,0,0,0,0.15,1,0,0,0.0,0,1,2,0,0,2211.0,0,1,1,1,0,61.0,0,0.1178,0,0,0,0,0,0.35225,0.01575,1,0,0,0,0,0,0,0,0,0,0
50,1,1,0,3.6901,0,1,0,0,25,0,0,0.0,0,0,0,0,0.15,1,0,0,0.0,0,1,1,0,0,-1.0,0,0,0,1,0,85.0,0,0.1188,1,1,0,0,0,0.35225,0.48675,0,1,0,0,0,0,0,0,0,0,0
25,0,1,0,3.1219,0,1,0,0,7,0,0,0.0,0,0,0,0,0.5,0,0,0,0.0,0,1,1,0,0,518.0,0,0,1,0,0,-1.0,0,0.2124,0,0,1,1,0,0.00325,0.03575,0,0,0,0,0,0,0,0,0,0,1
31,1,1,1,3.5725,0,1,0,0,6,0,0,0.0,0,0,0,0,0.22,1,0,0,0.0,0,0,0,0,0,-1.0,0,0,0,0,0,-1.0,-1,0.1375,1,1,1,1,1,0.0405,0.48675,0,0,0,0,0,0,0,0,0,0,1
26,0,2,0,3.4992,1,1,0,0,0,0,0,0.0,0,0,0,0,0.15,1,0,0,0.0,0,0,0,0,0,-1.0,0,0,0,0,0,-1.0,-1,0.115,1,1,1,1,1,0.35225,0.48675,0,0,0,0,0,0,0,0,0,0,1
27,0,2,0,3.7871,1,0,0,0,0,0,0,0.0,0,0,0,0,0.15,1,0,0,0.0,0,1,2,0,0,7431.0,0,0,1,1,0,37.0,0,0.1207,0,0,0,0,0,0.35225,0.036,0,1,0,0,0,0,0,0,0,0,0
28,0,1,0,3.4594,0,1,0,0,9,0,0,0.0,0,0,0,0,0.22,1,0,0,0.0,0,0,0,0,0,4541.0,0,0,1,0,0,-1.0,-1,0.1352,0,0,1,1,1,0.0405,0.00325,0,0,0,0,0,0,0,0,0,0,1
22,0,2,0,3.182,1,1,0,0,0,0,0,0.0,0,0,0,0,0.5,0,0,0,0.0,0,1,1,0,0,1948.0,0,0,1,0,0,-1.0,0,0.2136,0,0,1,1,0,0.02275,0.012,0,0,0,0,0,0,0,0,0,0,1
26,0,2,0,3.1751,1,1,0,0,0,0,0,0.0,0,0,0,0,0.5,0,0,0,0.0,0,1,2,0,1,3151.0,0,0,1,1,0,31.0,0,0.2135,0,0,0,0,0,0.0035,0.00375,0,1,0,0,0,0,0,0,0,0,0
22,0,1,3,3.0391,0,1,0,0,0,0,0,0.0,0,0,0,0,0.15,1,0,0,0.0,0,1,1,0,1,7736.0,0,0,1,1,0,30.0,0,0.1058,0,0,0,0,0,0.35225,0.00025,0,1,0,0,0,0,0,0,0,0,0
38,1,1,0,3.1808,0,1,0,0,17,0,0,0.0833,1,0,1,0,0.15,1,0,0,0.0,0,0,0,0,0,2012.0,0,0,1,0,0,-1.0,-1,0.1419,0,0,1,1,1,0.35225,0.00975,0,0,0,0,0,0,0,0,0,0,1
18,0,1,0,3.1219,0,1,0,0,0,0,0,0.0,0,0,0,0,0.15,1,0,0,0.0,0,1,2,0,1,3266.0,0,1,1,1,0,66.0,0,0.1074,0,0,0,0,0,0.35225,0.058,1,0,0,0,0,0,0,0,0,0,0
32,0,2,0,3.6368,1,0,0,0,0,0,0,0.0833,1,0,1,0,0.35,1,0,0,0.0,0,1,2,0,0,-1.0,0,0,0,1,0,55.0,0,0.2111,1,1,0,0,0,0.08025,0.48675,1,0,0,0,0,0,0,0,0,0,0
40,2,2,6,4.1069,1,1,0,0,0,0,0,0.0833,1,0,1,0,0.35,1,0,0,0.0,0,1,2,0,0,-1.0,0,0,0,1,0,31.0,0,0.2205,1,1,0,0,0,0.08025,0.48675,0,1,0,0,0,0,0,0,0,0,0
43,1,2,4,4.0603,1,1,0,0,8,0,0,0.0,0,0,0,0,0.28,1,0,0,0.0,0,1,4,0,0,-1.0,0,0,0,1,0,31.0,0,0.1652,1,1,0,0,0,0.0545,0.48675,0,1,0,0,0,0,0,0,0,0,0
21,0,1,0,2.8731,0,1,0,0,0,0,0,0.0,0,0,0,0,0.15,1,0,0,0.0,0,1,3,0,1,10985.0,0,0,1,1,0,58.0,0,0.1025,0,0,0,0,0,0.35225,0.036,0,1,0,0,0,0,0,0,0,0,0
20,0,1,0,3.4594,0,1,0,0,0,0,0,0.0,0,0,0,0,0.5,0,0,0,0.0,0,1,1,0,0,-1.0,0,0,0,1,0,40.0,0,0.2192,1,1,0,0,0,0.02275,0.48675,0,1,0,0,0,0,0,0,0,0,0
24,0,2,0,3.4528,1,1,0,0,0,0,0,0.0,0,0,0,0,0.5,0,0,0,0.0,0,1,2,0,0,10680.0,0,0,1,1,0,59.0,0,0.2191,0,0,0,0,0,0.00525,0.00175,0,0,0,0,0,0,0,0,0,0,0
46,3,2,4,4.2539,1,0,0,0,0,0,0,0.0,0,0,0,0,0.5,0,0,0,0.0,0,1,2,0,0,-1.0,0,0,0,1,0,74.0,0,0.2351,1,1,0,0,0,0.0995,0.48675,1,0,0,0,0,0,0,0,0,0,0
19,0,1,0,3.0958,0,1,0,0,0,0,0,0.0,0,0,0,0,0.5,0,0,0,0.0,0,1,1,0,0,-1.0,0,0,0,1,0,33.0,0,0.2119,1,1,0,0,0,0.02275,0.48675,0,1,0,0,0,0,0,0,0,0,0
52,3,2,10,4.4989,1,0,0,0,0,0,0,0.0,0,0,0,0,0.5,0,0,0,0.0,0,1,2,0,0,-1.0,0,0,0,1,0,81.0,0,0.24,1,1,0,0,0,0.0995,0.48675,1,0,0,0,0,0,0,0,0,0,0
45,0,2,0,3.2389,1,0,0,0,25,0,0,0.0,0,0,0,0,0.15,1,0,0,0.0,0,0,0,0,1,63.0,0,1,1,0,0,-1.0,-1,0.1098,0,0,1,1,1,0.35225,0.00425,0,0,0,0,0,0,0,0,0,0,1
47,4,2,3,4.311,1,0,0,0,0,0,0,0.0,0,0,0,0,0.5,0,0,0,0.0,0,1,2,0,0,-1.0,0,0,0,1,0,83.0,0,0.2362,1,1,0,0,0,0.0995,0.48675,1,0,0,0,0,0,0,0,0,0,0
66,0,2,0,3.3249,1,0,0,0,45,0,1,0.0,0,0,0,0,0.15,1,0,0,0.0,0,0,0,0,0,-1.0,0,0,0,0,0,-1.0,-1,0.1115,1,1,1,1,1,0.35225,0.48675,0,0,0,0,0,0,0,0,0,0,1
46,0,2,0,2.8731,1,1,0,0,25,0,0,0.0,0,0,0,0,0.5,0,0,0,0.0,0,1,1,0,0,-1.0,0,0,0,1,0,72.0,0,0.2075,1,1,0,0,0,0.0025,0.48675,0,1,0,0,0,0,0,0,0,0,0
29,0,1,0,3.3219,0,1,0,0,11,0,0,0.0,0,0,0,0,0.15,1,0,0,0.0,0,1,1,0,1,6871.0,0,0,1,1,0,59.0,0,0.1114,0,0,0,0,0,0.35225,0.0155,0,0,0,0,1,0,0,0,0,0,0
44,0,2,0,3.6054,1,0,0,0,13,0,0,0.0,0,0,0,0,0.28,1,0,0,0.0,0,1,4,0,0,-1.0,0,0,0,1,0,31.0,0,0.1561,1,1,0,0,0,0.0545,0.48675,0,1,0,0,0,0,0,0,0,0,0
32,0,1,0,2.7219,0,1,0,0,14,0,0,0.0,0,0,0,0,0.5,0,0,0,0.0,0,1,4,0,1,1201.0,0,0,1,1,0,87.0,0,0.2044,0,0,0,0,0,0.0035,0.036,0,1,0,0,0,0,0,0,0,0,0
39,0,2,0,3.4316,1,1,0,0,12,0,0,0.0,0,0,0,0,0.28,1,0,0,0.0,0,1,4,0,0,-1.0,0,0,0,1,0,31.0,0,0.1526,1,1,0,0,0,0.0545,0.48675,0,1,0,0,0,0,0,0,0,0,0
61,4,2,0,4.1012,1,1,0,0,0,0,0,0.0,0,0,0,1,0.15,1,0,0,0.0,0,1,2,0,0,4974.0,0,0,1,1,0,34.0,0,0.127,0,0,0,0,0,0.35225,0.0155,1,0,0,0,0,0,0,0,0,0,0
72,1,1,0,4.1357,0,1,0,0,25,0,0,0.0,0,0,0,0,0.55,1,0,0,0.0,0,1,2,0,0,-1.0,0,0,0,1,0,87.0,0,0.2477,1,1,0,0,0,0.00425,0.48675,1,0,0,0,0,0,0,0,0,0,0
28,0,3,0,3.3087,2,1,0,0,0,0,0,0.0833,1,0,1,0,0.5,0,0,0,0.0,0,1,3,0,0,4728.0,0,0,1,1,0,33.0,0,0.2495,0,0,0,0,0,0.0015,0.00125,0,1,0,0,0,0,0,0,0,0,0
42,0,1,3,3.7028,0,1,0,0,18,0,0,0.0,0,0,0,0,0.15,1,0,0,0.0,0,0,0,0,0,1627.0,0,1,1,0,0,-1.0,-1,0.1191,0,0,1,1,1,0.35225,0.003,0,0,0,0,0,0,0,0,0,0,1
18,0,1,0,3.3219,0,1,0,0,0,0,0,0.0,0,0,0,0,0.15,1,0,0,0.0,0,1,8,0,0,4204.0,0,0,1,1,0,73.0,0,0.1114,0,0,0,0,0,0.35225,0.03575,0,1,0,0,0,0,0,0,0,0,0
33,0,1,0,3.1699,0,1,0,0,16,0,0,0.0,0,0,0,0,0.15,1,0,0,0.0,0,1,1,0,0,4492.0,0,0,1,0,0,-1.0,0,0.1084,0,0,1,1,0,0.35225,0.00025,0,0,0,0,0,0,0,0,0,0,1
38,0,1,0,3.7871,0,0,0,0,12,0,0,0.0,0,0,0,0,0.1,1,0,0,0.0,0,1,2,0,0,466.0,0,0,1,1,0,36.0,0,0.1057,0,0,0,0,0,0.02775,0.058,1,0,0,0,0,0,0,0,0,0,0
48,4,2,9,4.5719,1,0,0,0,0,0,0,0.0,0,0,0,0,0.5,0,0,0,0.0,0,1,2,0,0,-1.0,0,0,0,1,0,77.0,0,0.2414,1,1,0,0,0,0.0995,0.48675,1,0,0,0,0,0,0,0,0,0,0
40,0,3,0,3.6945,2,0,0,0,0,0,0,0.0833,1,0,1,0,0.35,1,0,0,0.0,0,1,2,0,0,-1.0,0,0,0,0,0,-1.0,0,0.2122,1,1,1,1,0,0.08025,0.48675,0,0,0,0,0,0,0,0,0,0,1
41,0,1,0,3.5069,0,1,0,0,18,0,0,0.0,0,0,0,0,0.5,0,0,0,0.0,0,0,0,0,0,1.0,1,1,1,0,0,-1.0,-1,0.2201,0,0,1,1,1,0.0035,0.00275,0,0,0,0,0,0,0,0,0,0,1
33,0,1,0,3.2776,0,1,0,0,14,0,0,0.0,0,0,0,0,0.1,1,0,0,0.0,0,1,1,0,0,6847.0,0,0,1,1,0,44.0,0,0.0956,0,0,0,0,0,0.02775,0.058,0,1,0,0,0,0,0,0,0,0,0
51,1,1,0,3.6901,0,1,0,0,6,1,2,0.0,0,0,0,0,0.15,1,0,0,0.0,0,1,1,0,0,-1.0,0,0,0,1,0,85.0,0,0.1188,1,1,0,0,0,0.35225,0.48675,0,1,0,0,0,0,0,0,0,0,0
44,4,2,6,4.2601,1,0,0,0,0,0,0,0.0,0,0,0,0,0.5,0,0,0,0.0,0,1,2,0,0,-1.0,0,0,0,1,0,81.0,0,0.2352,1,1,0,0,0,0.0995,0.48675,1,0,0,0,0,0,0,0,0,0,0
24,0,1,0,2.3219,0,1,0,0,11,0,0,0.0,0,0,0,0,0.5,0,0,0,0.0,0,0,0,0,0,10547.0,0,0,1,0,0,-1.0,-1,0.1964,0,0,1,1,1,0.00125,0.00075,0,0,0,0,0,0,0,0,0,0,1
37,0,1,0,3.027,0,1,0,0,7,1,2,0.0,0,0,0,0,0.22,1,0,0,0.0,0,1,2,0,1,5547.0,0,1,1,1,0,49.0,0,0.1265,0,0,0,0,0,0.0405,0.01575,1,0,0,0,0,0,0,0,0,0,0
29,0,2,0,2.8554,1,1,0,0,9,0,0,0.0,0,0,0,0,0.5,0,0,0,0.0,0,1,4,0,1,5204.0,0,0,1,1,0,146.0,0,0.2071,0,0,0,0,0,0.00175,0.00025,0,0,0,1,0,0,0,0,0,0,0
26,0,1,0,2.8074,0,1,0,0,11,0,0,0.0,0,0,0,0,0.5,0,0,0,0.0,0,1,2,0,1,3866.0,0,1,1,1,0,43.0,0,0.2061,0,0,0,0,0,0.0035,0.03575,1,0,0,0,0,0,0,0,0,0,0
47,1,2,3,4.0603,1,1,0,0,11,0,0,0.0,0,0,0,0,0.28,1,0,0,0.0,0,1,4,0,0,-1.0,0,0,0,1,0,31.0,0,0.1652,1,1,0,0,0,0.0545,0.48675,0,1,0,0,0,0,0,0,0,0,0
27,1,1,0,3.3219,0,1,0,0,9,0,0,0.0833,1,0,1,0,0.15,1,0,0,0.0,0,0,0,0,0,2412.0,0,0,1,0,0,-1.0,-1,0.1448,0,0,1,1,1,0.35225,0.00975,0,0,0,0,0,0,0,0,0,0,1
47,4,2,2,4.3135,1,1,0,0,0,0,0,0.0,0,0,0,0,0.5,0,0,0,0.0,0,1,2,0,0,-1.0,0,0,0,1,0,78.0,0,0.2363,1,1,0,0,0,0.0995,0.48675,1,0,0,0,0,0,0,0,0,0,0
23,0,2,0,3.0566,1,1,0,0,0,0,0,0.0,0,0,0,0,0.15,1,0,0,0.0,0,1,2,0,0,1004.0,0,0,1,1,0,88.0,0,0.1061,0,0,0,0,0,0.35225,0.03575,1,0,0,0,0,0,0,0,0,0,0
28,0,1,0,3.0272,0,1,0,0,9,0,0,0.0,0,0,0,0,0.5,0,0,0,0.0,0,1,1,0,0,9418.0,0,0,1,0,0,-1.0,-1,0.2105,0,0,1,1,1,0.00525,0.00025,0,0,0,0,0,0,0,0,0,0,1
22,0,2,0,3.027,1,1,0,0,0,0,0,0.0833,1,0,1,0,0.5,0,0,0,0.0,0,1,4,0,0,-1.0,0,0,0,1,0,74.0,0,0.2439,1,1,0,0,0,0.0005,0.48675,0,0,0,1,0,0,0,0,0,0,0
31,2,1,0,3.4548,0,1,0,0,5,0,0,0.1667,1,0,1,0,0.7,1,0,0,0.0,0,0,0,0,0,30.0,0,1,1,0,0,-1.0,-1,0.3458,0,0,1,1,1,0.0095,0.00375,0,0,0,0,0,0,0,0,0,0,1
25,0,2,0,3.0306,1,1,0,0,0,0,0,0.0,0,0,0,0,0.5,0,0,0,0.0,0,1,3,0,0,-1.0,0,0,1,1,0,36.0,0,0.2106,0,1,0,0,0,0.0015,0.00125,1,0,0,0,0,0,0,0,0,0,0
39,0,1,0,3.4677,0,1,0,0,17,0,0,0.0,0,0,0,0,0.15,1,0,0,0.0,0,0,0,0,0,922.0,0,0,1,0,0,-1.0,-1,0.1144,0,0,1,1,1,0.35225,0.019,0,0,0,0,0,0,0,0,0,0,1
20,0,1,0,3.085,0,1,0,0,0,0,0,0.0,0,0,0,0,0.15,1,0,0,0.0,0,1,2,0,0,1751.0,0,0,1,1,0,52.0,0,0.1067,0,0,0,0,0,0.35225,0.03575,0,0,0,0,0,0,0,1,0,0,0
28,0,1,0,3.3219,0,1,0,0,10,0,0,0.0,0,0,0,0,0.5,0,0,0,0.0,0,1,1,0,1,9431.0,0,0,1,1,0,44.0,0,0.2164,0,0,0,0,0,0.00325,0.0005,0,0,0,0,0,0,0,0,0,0,0
25,0,2,0,3.3278,1,1,0,0,0,0,0,0.0,0,0,0,0,0.02,1,0,0,0.0,0,1,1,0,0,12031.0,0,0,1,1,0,65.0,0,0.0726,1,0,0,0,0,0.0075,0.48675,0,1,0,0,0,0,0,0,0,0,0
31,0,3,0,3.4358,2,1,0,0,0,0,0,0.0,0,0,0,0,0.5,0,0,0,0.0,0,1,4,0,0,-1.0,0,0,0,1,0,105.0,0,0.2187,1,1,0,0,0,0.00025,0.48675,0,0,0,1,0,0,0,0,0,0,0
28,0,1,0,3.1699,0,1,0,0,11,0,0,0.0,0,0,0,0,0.15,1,0,0,0.0,0,1,4,0,1,11252.0,0,0,1,1,0,141.0,0,0.1084,0,0,0,0,0,0.35225,0.036,0,0,0,1,0,0,0,0,0,0,0
18,0,2,0,2.6464,1,1,0,0,0,0,0,0.0,0,0,0,0,0.5,0,0,0,0.0,0,1,1,0,0,-1.0,0,0,0,1,0,174.0,0,0.2029,1,1,0,0,0,0.002,0.48675,0,0,0,0,0,0,0,0,0,1,0
50,0,3,0,3.1307,2,1,0,0,25,0,0,0.0,0,0,0,0,0.5,0,0,0,0.0,0,1,1,0,0,-1.0,0,0,0,0,0,-1.0,0,0.2126,1,1,1,1,0,0.012,0.48675,0,0,0,0,0,0,0,0,0,0,1
49,4,2,2,4.4307,1,0,0,0,0,0,0,0.0,0,0,0,0,0.5,0,0,0,0.0,0,1,2,0,0,-1.0,0,0,0,1,0,78.0,0,0.2386,1,1,0,0,0,0.0995,0.48675,1,0,0,0,0,0,0,0,0,0,0
46,1,3,6,4.1654,2,1,0,0,0,0,0,0.0,0,0,0,0,0.22,1,0,0,0.0,0,1,1,0,0,3007.0,0,0,1,1,0,102.0,0,0.1493,0,0,0,0,0,0.0405,0.0155,0,0,0,0,0,0,0,0,0,1,0
34,0,1,0,2.9477,0,1,0,0,17,0,0,0.0,0,0,0,0,0.15,1,0,0,0.0,0,1,2,0,1,8202.0,0,1,1,1,0,74.0,0,0.104,0,0,0,0,0,0.35225,0.058,1,0,0,0,0,0,0,0,0,0,0
47,0,1,0,3.1219,0,1,0,0,16,1,2,0.0,0,0,0,0,0.15,1,0,0,0.0,0,0,0,0,0,718.0,0,1,1,0,0,-1.0,-1,0.1074,0,0,1,1,1,0.35225,0.0005,0,0,0,0,0,0,0,0,0,0,1
52,1,2,5,4.1423,1,1,0,0,14,0,0,0.0,0,0,0,0,0.28,1,0,0,0.0,0,1,4,0,0,-1.0,0,0,0,1,0,31.0,0,0.1668,1,1,0,0,0,0.0545,0.48675,0,1,0,0,0,0,0,0,0,0,0
33,1,2,2,3.8439,1,0,0,0,0,0,0,0.1667,2,0,2,0,0.15,1,0,0,0.0,0,1,2,0,0,-1.0,0,0,0,1,0,50.0,0,0.1886,1,1,0,0,0,0.35225,0.48675,1,0,0,0,0,0,0,0,0,0,0
36,0,1,6,2.9219,0,1,0,0,18,0,0,0.0,0,0,0,0,0.94,1,0,0,0.0,0,1,2,0,0,886.0,0,0,1,0,0,-1.0,-1,0.3404,0,0,1,1,1,0.01625,0.00475,0,0,0,0,0,0,0,0,0,0,1
17,0,1,0,2.9477,0,1,0,0,0,0,0,0.0,0,0,0,0,0.15,1,0,0,0.0,0,1,1,0,1,-1.0,0,0,0,1,0,161.0,0,0.104,1,1,0,0,0,0.35225,0.48675,0,0,0,0,0,1,0,0,0,0,0
34,0,1,0,2.9477,0,1,0,0,17,0,0,0.0,0,0,0,0,0.5,0,0,0,0.0,0,0,0,0,0,3677.0,0,0,1,0,0,-1.0,-1,0.209,0,0,1,1,1,0.01325,0.0005,0,0,0,0,0,0,0,0,0,0,1
27,1,1,0,3.5369,0,0,0,0,0,0,0,0.0,0,0,0,0,0.15,1,0,0,0.0,0,0,0,0,0,-1.0,0,0,0,0,0,-1.0,-1,0.1157,1,1,1,1,1,0.35225,0.48675,0,0,0,0,0,0,0,0,0,0,1
32,0,1,0,3.5724,0,1,0,0,6,0,0,0.0,0,0,0,0,0.1,1,0,0,0.0,0,1,2,0,0,10169.0,0,0,1,1,0,51.0,0,0.1014,0,0,0,0,0,0.02775,0.013,0,0,0,0,0,0,0,0,1,0,0
39,2,2,0,3.6133,1,0,0,0,5,0,0,0.0,0,0,0,0,0.15,1,0,0,0.0,0,0,0,0,0,13.0,1,0,1,0,0,-1.0,-1,0.1173,0,0,1,1,1,0.35225,0.00175,0,0,0,0,0,0,0,0,0,0,1
30,0,2,0,3.6538,1,1,0,0,0,0,0,0.0,0,0,0,0,0.15,1,0,0,0.0,0,1,3,0,0,8593.0,0,0,1,1,0,75.0,0,0.1181,0,0,0,0,0,0.35225,0.00075,0,1,0,0,0,0,0,0,0,0,0
33,1,1,0,3.4464,0,0,0,0,5,0,0,0.0,0,0,0,0,0.9,1,0,0,0.0,0,0,0,0,0,-1.0,0,0,0,0,0,-1.0,-1,0.3389,1,1,1,1,1,0.00575,0.48675,0,0,0,0,0,0,0,0,0,0,1
25,0,2,0,3.4528,1,1,0,0,0,0,0,0.0,0,0,0,0,0.15,1,0,0,0.0,0,1,2,0,0,4635.0,0,0,1,1,0,53.0,0,0.1141,0,0,0,0,0,0.35225,0.058,1,0,0,0,0,0,0,0,0,0,0
47,3,2,4,4.3264,1,1,0,0,0,0,0,0.0,0,0,0,0,0.5,0,0,0,0.0,0,1,2,0,0,-1.0,0,0,0,1,0,78.0,0,0.2365,1,1,0,0,0,0.0995,0.48675,1,0,0,0,0,0,0,0,0,0,0
32,0,2,0,3.7081,1,1,0,0,0,0,0,0.0,0,0,0,0,0.28,1,0,0,0.0,0,1,2,0,0,4508.0,0,0,1,1,0,74.0,0,0.1582,0,0,0,0,0,0.0545,0.0025,1,0,0,0,0,0,0,0,0,0,0
27,0,1,0,2.9219,0,1,0,0,9,0,0,0.0,0,0,0,0,0.15,1,0,0,0.0,0,1,2,0,1,5164.0,0,0,1,1,0,75.0,0,0.1034,0,0,0,0,0,0.35225,0.058,1,0,0,0,0,0,0,0,0,0,0
23,0,2,0,2.9477,1,1,0,0,6,0,0,0.0,0,0,0,0,0.5,0,0,0,0.0,0,0,0,0,0,-1.0,0,0,0,0,0,-1.0,-1,0.209,1,1,1,1,1,0.001,0.48675,0,0,0,0,0,0,0,0,0,0,1
40,1,3,0,3.9503,2,1,0,0,0,0,0,0.0,0,0,0,0,0.5,0,0,0,0.0,0,0,0,0,0,-1.0,0,0,0,0,0,-1.0,-1,0.229,1,1,1,1,1,0.00975,0.48675,0,0,0,0,0,0,0,0,0,0,1
36,1,2,0,3.6158,1,1,0,0,0,0,0,0.0,0,0,0,0,0.28,1,0,0,0.0,0,1,2,0,0,4508.0,0,0,1,1,0,74.0,0,0.1563,0,0,0,0,0,0.0545,0.0025,1,0,0,0,0,0,0,0,0,0,0
28,0,1,0,2.7255,0,1,0,0,11,0,0,0.0,0,0,0,0,0.5,0,0,0,0.0,0,0,0,0,0,-1.0,0,0,0,0,0,-1.0,-1,0.2045,1,1,1,1,1,0.002,0.48675,0,0,0,0,0,0,0,0,0,0,1
46,4,2,7,4.3989,1,0,0,0,0,0,0,0.25,3,0,3,0,0.5,0,0,0,0.0,0,1,2,0,0,-1.0,0,0,0,1,0,74.0,0,0.338,1,1,0,0,0,0.0995,0.48675,1,0,0,0,0,0,0,0,0,0,0
36,1,2,0,3.8797,1,1,0,0,5,0,0,0.25,2,0,2,0,0.7,1,0,0,0.0,0,0,0,0,0,27.0,1,1,1,0,0,-1.0,-1,0.3876,0,0,1,1,1,0.0095,0.00375,0,0,0,0,0,0,0,0,0,0,1
17,0,1,0,2.9477,0,1,0,0,0,0,0,0.0833,1,0,1,0,0.22,1,0,0,0.0,0,0,0,0,0,7866.0,0,0,1,0,0,-1.0,-1,0.1583,0,0,1,1,1,0.0405,0.00075,0,0,0,0,0,0,0,0,0,0,1
20,0,1,0,2.8554,0,1,0,0,0,0,0,0.0,0,0,0,0,0.15,1,0,0,0.0,0,1,1,0,1,1466.0,0,0,1,1,0,208.0,0,0.1021,0,0,0,0,0,0.35225,0.058,0,0,0,0,0,0,0,0,0,0,0
22,0,2,0,3.0391,1,1,0,0,0,0,0,0.0,0,0,0,0,0.5,0,0,0,0.0,0,1,1,0,0,9430.0,0,0,1,1,0,37.0,0,0.2108,0,0,0,0,0,0.00325,0.0005,0,0,0,0,1,0,0,0,0,0,0
48,4,2,2,4.4031,1,0,0,0,0,0,0,0.0,0,0,0,0,0.5,0,0,0,0.0,0,1,2,0,0,-1.0,0,0,0,1,0,77.0,0,0.2381,1,1,0,0,0,0.0995,0.48675,1,0,0,0,0,0,0,0,0,0,0
30,0,3,0,3.4273,2,1,0,0,0,0,0,0.0,0,0,0,0,0.5,0,0,0,0.0,0,1,1,0,0,-1.0,0,0,0,1,0,56.0,0,0.2185,1,1,0,0,0,0.00975,0.48675,0,1,0,0,0,0,0,0,0,0,0
41,0,2,0,3.6169,1,1,0,0,16,0,0,0.0,0,0,0,0,0.15,1,0,0,0.0,0,1,1,0,0,10657.0,0,0,1,1,0,77.0,0,0.1173,0,0,0,0,0,0.35225,0.00375,0,1,0,0,0,0,0,0,0,0,0
47,0,3,4,4.0991,2,0,0,0,0,0,0,0.0,0,0,0,0,0.1,1,0,0,0.0,0,0,0,0,0,-1.0,0,0,0,0,0,-1.0,-1,0.112,1,1,1,1,1,0.02775,0.48675,0,0,0,0,0,0,0,0,0,0,1
23,0,1,0,3.3736,0,1,0,0,0,0,0,0.0,0,0,0,0,0.22,1,0,0,0.0,0,1,2,0,0,535.0,0,0,1,1,0,70.0,0,0.1335,0,0,0,0,0,0.0405,0.03575,1,0,0,0,0,0,0,0,0,0,0
32,0,3,0,3.5014,2,1,0,0,0,0,0,0.0,0,0,0,0,0.5,0,0,0,0.0,0,1,2,0,0,-1.0,0,0,1,1,0,96.0,0,0.22,0,1,0,0,0,0.0015,0.00125,0,0,0,1,0,0,0,0,0,0,0
30,0,1,0,3.0,0,1,0,0,7,1,2,0.0833,1,0,1,0,0.1,1,0,0,0.0,0,1,3,0,1,11162.0,0,0,1,1,0,88.0,0,0.1233,0,0,0,0,0,0.02775,0.013,1,0,0,0,0,0,0,0,0,0,0
25,1,1,0,3.2776,0,1,0,0,6,0,0,0.1667,1,0,1,0,0.22,1,0,0,0.0,0,0,0,0,0,1115.0,0,0,1,0,0,-1.0,-1,0.1982,0,0,1,1,1,0.0405,0.03575,0,0,0,0,0,0,0,0,0,0,1
47,2,2,3,3.9381,1,1,0,0,0,0,0,0.0,0,0,0,0,0.5,0,0,0,0.0,0,1,2,0,0,-1.0,0,0,0,1,0,109.0,0,0.2288,1,1,0,0,0,0.0995,0.48675,0,0,1,0,0,0,0,0,0,0,0
25,0,2,0,3.125,1,1,0,0,0,0,0,0.0,0,0,0,0,0.28,1,0,0,0.0,0,1,2,0,0,4366.0,0,0,1,1,0,69.0,0,0.1465,0,0,0,0,0,0.0545,0.00325,1,0,0,0,0,0,0,0,0,0,0
24,1,2,0,3.3278,1,1,0,0,0,0,0,0.0,0,0,0,0,0.15,1,0,0,0.0,0,1,4,0,0,9923.0,0,0,1,0,0,-1.0,0,0.1116,0,0,1,1,0,0.35225,0.0005,0,0,0,0,0,0,0,0,0,0,1
20,0,1,0,2.585,0,1,0,0,6,0,0,0.0,0,0,0,0,0.5,0,0,0,0.0,0,1,1,0,0,-1.0,0,0,0,0,0,-1.0,-1,0.2017,1,1,1,1,1,0.00025,0.48675,0,0,0,0,0,0,0,0,0,0,1
24,0,1,0,2.9219,0,1,0,0,6,0,0,0.0,0,0,0,0,0.15,1,0,0,0.0,0,1,1,0,1,7894.0,0,0,1,0,0,-1.0,-1,0.1034,0,0,1,1,1,0.35225,0.00975,0,0,0,0,0,0,0,0,0,0,1
35,0,2,0,3.5945,1,1,0,0,6,0,0,0.0833,1,0,1,0,0.5,0,0,0,0.0,0,1,2,0,0,648.0,0,0,1,0,0,-1.0,0,0.2552,0,0,1,1,0,0.0025,0.00175,0,0,0,0,0,0,0,0,0,0,1
42,2,2,2,4.0061,1,1,0,0,0,0,0,0.0833,1,0,1,0,0.35,1,0,0,0.0,0,1,2,0,0,-1.0,0,0,0,1,0,229.0,0,0.2184,1,1,0,0,0,0.08025,0.48675,0,0,0,0,0,0,0,0,0,0,0
33,0,2,0,3.9435,1,0,0,0,0,0,0,0.0,0,0,0,0,0.28,1,0,0,0.0,0,1,2,0,0,4834.0,0,0,1,1,0,81.0,0,0.1629,0,0,0,0,0,0.0545,0.036,1,0,0,0,0,0,0,0,0,0,0
44,0,3,0,3.9023,2,1,0,0,9,0,0,0.0,0,0,0,0,0.5,0,0,0,0.0,0,0,0,0,0,335.0,0,0,1,0,0,-1.0,-1,0.228,0,0,1,1,1,0.00325,0.00075,0,0,0,0,0,0,0,0,0,0,1
22,0,2,3,3.1808,1,1,0,0,0,0,0,0.0,0,0,0,0,0.15,1,0,0,0.0,0,0,0,0,0,-1.0,0,0,0,0,0,-1.0,-1,0.1086,1,1,1,1,1,0.35225,0.48675,0,0,0,0,0,0,0,0,0,0,1
32,0,1,3,3.3219,0,1,0,0,14,0,0,0.0,0,0,0,0,0.22,1,0,0,0.0,0,1,1,0,0,4241.0,0,0,1,0,0,-1.0,0,0.1324,0,0,1,1,0,0.0405,0.00975,0,0,0,0,0,0,0,0,0,0,1
35,0,2,0,3.7483,1,1,0,0,0,0,0,0.0,0,0,0,0,0.15,1,0,0,0.0,0,1,2,0,0,7431.0,0,0,1,1,0,37.0,0,0.12,0,0,0,0,0,0.35225,0.0155,0,1,0,0,0,0,0,0,0,0,0
48,0,2,1,2.8731,1,1,0,0,27,0,0,0.0,0,0,0,0,0.15,1,0,0,0.0,0,1,2,0,0,6816.0,0,0,1,1,0,71.0,0,0.1025,0,0,0,0,0,0.35225,0.058,1,0,0,0,0,0,0,0,0,0,0
35,0,1,0,3.0958,0,1,0,0,16,0,0,0.0,0,0,0,0,0.15,1,0,0,0.0,0,1,2,0,0,2808.0,0,0,1,1,0,70.0,0,0.1069,0,0,0,0,0,0.35225,0.03575,1,0,0,0,0,0,0,0,0,0,0
36,0,1,0,3.2516,0,1,0,0,16,0,0,0.0,0,0,0,0,0.5,0,0,0,0.0,0,1,2,0,0,4655.0,0,0,1,1,0,57.0,0,0.215,0,0,0,0,0,0.00025,0.00025,0,0,0,0,0,0,0,0,0,0,0
34,0,3,0,3.5631,2,1,0,0,0,0,0,0.0,0,0,0,0,0.5,0,0,0,0.0,0,1,1,0,0,4258.0,0,0,1,1,0,52.0,0,0.2213,0,0,0,0,0,0.00525,0.00175,0,0,0,0,0,1,0,0,0,0,0
18,0,1,2,2.75,0,0,0,0,2,0,0,0.0,0,0,0,0,0.9,1,0,0,0.0,0,0,0,0,0,-1.0,0,0,0,0,0,-1.0,-1,0.325,1,1,1,1,1,0.00575,0.48675,0,0,0,0,0,0,0,0,0,0,1
23,0,1,0,2.7255,0,1,0,0,6,0,0,0.0,0,0,0,0,0.5,0,0,0,0.0,0,1,1,0,0,11535.0,0,0,1,0,0,-1.0,-1,0.2045,0,0,1,1,1,0.0025,0.00175,0,0,0,0,0,0,0,0,0,0,1
42,0,5,0,3.716,4,0,0,0,0,0,0,0.0,0,0,0,0,0.15,1,0,0,0.0,0,1,1,0,0,78.0,0,0,1,0,0,-1.0,-1,0.1193,0,0,1,1,1,0.35225,0.00125,0,0,0,0,0,0,0,0,0,0,1
16,0,1,0,3.0,0,1,0,0,0,0,0,0.0,0,0,0,0,0.1,1,0,0,0.0,0,1,1,0,1,11694.0,0,0,1,1,0,63.0,0,0.09,0,0,0,0,0,0.02775,0.00025,0,1,0,0,0,0,0,0,0,0,0
32,1,3,1,3.8239,2,0,0,0,0,0,0,0.0,0,0,0,0,0.15,1,0,0,0.0,0,1,1,0,0,-1.0,0,0,0,0,0,-1.0,0,0.1215,1,1,1,1,0,0.35225,0.48675,0,0,0,0,0,0,0,0,0,0,1
26,0,1,0,3.4194,0,1,0,0,0,0,0,0.0,0,0,0,0,0.5,0,0,0,0.0,0,1,1,0,0,-1.0,0,0,0,1,0,68.0,0,0.2184,1,1,0,0,0,0.002,0.48675,0,0,0,0,1,0,0,0,0,0,0
44,0,1,0,3.6842,0,1,0,0,16,0,0,0.0,0,0,0,0,0.22,1,0,0,0.0,0,0,0,0,1,4964.0,0,0,1,0,0,-1.0,-1,0.1397,0,0,1,1,1,0.0405,0.036,0,0,0,0,0,0,0,0,0,0,1
39,0,1,0,3.5216,0,1,0,0,17,0,0,0.0,0,0,0,0,0.15,1,0,0,0.0,0,1,1,0,0,10650.0,0,1,1,0,0,-1.0,-1,0.1154,0,0,1,1,1,0.35225,0.01175,0,0,0,0,0,0,0,0,0,0,1
37,0,2,0,3.2516,1,1,0,0,7,1,2,0.0,0,0,0,0,0.5,0,0,0,0.0,0,1,2,0,1,-1.0,0,0,0,0,0,-1.0,0,0.215,1,1,1,1,0,0.00075,0.48675,0,0,0,0,0,0,0,0,0,0,1
66,6,3,15,4.5673,2,1,0,0,0,0,0,0.0833,1,0,1,0,0.5,0,0,0,0.0,0,1,2,0,0,-1.0,0,0,0,1,0,63.0,0,0.2747,1,1,0,0,0,0.0995,0.48675,1,0,0,0,0,0,0,0,0,0,0
29,0,3,0,3.6538,2,0,0,0,0,0,0,0.1667,2,0,2,0,0.5,0,0,0,0.0,0,0,0,0,0,-1.0,0,0,0,0,0,-1.0,-1,0.2898,1,1,1,1,1,0.00975,0.48675,0,0,0,0,0,0,0,0,0,0,1
40,0,2,0,3.6169,1,1,0,0,14,0,0,0.0,0,0,0,0,0.28,1,0,0,0.0,0,1,4,0,0,-1.0,0,0,0,1,0,31.0,0,0.1563,1,1,0,0,0,0.0545,0.48675,0,1,0,0,0,0,0,0,0,0,0
74,4,2,6,4.2402,1,1,0,0,12,2,4,0.0,0,0,0,0,0.85,1,0,0,0.0,0,0,0,0,0,330.0,0,0,1,0,0,-1.0,-1,0.3398,0,0,1,1,1,0.0025,0.00025,0,0,0,0,0,0,0,0,0,0,1
15,0,1,0,2.5216,0,1,0,0,0,0,0,0.0833,1,0,1,0,0.15,1,0,0,0.0,0,1,2,0,1,-1.0,0,0,0,1,0,32.0,0,0.1288,1,1,0,0,0,0.35225,0.48675,0,1,0,0,0,0,0,0,0,0,0
39,0,2,0,3.5464,1,1,0,0,11,0,0,0.0833,1,0,1,0,0.5,0,0,0,0.0,0,1,1,0,0,418.0,0,0,1,1,0,179.0,0,0.2542,1,0,0,0,0,0.0015,0.48675,0,0,0,0,0,0,0,0,0,0,0
31,1,2,0,3.584,1,0,0,0,0,0,0,0.0,0,0,0,0,0.5,0,0,0,0.0,0,1,2,0,0,-1.0,0,0,0,1,0,47.0,0,0.2217,1,1,0,0,0,0.0995,0.48675,1,0,0,0,0,0,0,0,0,0,0
46,3,2,4,4.4187,1,0,0,0,0,0,0,0.0,0,0,0,0,0.5,0,0,0,0.0,0,1,2,0,0,-1.0,0,0,0,1,0,74.0,0,0.2384,1,1,0,0,0,0.0995,0.48675,1,0,0,0,0,0,0,0,0,0,0
38,0,3,0,3.7883,2,1,0,0,0,0,0,0.0,0,0,0,0,0.5,0,0,0,0.0,0,0,0,0,0,-1.0,0,0,0,0,0,-1.0,-1,0.2258,1,1,1,1,1,0.00975,0.48675,0,0,0,0,0,0,0,0,0,0,1
38,0,1,1,3.5216,0,1,0,0,16,0,0,0.0,0,0,0,0,0.15,1,0,0,0.0,0,0,0,0,0,-1.0,0,0,0,0,0,-1.0,-1,0.1154,1,1,1,1,1,0.35225,0.48675,0,0,0,0,0,0,0,0,0,0,1
23,0,2,0,3.182,1,1,0,0,0,0,0,0.0,0,0,0,0,0.15,1,0,0,0.0,0,1,2,0,0,11456.0,0,0,1,1,0,88.0,0,0.1086,0,0,0,0,0,0.35225,0.036,0,1,0,0,0,0,0,0,0,0,0
35,0,1,0,3.2028,0,1,0,0,11,0,0,0.0,0,0,0,0,0.15,1,0,0,0.0,0,1,1,0,1,9736.0,0,0,1,0,0,-1.0,-1,0.1091,0,0,1,1,1,0.35225,0.0155,0,0,0,0,0,0,0,0,0,0,1
28,0,1,0,3.5216,0,1,0,0,6,0,0,0.0,0,0,0,0,0.15,1,0,0,0.0,0,1,1,0,1,2657.0,0,0,1,1,0,61.0,0,0.1154,0,0,0,0,0,0.35225,0.058,0,1,0,0,0,0,0,0,0,0,0
47,4,2,3,4.3943,1,0,0,0,0,0,0,0.0,0,0,0,0,0.5,0,0,0,0.0,0,1,2,0,0,-1.0,0,0,0,1,0,83.0,0,0.2379,1,1,0,0,0,0.0995,0.48675,1,0,0,0,0,0,0,0,0,0,0
17,0,1,0,3.1699,0,1,0,0,0,0,0,0.25,2,0,2,0,0.7,1,0,0,0.0,0,1,3,0,1,3558.0,0,0,1,0,0,-1.0,-1,0.3734,0,0,1,1,1,0.0095,0.0005,0,0,0,0,0,0,0,0,0,0,1
60,0,2,0,3.027,1,0,0,0,40,0,0,0.0,0,0,0,0,0.5,0,0,0,0.0,0,1,1,0,0,-1.0,0,0,0,1,0,38.0,0,0.2105,1,1,0,0,0,0.004,0.48675,0,1,0,0,0,0,0,0,0,0,0
38,0,3,0,3.7559,2,0,0,0,0,0,0,0.1667,1,0,1,0,0.7,1,0,0,0.0,0,0,0,0,0,-1.0,0,0,0,0,0,-1.0,-1,0.3518,1,1,1,1,1,0.0095,0.48675,0,0,0,0,0,0,0,0,0,0,1
53,3,2,8,4.6524,1,0,0,0,0,0,0,0.0,0,0,0,0,0.5,0,0,0,0.0,0,1,2,0,0,-1.0,0,0,0,1,0,78.0,0,0.243,1,1,0,0,0,0.0995,0.48675,1,0,0,0,0,0,0,0,0,0,0
46,0,2,4,3.7842,1,1,0,0,17,0,0,0.0,0,0,0,0,0.28,1,0,0,0.0,0,1,4,0,0,-1.0,0,0,0,1,0,31.0,0,0.1597,1,1,0,0,0,0.0545,0.48675,0,1,0,0,0,0,0,0,0,0,0
30,0,2,0,2.7322,1,1,0,0,11,0,0,0.0,0,0,0,0,0.5,0,0,0,0.0,0,1,1,0,0,7075.0,0,0,1,0,0,-1.0,-1,0.2046,0,0,1,1,1,0.01325,0.00225,0,0,0,0,0,0,0,0,0,0,1
31,0,2,0,3.4316,1,1,0,0,3,0,0,0.0,0,0,0,0,0.5,0,0,0,0.0,0,1,1,0,0,-1.0,0,0,0,1,0,87.0,0,0.2186,1,1,0,0,0,0.0005,0.48675,0,0,0,0,0,0,0,1,0,0,0
38,2,3,2,4.0566,2,0,0,0,0,0,0,0.0833,1,0,1,0,0.15,1,0,0,0.0,0,1,1,0,0,-1.0,0,0,0,0,0,-1.0,0,0.1595,1,1,1,1,0,0.35225,0.48675,0,0,0,0,0,0,0,0,0,0,1
47,4,2,5,4.221,1,0,0,0,0,0,0,0.0,0,0,0,0,0.5,0,0,0,0.0,0,1,2,0,0,-1.0,0,0,0,1,0,83.0,0,0.2344,1,1,0,0,0,0.0995,0.48675,1,0,0,0,0,0,0,0,0,0,0
12,0,1,0,2.0,0,1,0,0,0,0,0,0.0,0,0,0,0,0.5,0,0,0,0.0,0,1,2,0,1,-1.0,0,0,0,1,0,71.0,0,0.19,1,1,0,0,0,0.0025,0.48675,1,0,0,0,0,0,0,0,0,0,0
38,0,1,0,3.2516,0,1,0,0,18,0,0,0.0,0,0,0,0,0.15,1,0,0,0.0,0,1,3,0,1,10208.0,0,0,1,0,0,-1.0,-1,0.11,0,0,1,1,1,0.35225,0.00025,0,0,0,0,0,0,0,0,0,0,1
40,2,2,0,3.6468,1,1,0,0,0,0,0,0.0,0,0,0,0,0.28,1,0,0,0.0,0,1,2,0,0,4834.0,0,0,1,1,0,81.0,0,0.1569,0,0,0,0,0,0.0545,0.036,1,0,0,0,0,0,0,0,0,0,0
58,0,2,0,3.3027,1,1,0,0,16,1,2,0.0,0,0,0,0,0.5,0,0,0,0.0,0,0,0,0,0,-1.0,0,0,0,0,0,-1.0,-1,0.2161,1,1,1,1,1,0.00025,0.48675,0,0,0,0,0,0,0,0,0,0,1
34,0,3,0,3.6431,2,1,0,0,0,0,0,0.0833,1,0,1,0,0.15,1,0,0,0.0,0,1,4,0,0,10005.0,0,0,1,1,0,37.0,0,0.1512,0,0,0,0,0,0.35225,0.004,0,1,0,0,0,0,0,0,0,0,0
34,0,2,0,3.6733,1,1,0,0,0,0,0,0.0,0,0,0,0,0.15,1,0,0,0.0,0,1,2,0,0,7431.0,0,0,1,1,0,37.0,0,0.1185,0,0,0,0,0,0.35225,0.0155,0,1,0,0,0,0,0,0,0,0,0
27,1,1,0,3.7255,0,1,0,0,0,0,0,0.0,0,0,0,0,0.15,1,0,0,0.0,0,0,0,0,0,135.0,0,0,1,0,0,-1.0,-1,0.1195,0,0,1,1,1,0.35225,0.03575,0,0,0,0,0,0,0,0,0,0,1
36,0,2,0,3.8492,1,0,0,0,5,0,0,0.0,0,0,0,0,0.1,1,0,0,0.0,0,1,2,0,0,466.0,0,0,1,1,0,36.0,0,0.107,0,0,0,0,0,0.02775,0.058,1,0,0,0,0,0,0,0,0,0,0
19,0,1,0,3.4594,0,1,0,0,0,0,0,0.0,0,0,0,0,0.15,1,0,0,0.0,0,1,3,0,1,-1.0,0,0,0,1,0,70.0,0,0.1142,1,1,0,0,0,0.35225,0.48675,1,0,0,0,0,0,0,0,0,0,0
32,0,1,0,2.5,0,1,0,0,16,0,0,0.0,0,0,0,0,0.5,0,0,0,0.0,0,1,4,0,1,4444.0,0,0,1,0,0,-1.0,0,0.2,0,0,1,1,0,0.002,0.00025,0,0,0,0,0,0,0,0,0,0,1
30,0,2,0,3.5585,1,1,0,0,0,0,0,0.0,0,0,0,0,0.28,1,0,0,0.0,0,1,2,0,0,4834.0,0,0,1,1,0,81.0,0,0.1552,0,0,0,0,0,0.0545,0.0155,1,0,0,0,0,0,0,0,0,0,0
36,0,3,3,3.5531,2,0,0,0,0,0,0,0.0,0,0,0,0,0.15,1,0,0,0.0,0,1,2,0,0,7431.0,0,0,1,0,0,-1.0,-1,0.1161,0,0,1,1,1,0.35225,0.0155,0,0,0,0,0,0,0,0,0,0,1
29,0,1,0,3.2516,0,1,0,0,9,0,0,0.0,0,0,0,0,0.22,1,0,0,0.0,0,1,1,0,0,-1.0,0,0,0,1,0,108.0,0,0.131,1,1,0,0,0,0.0405,0.48675,0,0,0,0,1,0,0,0,0,0,0
35,0,1,0,2.914,0,1,0,0,16,0,0,0.0,0,0,0,0,0.5,0,0,0,0.0,0,0,0,0,0,-1.0,0,0,0,0,0,-1.0,-1,0.2083,1,1,1,1,1,0.0005,0.48675,0,0,0,0,0,0,0,0,0,0,1
47,4,2,4,4.4068,1,0,0,0,0,0,0,0.0,0,0,0,0,0.5,0,0,0,0.0,0,0,0,0,0,-1.0,0,0,0,0,0,-1.0,-1,0.2381,1,1,1,1,1,0.0995,0.48675,0,0,0,0,0,0,0,0,0,0,1
33,0,1,0,3.2776,0,1,0,0,12,1,1,0.0,0,0,0,0,0.5,0,0,0,0.0,0,1,1,0,0,-1.0,0,0,0,1,0,58.0,0,0.2156,1,1,0,0,0,0.00125,0.48675,0,1,0,0,0,0,0,0,0,0,0
26,0,2,0,3.4194,1,1,0,0,0,0,0,0.0,0,0,0,0,0.15,1,0,0,0.0,0,1,2,0,0,501.0,0,0,1,1,0,205.0,0,0.1134,0,0,0,0,0,0.35225,0.019,0,0,0,0,0,0,0,0,0,0,0
16,0,1,0,2.4056,0,1,0,0,0,0,0,0.0,0,0,0,0,0.5,0,0,0,0.0,0,1,1,0,0,3707.0,0,0,1,1,0,3.0,0,0.1981,0,0,0,0,0,0.02275,0.012,0,0,0,0,0,1,0,0,0,0,0
17,0,1,0,2.9477,0,0,0,0,0,0,0,0.0833,1,0,1,0,0.5,0,0,0,0.0,0,0,0,0,0,-1.0,0,0,0,0,0,-1.0,-1,0.2423,1,1,1,1,1,0.00175,0.48675,0,0,0,0,0,0,0,0,0,0,1
20,0,1,0,3.585,0,1,0,0,0,0,0,0.0,0,0,0,0,0.15,1,0,0,0.0,0,1,3,0,1,5716.0,0,0,1,1,0,145.0,0,0.1167,0,0,0,0,0,0.35225,0.019,0,0,0,1,0,0,0,0,0,0,0
43,0,3,0,3.8222,2,1,0,0,0,0,0,0.0,0,0,0,0,0.15,1,0,0,0.0,0,1,1,0,0,-1.0,0,0,0,0,0,-1.0,0,0.1214,1,1,1,1,0,0.35225,0.48675,0,0,0,0,0,0,0,0,0,0,1
27,0,2,3,3.4613,1,1,0,0,0,0,0,0.0,0,0,0,0,0.15,1,0,0,0.0,0,1,1,0,0,10548.0,0,0,1,1,0,50.0,0,0.1142,0,0,0,0,0,0.35225,0.0155,1,0,0,0,0,0,0,0,0,0,0
42,0,1,0,3.0244,0,1,0,0,18,0,0,0.0,0,0,0,0,0.15,1,0,0,0.0,0,1,4,0,1,6158.0,0,0,1,1,0,178.0,0,0.1055,0,0,0,0,0,0.35225,0.058,0,0,0,0,0,0,0,0,1,0,0
31,0,3,0,3.4474,2,1,0,0,0,0,0,0.0833,1,0,1,0,0.5,0,0,0,0.0,0,0,0,0,0,-1.0,0,0,0,0,0,-1.0,-1,0.2523,1,1,1,1,1,0.00025,0.48675,0,0,0,0,0,0,0,0,0,0,1
38,1,2,2,3.8799,1,1,0,0,0,0,0,0.0,0,0,0,0,0.15,1,0,0,0.0,0,1,1,0,0,-1.0,0,0,0,1,0,50.0,0,0.1226,1,1,0,0,0,0.35225,0.48675,1,0,0,0,0,0,0,0,0,0,0
15,0,1,0,2.5216,0,1,0,0,0,0,0,0.0,0,0,0,0,0.5,0,0,0,0.0,0,1,2,0,0,1085.0,0,0,1,1,0,68.0,0,0.2004,0,0,0,0,0,0.00125,0.00025,1,0,0,0,0,0,0,0,0,0,0
47,3,3,0,4.0411,2,0,0,0,0,0,0,0.1667,2,0,2,0,0.35,1,0,0,0.0,0,1,2,0,0,-1.0,0,0,0,0,0,-1.0,0,0.2525,1,1,1,1,0,0.08025,0.48675,0,0,0,0,0,0,0,0,0,0,1
35,0,1,0,3.2776,0,1,0,0,16,0,0,0.0,0,0,0,0,0.5,0,0,0,0.0,0,0,0,0,0,-1.0,0,0,0,0,0,-1.0,-1,0.2156,1,1,1,1,1,0.0005,0.48675,0,0,0,0,0,0,0,0,0,0,1
28,0,2,0,3.5766,1,1,0,0,0,0,0,0.0,0,0,0,0,0.1,1,0,0,0.0,0,1,4,0,0,8689.0,0,0,1,1,0,87.0,0,0.1015,0,0,0,0,0,0.02775,0.00175,0,0,0,1,0,0,0,0,0,0,0
33,0,2,6,4.0839,1,0,0,0,0,0,0,0.0833,1,0,1,0,0.35,1,0,0,0.0,0,1,2,0,0,-1.0,0,0,0,1,0,229.0,0,0.22,1,1,0,0,0,0.08025,0.48675,0,0,0,0,0,0,0,0,0,0,0
28,0,2,0,3.7219,1,0,0,0,0,0,0,0.0833,1,0,1,0,0.35,1,0,0,0.0,0,1,2,0,0,-1.0,0,0,0,1,0,229.0,0,0.2128,1,1,0,0,0,0.08025,0.48675,0,0,0,0,0,0,0,0,0,0,0
30,0,1,0,2.2516,0,1,0,0,7,1,2,0.0833,1,0,1,0,0.5,0,0,0,0.0,0,0,0,0,1,-1.0,0,0,0,0,0,-1.0,-1,0.2284,1,1,1,1,1,0.00025,0.48675,0,0,0,0,0,0,0,0,0,0,1
15,0,1,0,2.8074,0,1,0,0,0,0,0,0.0,0,0,0,0,0.5,0,0,0,0.0,0,1,2,0,1,3490.0,0,0,1,1,0,61.0,0,0.2061,0,0,0,0,0,0.0035,0.001,1,0,0,0,0,0,0,0,0,0,0
47,2,4,1,4.2608,3,1,0,0,0,0,0,0.25,3,0,3,0,0.5,0,0,0,0.0,0,0,0,0,0,2937.0,0,0,1,0,0,-1.0,-1,0.3352,0,0,1,1,1,0.00325,0.00025,0,0,0,0,0,0,0,0,0,0,1
40,0,1,0,3.3736,0,1,0,0,7,1,2,0.0,0,0,0,0,0.5,0,0,0,0.0,0,0,0,0,0,3401.0,0,0,1,0,0,-1.0,-1,0.2175,0,0,1,1,1,0.02275,0.012,0,0,0,0,0,0,0,0,0,0,1
77,4,3,12,4.509,2,1,0,0,6,0,0,0.1667,1,0,1,0,0.7,1,0,0,0.0,0,1,1,0,0,696.0,0,0,1,1,0,84.0,0,0.3669,0,0,0,0,0,0.0095,0.0005,0,1,0,0,0,0,0,0,0,0,0
31,0,1,0,3.085,0,1,0,0,11,0,0,0.0,0,0,0,0,0.1,1,0,0,0.0,0,1,1,0,0,11520.0,0,1,1,0,0,-1.0,-1,0.0917,0,0,1,1,1,0.02775,0.01175,0,0,0,0,0,0,0,0,0,0,1
53,0,1,0,3.5976,0,1,0,0,17,0,0,0.0,0,0,0,0,0.1,1,0,0,0.0,0,1,2,0,0,96.0,0,0,1,1,0,87.0,0,0.102,0,0,0,0,0,0.02775,0.03575,1,0,0,0,0,0,0,0,0,0,0
48,0,2,2,3.8253,1,1,0,0,13,0,0,0.0,0,0,0,0,0.28,1,0,0,0.0,0,1,4,0,0,-1.0,0,0,0,1,0,31.0,0,0.1605,1,1,0,0,0,0.0545,0.48675,0,1,0,0,0,0,0,0,0,0,0
29,0,3,0,3.6464,2,1,0,0,0,0,0,0.0,0,0,0,0,0.5,0,0,0,0.0,0,1,2,0,0,7831.0,0,0,1,1,0,35.0,0,0.2229,0,0,0,0,0,0.009,0.00075,1,0,0,0,0,0,0,0,0,0,0
32,0,2,0,2.914,1,1,0,0,13,0,0,0.0833,1,0,1,0,0.5,0,0,0,0.0,0,1,2,0,1,-1.0,0,0,0,1,0,170.0,0,0.2416,1,1,0,0,0,0.00025,0.48675,0,0,0,0,0,0,0,0,0,0,0
36,0,2,0,3.182,1,1,0,0,14,0,0,0.0,0,0,0,0,0.22,1,0,0,0.0,0,0,0,0,0,21.0,1,1,1,0,0,-1.0,-1,0.1296,0,0,1,1,1,0.0405,0.00425,0,0,0,0,0,0,0,0,0,0,1
31,0,1,0,3.2806,0,1,0,0,7,0,0,0.0,0,0,0,0,0.5,0,0,0,0.0,0,0,0,0,0,-1.0,0,0,0,0,0,-1.0,-1,0.2156,1,1,1,1,1,0.00025,0.48675,0,0,0,0,0,0,0,0,0,0,1
43,2,2,6,4.0209,1,1,0,0,0,0,0,0.0833,1,0,1,0,0.35,1,0,0,0.0,0,1,2,0,0,-1.0,0,0,0,1,0,31.0,0,0.2187,1,1,0,0,0,0.08025,0.48675,0,1,0,0,0,0,0,0,0,0,0
38,0,2,1,3.8366,1,1,0,0,11,0,0,0.0,0,0,0,0,0.28,1,0,0,0.0,0,1,4,0,0,-1.0,0,0,0,1,0,31.0,0,0.1607,1,1,0,0,0,0.0545,0.48675,0,1,0,0,0,0,0,0,0,0,0
29,0,2,0,3.4087,1,1,0,0,0,0,0,0.0,0,0,0,0,0.15,1,0,0,0.0,0,1,2,0,1,6550.0,0,0,1,1,0,178.0,0,0.1132,0,0,0,0,0,0.35225,0.001,0,0,0,0,0,0,0,0,0,1,0
26,0,2,0,3.2928,1,1,0,0,0,0,0,0.0,0,0,0,0,0.15,1,0,0,0.0,0,1,4,0,0,1817.0,0,0,1,1,0,82.0,0,0.1109,0,0,0,0,0,0.35225,0.058,0,0,0,0,0,0,0,0,0,0,0
32,0,2,0,3.5535,1,0,0,0,0,0,0,0.0,0,0,0,0,0.5,0,0,0,0.0,0,1,2,0,0,3130.0,0,0,1,1,0,52.0,0,0.2211,0,0,0,0,0,0.0035,0.0055,0,1,0,0,0,0,0,0,0,0,0
23,0,2,0,3.1899,1,1,0,0,0,0,0,0.0,0,0,0,0,0.15,1,0,0,0.0,0,1,4,0,0,9600.0,0,0,1,1,0,102.0,0,0.1088,0,0,0,0,0,0.35225,0.001,0,0,0,1,0,0,0,0,0,0,0
57,0,2,4,4.182,1,1,0,0,21,0,0,0.0,0,0,0,0,0.94,1,0,0,0.0,0,0,0,0,0,7.0,1,0,1,0,0,-1.0,-1,0.3656,0,0,1,1,1,0.01625,0.01125,0,0,0,0,0,0,0,0,0,0,1
33,0,1,0,2.75,0,1,0,0,17,0,0,0.5,3,1,3,0,0.5,0,0,0,0.0,0,1,1,0,1,-1.0,0,0,0,1,0,74.0,0,0.405,1,1,0,0,0,0.00025,0.48675,0,1,0,0,0,0,0,0,0,0,0
36,2,2,0,3.6281,1,0,0,0,0,0,0,0.0833,1,0,1,0,0.5,0,0,0,0.0,0,1,2,0,0,-1.0,0,0,0,1,0,47.0,0,0.2559,1,1,0,0,0,0.0995,0.48675,1,0,0,0,0,0,0,0,0,0,0
40,0,2,0,3.5725,1,0,0,0,15,0,1,0.0,0,0,0,0,0.28,1,0,0,0.0,0,1,4,0,0,-1.0,0,0,0,1,0,31.0,0,0.1555,1,1,0,0,0,0.0545,0.48675,0,1,0,0,0,0,0,0,0,0,0
36,1,3,0,3.8249,2,0,0,0,0,0,0,0.0833,1,0,1,0,0.5,0,0,0,0.0,0,0,0,0,0,-1.0,0,0,0,0,0,-1.0,-1,0.2598,1,1,1,1,1,0.00975,0.48675,0,0,0,0,0,0,0,0,0,0,1
47,0,2,0,4.0898,1,0,0,0,0,0,0,0.0833,1,0,1,0,0.35,1,0,0,0.0,0,1,2,0,0,-1.0,0,0,0,1,0,229.0,0,0.2201,1,1,0,0,0,0.08025,0.48675,0,0,0,0,0,0,0,0,0,0,0
47,4,2,7,4.4262,1,0,0,0,0,0,0,0.0833,1,0,1,0,0.5,0,0,0,0.0,0,1,2,0,0,-1.0,0,0,0,1,0,76.0,0,0.2718,1,1,0,0,0,0.0995,0.48675,1,0,0,0,0,0,0,0,0,0,0
22,0,2,0,2.8963,1,1,0,0,0,0,0,0.0833,1,0,1,0,0.03,1,0,0,0.0,0,1,1,0,0,8853.0,0,1,1,1,0,104.0,0,0.1002,0,0,0,0,0,0.00325,0.0025,0,0,0,0,0,0,0,0,0,1,0
25,0,3,0,3.2028,2,1,0,0,0,0,0,0.0,0,0,0,0,0.5,0,0,0,0.0,0,1,3,0,0,-1.0,0,0,0,1,0,45.0,0,0.2141,1,1,0,0,0,0.0005,0.48675,1,0,0,0,0,0,0,0,0,0,0
48,4,2,2,4.4342,1,0,0,0,0,0,0,0.0,0,0,0,0,0.5,0,0,0,0.0,0,1,2,0,0,-1.0,0,0,0,1,0,76.0,0,0.2387,1,1,0,0,0,0.0995,0.48675,1,0,0,0,0,0,0,0,0,0,0
47,4,2,3,4.5162,1,0,0,0,0,0,0,0.0,0,0,0,0,0.5,0,0,0,0.0,0,1,2,0,0,-1.0,0,0,0,1,0,83.0,0,0.2403,1,1,0,0,0,0.0995,0.48675,1,0,0,0,0,0,0,0,0,0,0
35,3,2,0,3.6303,1,0,0,0,0,0,0,0.1667,2,0,2,0,0.5,0,0,0,0.0,0,1,2,0,0,-1.0,0,0,0,1,0,47.0,0,0.2893,1,1,0,0,0,0.0995,0.48675,1,0,0,0,0,0,0,0,0,0,0
31,0,1,0,3.3927,0,1,0,0,10,0,0,0.0,0,0,0,0,0.15,1,0,0,0.0,0,1,4,0,1,5198.0,0,0,1,1,0,156.0,0,0.1129,0,0,0,0,0,0.35225,0.058,0,0,0,1,0,0,0,0,0,0,0
38,0,2,0,2.8731,1,1,0,0,7,1,2,0.0,0,0,0,0,0.5,0,0,0,0.0,0,1,1,0,0,6228.0,0,0,1,0,0,-1.0,-1,0.2075,0,0,1,1,1,0.01325,0.00225,0,0,0,0,0,0,0,0,0,0,1
29,0,2,0,3.4842,1,1,0,0,0,0,0,0.0,0,0,0,0,0.15,1,0,0,0.0,0,1,2,0,0,4400.0,0,1,1,1,0,35.0,0,0.1147,0,0,0,0,0,0.35225,0.01175,1,0,0,0,0,0,0,0,0,0,0
28,0,1,0,2.8454,0,1,0,0,9,0,0,0.0,0,0,0,0,0.5,0,0,0,0.0,0,0,0,0,0,-1.0,0,0,0,0,0,-1.0,-1,0.2069,1,1,1,1,1,0.00025,0.48675,0,0,0,0,0,0,0,0,0,0,1
29,0,2,0,3.5585,1,0,0,0,0,0,0,0.0,0,0,0,0,0.28,1,0,0,0.0,0,1,2,0,0,4834.0,0,0,1,1,0,81.0,0,0.1552,0,0,0,0,0,0.0545,0.036,1,0,0,0,0,0,0,0,0,0,0
43,0,2,3,3.8817,1,1,0,0,0,1,2,0.0,0,0,0,0,0.15,1,0,0,0.0,0,1,1,0,0,-1.0,0,0,0,1,0,50.0,0,0.1226,1,1,0,0,0,0.35225,0.48675,1,0,0,0,0,0,0,0,0,0,0
43,0,2,0,3.9484,1,1,0,0,0,1,2,0.0,0,0,0,0,0.15,1,0,0,0.0,0,1,1,0,0,-1.0,0,0,0,1,0,50.0,0,0.124,1,1,0,0,0,0.35225,0.48675,1,0,0,0,0,0,0,0,0,0,0
28,0,2,0,3.5842,1,1,0,0,0,0,0,0.0,0,0,0,0,0.15,1,0,0,0.0,0,1,4,0,0,-1.0,0,0,0,1,0,151.0,0,0.1167,1,1,0,0,0,0.35225,0.48675,0,0,0,0,0,0,0,0,0,0,0
35,0,1,0,2.4056,0,1,0,0,19,0,0,0.0,0,0,0,0,0.5,0,0,0,0.0,0,0,0,0,0,744.0,0,0,1,0,0,-1.0,-1,0.1981,0,0,1,1,1,0.01325,0.00225,0,0,0,0,0,0,0,0,0,0,1
47,4,2,3,4.343,1,0,0,0,0,0,0,0.0,0,0,0,0,0.5,0,0,0,0.0,0,1,2,0,0,-1.0,0,0,0,1,0,83.0,0,0.2369,1,1,0,0,0,0.0995,0.48675,1,0,0,0,0,0,0,0,0,0,0
57,0,2,4,4.182,1,1,0,0,21,0,0,0.0,0,0,0,0,0.94,1,0,0,0.0,0,0,0,0,0,7.0,1,0,1,0,0,-1.0,-1,0.3656,0,0,1,1,1,0.01625,0.01125,0,0,0,0,0,0,0,0,0,0,1
24,0,2,0,3.1899,1,1,0,0,0,0,0,0.0,0,0,0,0,0.5,0,0,0,0.0,0,1,2,0,0,-1.0,0,0,0,1,0,90.0,0,0.2138,1,1,0,0,0,0.00025,0.48675,0,0,0,0,0,0,0,0,1,0,0
33,0,2,0,2.5033,1,1,0,0,16,0,0,0.0833,1,0,1,0,0.5,0,0,0,0.0,0,1,3,0,0,10958.0,0,0,1,1,0,137.0,0,0.2334,0,0,0,0,0,0.009,0.001,0,0,0,1,0,0,0,0,0,0,0
47,4,2,2,4.386,1,1,0,0,0,0,0,0.0,0,0,0,0,0.5,0,0,0,0.0,0,1,2,0,0,-1.0,0,0,0,1,0,78.0,0,0.2377,1,1,0,0,0,0.0995,0.48675,1,0,0,0,0,0,0,0,0,0,0
35,0,3,2,3.736,2,0,0,0,0,0,0,0.0,0,0,0,0,0.15,1,0,0,0.0,0,1,2,0,0,7431.0,0,0,1,0,0,-1.0,-1,0.1197,0,0,1,1,1,0.35225,0.036,0,0,0,0,0,0,0,0,0,0,1
27,0,2,0,3.5724,1,1,0,0,0,0,0,0.0,0,0,0,0,0.15,1,0,0,0.0,0,1,3,0,0,5094.0,0,0,1,1,0,108.0,0,0.1164,0,0,0,0,0,0.35225,0.03575,0,0,0,1,0,0,0,0,0,0,0
20,0,1,0,2.914,0,1,0,0,0,0,0,0.0,0,0,0,0,0.5,0,0,0,0.0,0,1,1,0,0,-1.0,0,0,0,1,0,76.0,0,0.2083,1,1,0,0,0,0.02275,0.48675,0,1,0,0,0,0,0,0,0,0,0
45,4,2,8,4.4823,1,1,0,0,0,0,0,0.0,0,0,0,0,0.5,0,0,0,0.0,0,1,2,0,0,-1.0,0,0,0,1,0,77.0,0,0.2396,1,1,0,0,0,0.0995,0.48675,1,0,0,0,0,0,0,0,0,0,0
25,0,1,0,3.1219,0,1,0,0,7,0,0,0.0,0,0,0,0,0.5,0,0,0,0.0,0,1,1,0,0,518.0,0,0,1,0,0,-1.0,0,0.2124,0,0,1,1,0,0.00325,0.03575,0,0,0,0,0,0,0,0,0,0,1
66,0,2,0,3.4316,1,1,0,0,39,0,0,0.0,0,0,0,0,0.15,1,0,0,0.0,0,1,1,0,0,3500.0,0,1,1,0,0,-1.0,0,0.1136,0,0,1,1,0,0.35225,0.01575,0,0,0,0,0,0,0,0,0,0,1
41,0,2,3,3.4613,1,1,0,0,14,0,0,0.0,0,0,0,0,0.28,1,0,0,0.0,0,1,4,0,0,-1.0,0,0,0,1,0,31.0,0,0.1532,1,1,0,0,0,0.0545,0.48675,0,1,0,0,0,0,0,0,0,0,0
22,0,1,0,2.3219,0,1,0,0,9,0,0,0.0,0,0,0,0,0.5,0,0,0,0.0,0,1,1,0,0,-1.0,0,0,0,1,0,75.0,0,0.1964,1,1,0,0,0,0.00025,0.48675,0,1,0,0,0,0,0,0,0,0,0
69,0,1,0,3.1899,0,1,0,0,0,2,4,0.0,0,0,0,0,0.15,1,0,0,0.0,0,0,0,0,0,3258.0,0,0,1,0,0,-1.0,-1,0.1088,0,0,1,1,1,0.35225,0.019,0,0,0,0,0,0,0,0,0,0,1
40,0,1,0,3.6144,0,1,0,0,14,0,0,0.0,0,0,0,0,0.15,1,0,0,0.0,0,1,2,0,1,9775.0,0,0,1,1,0,35.0,0,0.1173,0,0,0,0,0,0.35225,0.00975,0,1,0,0,0,0,0,0,0,0,0
34,0,1,0,3.1899,0,1,0,0,11,0,0,0.0,0,0,0,0,0.22,1,0,0,0.0,0,0,0,0,0,5079.0,0,0,1,0,0,-1.0,-1,0.1298,0,0,1,1,1,0.0405,0.058,0,0,0,0,0,0,0,0,0,0,1
40,1,1,0,3.75,0,1,0,0,0,1,2,0.0,0,0,0,0,0.5,0,0,0,0.0,0,0,0,0,0,26.0,1,1,1,0,0,-1.0,-1,0.225,0,0,1,1,1,0.001,0.006,0,0,0,0,0,0,0,0,0,0,1
40,0,2,0,4.0392,1,1,0,0,0,0,0,0.0,0,0,0,0,0.15,1,0,0,0.0,0,1,2,0,0,7431.0,0,0,1,1,0,37.0,0,0.1258,0,0,0,0,0,0.35225,0.036,0,1,0,0,0,0,0,0,0,0,0
29,1,1,0,3.4633,0,0,0,0,0,0,0,0.0,0,0,0,0,0.15,1,0,0,0.0,0,0,0,0,0,-1.0,0,0,0,0,0,-1.0,-1,0.1143,1,1,1,1,1,0.35225,0.48675,0,0,0,0,0,0,0,0,0,0,1
51,1,1,0,3.2028,0,1,0,0,6,1,2,0.0,0,0,0,0,0.15,1,0,0,0.0,0,0,0,0,0,-1.0,0,0,0,0,0,-1.0,-1,0.1091,1,1,1,1,1,0.35225,0.48675,0,0,0,0,0,0,0,0,0,0,1
40,1,2,4,4.0826,1,1,0,0,0,0,0,0.1667,1,0,1,0,0.15,1,0,0,0.0,0,1,2,0,0,-1.0,0,0,0,1,0,160.0,0,0.1933,1,1,0,0,0,0.35225,0.48675,0,0,0,0,0,0,0,0,0,1,0
71,2,4,5,4.2464,3,1,0,0,13,0,0,0.0,0,0,0,0,0.15,1,0,0,0.0,0,1,4,0,0,-1.0,0,0,0,1,0,41.0,0,0.1299,1,1,0,0,0,0.35225,0.48675,0,1,0,0,0,0,0,0,0,0,0
33,0,1,0,2.8074,0,1,0,0,18,0,0,0.0,0,0,0,0,0.22,1,0,0,0.0,0,1,1,0,0,10971.0,0,0,1,1,0,175.0,0,0.1221,0,0,0,0,0,0.0405,0.058,0,0,0,0,0,0,0,0,1,0,0
34,1,2,2,3.8439,1,1,0,0,0,0,0,0.0,0,0,0,0,0.15,1,0,0,0.0,0,1,2,0,0,-1.0,0,0,0,1,0,50.0,0,0.1219,1,1,0,0,0,0.35225,0.48675,1,0,0,0,0,0,0,0,0,0,0
49,0,1,0,3.6753,0,1,0,0,17,0,0,0.0,0,0,0,0,0.15,1,0,0,0.0,0,1,1,0,0,176.0,0,0,1,0,0,-1.0,0,0.1185,0,0,1,1,0,0.35225,0.0065,0,0,0,0,0,0,0,0,0,0,1
14,0,1,0,2.2516,0,1,0,0,0,0,0,0.0,0,0,0,0,0.5,0,0,0,0.0,0,1,1,0,1,-1.0,0,0,0,1,0,163.0,0,0.195,1,1,0,0,0,0.0005,0.48675,0,0,0,0,0,1,0,0,0,0,0
17,0,2,0,2.4194,1,1,0,0,0,0,0,0.0,0,0,0,0,0.5,0,0,0,0.0,0,1,1,0,0,8686.0,0,0,1,1,0,83.0,0,0.1984,0,0,0,0,0,0.01325,0.0005,0,0,0,0,0,1,0,0,0,0,0
34,0,1,0,2.9219,0,1,0,0,16,0,0,0.0,0,0,0,0,0.3,1,0,0,0.0,0,0,0,0,0,-1.0,0,0,0,0,0,-1.0,-1,0.1484,1,1,1,1,1,0.00425,0.48675,0,0,0,0,0,0,0,0,0,0,1
24,0,2,0,3.3232,1,1,0,0,0,0,0,0.0,0,0,0,0,0.15,1,0,0,0.0,0,1,1,0,0,8320.0,0,0,1,1,0,70.0,0,0.1115,0,0,0,0,0,0.35225,0.0155,0,1,0,0,0,0,0,0,0,0,0
30,0,2,0,3.3565,1,1,0,0,0,0,0,0.0,0,0,0,0,0.15,1,0,0,0.0,0,1,4,0,0,5591.0,0,0,1,1,0,193.0,0,0.1121,0,0,0,0,0,0.35225,0.036,0,0,0,0,1,0,0,0,0,0,0
41,1,2,0,4.056,1,1,0,0,9,0,0,0.0,0,0,0,0,0.5,0,0,0,0.0,0,1,2,0,0,-1.0,0,0,0,1,0,85.0,0,0.2311,1,1,0,0,0,0.0995,0.48675,1,0,0,0,0,0,0,0,0,0,0
33,0,1,0,3.1019,0,1,0,0,7,0,0,0.0,0,0,0,0,0.9,1,0,0,0.0,0,1,2,0,0,-1.0,0,0,0,1,0,89.0,0,0.332,1,1,0,0,0,0.00575,0.48675,0,1,0,0,0,0,0,0,0,0,0
47,3,3,0,4.0036,2,1,0,0,0,0,0,0.0833,1,0,1,0,0.35,1,0,0,0.0,0,1,2,0,0,-1.0,0,0,0,0,0,-1.0,0,0.2184,1,1,1,1,0,0.08025,0.48675,0,0,0,0,0,0,0,0,0,0,1
57,0,2,4,4.182,1,1,0,0,21,0,0,0.0,0,0,0,0,0.94,1,0,0,0.0,0,0,0,0,0,7.0,1,0,1,0,0,-1.0,-1,0.3656,0,0,1,1,1,0.01625,0.01125,0,0,0,0,0,0,0,0,0,0,1
32,0,1,0,2.9219,0,1,0,0,14,0,0,0.0,0,0,0,0,0.5,0,0,0,0.0,0,1,2,0,1,9627.0,0,0,1,1,0,172.0,0,0.2084,0,0,0,0,0,0.00425,0.00025,0,0,0,0,0,0,0,0,0,0,0
57,0,2,4,4.182,1,1,0,0,21,0,0,0.0,0,0,0,0,0.94,1,0,0,0.0,0,0,0,0,0,7.0,1,0,1,0,0,-1.0,-1,0.3656,0,0,1,1,1,0.01625,0.01125,0,0,0,0,0,0,0,0,0,0,1
29,1,2,0,3.5945,1,0,0,0,0,0,0,0.0833,1,0,1,0,0.5,0,0,0,0.0,0,1,2,0,0,-1.0,0,0,0,1,0,71.0,0,0.2552,1,1,0,0,0,0.0995,0.48675,1,0,0,0,0,0,0,0,0,0,0
51,3,2,8,4.5364,1,0,0,0,0,0,0,0.0,0,0,0,0,0.5,0,0,0,0.0,0,1,2,0,0,-1.0,0,0,0,1,0,81.0,0,0.2407,1,1,0,0,0,0.0995,0.48675,1,0,0,0,0,0,0,0,0,0,0
15,0,1,0,2.8074,0,1,0,0,0,0,0,0.1667,2,0,2,0,0.28,1,0,0,0.0,0,1,4,0,1,3813.0,0,0,1,1,0,200.0,0,0.2068,0,0,0,0,0,0.0545,0.058,0,0,0,1,0,0,0,0,0,0,0
30,0,3,0,3.504,2,1,0,0,0,0,0,0.0,0,0,0,0,0.5,0,0,0,0.0,0,1,2,0,0,5676.0,0,0,1,1,0,101.0,0,0.2201,1,0,0,0,0,0.00925,0.48675,0,0,0,0,0,0,0,0,1,0,0
20,0,1,0,3.2516,0,1,0,0,0,0,0,0.0833,1,0,1,0,0.35,1,0,0,0.0,0,0,0,0,0,-1.0,0,0,0,0,0,-1.0,-1,0.2034,1,1,1,1,1,0.08025,0.48675,0,0,0,0,0,0,0,0,0,0,1
26,0,2,0,3.2928,1,1,0,0,0,0,0,0.0,0,0,0,0,0.15,1,0,0,0.0,0,1,4,0,0,10422.0,0,1,1,1,0,180.0,0,0.1109,0,0,0,0,0,0.35225,0.00025,0,0,0,1,0,0,0,0,0,0,0
37,1,2,2,3.1899,1,1,0,0,7,1,2,0.0,0,0,0,0,0.5,0,0,0,0.0,0,0,0,0,0,-1.0,0,0,0,0,0,-1.0,-1,0.2138,1,1,1,1,1,0.00075,0.48675,0,0,0,0,0,0,0,0,0,0,1
26,0,2,0,3.6835,1,1,0,0,0,0,0,0.0,0,0,0,0,0.15,1,0,0,0.0,0,1,1,0,1,7838.0,0,0,1,1,0,133.0,0,0.1187,0,0,0,0,0,0.35225,0.058,0,0,0,0,0,0,0,0,1,0,0
23,0,2,0,3.0566,1,1,0,0,0,0,0,0.0,0,0,0,0,0.5,0,0,0,0.0,0,1,1,0,0,9294.0,0,0,1,1,0,112.0,0,0.2111,0,0,0,0,0,0.02275,0.012,0,0,0,0,0,1,0,0,0,0,0
70,0,3,0,3.7785,2,0,0,0,30,0,0,0.0,0,0,0,0,0.5,0,0,0,0.0,0,0,0,0,0,5583.0,0,0,1,0,0,-1.0,-1,0.2256,1,0,1,1,1,0.00925,0.48675,0,0,0,0,0,0,0,0,0,0,1
27,0,2,0,3.2608,1,0,0,0,0,0,0,0.0833,1,0,1,0,0.35,1,0,0,0.0,0,1,2,0,0,-1.0,0,0,0,1,0,229.0,0,0.2035,1,1,0,0,0,0.08025,0.48675,0,0,0,0,0,0,0,0,0,0,0
38,0,1,0,3.5766,0,1,0,0,11,0,0,0.0,0,0,0,0,0.15,1,0,0,0.0,0,0,0,0,0,4785.0,0,0,1,0,0,-1.0,-1,0.1165,0,0,1,1,1,0.35225,0.036,0,0,0,0,0,0,0,0,0,0,1
39,1,3,0,3.9503,2,0,0,0,0,0,0,0.0,0,0,0,0,0.15,1,0,0,0.0,0,1,1,0,0,-1.0,0,0,0,0,0,-1.0,0,0.124,1,1,1,1,0,0.35225,0.48675,0,0,0,0,0,0,0,0,0,0,1
40,0,2,0,3.9378,1,1,0,0,0,0,0,0.0,0,0,0,0,0.5,0,0,0,0.0,0,0,0,0,0,-1.0,0,0,0,0,0,-1.0,-1,0.2288,1,1,1,1,1,0.00025,0.48675,0,0,0,0,0,0,0,0,0,0,1
41,0,2,2,3.8963,1,1,0,0,0,1,2,0.0,0,0,0,0,0.15,1,0,0,0.0,0,1,2,0,0,-1.0,0,0,0,1,0,50.0,0,0.1229,1,1,0,0,0,0.35225,0.48675,1,0,0,0,0,0,0,0,0,0,0
45,4,2,8,4.4119,1,0,0,0,0,0,0,0.0,0,0,0,0,0.5,0,0,0,0.0,0,1,2,0,0,-1.0,0,0,0,1,0,83.0,0,0.2382,1,1,0,0,0,0.0995,0.48675,1,0,0,0,0,0,0,0,0,0,0
30,0,1,1,2.2516,0,1,0,0,16,0,0,0.0,0,0,0,0,0.5,0,0,0,0.0,0,1,1,0,1,11199.0,0,0,1,1,0,205.0,0,0.195,0,0,0,0,0,0.00525,0.00175,0,0,0,0,0,1,0,0,0,0,0
45,4,2,7,4.2293,1,0,0,0,0,0,0,0.0,0,0,0,0,0.5,0,0,0,0.0,0,1,2,0,0,-1.0,0,0,0,1,0,81.0,0,0.2346,1,1,0,0,0,0.0995,0.48675,1,0,0,0,0,0,0,0,0,0,0
24,0,2,0,3.1069,1,1,0,0,0,0,0,0.0,0,0,0,0,0.28,1,0,0,0.0,0,1,1,0,0,3491.0,0,0,1,1,0,52.0,0,0.1461,0,0,0,0,0,0.0545,0.03575,0,1,0,0,0,0,0,0,0,0,0
33,1,1,0,3.3232,0,1,0,0,10,0,0,0.0,0,0,0,0,0.15,1,0,0,0.0,0,0,0,0,0,-1.0,0,0,0,0,0,-1.0,-1,0.1115,1,1,1,1,1,0.35225,0.48675,0,0,0,0,0,0,0,0,0,0,1
20,0,2,2,3.0221,1,0,0,0,0,0,0,0.0,0,0,0,0,0.9,1,0,0,0.0,0,0,0,0,0,-1.0,0,0,0,0,0,-1.0,-1,0.3304,1,1,1,1,1,0.00575,0.48675,0,0,0,0,0,0,0,0,0,0,1
45,4,2,8,4.0876,1,0,0,0,0,0,0,0.0833,1,0,1,0,0.5,0,0,0,0.0,0,1,2,0,0,-1.0,0,0,0,1,0,77.0,0,0.2651,1,1,0,0,0,0.0995,0.48675,1,0,0,0,0,0,0,0,0,0,0
32,0,1,0,3.7255,0,1,0,0,6,0,0,0.0,0,0,0,0,0.15,1,0,0,0.0,0,1,2,0,1,8324.0,0,1,1,1,0,56.0,0,0.1195,0,0,0,0,0,0.35225,0.01575,0,1,0,0,0,0,0,0,0,0,0
34,1,1,0,3.6402,0,1,0,0,11,0,0,0.0,0,0,0,0,0.15,1,0,0,0.0,0,1,1,0,1,5829.0,0,1,1,0,0,-1.0,-1,0.1178,0,0,1,1,1,0.35225,0.00025,0,0,0,0,0,0,0,0,0,0,1
29,0,2,0,3.2928,1,1,0,0,3,0,0,0.0,0,0,0,0,0.15,1,0,0,0.0,0,1,1,0,0,5358.0,0,0,1,1,0,66.0,0,0.1109,0,0,0,0,0,0.35225,0.058,0,1,0,0,0,0,0,0,0,0,0
46,0,3,0,3.8725,2,0,0,0,0,0,0,0.0,0,0,0,0,0.15,1,0,0,0.0,0,1,2,0,0,7431.0,0,0,1,0,0,-1.0,-1,0.1225,0,0,1,1,1,0.35225,0.036,0,0,0,0,0,0,0,0,0,0,1
184,0,3,0,3.1307,2,1,0,0,46,3,8,0.0,0,0,0,0,0.5,0,0,0,0.0,0,1,1,0,0,-1.0,0,0,1,0,0,-1.0,0,0.2126,0,1,1,1,0,0.00125,0.001,0,0,0,0,0,0,0,0,0,0,1
35,3,2,0,3.6764,1,0,0,0,0,0,0,0.0833,1,0,1,0,0.5,0,0,0,0.0,0,1,2,0,0,-1.0,0,0,0,1,0,87.0,0,0.2568,1,1,0,0,0,0.0995,0.48675,1,0,0,0,0,0,0,0,0,0,0
31,1,2,0,3.3565,1,1,0,0,0,0,0,0.1667,1,0,2,0,0.35,1,0,0,0.0,0,1,2,0,0,-1.0,0,0,0,1,0,48.0,0,0.2388,1,1,0,0,0,0.08025,0.48675,0,1,0,0,0,0,0,0,0,0,0
47,0,3,3,3.9679,2,0,0,0,0,0,0,0.0833,1,0,1,0,0.35,1,0,0,0.0,0,1,2,0,0,-1.0,0,0,0,0,0,-1.0,0,0.2177,1,1,1,1,0,0.08025,0.48675,0,0,0,0,0,0,0,0,0,0,1
36,0,1,0,3.3788,0,1,0,0,14,0,0,0.0,0,0,0,0,0.15,1,0,0,0.0,0,1,1,0,1,9658.0,0,0,1,1,0,77.0,0,0.1126,0,0,0,0,0,0.35225,0.0035,0,1,0,0,0,0,0,0,0,0,0
43,0,2,0,3.7232,1,1,0,0,0,1,2,0.0,0,0,0,0,0.15,1,0,0,0.0,0,1,2,0,0,-1.0,0,0,0,1,0,50.0,0,0.1195,1,1,0,0,0,0.35225,0.48675,1,0,0,0,0,0,0,0,0,0,0
48,0,2,0,3.1808,1,1,0,0,27,0,0,0.0,0,0,0,0,0.5,0,0,0,0.0,0,1,1,0,0,-1.0,0,0,0,1,0,67.0,0,0.2136,1,1,0,0,0,0.002,0.48675,0,1,0,0,0,0,0,0,0,0,0
19,0,2,2,2.914,1,0,0,0,0,0,0,0.0,0,0,0,0,0.15,1,0,0,0.0,0,1,1,0,0,91.0,0,0,1,0,0,-1.0,-1,0.1033,0,0,1,1,1,0.35225,0.00125,0,0,0,0,0,0,0,0,0,0,1
25,0,2,0,3.4528,1,1,0,0,0,0,0,0.0,0,0,0,0,0.28,1,0,0,0.0,0,1,1,0,0,2541.0,0,0,1,1,0,59.0,0,0.1531,0,0,0,0,0,0.0545,0.00625,1,0,0,0,0,0,0,0,0,0,0
100,2,2,0,4.0385,1,1,0,1,0,1,3,0.0,0,0,0,0,0.5,0,0,0,0.0,0,0,0,0,0,-1.0,0,0,0,0,0,-1.0,-1,0.2308,1,1,1,1,1,0.0995,0.48675,0,0,0,0,0,0,0,0,0,0,1
45,4,2,3,4.2834,1,0,0,0,0,0,0,0.0833,1,0,1,0,0.5,0,0,0,0.0,0,1,2,0,0,-1.0,0,0,0,1,0,83.0,0,0.269,1,1,0,0,0,0.0995,0.48675,1,0,0,0,0,0,0,0,0,0,0
28,0,1,0,2.9502,0,1,0,0,6,0,0,0.0,0,0,0,0,0.5,0,0,0,0.0,0,1,1,0,0,-1.0,0,0,0,1,0,14.0,0,0.209,1,1,0,0,0,0.02275,0.48675,0,1,0,0,0,0,0,0,0,0,0
43,0,2,0,3.7859,1,0,0,0,0,0,0,0.0,0,0,0,0,0.15,1,0,0,0.0,0,1,2,0,0,7431.0,0,0,1,1,0,37.0,0,0.1207,0,0,0,0,0,0.35225,0.036,0,1,0,0,0,0,0,0,0,0,0
32,0,2,0,2.8424,1,1,0,0,10,0,0,0.0,0,0,0,0,0.5,0,0,0,0.0,0,0,0,0,0,10756.0,0,0,1,0,0,-1.0,-1,0.2068,0,0,1,1,1,0.01325,0.00175,0,0,0,0,0,0,0,0,0,0,1
33,0,3,0,3.4529,2,0,0,0,0,0,0,0.0,0,0,0,0,0.15,1,0,0,0.0,0,1,1,0,0,78.0,0,0,1,0,0,-1.0,-1,0.1141,0,0,1,1,1,0.35225,0.00125,0,0,0,0,0,0,0,0,0,0,1
17,0,1,3,3.1699,0,0,0,0,0,0,0,0.0,0,0,0,0,0.5,0,0,0,0.0,0,0,0,0,0,4.0,1,0,1,0,0,-1.0,-1,0.2134,0,0,1,1,1,0.00375,0.00225,0,0,0,0,0,0,0,0,0,0,1
24,0,2,0,3.0566,1,1,0,0,0,0,0,0.0,0,0,0,0,0.15,1,0,0,0.0,0,1,1,0,0,7749.0,0,0,1,1,0,76.0,0,0.1061,0,0,0,0,0,0.35225,0.03575,1,0,0,0,0,0,0,0,0,0,0
18,0,1,0,3.1219,0,1,0,0,0,0,0,0.0,0,0,0,0,0.15,1,0,0,0.0,0,0,0,0,0,2601.0,0,0,1,0,0,-1.0,-1,0.1074,0,0,1,1,1,0.35225,0.03575,0,0,0,0,0,0,0,0,0,0,1
36,0,2,0,3.5836,1,0,0,0,0,0,0,0.0833,1,0,1,0,0.35,1,0,0,0.0,0,1,2,0,0,-1.0,0,0,0,1,0,55.0,0,0.21,1,1,0,0,0,0.08025,0.48675,1,0,0,0,0,0,0,0,0,0,0
48,3,2,0,3.7971,1,0,0,0,0,0,0,0.0833,1,0,1,0,0.35,1,0,0,0.0,0,1,2,0,0,-1.0,0,0,0,1,0,83.0,0,0.2143,1,1,0,0,0,0.08025,0.48675,1,0,0,0,0,0,0,0,0,0,0
52,0,3,0,3.0131,2,1,0,0,27,0,0,0.0,0,0,0,0,0.93,1,0,0,0.0,0,1,1,0,0,-1.0,0,0,0,0,0,-1.0,0,0.3393,1,1,1,1,0,0.00375,0.48675,0,0,0,0,0,0,0,0,0,0,1
39,2,3,2,4.0566,2,1,0,0,0,0,0,0.0833,1,0,1,0,0.15,1,0,0,0.0,0,1,2,0,0,-1.0,0,0,0,0,0,-1.0,0,0.1595,1,1,1,1,0,0.35225,0.48675,0,0,0,0,0,0,0,0,0,0,1
84,3,4,9,4.0004,3,1,0,0,14,1,2,0.25,2,0,2,0,0.7,1,0,0,0.0,0,1,1,0,0,696.0,0,1,1,0,0,-1.0,-1,0.39,0,0,1,1,1,0.0095,0.01175,0,0,0,0,0,0,0,0,0,0,1
21,0,1,0,3.0851,0,1,0,0,0,0,0,0.0,0,0,0,0,0.15,1,0,0,0.0,0,1,4,0,1,-1.0,0,0,0,1,0,89.0,0,0.1067,1,1,0,0,0,0.35225,0.48675,0,0,0,1,0,0,0,0,0,0,0
24,0,2,0,3.1899,1,1,0,0,0,0,0,0.0,0,0,0,0,0.15,1,0,0,0.0,0,1,1,0,0,1263.0,0,0,1,1,0,53.0,0,0.1088,0,0,0,0,0,0.35225,0.019,0,1,0,0,0,0,0,0,0,0,0
38,2,2,0,3.8573,1,1,0,0,0,0,0,0.25,3,0,3,0,0.35,1,0,0,0.0,0,0,0,0,0,-1.0,0,0,0,0,0,-1.0,-1,0.2821,1,1,1,1,1,0.08025,0.48675,0,0,0,0,0,0,0,0,0,0,1
121,4,3,21,4.8183,2,1,0,0,0,1,2,0.0,0,0,0,0,0.5,0,0,0,0.0,0,1,1,0,0,-1.0,0,0,0,1,0,54.0,0,0.2464,1,1,0,0,0,0.0995,0.48675,1,0,0,0,0,0,0,0,0,0,0
36,0,2,0,3.6212,1,0,0,0,5,0,0,0.1667,1,0,1,0,0.7,1,0,0,0.0,0,0,0,0,0,5.0,1,1,1,0,0,-1.0,-1,0.3491,0,0,1,1,1,0.0095,0.00375,0,0,0,0,0,0,0,0,0,0,1
26,0,2,0,3.1751,1,1,0,0,0,0,0,0.0,0,0,0,0,0.22,1,0,0,0.0,0,1,3,0,0,496.0,0,0,1,1,0,66.0,0,0.1295,0,0,0,0,0,0.0405,0.03575,1,0,0,0,0,0,0,0,0,0,0
37,0,1,1,2.8554,0,1,0,0,17,0,0,0.0833,1,0,1,0,0.5,0,0,0,0.0,0,1,1,0,0,-1.0,0,0,0,0,0,-1.0,-1,0.2404,1,1,1,1,1,0.00025,0.48675,0,0,0,0,0,0,0,0,0,0,1
33,0,2,0,3.5435,1,1,0,0,0,0,0,0.0,0,0,0,0,0.15,1,0,0,0.0,0,1,1,0,0,10239.0,0,0,1,1,0,29.0,0,0.1159,0,0,0,0,0,0.35225,0.004,0,1,0,0,0,0,0,0,0,0,0
30,2,2,0,3.4817,1,0,0,0,0,0,0,0.0,0,0,0,0,0.5,0,0,0,0.0,0,0,0,0,0,32.0,0,0,1,0,0,-1.0,-1,0.2196,0,0,1,1,1,0.01325,0.00175,0,0,0,0,0,0,0,0,0,0,1
44,0,2,0,3.1069,1,1,0,0,20,0,0,0.0,0,0,0,0,0.5,0,0,0,0.0,0,1,1,0,0,9407.0,0,0,1,1,0,37.0,0,0.2121,0,0,0,0,0,0.02275,0.012,0,1,0,0,0,0,0,0,0,0,0
42,3,2,1,3.6394,1,1,0,0,0,0,0,0.1667,1,0,2,0,0.35,1,0,0,0.0,0,1,2,0,0,-1.0,0,0,0,1,0,55.0,0,0.2445,1,1,0,0,0,0.08025,0.48675,1,0,0,0,0,0,0,0,0,0,0
44,0,1,0,3.6819,0,1,0,0,17,0,0,0.0,0,0,0,0,0.15,1,0,0,0.0,0,1,1,0,0,1626.0,0,0,1,0,0,-1.0,-1,0.1186,0,0,1,1,1,0.35225,0.00375,0,0,0,0,0,0,0,0,0,0,1
27,0,2,0,3.6835,1,1,0,0,0,0,0,0.0,0,0,0,0,0.02,1,0,0,0.0,0,1,3,0,0,14299.0,0,0,1,1,0,40.0,0,0.0797,1,0,0,0,0,0.0075,0.48675,0,0,0,0,0,0,0,0,0,0,0
24,0,2,0,3.3232,1,1,0,0,0,0,0,0.0,0,0,0,0,0.22,1,0,0,0.0,0,1,1,0,0,8203.0,0,0,1,1,0,59.0,0,0.1325,0,0,0,0,0,0.0405,0.0025,0,1,0,0,0,0,0,0,0,0,0
27,1,2,0,3.4316,1,1,0,0,0,0,0,0.0,0,0,0,0,0.22,1,0,0,0.0,0,1,1,0,0,7894.0,0,0,1,1,0,89.0,0,0.1346,0,0,0,0,0,0.0405,0.00075,0,1,0,0,0,0,0,0,0,0,0
28,0,2,0,3.3788,1,1,0,0,6,0,0,0.0,0,0,0,0,0.5,0,0,0,0.0,0,1,2,0,1,7682.0,0,0,1,1,0,73.0,0,0.2176,0,0,0,0,0,0.009,0.0005,1,0,0,0,0,0,0,0,0,0,0
19,0,1,0,3.4594,0,1,0,0,0,0,0,0.0,0,0,0,0,0.15,1,0,0,0.0,0,1,2,0,0,880.0,0,0,1,1,0,50.0,0,0.1142,0,0,0,0,0,0.35225,0.0065,0,1,0,0,0,0,0,0,0,0,0
37,1,3,0,3.5351,2,0,0,0,0,0,0,0.0833,1,0,1,0,0.35,1,0,0,0.0,0,1,2,0,0,-1.0,0,0,0,0,0,-1.0,0,0.209,1,1,1,1,0,0.08025,0.48675,0,0,0,0,0,0,0,0,0,0,1
41,0,1,0,3.3278,0,1,0,0,17,0,0,0.0,0,0,0,0,0.15,1,0,0,0.0,0,0,0,0,1,1615.0,0,0,1,0,0,-1.0,-1,0.1116,0,0,1,1,1,0.35225,0.036,0,0,0,0,0,0,0,0,0,0,1
49,3,2,1,4.0276,1,0,0,0,0,0,0,0.0833,1,0,1,0,0.35,1,0,0,0.0,0,1,1,0,0,-1.0,0,0,0,1,0,66.0,0,0.2189,1,1,0,0,0,0.08025,0.48675,1,0,0,0,0,0,0,0,0,0,0
20,0,1,1,3.585,0,0,0,0,0,0,0,0.1667,2,0,2,0,0.5,0,0,0,0.0,0,1,2,0,0,-1.0,0,0,0,1,0,80.0,0,0.2884,1,1,0,0,0,0.00225,0.48675,1,0,0,0,0,0,0,0,0,0,0
158,0,3,0,3.6753,2,1,0,0,24,2,10,0.0,0,0,0,0,0.5,0,0,0,0.0,0,1,4,0,0,-1.0,0,0,0,1,0,85.0,0,0.2235,1,1,0,0,0,0.001,0.48675,0,0,0,1,0,0,0,0,0,0,0
56,4,2,0,3.8573,1,1,0,0,0,0,0,0.2333,1,0,1,1,0.35,1,0,0,0.0,0,1,1,0,0,-1.0,0,0,0,1,0,66.0,0,0.2755,1,1,0,0,0,0.08025,0.48675,1,0,0,0,0,0,0,0,0,0,0
39,1,1,0,4.0537,0,1,0,0,5,0,0,0.2333,1,0,1,1,0.55,1,0,0,0.0,0,0,0,0,0,-1.0,0,0,0,0,0,-1.0,-1,0.3394,1,1,1,1,1,0.00575,0.48675,0,0,0,0,0,0,0,0,0,0,1
40,1,2,2,3.6402,1,1,0,0,17,0,0,0.0,0,0,0,0,0.5,0,0,0,0.0,0,0,0,0,0,5764.0,0,0,1,0,0,-1.0,-1,0.2228,0,0,1,1,1,0.009,0.001,0,0,0,0,0,0,0,0,0,0,1
33,0,1,0,3.1699,0,1,0,0,16,0,0,0.0,0,0,0,0,0.5,0,0,0,0.0,0,1,2,0,1,-1.0,0,0,0,1,0,35.0,0,0.2134,1,1,0,0,0,0.00075,0.48675,0,1,0,0,0,0,0,0,0,0,0
24,0,1,0,3.5778,0,1,0,0,0,0,0,0.0,0,0,0,0,0.15,1,0,0,0.0,0,1,4,0,1,9699.0,0,0,1,1,0,173.0,0,0.1166,0,0,0,0,0,0.35225,0.004,0,0,0,1,0,0,0,0,0,0,0
45,2,2,6,4.3502,1,1,0,0,0,0,0,0.0833,1,0,1,0,0.35,1,0,0,0.0,0,1,2,0,0,-1.0,0,0,0,1,0,31.0,0,0.2253,1,1,0,0,0,0.08025,0.48675,0,1,0,0,0,0,0,0,0,0,0
32,1,2,0,3.5535,1,0,0,0,0,0,0,0.0833,1,0,1,0,0.35,1,0,0,0.0,0,1,2,0,0,-1.0,0,0,0,1,0,55.0,0,0.2094,1,1,0,0,0,0.08025,0.48675,1,0,0,0,0,0,0,0,0,0,0
32,0,1,2,3.5899,0,1,0,0,9,0,0,0.0,0,0,0,0,0.15,1,0,0,0.0,0,0,0,0,0,1627.0,0,0,1,0,0,-1.0,-1,0.1168,0,0,1,1,1,0.35225,0.003,0,0,0,0,0,0,0,0,0,0,1
23,0,1,0,3.3736,0,1,0,0,0,0,0,0.0,0,0,0,0,0.22,1,0,0,0.0,0,1,1,0,1,436.0,0,1,1,1,0,51.0,0,0.1335,0,0,0,0,0,0.0405,0.01575,0,1,0,0,0,0,0,0,0,0,0
18,0,2,0,2.1972,1,1,0,0,0,0,0,0.0,0,0,0,0,0.5,0,0,0,0.0,0,1,1,0,0,12662.0,0,0,1,1,0,33.0,0,0.1939,0,0,0,0,0,0.00325,0.00075,0,0,0,0,0,0,0,0,0,0,0
50,4,2,2,4.3755,1,1,0,0,0,0,0,0.0,0,0,0,0,0.5,0,0,0,0.0,0,1,2,0,0,-1.0,0,0,0,1,0,78.0,0,0.2375,1,1,0,0,0,0.0995,0.48675,1,0,0,0,0,0,0,0,0,0,0
74,0,2,22,4.6825,1,1,0,0,0,0,0,0.0833,1,0,1,0,0.35,1,0,0,0.0,0,1,2,0,0,-1.0,0,0,0,1,0,55.0,0,0.232,1,1,0,0,0,0.08025,0.48675,1,0,0,0,0,0,0,0,0,0,0
26,0,2,0,3.4613,1,1,0,0,0,0,0,0.0,0,0,0,0,0.15,1,0,0,0.0,0,1,2,0,0,8739.0,0,0,1,1,0,50.0,0,0.1142,0,0,0,0,0,0.35225,0.00025,0,1,0,0,0,0,0,0,0,0,0
35,0,1,0,3.1699,0,1,0,0,18,0,0,0.0,0,0,0,0,0.5,0,0,0,0.0,0,1,1,0,0,1622.0,0,1,1,1,0,41.0,0,0.2134,0,0,0,0,0,0.0035,0.00625,0,1,0,0,0,0,0,0,0,0,0
20,0,2,0,2.4817,1,1,0,0,0,0,0,0.0,0,0,0,0,0.1,1,0,0,0.0,0,1,4,0,0,11310.0,0,0,1,1,0,186.0,0,0.0796,0,0,0,0,0,0.02775,0.013,0,0,0,1,0,0,0,0,0,0,0
41,0,1,1,3.4056,0,1,0,0,17,0,0,0.0,0,0,0,0,0.15,1,0,0,0.0,0,1,2,0,0,113.0,0,0,1,1,0,35.0,0,0.1131,0,0,0,0,0,0.35225,0.03575,0,1,0,0,0,0,0,0,0,0,0
27,0,1,0,3.2028,0,1,0,0,3,0,0,0.0,0,0,0,0,0.9,1,0,0,0.0,0,0,0,0,0,6.0,1,1,1,0,0,-1.0,-1,0.3341,0,0,1,1,1,0.00575,0.006,0,0,0,0,0,0,0,0,0,0,1
48,1,1,0,3.5369,0,1,0,0,6,2,4,0.0,0,0,0,0,0.15,1,0,0,0.0,0,0,0,0,0,-1.0,0,0,0,0,0,-1.0,-1,0.1157,1,1,1,1,1,0.35225,0.48675,0,0,0,0,0,0,0,0,0,0,1
48,1,1,0,3.1396,0,1,0,0,25,0,0,0.0,0,0,0,0,0.15,1,0,0,0.0,0,1,1,0,0,-1.0,0,0,0,1,0,85.0,0,0.1078,1,1,0,0,0,0.35225,0.48675,0,1,0,0,0,0,0,0,0,0,0
34,0,2,0,3.6219,1,0,0,0,7,0,0,0.0,0,0,0,0,0.15,1,0,0,0.0,0,0,0,0,0,-1.0,0,0,0,0,0,-1.0,-1,0.1174,1,1,1,1,1,0.35225,0.48675,0,0,0,0,0,0,0,0,0,0,1
21,0,2,0,3.0221,1,1,0,0,0,0,0,0.0,0,0,0,0,0.15,1,0,0,0.0,0,1,8,0,0,6915.0,0,0,1,1,0,76.0,0,0.1054,0,0,0,0,0,0.35225,0.00375,0,0,1,0,0,0,0,0,0,0,0
44,3,3,0,3.9749,2,0,0,0,0,0,0,0.1667,2,0,2,0,0.15,1,0,0,0.0,0,1,2,0,0,7431.0,0,0,1,0,0,-1.0,-1,0.1912,0,0,1,1,1,0.35225,0.036,0,0,0,0,0,0,0,0,0,0,1
40,2,2,0,3.9378,1,1,0,0,0,0,0,0.0833,1,0,1,0,0.35,1,0,0,0.0,0,1,2,0,0,-1.0,0,0,0,1,0,55.0,0,0.2171,1,1,0,0,0,0.08025,0.48675,1,0,0,0,0,0,0,0,0,0,0
71,2,4,5,4.2142,3,1,0,0,13,0,0,0.0,0,0,0,0,0.15,1,0,0,0.0,0,1,4,0,0,3671.0,0,1,1,1,0,41.0,0,0.1293,0,0,0,0,0,0.35225,0.01575,0,1,0,0,0,0,0,0,0,0,0
142,0,2,0,3.1019,1,1,0,0,117,0,0,0.0,0,0,0,0,0.15,1,0,0,0.0,0,1,1,0,0,164.0,0,1,1,0,0,-1.0,0,0.107,0,0,1,1,0,0.35225,0.058,0,0,0,0,0,0,0,0,0,0,1
52,0,2,0,3.8489,1,1,0,1,0,1,3,0.0,0,0,0,0,0.5,0,0,0,0.0,0,1,2,0,0,-1.0,0,0,0,1,0,109.0,0,0.227,1,1,0,0,0,0.0995,0.48675,0,0,1,0,0,0,0,0,0,0,0
41,1,3,0,3.882,2,1,0,0,0,0,0,0.0,0,0,0,1,0.15,1,0,0,0.0,0,1,2,0,0,-1.0,0,0,0,0,0,-1.0,0,0.1226,1,1,1,1,0,0.35225,0.48675,0,0,0,0,0,0,0,0,0,0,1
50,0,3,0,3.1307,2,1,0,0,25,0,0,0.0,0,0,0,0,0.5,0,0,0,0.0,0,1,1,0,0,-1.0,0,0,0,0,0,-1.0,0,0.2126,1,1,1,1,0,0.012,0.48675,0,0,0,0,0,0,0,0,0,0,1
23,0,2,0,3.3249,1,1,0,0,0,0,0,0.0,0,0,0,0,0.15,1,0,0,0.0,0,1,2,0,1,-1.0,0,0,0,1,0,88.0,0,0.1115,1,1,0,0,0,0.35225,0.48675,0,1,0,0,0,0,0,0,0,0,0
22,0,1,0,3.0,0,1,0,0,6,0,0,0.0,0,0,0,0,0.5,0,0,0,0.0,0,1,1,0,0,-1.0,0,0,0,0,0,-1.0,0,0.21,1,1,1,1,0,0.00325,0.48675,0,0,0,0,0,0,0,0,0,0,1
50,4,2,2,4.3939,1,1,0,0,0,0,0,0.0,0,0,0,0,0.5,0,0,0,0.0,0,1,2,0,0,-1.0,0,0,0,1,0,78.0,0,0.2379,1,1,0,0,0,0.0995,0.48675,1,0,0,0,0,0,0,0,0,0,0
40,2,2,6,4.0778,1,0,0,0,0,0,0,0.0833,1,0,1,0,0.35,1,0,0,0.0,0,1,2,0,0,-1.0,0,0,0,1,0,31.0,0,0.2199,1,1,0,0,0,0.08025,0.48675,0,1,0,0,0,0,0,0,0,0,0
39,2,2,4,4.236,1,0,0,0,0,0,0,0.0833,1,0,1,0,0.35,1,0,0,0.0,0,1,2,0,0,-1.0,0,0,0,1,0,229.0,0,0.223,1,1,0,0,0,0.08025,0.48675,0,0,0,0,0,0,0,0,0,0,0
26,0,2,0,3.3372,1,1,0,0,0,0,0,0.0,0,0,0,0,0.15,1,0,0,0.0,0,1,1,0,0,4841.0,0,1,1,1,0,49.0,0,0.1117,0,0,0,0,0,0.35225,0.058,0,0,0,0,0,0,0,0,0,0,0
77,2,2,7,4.128,1,1,0,0,32,0,0,0.0,0,0,0,0,0.22,1,0,0,0.0,0,0,0,0,0,-1.0,0,0,0,0,0,-1.0,-1,0.1486,1,1,1,1,1,0.0405,0.48675,0,0,0,0,0,0,0,0,0,0,1
55,2,2,5,4.2387,1,1,0,0,0,1,1,0.0833,1,0,1,0,0.35,1,0,0,0.0,0,1,2,0,0,-1.0,0,0,0,1,0,229.0,0,0.2231,1,1,0,0,0,0.08025,0.48675,0,0,0,0,0,0,0,0,0,0,0
16,0,1,0,2.5,0,1,0,0,0,0,0,0.0,0,0,0,0,0.15,1,0,0,0.0,0,1,2,0,1,10849.0,0,0,1,1,0,178.0,0,0.095,0,0,0,0,0,0.35225,0.00975,0,0,0,0,1,0,0,0,0,0,0
47,2,3,0,3.9898,2,0,0,0,0,0,0,0.0833,1,0,1,0,0.35,1,0,0,0.0,0,1,2,0,0,-1.0,0,0,0,0,0,-1.0,0,0.2181,1,1,1,1,0,0.08025,0.48675,0,0,0,0,0,0,0,0,0,0,1
27,0,2,0,3.1552,1,1,0,0,0,0,0,0.0,0,0,0,0,0.15,1,0,0,0.0,0,1,1,0,0,11660.0,0,0,1,1,0,29.0,0,0.1081,0,0,0,0,0,0.35225,0.004,0,1,0,0,0,0,0,0,0,0,0
20,0,2,0,2.6635,1,1,0,0,0,0,0,0.0,0,0,0,0,0.15,1,0,0,0.0,0,1,4,0,0,11364.0,0,1,1,1,0,73.0,0,0.0983,0,0,0,0,0,0.35225,0.058,0,0,0,0,0,0,0,0,0,0,0
22,0,2,0,2.9852,1,0,0,0,0,0,0,0.0,0,0,0,0,0.15,1,0,0,0.0,0,1,2,0,0,8856.0,0,0,1,1,0,57.0,0,0.1047,0,0,0,0,0,0.35225,0.00975,1,0,0,0,0,0,0,0,0,0,0
28,0,1,0,3.6645,0,1,0,0,6,0,0,0.0,0,0,0,0,0.15,1,0,0,0.0,0,1,1,0,0,6677.0,0,0,1,0,0,-1.0,-1,0.1183,0,0,1,1,1,0.35225,0.00975,0,0,0,0,0,0,0,0,0,0,1
17,0,1,2,2.9477,0,1,0,0,0,0,0,0.0,0,0,0,0,0.5,0,0,0,0.0,0,1,1,0,0,5128.0,0,0,1,1,0,56.0,0,0.209,0,0,0,0,0,0.00075,0.00025,0,1,0,0,0,0,0,0,0,0,0
26,1,2,0,3.5069,1,1,0,0,3,0,0,0.0,0,0,0,0,0.5,0,0,0,0.0,0,0,0,0,0,10520.0,0,1,1,0,0,-1.0,-1,0.2201,0,0,1,1,1,0.0085,0.01225,0,0,0,0,0,0,0,0,0,0,1
36,0,2,0,3.6245,1,0,0,0,0,0,0,0.0833,1,0,1,0,0.35,1,0,0,0.0,0,1,2,0,0,-1.0,0,0,0,1,0,229.0,0,0.2108,1,1,0,0,0,0.08025,0.48675,0,0,0,0,0,0,0,0,0,0,0
34,2,2,6,3.9791,1,0,0,0,0,0,0,0.1667,2,0,2,0,0.35,1,0,0,0.0,0,1,2,0,0,-1.0,0,0,0,1,0,31.0,0,0.2513,1,1,0,0,0,0.08025,0.48675,0,1,0,0,0,0,0,0,0,0,0
48,4,2,2,4.3236,1,1,0,0,0,0,0,0.0,0,0,0,0,0.5,0,0,0,0.0,0,1,2,0,0,-1.0,0,0,0,1,0,77.0,0,0.2365,1,1,0,0,0,0.0995,0.48675,1,0,0,0,0,0,0,0,0,0,0
57,2,3,9,4.2301,2,1,0,0,0,0,0,0.0,0,0,0,0,0.22,1,0,0,0.0,0,1,1,0,0,-1.0,0,0,0,1,0,131.0,0,0.1506,1,1,0,0,0,0.0405,0.48675,0,0,0,0,0,0,0,0,0,1,0
21,0,2,2,2.8554,1,1,0,0,0,0,0,0.0,0,0,0,0,0.15,1,0,0,0.0,0,1,2,0,0,10487.0,0,0,1,1,0,65.0,0,0.1021,0,0,0,0,0,0.35225,0.036,0,1,0,0,0,0,0,0,0,0,0
27,0,2,0,3.5724,1,1,0,0,0,0,0,0.0,0,0,0,0,0.15,1,0,0,0.0,0,1,2,0,0,10982.0,0,0,1,1,0,66.0,0,0.1164,0,0,0,0,0,0.35225,0.00025,0,1,0,0,0,0,0,0,0,0,0
34,0,1,0,3.1219,0,1,0,0,16,0,0,0.0,0,0,0,0,0.15,1,0,0,0.0,0,0,0,0,0,-1.0,0,0,0,0,0,-1.0,-1,0.1074,1,1,1,1,1,0.35225,0.48675,0,0,0,0,0,0,0,0,0,0,1
170,1,1,0,3.5842,0,1,0,0,6,1,2,0.0,0,0,0,0,0.15,1,0,0,0.0,0,0,0,0,0,137.0,0,0,1,0,0,-1.0,-1,0.1167,0,0,1,1,1,0.35225,0.03575,0,0,0,0,0,0,0,0,0,0,1
35,0,2,0,3.9303,1,0,0,0,0,0,0,0.0,0,0,0,1,0.15,1,0,0,0.0,0,0,0,0,0,-1.0,0,0,0,0,0,-1.0,-1,0.1236,1,1,1,1,1,0.35225,0.48675,0,0,0,0,0,0,0,0,0,0,1
47,4,2,6,4.4262,1,0,0,0,0,0,0,0.0,0,0,0,0,0.5,0,0,0,0.0,0,1,2,0,0,-1.0,0,0,0,1,0,83.0,0,0.2385,1,1,0,0,0,0.0995,0.48675,1,0,0,0,0,0,0,0,0,0,0
51,0,1,0,3.3927,0,1,0,0,30,0,0,0.0,0,0,0,0,0.15,1,0,0,0.0,0,0,0,0,0,2739.0,0,0,1,0,0,-1.0,-1,0.1129,0,0,1,1,1,0.35225,0.03575,0,0,0,0,0,0,0,0,0,0,1
30,1,2,0,3.5726,1,1,0,0,0,0,0,0.0,0,0,0,0,0.5,0,0,0,0.0,0,1,2,0,0,3784.0,0,1,1,1,0,40.0,0,0.2215,0,0,0,0,0,0.001,0.01175,1,0,0,0,0,0,0,0,0,0,0
29,0,1,0,2.2464,0,1,0,0,11,0,0,0.0,0,0,0,0,0.5,0,0,0,0.0,0,1,1,0,0,8538.0,0,0,1,0,0,-1.0,-1,0.1949,0,0,1,1,1,0.01325,0.00025,0,0,0,0,0,0,0,0,0,0,1
28,1,1,5,3.8269,0,1,0,0,0,0,0,0.0,0,0,0,0,0.15,1,0,0,0.0,0,0,0,0,0,10.0,1,1,1,0,0,-1.0,-1,0.1215,0,0,1,1,1,0.35225,0.01175,0,0,0,0,0,0,0,0,0,0,1
17,0,1,0,2.9477,0,1,0,0,0,0,0,0.0,0,0,0,0,0.15,1,0,0,0.0,0,1,1,0,1,-1.0,0,0,0,1,0,76.0,0,0.104,1,1,0,0,0,0.35225,0.48675,0,1,0,0,0,0,0,0,0,0,0
25,0,1,0,3.2776,0,1,0,0,6,0,0,0.0,0,0,0,0,0.5,0,0,0,0.0,0,1,2,0,1,10691.0,0,0,1,1,0,64.0,0,0.2156,0,0,0,0,0,0.00325,0.0005,0,1,0,0,0,0,0,0,0,0,0
33,0,1,0,2.7255,0,1,0,0,16,0,0,0.0,0,0,0,0,0.2,1,0,0,0.0,0,0,0,0,0,1011.0,0,0,1,0,0,-1.0,-1,0.1145,0,0,1,1,1,0.0055,0.00475,0,0,0,0,0,0,0,0,0,0,1
29,0,2,0,3.3736,1,1,0,0,6,0,0,0.0,0,0,0,0,0.5,0,0,0,0.0,0,0,0,0,0,6360.0,0,0,1,0,0,-1.0,-1,0.2175,1,0,1,1,1,0.00925,0.48675,0,0,0,0,0,0,0,0,0,0,1
52,0,3,0,3.1307,2,1,0,0,27,0,0,0.0,0,0,0,0,0.5,0,0,0,0.0,0,1,1,0,0,149.0,0,0,1,1,0,33.0,0,0.2126,0,0,0,0,0,0.00325,0.00275,0,1,0,0,0,0,0,0,0,0,0
47,3,3,3,4.4,2,0,0,0,0,0,0,0.1667,2,0,2,0,0.35,1,0,0,0.0,0,1,2,0,0,-1.0,0,0,0,0,0,-1.0,0,0.2597,1,1,1,1,0,0.08025,0.48675,0,0,0,0,0,0,0,0,0,0,1
33,0,1,0,2.9852,0,1,0,0,11,0,0,0.0,0,0,0,0,0.5,0,0,0,0.0,0,0,0,0,0,-1.0,0,0,0,0,0,-1.0,-1,0.2097,1,1,1,1,1,0.001,0.48675,0,0,0,0,0,0,0,0,0,0,1
26,0,1,0,3.5725,0,1,0,0,0,0,0,0.0,0,0,0,0,0.15,1,0,0,0.0,0,1,1,0,1,-1.0,0,0,0,1,0,63.0,0,0.1164,1,1,0,0,0,0.35225,0.48675,0,1,0,0,0,0,0,0,0,0,0
30,0,2,0,2.8554,1,1,0,0,10,0,0,0.0,0,0,0,0,0.5,0,0,0,0.0,0,1,2,0,1,10958.0,0,0,1,1,0,133.0,0,0.2071,0,0,0,0,0,0.009,0.00125,0,0,0,0,1,0,0,0,0,0,0
86,0,2,0,3.7608,1,0,0,0,43,0,0,0.1667,1,0,1,0,0.7,1,0,0,0.0,0,0,0,0,0,-1.0,0,0,0,0,0,-1.0,-1,0.3519,1,1,1,1,1,0.0095,0.48675,0,0,0,0,0,0,0,0,0,0,1
25,0,1,0,2.8454,0,0,0,0,6,0,0,0.25,2,0,2,0,0.5,0,0,0,0.0,0,0,0,0,0,5.0,1,1,1,0,0,-1.0,-1,0.3069,0,0,1,1,1,0.00175,0.006,0,0,0,0,0,0,0,0,0,0,1
44,0,2,0,3.9676,1,0,0,0,0,0,0,0.0,0,0,0,0,0.15,1,0,0,0.0,0,1,2,0,0,-1.0,0,0,0,1,0,160.0,0,0.1244,1,1,0,0,0,0.35225,0.48675,0,0,0,0,0,0,0,0,0,1,0
24,0,2,0,3.4566,1,1,0,0,0,0,0,0.0,0,0,0,0,0.15,1,0,0,0.0,0,1,1,0,0,-1.0,0,0,0,1,0,58.0,0,0.1141,1,1,0,0,0,0.35225,0.48675,1,0,0,0,0,0,0,0,0,0,0
35,0,2,0,3.1808,1,1,0,0,7,1,2,0.0,0,0,0,0,0.5,0,0,0,0.0,0,1,1,0,1,10645.0,0,0,1,1,0,68.0,0,0.2136,0,0,0,0,0,0.009,0.00075,0,0,0,0,0,0,0,0,0,0,0
22,0,2,0,3.027,1,1,0,0,0,0,0,0.0,0,0,0,0,0.15,1,0,0,0.0,0,1,4,0,0,-1.0,0,0,0,1,0,216.0,0,0.1055,1,1,0,0,0,0.35225,0.48675,0,0,0,1,0,0,0,0,0,0,0
47,4,2,2,4.4585,1,1,0,0,0,0,0,0.0,0,0,0,0,0.5,0,0,0,0.0,0,1,2,0,0,-1.0,0,0,0,1,0,78.0,0,0.2392,1,1,0,0,0,0.0995,0.48675,1,0,0,0,0,0,0,0,0,0,0
28,0,2,4,3.7871,1,1,0,0,0,0,0,0.0,0,0,0,0,0.15,1,0,0,0.0,0,1,2,0,0,-1.0,0,0,0,1,0,50.0,0,0.1207,1,1,0,0,0,0.35225,0.48675,1,0,0,0,0,0,0,0,0,0,0
15,0,1,0,2.5216,0,1,0,0,0,0,0,0.0,0,0,0,0,0.1,1,0,0,0.0,0,1,3,0,1,8297.0,0,0,1,1,0,83.0,0,0.0804,0,0,0,0,0,0.02775,0.058,1,0,0,0,0,0,0,0,0,0,0
31,0,2,0,3.741,1,0,0,0,0,0,0,0.0,0,0,0,0,0.28,1,0,0,0.0,0,1,2,0,0,4834.0,0,0,1,1,0,81.0,0,0.1588,0,0,0,0,0,0.0545,0.036,1,0,0,0,0,0,0,0,0,0,0
83,0,2,0,3.085,1,1,0,1,11,1,3,0.0,0,0,0,0,0.5,0,0,0,0.0,0,0,0,0,0,1430.0,0,0,1,0,0,-1.0,-1,0.2117,0,0,1,1,1,0.0025,0.01125,0,0,0,0,0,0,0,0,0,0,1
43,4,2,6,4.1119,1,0,0,0,0,0,0,0.0,0,0,0,0,0.5,0,0,0,0.0,0,1,2,0,0,-1.0,0,0,0,1,0,81.0,0,0.2322,1,1,0,0,0,0.0995,0.48675,1,0,0,0,0,0,0,0,0,0,0
46,3,2,4,4.2539,1,0,0,0,0,0,0,0.0,0,0,0,0,0.5,0,0,0,0.0,0,1,2,0,0,-1.0,0,0,0,1,0,74.0,0,0.2351,1,1,0,0,0,0.0995,0.48675,1,0,0,0,0,0,0,0,0,0,0
30,0,1,0,3.4594,0,1,0,0,11,0,0,0.0,0,0,0,0,0.15,1,0,0,0.0,0,1,8,0,0,2656.0,0,0,1,0,0,-1.0,-1,0.1142,0,0,1,1,1,0.35225,0.00275,0,0,0,0,0,0,0,0,0,0,1
23,1,1,4,3.2359,0,1,0,0,0,0,0,0.0,0,0,0,0,0.5,0,0,0,0.0,0,0,0,0,0,0.0,1,0,1,0,0,-1.0,-1,0.2147,0,0,1,1,1,0.0085,0.00125,0,0,0,0,0,0,0,0,0,0,1
36,1,2,0,3.682,1,0,0,0,0,0,0,0.0,0,0,0,0,0.28,1,0,0,0.0,0,1,2,0,0,4508.0,0,0,1,1,0,74.0,0,0.1576,0,0,0,0,0,0.0545,0.0025,1,0,0,0,0,0,0,0,0,0,0
36,1,3,0,3.6054,2,0,0,0,0,1,2,0.3333,3,0,3,0,0.15,1,0,0,0.0,0,1,2,0,0,-1.0,0,0,0,0,0,-1.0,0,0.2504,1,1,1,1,0,0.35225,0.48675,0,0,0,0,0,0,0,0,0,0,1
36,0,1,0,3.3278,0,1,0,0,12,0,0,0.0,0,0,0,0,0.15,1,0,0,0.0,0,1,1,0,1,5507.0,0,1,1,0,0,-1.0,-1,0.1116,0,0,1,1,1,0.35225,0.058,0,0,0,0,0,0,0,0,0,0,1
20,0,1,0,2.7925,0,1,0,0,0,0,0,0.0,0,0,0,0,0.5,0,0,0,0.0,0,1,3,0,1,-1.0,0,0,0,1,0,70.0,0,0.2059,1,1,0,0,0,0.00075,0.48675,1,0,0,0,0,0,0,0,0,0,0
51,5,2,4,4.441,1,0,0,0,0,0,0,0.0,0,0,0,0,0.5,0,0,0,0.0,0,1,2,0,0,-1.0,0,0,0,1,0,83.0,0,0.2388,1,1,0,0,0,0.0995,0.48675,1,0,0,0,0,0,0,0,0,0,0
23,0,2,0,2.9502,1,1,0,0,0,0,0,0.0,0,0,0,0,0.28,1,0,0,0.0,0,1,1,0,0,2713.0,0,0,1,1,0,58.0,0,0.143,0,0,0,0,0,0.0545,0.0065,1,0,0,0,0,0,0,0,0,0,0
44,1,2,6,4.1416,1,0,0,0,0,0,0,0.0833,1,0,1,0,0.35,1,0,0,0.0,0,1,2,0,0,-1.0,0,0,0,1,0,55.0,0,0.2212,1,1,0,0,0,0.08025,0.48675,1,0,0,0,0,0,0,0,0,0,0
43,2,2,6,4.0209,1,1,0,0,0,0,0,0.0833,1,0,1,0,0.35,1,0,0,0.0,0,1,2,0,0,-1.0,0,0,0,1,0,31.0,0,0.2187,1,1,0,0,0,0.08025,0.48675,0,1,0,0,0,0,0,0,0,0,0
25,0,2,0,3.0958,1,1,0,0,6,0,0,0.0,0,0,0,0,0.5,0,0,0,0.0,0,0,0,0,0,-1.0,0,0,0,0,0,-1.0,-1,0.2119,1,1,1,1,1,0.00875,0.48675,0,0,0,0,0,0,0,0,0,0,1
43,3,2,3,4.3573,1,0,0,0,0,0,0,0.1667,2,0,2,0,0.35,1,0,0,0.0,0,1,2,0,0,-1.0,0,0,0,1,0,55.0,0,0.2588,1,1,0,0,0,0.08025,0.48675,1,0,0,0,0,0,0,0,0,0,0
27,0,1,0,3.8924,0,1,0,0,0,0,0,0.0,0,0,0,0,0.15,1,0,0,0.0,0,1,2,0,1,7129.0,0,0,1,1,0,48.0,0,0.1228,0,0,0,0,0,0.35225,0.0005,1,0,0,0,0,0,0,0,0,0,0
37,1,3,0,3.8388,2,1,0,0,0,0,0,0.0,0,0,0,0,0.15,1,0,0,0.0,0,1,2,0,0,-1.0,0,0,0,0,0,-1.0,0,0.1218,1,1,1,1,0,0.35225,0.48675,0,0,0,0,0,0,0,0,0,0,1
53,3,2,9,4.5443,1,1,0,0,0,0,0,0.0,0,0,0,0,0.5,0,0,0,0.0,0,0,0,0,0,-1.0,0,0,0,0,0,-1.0,-1,0.2409,1,1,1,1,1,0.0995,0.48675,0,0,0,0,0,0,0,0,0,0,1
127,2,3,6,4.3441,2,1,0,1,17,1,3,0.0,0,0,0,0,0.5,0,0,0,0.0,0,1,2,0,0,-1.0,0,0,0,1,0,52.0,0,0.2369,1,1,0,0,0,0.0995,0.48675,1,0,0,0,0,0,0,0,0,0,0
60,0,2,0,3.9737,1,0,0,0,28,0,0,0.0,0,0,0,0,0.5,0,0,0,0.0,0,0,0,0,0,-1.0,0,0,0,0,0,-1.0,-1,0.2295,1,1,1,1,1,0.00075,0.48675,0,0,0,0,0,0,0,0,0,0,1
45,2,2,3,4.0588,1,1,0,0,0,0,0,0.1667,1,0,2,0,0.35,1,0,0,0.0,0,1,2,0,0,-1.0,0,0,0,1,0,82.0,0,0.2529,1,1,0,0,0,0.08025,0.48675,1,0,0,0,0,0,0,0,0,0,0
42,0,1,0,3.5069,0,1,0,0,8,1,2,0.0,0,0,0,0,0.5,0,0,0,0.0,0,1,1,0,0,1.0,1,1,1,1,0,88.0,0,0.2201,0,0,0,0,0,0.0035,0.00275,0,1,0,0,0,0,0,0,0,0,0
27,0,2,0,3.5111,1,0,0,0,0,0,0,0.0833,1,0,1,0,0.35,1,0,0,0.0,0,1,2,0,0,-1.0,0,0,0,1,0,229.0,0,0.2085,1,1,0,0,0,0.08025,0.48675,0,0,0,0,0,0,0,0,0,0,0
35,0,3,0,3.1751,2,1,0,0,9,0,0,0.0,0,0,0,0,0.5,0,0,0,0.0,0,1,1,0,0,10110.0,0,0,1,1,0,65.0,0,0.2135,1,0,0,0,0,0.00875,0.48675,0,0,0,0,0,0,0,0,0,0,0
34,0,2,0,3.0958,1,0,0,0,16,0,0,0.1667,2,0,2,0,0.5,0,0,0,0.0,0,0,0,0,0,-1.0,0,0,0,0,0,-1.0,-1,0.2786,1,1,1,1,1,0.00975,0.48675,0,0,0,0,0,0,0,0,0,0,1
28,1,2,1,3.6219,1,0,0,0,0,0,0,0.0,0,0,0,0,0.5,0,0,0,0.0,0,1,2,0,0,-1.0,0,0,0,1,0,46.0,0,0.2224,1,1,0,0,0,0.0995,0.48675,1,0,0,0,0,0,0,0,0,0,0
39,1,1,0,3.4548,0,1,0,0,7,1,2,0.0,0,0,0,0,0.15,1,0,0,0.0,0,1,3,0,0,2246.0,0,0,1,1,0,34.0,0,0.1141,0,0,0,0,0,0.35225,0.03575,1,0,0,0,0,0,0,0,0,0,0
32,1,2,0,3.5033,1,1,0,0,5,0,0,0.0,0,0,0,0,0.15,1,0,0,0.0,0,0,0,0,0,28.0,1,1,1,0,0,-1.0,-1,0.1151,0,0,1,1,1,0.35225,0.00375,0,0,0,0,0,0,0,0,0,0,1
33,1,2,0,3.6012,1,1,0,0,0,0,0,0.0833,1,0,1,0,0.35,1,0,0,0.0,0,1,2,0,0,-1.0,0,0,0,1,0,55.0,0,0.2103,1,1,0,0,0,0.08025,0.48675,1,0,0,0,0,0,0,0,0,0,0
24,0,2,0,2.9219,1,1,0,0,6,0,0,0.0,0,0,0,0,0.5,0,0,0,0.0,0,0,0,0,0,9400.0,0,0,1,0,0,-1.0,-1,0.2084,0,0,1,1,1,0.01325,0.0015,0,0,0,0,0,0,0,0,0,0,1
36,1,3,0,3.8249,2,0,0,0,0,0,0,0.0,0,0,0,0,0.5,0,0,0,0.0,0,0,0,0,0,-1.0,0,0,0,0,0,-1.0,-1,0.2265,1,1,1,1,1,0.00975,0.48675,0,0,0,0,0,0,0,0,0,0,1
68,2,4,5,4.1286,3,1,0,0,13,0,0,0.0,0,0,0,0,0.15,1,0,0,0.0,0,1,4,0,0,3671.0,0,1,1,1,0,41.0,0,0.1276,0,0,0,0,0,0.35225,0.01575,0,1,0,0,0,0,0,0,0,0,0
33,0,2,0,3.5014,1,0,0,0,3,0,0,0.0,0,0,0,0,0.5,0,0,0,0.0,0,0,0,0,0,10520.0,0,1,1,0,0,-1.0,-1,0.22,0,0,1,1,1,0.0085,0.01225,0,0,0,0,0,0,0,0,0,0,1
67,2,4,7,4.1642,3,1,0,0,13,0,0,0.0,0,0,0,0,0.15,1,0,0,0.0,0,1,4,0,0,3671.0,0,1,1,1,0,41.0,0,0.1283,0,0,0,0,0,0.35225,0.01575,0,1,0,0,0,0,0,0,0,0,0
22,0,2,0,3.027,1,1,0,0,0,0,0,0.0,0,0,0,0,0.5,0,0,0,0.0,0,1,2,0,0,496.0,0,0,1,1,0,73.0,0,0.2105,0,0,0,0,0,0.0035,0.058,0,0,0,0,0,0,0,0,0,0,0
26,1,1,0,3.4183,0,1,0,0,6,0,0,0.1667,2,0,2,0,0.15,1,0,0,0.0,0,0,0,0,0,7830.0,0,0,1,0,0,-1.0,-1,0.18,0,0,1,1,1,0.35225,0.013,0,0,0,0,0,0,0,0,0,0,1
47,4,2,2,4.4262,1,0,0,0,0,0,0,0.0,0,0,0,0,0.5,0,0,0,0.0,0,1,2,0,0,-1.0,0,0,0,1,0,77.0,0,0.2385,1,1,0,0,0,0.0995,0.48675,1,0,0,0,0,0,0,0,0,0,0
43,0,1,0,3.4714,0,1,0,0,16,0,0,0.0,0,0,0,0,0.79,1,0,0,0.0,0,1,2,0,0,1179.0,0,0,1,1,0,51.0,0,0.3064,0,0,0,0,0,0.00025,0.0065,1,0,0,0,0,0,0,0,0,0,0
43,4,2,9,4.4436,1,0,0,0,0,0,0,0.0,0,0,0,0,0.5,0,0,0,0.0,0,1,2,0,0,-1.0,0,0,0,1,0,81.0,0,0.2389,1,1,0,0,0,0.0995,0.48675,1,0,0,0,0,0,0,0,0,0,0
31,0,2,0,3.0958,1,0,0,0,13,0,0,0.1667,2,0,2,0,0.5,0,0,0,0.0,0,1,2,0,0,-1.0,0,0,0,1,0,79.0,0,0.2786,1,1,0,0,0,0.00975,0.48675,1,0,0,0,0,0,0,0,0,0,0
113,0,3,0,3.1307,2,1,0,0,33,1,2,0.0,0,0,0,0,0.5,0,0,0,0.0,0,1,1,0,0,149.0,0,0,1,1,0,33.0,0,0.2126,0,0,0,0,0,0.00325,0.00275,0,1,0,0,0,0,0,0,0,0,0
29,0,1,0,3.0221,0,1,0,0,9,0,0,0.0,0,0,0,0,0.5,0,0,0,0.0,0,1,2,0,1,3852.0,0,1,1,1,0,63.0,0,0.2104,0,0,0,0,0,0.001,0.0005,1,0,0,0,0,0,0,0,0,0,0
20,0,2,0,2.4183,1,1,0,0,0,0,0,0.0,0,0,0,0,0.5,0,0,0,0.0,0,1,1,0,0,-1.0,0,0,0,0,0,-1.0,0,0.1984,1,1,1,1,0,0.00025,0.48675,0,0,0,0,0,0,0,0,0,0,1
42,3,2,4,4.396,1,0,0,0,0,0,0,0.0,0,0,0,0,0.5,0,0,0,0.0,0,0,0,0,0,-1.0,0,0,0,0,0,-1.0,-1,0.2379,1,1,1,1,1,0.0995,0.48675,0,0,0,0,0,0,0,0,0,0,1
40,3,2,0,3.9917,1,0,0,0,0,0,0,0.1667,2,0,2,0,0.15,1,0,0,0.0,0,1,2,0,0,7431.0,0,0,1,1,0,37.0,0,0.1915,0,0,0,0,0,0.35225,0.036,0,1,0,0,0,0,0,0,0,0,0
89,0,2,1,3.6425,1,1,0,0,57,0,0,0.0,0,0,0,0,0.28,1,0,0,0.0,0,1,1,0,0,-1.0,0,0,0,0,0,-1.0,0,0.1569,1,1,1,1,0,0.0545,0.48675,0,0,0,0,0,0,0,0,0,0,1
22,0,1,0,3.182,0,1,0,0,0,0,0,0.0,0,0,0,0,0.15,1,0,0,0.0,0,1,1,0,0,4761.0,0,0,1,1,0,42.0,0,0.1086,0,0,0,0,0,0.35225,0.058,0,1,0,0,0,0,0,0,0,0,0
37,0,2,0,3.6023,1,0,0,0,3,0,0,0.0,0,0,0,0,0.5,0,0,0,0.0,0,0,0,0,0,10520.0,0,1,1,0,0,-1.0,-1,0.222,0,0,1,1,1,0.0085,0.01225,0,0,0,0,0,0,0,0,0,0,1
43,0,2,3,3.5585,1,1,0,0,13,0,0,0.0,0,0,0,0,0.28,1,0,0,0.0,0,1,4,0,0,-1.0,0,0,0,1,0,31.0,0,0.1552,1,1,0,0,0,0.0545,0.48675,0,1,0,0,0,0,0,0,0,0,0
25,0,1,0,3.0958,0,1,0,0,6,0,0,0.0,0,0,0,0,0.3,1,0,0,0.0,0,1,1,0,0,1236.0,0,0,1,1,0,125.0,0,0.1519,0,0,0,0,0,0.00425,0.058,0,0,0,0,0,0,0,0,0,0,0
32,0,1,0,2.9219,0,1,0,0,6,1,2,0.0,0,0,0,0,0.15,1,0,0,0.0,0,1,2,0,1,3336.0,0,0,1,1,0,82.0,0,0.1034,0,0,0,0,0,0.35225,0.058,1,0,0,0,0,0,0,0,0,0,0
34,0,2,0,3.7533,1,1,0,0,0,0,0,0.0,0,0,0,0,0.15,1,0,0,0.0,0,1,2,0,0,-1.0,0,0,0,1,0,50.0,0,0.1201,1,1,0,0,0,0.35225,0.48675,1,0,0,0,0,0,0,0,0,0,0
40,1,2,8,4.2264,1,0,0,0,0,0,0,0.0833,1,0,1,0,0.35,1,0,0,0.0,0,1,2,0,0,-1.0,0,0,0,1,0,55.0,0,0.2228,1,1,0,0,0,0.08025,0.48675,1,0,0,0,0,0,0,0,0,0,0
28,0,1,0,3.2776,0,1,0,0,9,0,0,0.0,0,0,0,0,0.28,1,0,0,0.0,0,1,2,0,0,3952.0,0,0,1,0,0,-1.0,-1,0.1496,0,0,1,1,1,0.0545,0.00975,0,0,0,0,0,0,0,0,0,0,1
43,0,3,0,4.1287,2,0,0,0,0,0,0,0.0833,1,0,1,0,0.35,1,0,0,0.0,0,1,2,0,0,-1.0,0,0,0,0,0,-1.0,0,0.2209,1,1,1,1,0,0.08025,0.48675,0,0,0,0,0,0,0,0,0,0,1
41,0,2,2,3.7219,1,0,0,0,14,0,0,0.0,0,0,0,0,0.28,1,0,0,0.0,0,1,4,0,0,-1.0,0,0,0,1,0,31.0,0,0.1584,1,1,0,0,0,0.0545,0.48675,0,1,0,0,0,0,0,0,0,0,0
25,0,2,0,3.2928,1,1,0,0,0,0,0,0.0,0,0,0,0,0.15,1,0,0,0.0,0,1,3,0,0,10970.0,0,0,1,1,0,85.0,0,0.1109,0,0,0,0,0,0.35225,0.058,1,0,0,0,0,0,0,0,0,0,0
44,4,2,11,4.3848,1,0,0,0,0,0,0,0.0,0,0,0,0,0.5,0,0,0,0.0,0,1,2,0,0,-1.0,0,0,0,1,0,77.0,0,0.2377,1,1,0,0,0,0.0995,0.48675,1,0,0,0,0,0,0,0,0,0,0
25,0,2,0,3.4528,1,1,0,0,0,0,0,0.0,0,0,0,0,0.15,1,0,0,0.0,0,1,5,0,0,5042.0,0,0,1,0,0,-1.0,-1,0.1141,0,0,1,1,1,0.35225,0.00025,0,0,0,0,0,0,0,0,0,0,1
36,0,2,0,3.7255,1,1,0,0,10,0,0,0.0,0,0,0,0,0.5,0,0,0,0.0,0,1,1,0,0,2430.0,0,0,1,1,0,44.0,0,0.2245,0,0,0,0,0,0.00325,0.0015,0,1,0,0,0,0,0,0,0,0,0
44,2,2,6,4.0687,1,1,0,0,0,0,0,0.0833,1,0,1,0,0.35,1,0,0,0.0,0,1,2,0,0,-1.0,0,0,0,1,0,31.0,0,0.2197,1,1,0,0,0,0.08025,0.48675,0,1,0,0,0,0,0,0,0,0,0
36,1,1,0,2.7255,0,1,0,0,19,0,0,0.0,0,0,0,0,0.15,1,0,0,0.0,0,1,1,0,0,4580.0,0,0,1,0,0,-1.0,-1,0.0995,0,0,1,1,1,0.35225,0.0045,0,0,0,0,0,0,0,0,0,0,1
26,0,2,0,2.4464,1,1,0,0,7,0,0,0.0833,1,0,1,0,0.5,0,0,0,0.0,0,1,1,0,0,10867.0,0,0,1,1,0,155.0,0,0.2322,0,0,0,0,0,0.0015,0.00025,0,0,0,0,1,0,0,0,0,0,0
25,0,2,0,3.3278,1,1,0,0,0,0,0,0.0,0,0,0,0,0.15,1,0,0,0.0,0,1,3,0,0,9625.0,0,1,1,1,0,42.0,0,0.1116,0,0,0,0,0,0.35225,0.00075,1,0,0,0,0,0,0,0,0,0,0
40,0,1,0,3.6402,0,1,0,0,17,0,0,0.0,0,0,0,0,0.5,0,0,0,0.0,0,0,0,0,0,1.0,1,1,1,0,0,-1.0,-1,0.2228,0,0,1,1,1,0.0035,0.00275,0,0,0,0,0,0,0,0,0,0,1
29,0,1,0,3.2776,0,1,0,0,10,0,0,0.0,0,0,0,0,0.2,1,0,0,0.0,0,1,2,0,0,402.0,0,0,1,1,0,81.0,0,0.1256,0,0,0,0,0,0.0055,0.0015,1,0,0,0,0,0,0,0,0,0,0
37,0,1,1,3.4183,0,1,0,0,17,0,0,0.0,0,0,0,0,0.15,1,0,0,0.0,0,0,0,0,0,7822.0,0,0,1,0,0,-1.0,-1,0.1134,0,0,1,1,1,0.35225,0.00025,0,0,0,0,0,0,0,0,0,0,1
33,0,2,0,3.3788,1,0,0,0,11,0,0,0.0,0,0,0,0,0.22,1,0,0,0.0,0,0,0,0,0,35.0,0,1,1,0,0,-1.0,-1,0.1336,0,0,1,1,1,0.0405,0.00425,0,0,0,0,0,0,0,0,0,0,1
71,3,5,2,4.1581,4,1,0,0,0,0,0,0.0,0,0,0,0,0.15,1,0,0,0.0,0,0,0,0,0,49.0,0,1,1,0,0,-1.0,-1,0.1282,0,0,1,1,1,0.35225,0.00425,0,0,0,0,0,0,0,0,0,0,1
69,4,2,2,4.3451,1,0,0,0,20,0,0,0.1667,2,0,2,0,0.5,0,0,0,0.0,0,1,2,0,0,-1.0,0,0,0,1,0,86.0,0,0.3036,1,1,0,0,0,0.0995,0.48675,1,0,0,0,0,0,0,0,0,0,0
32,0,1,0,3.1219,0,1,0,0,14,0,0,0.0,0,0,0,0,0.22,1,0,0,0.0,0,1,2,0,0,1580.0,0,0,1,1,0,78.0,0,0.1284,0,0,0,0,0,0.0405,0.0065,1,0,0,0,0,0,0,0,0,0,0
24,0,1,0,3.3219,0,1,0,0,6,0,0,0.0,0,0,0,0,0.15,1,0,0,0.0,0,1,1,0,0,2815.0,0,0,1,1,0,165.0,0,0.1114,0,0,0,0,0,0.35225,0.00975,0,0,0,0,0,0,0,0,0,0,0
28,0,1,0,3.6645,0,1,0,0,6,0,0,0.0,0,0,0,0,0.15,1,0,0,0.0,0,0,0,0,0,871.0,0,0,1,0,0,-1.0,-1,0.1183,0,0,1,1,1,0.35225,0.0065,0,0,0,0,0,0,0,0,0,0,1
47,1,2,2,3.8635,1,1,0,0,13,0,0,0.0,0,0,0,0,0.28,1,0,0,0.0,0,1,4,0,0,-1.0,0,0,0,1,0,31.0,0,0.1613,1,1,0,0,0,0.0545,0.48675,0,1,0,0,0,0,0,0,0,0,0
36,1,2,1,3.65,1,0,0,0,0,0,0,0.0,0,0,0,0,0.5,0,0,0,0.0,0,1,2,0,0,-1.0,0,0,0,1,0,70.0,0,0.223,1,1,0,0,0,0.0995,0.48675,0,1,0,0,0,0,0,0,0,0,0
20,0,1,0,3.4183,0,1,0,0,0,0,0,0.0,0,0,0,0,0.28,1,0,0,0.0,0,1,2,0,1,1156.0,0,0,1,1,0,64.0,0,0.1524,0,0,0,0,0,0.0545,0.0045,1,0,0,0,0,0,0,0,0,0,0
53,4,2,0,3.9168,1,1,0,0,0,0,0,0.0833,1,0,1,0,0.35,1,0,0,0.0,0,1,1,0,0,-1.0,0,0,0,1,0,66.0,0,0.2167,1,1,0,0,0,0.08025,0.48675,1,0,0,0,0,0,0,0,0,0,0
19,0,1,0,2.8454,0,1,0,0,0,0,0,0.0,0,0,0,0,0.15,1,0,0,0.0,0,1,1,0,1,11163.0,0,1,1,1,0,118.0,0,0.1019,0,0,0,0,0,0.35225,0.002,0,0,0,0,0,1,0,0,0,0,0
28,0,2,0,2.8151,1,1,0,0,6,0,0,0.0,0,0,0,0,0.15,1,0,0,0.0,0,1,8,0,0,-1.0,0,0,0,1,0,178.0,0,0.1013,1,1,0,0,0,0.35225,0.48675,0,0,0,0,0,0,0,0,0,0,0
36,0,1,0,3.2776,0,1,0,0,17,0,0,0.0,0,0,0,0,0.5,0,0,0,0.0,0,0,0,0,0,8234.0,0,0,1,0,0,-1.0,-1,0.2156,0,0,1,1,1,0.02275,0.012,0,0,0,0,0,0,0,0,0,0,1
46,4,2,0,3.8854,1,0,0,0,0,0,0,0.1667,2,0,2,0,0.35,1,0,0,0.0,0,1,2,0,0,-1.0,0,0,0,1,0,83.0,0,0.2494,1,1,0,0,0,0.08025,0.48675,1,0,0,0,0,0,0,0,0,0,0
29,0,1,0,3.6402,0,1,0,0,6,0,0,0.0,0,0,0,0,0.5,0,0,0,0.0,0,1,2,0,0,-1.0,0,0,0,1,0,37.0,0,0.2228,1,1,0,0,0,0.00025,0.48675,1,0,0,0,0,0,0,0,0,0,0
17,0,1,2,3.0,0,1,0,0,0,0,0,0.0,0,0,0,0,0.5,0,0,0,0.0,0,0,0,0,0,59.0,0,0,1,0,0,-1.0,-1,0.21,0,0,1,1,1,0.00375,0.00225,0,0,0,0,0,0,0,0,0,0,1
26,0,3,0,3.3083,2,1,0,0,0,0,0,0.0,0,0,0,0,0.5,0,0,0,0.0,0,1,1,0,0,3119.0,0,0,1,0,0,-1.0,0,0.2162,1,0,1,1,0,0.00925,0.48675,0,0,0,0,0,0,0,0,0,0,1
57,0,2,0,3.4613,1,1,0,0,31,0,0,0.0,0,0,0,0,0.15,1,0,0,0.0,0,1,4,0,0,11517.0,0,0,1,1,0,22.0,0,0.1142,0,0,0,0,0,0.35225,0.036,0,0,0,0,0,0,0,0,0,0,0
36,0,1,0,2.8454,0,1,0,0,7,1,2,0.0,0,0,0,0,0.22,1,0,0,0.0,0,1,1,0,1,6850.0,0,0,1,1,0,78.0,0,0.1229,0,0,0,0,0,0.0405,0.00325,0,1,0,0,0,0,0,0,0,0,0
31,0,1,0,2.8074,0,1,0,0,16,0,0,0.0,0,0,0,0,0.5,0,0,0,0.0,0,1,1,0,0,-1.0,0,0,0,1,0,188.0,0,0.2061,1,1,0,0,0,0.012,0.48675,0,0,0,0,0,0,1,0,0,0,0
40,1,2,2,3.5766,1,0,0,0,14,0,1,0.0,0,0,0,0,0.28,1,0,0,0.0,0,1,4,0,0,-1.0,0,0,0,1,0,31.0,0,0.1555,1,1,0,0,0,0.0545,0.48675,0,1,0,0,0,0,0,0,0,0,0
24,1,1,0,3.5778,0,1,0,0,0,0,0,0.0,0,0,0,0,0.5,0,0,0,0.0,0,1,1,0,0,-1.0,0,0,0,1,0,20.0,0,0.2216,1,1,0,0,0,0.00025,0.48675,0,1,0,0,0,0,0,0,0,0,0
17,0,1,0,2.9477,0,1,0,0,0,0,0,0.0,0,0,0,0,0.3,1,0,0,0.0,0,1,2,0,0,2144.0,0,0,1,1,0,68.0,0,0.149,0,0,0,0,0,0.00425,0.058,1,0,0,0,0,0,0,0,0,0,0
36,0,2,0,3.1899,1,1,0,0,13,0,0,0.0,0,0,0,0,0.5,0,0,0,0.0,0,1,2,0,0,-1.0,0,0,0,1,0,221.0,0,0.2138,1,1,0,0,0,0.00175,0.48675,0,0,0,0,1,0,0,0,0,0,0
53,0,2,0,3.3908,1,0,0,0,24,0,0,0.0,0,0,0,0,0.28,1,0,0,0.0,0,1,4,0,0,-1.0,0,0,0,1,0,31.0,0,0.1518,1,1,0,0,0,0.0545,0.48675,0,1,0,0,0,0,0,0,0,0,0
26,0,2,0,3.3502,1,1,0,0,0,0,0,0.0,0,0,0,0,0.5,0,0,0,0.0,0,1,1,0,0,1709.0,0,0,1,0,0,-1.0,-1,0.217,0,0,1,1,1,0.01325,0.00025,0,0,0,0,0,0,0,0,0,0,1
26,0,2,0,3.3372,1,1,0,0,0,0,0,0.0,0,0,0,0,0.15,1,0,0,0.0,0,1,2,0,0,10636.0,0,0,1,1,0,233.0,0,0.1117,0,0,0,0,0,0.35225,0.036,0,0,0,0,0,0,0,0,0,0,0
41,0,1,2,3.4566,0,1,0,0,18,0,0,0.0,0,0,0,0,0.15,1,0,0,0.0,0,0,0,0,0,1627.0,0,0,1,0,0,-1.0,-1,0.1141,0,0,1,1,1,0.35225,0.003,0,0,0,0,0,0,0,0,0,0,1
28,0,1,0,2.5033,0,1,0,0,11,0,0,0.0,0,0,0,0,0.02,1,0,0,0.0,0,1,1,0,0,9132.0,0,0,1,1,0,85.0,0,0.0561,1,0,0,0,0,0.0075,0.48675,0,1,0,0,0,0,0,0,0,0,0
25,0,2,0,3.1556,1,1,0,0,0,0,0,0.0,0,0,0,0,0.15,1,0,0,0.0,0,1,3,0,0,2457.0,0,0,1,1,0,89.0,0,0.1081,0,0,0,0,0,0.35225,0.019,0,0,0,1,0,0,0,0,0,0,0
33,0,1,0,2.4194,0,1,0,0,16,0,0,0.0,0,0,0,0,0.15,1,0,0,0.0,0,1,1,0,0,7841.0,0,0,1,0,0,-1.0,0,0.0934,0,0,1,1,0,0.35225,0.00275,0,0,0,0,0,0,0,0,0,0,1
42,1,2,9,4.2417,1,0,0,0,0,0,0,0.0833,1,0,1,0,0.35,1,0,0,0.0,0,1,2,0,0,-1.0,0,0,0,1,0,55.0,0,0.2232,1,1,0,0,0,0.08025,0.48675,1,0,0,0,0,0,0,0,0,0,0
42,2,2,0,3.8132,1,1,0,0,0,0,0,0.0833,1,0,1,0,0.5,0,0,0,0.0,0,1,2,0,0,-1.0,0,0,0,1,0,67.0,0,0.2596,1,1,0,0,0,0.0995,0.48675,1,0,0,0,0,0,0,0,0,0,0
22,0,2,0,3.3249,1,1,0,0,0,0,0,0.0,0,0,0,0,0.15,1,0,0,0.0,0,1,4,0,0,9001.0,0,0,1,1,0,199.0,0,0.1115,0,0,0,0,0,0.35225,0.058,0,0,0,1,0,0,0,0,0,0,0
41,2,3,0,3.695,2,0,0,0,0,0,0,0.1667,2,0,2,0,0.35,1,0,0,0.0,0,1,2,0,0,-1.0,0,0,0,0,0,-1.0,0,0.2456,1,1,1,1,0,0.08025,0.48675,0,0,0,0,0,0,0,0,0,0,1
24,0,1,0,3.1219,0,1,0,0,6,0,0,0.0,0,0,0,0,0.15,1,0,0,0.0,0,1,1,0,0,-1.0,0,0,0,1,0,177.0,0,0.1074,1,1,0,0,0,0.35225,0.48675,0,0,0,0,1,0,0,0,0,0,0
68,0,1,0,3.1899,0,1,0,0,45,0,0,0.0,0,0,0,0,0.1,1,0,0,0.0,0,1,1,0,0,5136.0,0,0,1,1,0,88.0,0,0.0938,0,0,0,0,0,0.02775,0.058,0,1,0,0,0,0,0,0,0,0,0
35,0,2,0,3.8492,1,0,0,0,4,0,0,0.0,0,0,0,0,0.1,1,0,0,0.0,0,1,2,0,0,466.0,0,0,1,1,0,36.0,0,0.107,0,0,0,0,0,0.02775,0.058,1,0,0,0,0,0,0,0,0,0,0
30,1,1,0,3.1396,0,1,0,0,7,0,0,0.0,0,0,0,0,0.15,1,0,0,0.0,0,1,1,0,0,-1.0,0,0,0,1,0,85.0,0,0.1078,1,1,0,0,0,0.35225,0.48675,0,1,0,0,0,0,0,0,0,0,0
33,0,2,0,2.7255,1,1,0,0,16,0,0,0.0,0,0,0,0,0.5,0,0,0,0.0,0,0,0,0,0,-1.0,0,0,0,0,0,-1.0,-1,0.2045,1,1,1,1,1,0.00175,0.48675,0,0,0,0,0,0,0,0,0,0,1
27,0,1,0,3.5466,0,1,0,0,6,0,0,0.0833,1,0,1,0,0.5,0,0,0,0.0,0,1,2,0,1,1319.0,0,1,1,1,0,48.0,0,0.2543,0,0,0,0,0,0.0005,0.001,1,0,0,0,0,0,0,0,0,0,0
46,0,2,3,3.8868,1,1,0,0,13,0,0,0.0,0,0,0,0,0.28,1,0,0,0.0,0,1,4,0,0,-1.0,0,0,0,1,0,31.0,0,0.1617,1,1,0,0,0,0.0545,0.48675,0,1,0,0,0,0,0,0,0,0,0
42,4,2,4,4.2784,1,0,0,0,0,0,0,0.0,0,0,0,0,0.5,0,0,0,0.0,0,1,2,0,0,-1.0,0,0,0,1,0,77.0,0,0.2356,1,1,0,0,0,0.0995,0.48675,1,0,0,0,0,0,0,0,0,0,0
49,4,2,2,4.3939,1,0,0,0,0,0,0,0.1667,2,0,2,0,0.5,0,0,0,0.0,0,1,2,0,0,-1.0,0,0,0,1,0,73.0,0,0.3046,1,1,0,0,0,0.0995,0.48675,1,0,0,0,0,0,0,0,0,0,0
33,0,1,0,2.7255,0,1,0,0,16,0,0,0.0,0,0,0,0,0.22,1,0,0,0.0,0,0,0,0,0,-1.0,0,0,0,0,0,-1.0,-1,0.1205,1,1,1,1,1,0.0405,0.48675,0,0,0,0,0,0,0,0,0,0,1
50,0,3,0,3.2484,2,1,0,0,25,0,0,0.0,0,0,0,0,0.5,0,0,0,0.0,0,1,2,0,0,-1.0,0,0,1,1,0,87.0,0,0.215,0,1,0,0,0,0.002,0.00075,1,0,0,0,0,0,0,0,0,0,0
25,0,2,0,3.2028,1,1,0,0,0,0,0,0.0,0,0,0,0,0.5,0,0,0,0.0,0,1,2,0,0,2472.0,0,1,1,1,0,35.0,0,0.2141,0,0,0,0,0,0.0035,0.00075,1,0,0,0,0,0,0,0,0,0,0
43,2,2,6,4.1287,1,0,0,0,0,0,0,0.0833,1,0,1,0,0.35,1,0,0,0.0,0,1,2,0,0,-1.0,0,0,0,1,0,31.0,0,0.2209,1,1,0,0,0,0.08025,0.48675,0,1,0,0,0,0,0,0,0,0,0
194,0,3,2,4.0398,2,1,0,0,22,1,8,0.0,0,0,0,0,0.5,0,0,0,0.0,0,1,2,0,0,3620.0,0,0,1,1,0,161.0,0,0.2308,0,0,0,0,0,0.00325,0.00075,0,0,0,1,0,0,0,0,0,0,0
24,0,2,0,3.3736,1,1,0,0,0,0,0,0.0,0,0,0,0,0.15,1,0,0,0.0,0,1,1,0,0,7868.0,0,0,1,1,0,79.0,0,0.1125,0,0,0,0,0,0.35225,0.058,0,1,0,0,0,0,0,0,0,0,0
36,0,1,0,3.4677,0,1,0,0,14,0,0,0.0,0,0,0,0,0.15,1,0,0,0.0,0,1,1,0,0,691.0,0,0,1,0,0,-1.0,-1,0.1144,0,0,1,1,1,0.35225,0.0005,0,0,0,0,0,0,0,0,0,0,1
44,4,2,0,3.9544,1,1,0,0,0,0,0,0.25,3,0,3,0,0.35,1,0,0,0.0,0,1,2,0,0,-1.0,0,0,0,1,0,83.0,0,0.2841,1,1,0,0,0,0.08025,0.48675,1,0,0,0,0,0,0,0,0,0,0
20,0,1,0,3.0958,0,1,0,0,0,0,0,0.1667,2,0,2,0,0.5,1,0,0,0.0,0,1,2,0,0,37.0,0,0,1,1,0,52.0,0,0.2786,0,0,0,0,0,0.00075,0.03575,1,0,0,0,0,0,0,0,0,0,0
48,0,3,0,3.9751,2,0,0,0,0,0,0,0.0,0,0,0,0,0.15,1,0,0,0.0,0,1,2,0,0,-1.0,0,0,0,0,0,-1.0,0,0.1245,1,1,1,1,0,0.35225,0.48675,0,0,0,0,0,0,0,0,0,0,1
24,0,2,0,3.0062,1,1,0,0,0,0,0,0.0,0,0,0,0,0.15,1,0,0,0.0,0,1,2,0,0,4075.0,0,1,1,1,0,43.0,0,0.1051,0,0,0,0,0,0.35225,0.002,1,0,0,0,0,0,0,0,0,0,0
28,0,2,0,3.5766,1,1,0,0,0,0,0,0.0,0,0,0,0,0.15,1,0,0,0.0,0,1,2,0,1,3203.0,0,1,1,1,0,79.0,0,0.1165,0,0,0,0,0,0.35225,0.01175,0,1,0,0,0,0,0,0,0,0,0
24,0,2,0,3.4566,1,1,0,0,0,0,0,0.0,0,0,0,0,0.15,1,0,0,0.0,0,1,2,0,0,11611.0,0,0,1,1,0,130.0,0,0.1141,0,0,0,0,0,0.35225,0.058,0,0,0,0,0,0,0,0,0,0,0
31,0,1,0,2.1281,0,1,0,0,7,1,2,0.0,0,0,0,0,0.15,1,0,0,0.0,0,0,0,0,1,12651.0,0,0,1,0,0,-1.0,-1,0.0876,0,0,1,1,1,0.35225,0.004,0,0,0,0,0,0,0,0,0,0,1
43,0,2,1,3.0391,1,1,0,0,21,0,0,0.0,0,0,0,0,0.5,0,0,0,0.0,0,0,0,0,0,-1.0,0,0,0,0,0,-1.0,-1,0.2108,1,1,1,1,1,0.002,0.48675,0,0,0,0,0,0,0,0,0,0,1
28,0,2,0,3.5766,1,1,0,0,0,0,0,0.0,0,0,0,0,0.15,1,0,0,0.0,0,1,2,0,1,11479.0,0,0,1,1,0,28.0,0,0.1165,0,0,0,0,0,0.35225,0.00975,1,0,0,0,0,0,0,0,0,0,0
68,2,4,5,4.2346,3,1,0,0,13,0,0,0.0,0,0,0,0,0.15,1,0,0,0.0,0,1,4,0,0,3671.0,0,1,1,1,0,41.0,0,0.1297,0,0,0,0,0,0.35225,0.01575,0,1,0,0,0,0,0,0,0,0,0
37,0,1,0,2.8554,0,1,0,0,17,0,0,0.0,0,0,0,0,0.5,0,0,0,0.0,0,1,1,0,0,-1.0,0,0,0,1,0,64.0,0,0.2071,1,1,0,0,0,0.02275,0.48675,0,1,0,0,0,0,0,0,0,0,0
26,0,2,0,3.1751,1,1,0,0,0,0,0,0.0,0,0,0,0,0.15,1,0,0,0.0,0,1,1,0,0,5466.0,0,0,1,1,0,88.0,0,0.1085,0,0,0,0,0,0.35225,0.058,0,1,0,0,0,0,0,0,0,0,0
37,1,1,0,3.5069,0,1,0,0,13,0,0,0.0833,1,0,1,0,0.15,1,0,0,0.0,0,0,0,0,0,-1.0,0,0,0,0,0,-1.0,-1,0.1485,1,1,1,1,1,0.35225,0.48675,0,0,0,0,0,0,0,0,0,0,1
22,0,1,0,3.3788,0,1,0,0,0,0,0,0.0,0,0,0,0,0.5,0,0,0,0.0,0,1,7,0,0,-1.0,0,0,0,1,0,27.0,0,0.2176,1,1,0,0,0,0.0995,0.48675,0,1,0,0,0,0,0,0,0,0,0
25,1,1,0,2.75,0,1,0,0,9,0,0,0.0,0,0,0,0,0.15,1,0,0,0.0,0,0,0,0,0,1857.0,0,0,1,0,0,-1.0,-1,0.1,0,0,1,1,1,0.35225,0.019,0,0,0,0,0,0,0,0,0,0,1
38,0,2,0,3.647,1,1,0,0,0,0,0,0.0,0,0,0,0,0.15,1,0,0,0.0,0,1,2,0,0,-1.0,0,0,0,1,0,50.0,0,0.1179,1,1,0,0,0,0.35225,0.48675,1,0,0,0,0,0,0,0,0,0,0
37,0,1,0,3.5069,0,1,0,0,14,0,0,0.0833,1,0,1,0,0.6,1,0,0,0.0,0,1,1,0,0,-1.0,0,0,0,1,0,86.0,0,0.2835,1,1,0,0,0,0.00125,0.48675,0,1,0,0,0,0,0,0,0,0,0
16,0,1,2,3.0,0,0,0,0,0,0,0,0.0,0,0,0,0,0.5,0,0,0,0.0,0,0,0,0,0,64.0,0,0,1,0,0,-1.0,-1,0.21,0,0,1,1,1,0.00375,0.00225,0,0,0,0,0,0,0,0,0,0,1
30,0,1,0,2.75,0,1,0,0,7,1,2,0.0,0,0,0,0,0.5,0,0,0,0.0,0,1,2,0,1,-1.0,0,0,0,1,0,94.0,0,0.205,1,1,0,0,0,0.01075,0.48675,0,0,0,1,0,0,0,0,0,0,0
34,0,2,0,3.5945,1,1,0,0,0,0,0,0.0,0,0,0,0,0.15,1,0,0,0.0,0,1,1,0,0,10154.0,0,0,1,1,0,102.0,0,0.1169,0,0,0,0,0,0.35225,0.004,0,0,0,0,0,0,0,0,0,0,0
43,1,3,0,4.1643,2,0,0,0,0,0,0,0.1667,1,0,1,0,0.15,1,0,0,0.0,0,1,2,0,0,4639.0,0,0,1,0,0,-1.0,0,0.195,0,0,1,1,0,0.35225,0.058,0,0,0,0,0,0,0,0,0,0,1
26,0,1,0,2.2516,0,1,0,0,12,0,0,0.0,0,0,0,0,0.5,0,0,0,0.0,0,1,1,0,0,8987.0,0,0,1,1,0,58.0,0,0.195,0,0,0,0,0,0.02275,0.012,0,1,0,0,0,0,0,0,0,0,0
38,0,2,3,3.6504,1,1,0,0,0,0,0,0.0,0,0,0,0,0.15,1,0,0,0.0,0,1,2,0,0,7431.0,0,0,1,1,0,37.0,0,0.118,0,0,0,0,0,0.35225,0.036,0,1,0,0,0,0,0,0,0,0,0
29,0,1,0,3.085,0,1,0,0,9,0,0,0.0,0,0,0,0,0.5,0,0,0,0.0,0,0,0,0,0,7144.0,0,0,1,0,0,-1.0,-1,0.2117,0,0,1,1,1,0.02275,0.012,0,0,0,0,0,0,0,0,0,0,1
26,0,2,0,3.6835,1,1,0,0,0,0,0,0.0,0,0,0,0,0.5,0,0,0,0.0,0,0,0,0,0,60.0,0,0,1,0,0,-1.0,-1,0.2237,0,0,1,1,1,0.009,0.00075,0,0,0,0,0,0,0,0,0,0,1
46,1,2,0,3.6538,1,1,0,0,17,0,0,0.0,0,0,0,0,0.5,0,0,0,0.0,0,1,2,0,0,-1.0,0,0,0,1,0,83.0,0,0.2231,1,1,0,0,0,0.0995,0.48675,0,1,0,0,0,0,0,0,0,0,0
21,0,1,0,3.027,0,1,0,0,0,0,0,0.0,0,0,0,0,0.22,1,0,0,0.0,0,1,2,0,0,7275.0,0,0,1,1,0,80.0,0,0.1265,0,0,0,0,0,0.0405,0.0155,1,0,0,0,0,0,0,0,0,0,0
20,0,1,0,2.7925,0,1,0,0,0,0,0,0.25,1,1,0,0,0.5,0,0,0,0.0,0,1,1,0,1,9693.0,0,0,1,1,0,76.0,0,0.3059,0,0,0,0,0,0.00325,0.00025,0,1,0,0,0,0,0,0,0,0,0
17,0,1,2,3.0,0,1,0,0,0,0,0,0.0,0,0,0,0,0.9,1,0,0,0.0,0,0,0,0,0,-1.0,0,0,0,0,0,-1.0,-1,0.33,1,1,1,1,1,0.00575,0.48675,0,0,0,0,0,0,0,0,0,0,1
20,0,1,0,3.0958,0,1,0,0,0,0,0,0.0,0,0,0,0,0.15,1,0,0,0.0,0,0,0,0,0,1001.0,0,1,1,0,0,-1.0,-1,0.1069,0,0,1,1,1,0.35225,0.01225,0,0,0,0,0,0,0,0,0,0,1
21,0,2,0,2.8554,1,1,0,0,0,0,0,0.0,0,0,0,0,0.15,1,0,0,0.0,0,1,2,0,0,7118.0,0,0,1,1,0,65.0,0,0.1021,0,0,0,0,0,0.35225,0.058,1,0,0,0,0,0,0,0,0,0,0
36,0,1,0,3.0958,0,1,0,0,17,0,0,0.0,0,0,0,0,0.28,1,0,0,0.0,0,0,0,0,1,5160.0,0,0,1,0,0,-1.0,-1,0.1459,0,0,1,1,1,0.0545,0.0155,0,0,0,0,0,0,0,0,0,0,1
36,1,3,0,3.8249,2,0,0,0,0,0,0,0.0,0,0,0,0,0.5,0,0,0,0.0,0,0,0,0,0,-1.0,0,0,0,0,0,-1.0,-1,0.2265,1,1,1,1,1,0.00975,0.48675,0,0,0,0,0,0,0,0,0,0,1
83,1,2,5,3.9642,1,1,0,0,47,0,0,0.25,2,0,2,0,0.5,0,0,0,0.0,0,0,0,0,0,-1.0,0,0,0,0,0,-1.0,-1,0.3293,1,1,1,1,1,0.00175,0.48675,0,0,0,0,0,0,0,0,0,0,1
26,0,2,2,3.7947,1,1,0,0,0,0,0,0.0,0,0,0,0,0.15,1,0,0,0.0,0,1,2,0,0,4212.0,0,1,1,1,0,149.0,0,0.1209,0,0,0,0,0,0.35225,0.002,0,0,0,0,0,0,0,0,0,1,0
28,3,1,2,3.6819,0,1,0,0,0,0,0,0.0,0,0,0,0,0.22,1,1,0,0.6,1,1,2,0,0,2.0,1,0,1,1,0,87.0,0,0.2596,0,0,0,0,0,0.0405,0.0065,0,1,0,0,0,0,0,0,0,0,0
34,0,1,0,3.2359,0,1,0,0,12,0,0,0.0,0,0,0,0,0.28,1,0,0,0.0,0,1,2,0,1,3572.0,0,0,1,0,0,-1.0,0,0.1487,0,0,1,1,0,0.0545,0.03575,0,0,0,0,0,0,0,0,0,0,1
43,1,2,0,4.0675,1,0,0,0,0,0,0,0.0,0,0,0,0,0.15,1,0,0,0.0,0,1,2,0,0,-1.0,0,0,0,1,0,50.0,0,0.1264,1,1,0,0,0,0.35225,0.48675,1,0,0,0,0,0,0,0,0,0,0
50,4,2,2,4.4059,1,1,0,0,0,0,0,0.0,0,0,0,0,0.5,0,0,0,0.0,0,1,2,0,0,-1.0,0,0,0,1,0,78.0,0,0.2381,1,1,0,0,0,0.0995,0.48675,1,0,0,0,0,0,0,0,0,0,0
37,1,3,0,3.717,2,1,0,0,0,0,0,0.0833,1,0,1,0,0.35,1,0,0,0.0,0,1,2,0,0,-1.0,0,0,0,0,0,-1.0,0,0.2127,1,1,1,1,0,0.08025,0.48675,0,0,0,0,0,0,0,0,0,0,1
22,0,1,0,3.182,0,0,0,0,0,0,0,0.0,0,0,0,0,0.94,1,0,0,0.0,0,0,0,0,0,5.0,1,0,1,0,0,-1.0,-1,0.3456,0,0,1,1,1,0.01625,0.03575,0,0,0,0,0,0,0,0,0,0,1
31,0,2,0,2.7255,1,1,0,0,14,0,0,0.0833,1,0,1,0,0.5,0,0,0,0.0,0,0,0,0,0,10588.0,0,0,1,0,0,-1.0,-1,0.2378,0,0,1,1,1,0.01325,0.00025,0,0,0,0,0,0,0,0,0,0,1
39,0,1,0,3.2389,0,1,0,0,18,0,0,0.0,0,0,0,0,0.5,0,0,0,0.0,0,1,1,0,1,6019.0,0,0,1,1,0,182.0,0,0.2148,1,0,0,0,0,0.00875,0.48675,0,0,0,0,0,0,0,0,0,1,0
41,2,2,6,4.0625,1,1,0,0,0,0,0,0.0833,1,0,1,0,0.35,1,0,0,0.0,0,1,2,0,0,-1.0,0,0,0,1,0,31.0,0,0.2196,1,1,0,0,0,0.08025,0.48675,0,1,0,0,0,0,0,0,0,0,0
17,0,1,3,3.1699,0,0,0,0,0,0,0,0.0,0,0,0,0,0.5,0,0,0,0.0,0,0,0,0,0,4.0,1,0,1,0,0,-1.0,-1,0.2134,0,0,1,1,1,0.00375,0.00225,0,0,0,0,0,0,0,0,0,0,1
49,4,2,4,3.9153,1,1,0,0,0,0,0,0.0833,1,0,1,0,0.35,1,0,0,0.0,0,1,1,0,0,-1.0,0,0,0,1,0,66.0,0,0.2166,1,1,0,0,0,0.08025,0.48675,1,0,0,0,0,0,0,0,0,0,0
31,1,2,0,3.654,1,1,0,0,0,0,0,0.0,0,0,0,0,0.5,0,0,0,0.0,0,1,1,0,0,-1.0,0,0,0,1,0,205.0,0,0.2231,1,1,0,0,0,0.01075,0.48675,0,0,0,0,0,1,0,0,0,0,0
47,3,2,4,4.4714,1,1,0,0,0,0,0,0.0,0,0,0,0,0.5,0,0,0,0.0,0,1,2,0,0,-1.0,0,0,0,1,0,78.0,0,0.2394,1,1,0,0,0,0.0995,0.48675,1,0,0,0,0,0,0,0,0,0,0
30,0,2,0,3.4633,1,1,0,0,0,0,0,0.0,0,0,0,0,0.1,1,0,0,0.0,0,1,1,0,0,8027.0,0,0,1,1,0,30.0,0,0.0993,0,0,0,0,0,0.02775,0.00175,0,1,0,0,0,0,0,0,0,0,0
16,0,1,0,3.0,0,1,0,0,0,0,0,0.0,0,0,0,0,0.28,1,0,0,0.0,0,1,2,0,1,1880.0,0,0,1,1,0,87.0,0,0.144,0,0,0,0,0,0.0545,0.00075,1,0,0,0,0,0,0,0,0,0,0
27,0,2,0,3.5724,1,1,0,0,0,0,0,0.0,0,0,0,0,0.1,1,0,0,0.0,0,1,3,0,0,9621.0,0,0,1,1,0,79.0,0,0.1014,0,0,0,0,0,0.02775,0.058,1,0,0,0,0,0,0,0,0,0,0
23,0,1,0,2.9477,0,1,0,0,6,0,0,0.0833,1,0,1,0,0.1,1,0,0,0.0,0,1,1,0,0,14998.0,0,0,1,1,0,188.0,0,0.1223,0,0,0,0,0,0.02775,0.013,0,0,0,0,1,0,0,0,0,0,0
41,3,2,0,3.8195,1,1,0,0,0,0,0,0.0,0,0,0,0,0.5,0,0,0,0.0,0,1,3,0,0,3540.0,0,0,1,1,0,41.0,0,0.2264,0,0,0,0,0,0.00525,0.0005,1,0,0,0,0,0,0,0,0,0,0
37,2,2,0,3.5814,1,0,0,0,0,0,0,0.1667,2,0,2,0,0.35,1,0,0,0.0,0,1,2,0,0,-1.0,0,0,0,1,0,55.0,0,0.2433,1,1,0,0,0,0.08025,0.48675,1,0,0,0,0,0,0,0,0,0,0
30,0,1,1,3.0,0,1,0,0,14,0,0,0.0,0,0,0,0,0.1,1,0,0,0.0,0,1,2,0,0,4639.0,0,0,1,1,0,63.0,0,0.09,0,0,0,0,0,0.02775,0.01575,1,0,0,0,0,0,0,0,0,0,0
42,3,2,7,4.2784,1,0,0,0,0,0,0,0.0,0,0,0,0,0.5,0,0,0,0.0,0,1,2,0,0,-1.0,0,0,0,1,0,83.0,0,0.2356,1,1,0,0,0,0.0995,0.48675,1,0,0,0,0,0,0,0,0,0,0
74,0,2,22,4.7223,1,1,0,0,0,0,0,0.0833,1,0,1,0,0.35,1,0,0,0.0,0,1,2,0,0,-1.0,0,0,0,1,0,55.0,0,0.2328,1,1,0,0,0,0.08025,0.48675,1,0,0,0,0,0,0,0,0,0,0
23,1,1,0,2.9477,0,1,0,0,6,0,0,0.0,0,0,0,0,0.22,1,0,0,0.0,0,0,0,0,0,3589.0,0,0,1,0,0,-1.0,-1,0.125,0,0,1,1,1,0.0405,0.019,0,0,0,0,0,0,0,0,0,0,1
89,0,2,1,3.6425,1,1,0,0,57,0,0,0.0,0,0,0,0,0.28,1,0,0,0.0,0,1,1,0,0,-1.0,0,0,0,0,0,-1.0,0,0.1569,1,1,1,1,0,0.0545,0.48675,0,0,0,0,0,0,0,0,0,0,1
36,0,1,0,3.3788,0,1,0,0,14,0,0,0.0,0,0,0,0,0.15,1,0,0,0.0,0,1,1,0,0,7909.0,0,0,1,1,0,65.0,0,0.1126,0,0,0,0,0,0.35225,0.00325,0,0,0,0,0,0,0,0,0,0,0
24,0,2,0,3.3232,1,1,0,0,0,0,0,0.0,0,0,0,0,0.15,1,0,0,0.0,0,1,1,0,1,4440.0,0,0,1,1,0,41.0,0,0.1115,0,0,0,0,0,0.35225,0.058,0,1,0,0,0,0,0,0,0,0,0
33,0,2,0,3.3788,1,1,0,0,11,0,0,0.0833,1,0,1,0,0.5,0,0,0,0.0,0,1,1,0,1,10943.0,0,0,1,0,0,-1.0,-1,0.2509,1,0,1,1,1,0.00925,0.48675,0,0,0,0,0,0,0,0,0,0,1
43,1,2,0,3.7202,1,1,0,0,10,0,1,0.0,0,0,0,0,0.28,1,0,0,0.0,0,1,4,0,0,-1.0,0,0,0,1,0,31.0,0,0.1584,1,1,0,0,0,0.0545,0.48675,0,1,0,0,0,0,0,0,0,0,0
24,0,1,0,3.1219,0,1,0,0,6,0,0,0.0,0,0,0,0,0.5,0,0,0,0.0,0,1,1,0,0,439.0,0,0,1,0,0,-1.0,-1,0.2124,0,0,1,1,1,0.02275,0.012,0,0,0,0,0,0,0,0,0,0,1
45,4,2,8,4.3782,1,0,0,0,0,0,0,0.0,0,0,0,0,0.5,0,0,0,0.0,0,1,2,0,0,-1.0,0,0,0,1,0,81.0,0,0.2376,1,1,0,0,0,0.0995,0.48675,1,0,0,0,0,0,0,0,0,0,0
37,0,2,0,3.5385,1,1,0,0,0,0,0,0.0,0,0,0,0,0.5,0,0,0,0.0,0,1,1,0,0,6233.0,0,0,1,1,0,187.0,0,0.2208,0,0,0,0,0,0.00425,0.0005,0,0,0,0,0,0,0,0,0,1,0
19,0,1,0,3.0958,0,0,0,0,0,0,0,0.0,0,0,0,0,0.55,1,0,0,0.0,0,0,0,0,0,-1.0,0,0,0,0,0,-1.0,-1,0.2269,1,1,1,1,1,0.00425,0.48675,0,0,0,0,0,0,0,0,0,0,1
25,0,1,0,3.2516,0,1,0,0,4,0,0,0.0,0,0,0,0,0.15,1,0,0,0.0,0,0,0,0,0,194.0,0,1,1,0,0,-1.0,-1,0.11,0,0,1,1,1,0.35225,0.00375,0,0,0,0,0,0,0,0,0,0,1
28,0,1,0,3.5,0,1,0,0,3,0,0,0.0,0,0,0,0,0.15,1,0,0,0.0,0,0,0,0,0,-1.0,0,0,0,0,0,-1.0,-1,0.115,1,1,1,1,1,0.35225,0.48675,0,0,0,0,0,0,0,0,0,0,1
27,0,2,5,3.3083,1,1,0,0,0,0,0,0.0,0,0,0,0,0.5,0,0,0,0.0,0,1,2,0,0,-1.0,0,0,0,1,0,86.0,0,0.2162,1,1,0,0,0,0.0995,0.48675,1,0,0,0,0,0,0,0,0,0,0
36,2,2,0,3.8064,1,1,0,0,0,0,0,0.0833,1,0,1,0,0.5,0,0,0,0.0,0,1,2,0,0,-1.0,0,0,0,1,0,88.0,0,0.2594,1,1,0,0,0,0.0995,0.48675,1,0,0,0,0,0,0,0,0,0,0
19,0,1,0,3.2776,0,1,0,0,0,0,0,0.0,0,0,0,0,0.2,1,0,0,0.0,0,1,4,0,1,5633.0,0,0,1,1,0,176.0,0,0.1256,0,0,0,0,0,0.0055,0.0055,0,0,0,1,0,0,0,0,0,0,0
20,0,1,0,3.4183,0,1,0,0,0,0,0,0.0,0,0,0,0,0.3,1,0,0,0.0,0,1,4,0,1,4465.0,0,0,1,1,0,178.0,0,0.1584,0,0,0,0,0,0.00425,0.00025,0,0,0,1,0,0,0,0,0,0,0
20,0,1,0,3.4183,0,1,0,0,0,0,0,0.0,0,0,0,0,0.1,1,0,0,0.0,0,1,1,0,1,7065.0,0,1,1,1,0,41.0,0,0.0984,0,0,0,0,0,0.02775,0.00375,0,1,0,0,0,0,0,0,0,0,0
31,0,2,0,3.2656,1,1,0,0,0,0,0,0.0,0,0,0,0,0.02,1,0,0,0.0,0,1,1,0,0,10029.0,0,0,1,1,0,112.0,0,0.0713,1,0,0,0,0,0.0075,0.48675,0,0,0,0,0,0,0,0,0,1,0
39,0,3,3,3.9144,2,1,0,0,0,0,0,0.0833,1,0,1,0,0.35,1,0,0,0.0,0,1,2,0,0,-1.0,0,0,0,0,0,-1.0,0,0.2166,1,1,1,1,0,0.08025,0.48675,0,0,0,0,0,0,0,0,0,0,1
78,5,3,0,4.3018,2,1,0,0,17,0,0,0.0,0,0,0,1,0.5,0,0,0,0.0,0,1,2,0,0,-1.0,0,0,0,1,0,63.0,0,0.236,1,1,0,0,0,0.0995,0.48675,0,1,0,0,0,0,0,0,0,0,0
37,1,1,0,3.5,0,1,0,0,13,0,0,0.0833,1,0,1,0,0.15,1,0,0,0.0,0,1,3,0,0,5050.0,0,0,1,0,0,-1.0,-1,0.1483,0,0,1,1,1,0.35225,0.004,0,0,0,0,0,0,0,0,0,0,1
21,0,2,0,2.8554,1,1,0,0,0,0,0,0.0833,1,0,1,0,0.1,1,0,0,0.0,0,1,2,0,0,9868.0,0,0,1,1,0,43.0,0,0.1204,0,0,0,0,0,0.02775,0.019,1,0,0,0,0,0,0,0,0,0,0
25,0,2,0,3.125,1,1,0,0,0,0,0,0.0,0,0,0,0,0.15,1,0,0,0.0,0,1,2,0,0,1052.0,0,1,1,1,0,40.0,0,0.1075,0,0,0,0,0,0.35225,0.00175,1,0,0,0,0,0,0,0,0,0,0
39,0,2,0,3.3502,1,1,0,0,12,0,0,0.0,0,0,0,0,0.15,1,0,0,0.0,0,1,3,0,0,5942.0,0,0,1,1,0,87.0,0,0.112,0,0,0,0,0,0.35225,0.006,1,0,0,0,0,0,0,0,0,0,0
42,0,2,0,3.2389,1,1,0,0,21,0,0,0.0,0,0,0,0,0.22,1,0,0,0.0,0,1,1,0,1,29.0,1,1,1,1,0,75.0,0,0.1308,0,0,0,0,0,0.0405,0.00425,0,1,0,0,0,0,0,0,0,0,0
45,2,1,0,3.7257,0,1,0,0,16,0,0,0.0,0,0,0,0,0.22,1,0,0,0.0,0,1,2,0,0,1508.0,0,1,1,1,0,77.0,0,0.1405,0,0,0,0,0,0.0405,0.00175,1,0,0,0,0,0,0,0,0,0,0
57,0,1,0,3.3736,0,1,0,0,21,1,2,0.0,0,0,0,0,0.15,1,0,0,0.0,0,1,1,0,0,356.0,0,0,1,1,0,87.0,0,0.1125,0,0,0,0,0,0.35225,0.00025,0,1,0,0,0,0,0,0,0,0,0
86,0,2,0,3.6144,1,0,0,0,61,0,0,0.0,0,0,0,0,0.28,1,0,0,0.0,0,1,4,0,0,-1.0,0,0,0,1,0,31.0,0,0.1563,1,1,0,0,0,0.0545,0.48675,0,1,0,0,0,0,0,0,0,0,0
43,2,2,0,3.7643,1,0,0,0,0,0,0,0.0833,1,0,1,0,0.35,1,0,0,0.0,0,1,2,0,0,-1.0,0,0,0,1,0,48.0,0,0.2136,1,1,0,0,0,0.08025,0.48675,0,1,0,0,0,0,0,0,0,0,0
31,0,1,0,3.2359,0,1,0,0,9,0,0,0.0,0,0,0,0,0.15,1,0,0,0.0,0,0,0,0,0,2643.0,0,0,1,0,0,-1.0,-1,0.1097,0,0,1,1,1,0.35225,0.036,0,0,0,0,0,0,0,0,0,0,1
57,0,2,4,4.182,1,1,0,0,21,0,0,0.0,0,0,0,0,0.94,1,0,0,0.0,0,0,0,0,0,7.0,1,0,1,0,0,-1.0,-1,0.3656,0,0,1,1,1,0.01625,0.01125,0,0,0,0,0,0,0,0,0,0,1
65,2,2,0,3.8393,1,1,0,0,0,0,0,0.1667,1,0,1,0,0.7,1,0,0,0.0,0,1,2,0,0,2734.0,0,0,1,1,0,62.0,0,0.3535,0,0,0,0,0,0.0095,0.0155,0,1,0,0,0,0,0,0,0,0,0
40,1,3,2,4.0424,2,1,0,0,0,0,0,0.0,0,0,0,0,0.5,0,0,0,0.0,0,1,2,0,0,-1.0,0,0,0,1,0,58.0,0,0.2308,1,1,0,0,0,0.0995,0.48675,1,0,0,0,0,0,0,0,0,0,0
26,0,1,0,3.4194,0,1,0,0,0,0,0,0.0,0,0,0,0,0.22,1,0,0,0.0,0,1,2,0,1,6056.0,0,1,1,1,0,60.0,0,0.1344,0,0,0,0,0,0.0405,0.01575,0,1,0,0,0,0,0,0,0,0,0
19,1,1,0,3.0958,0,1,0,0,0,0,0,0.0833,1,0,1,0,0.5,0,0,0,0.0,0,0,0,0,0,1257.0,0,0,1,0,0,-1.0,-1,0.2452,0,0,1,1,1,0.001,0.0045,0,0,0,0,0,0,0,0,0,0,1
45,4,2,3,4.1957,1,0,0,0,0,0,0,0.0,0,0,0,0,0.5,0,0,0,0.0,0,1,2,0,0,-1.0,0,0,0,1,0,76.0,0,0.2339,1,1,0,0,0,0.0995,0.48675,1,0,0,0,0,0,0,0,0,0,0
28,0,2,0,3.2806,1,1,0,0,4,0,0,0.0,0,0,0,0,0.15,1,0,0,0.0,0,1,4,0,0,10037.0,0,1,1,1,0,186.0,0,0.1106,0,0,0,0,0,0.35225,0.002,0,0,0,1,0,0,0,0,0,0,0
45,1,2,6,4.1206,1,1,0,0,0,0,0,0.0833,1,0,1,0,0.35,1,0,0,0.0,0,1,2,0,0,-1.0,0,0,0,1,0,55.0,0,0.2207,1,1,0,0,0,0.08025,0.48675,1,0,0,0,0,0,0,0,0,0,0
44,1,1,0,3.3006,0,1,0,0,17,0,0,0.0,0,0,0,0,0.5,0,0,0,0.0,0,1,1,0,0,-1.0,0,0,0,1,0,89.0,0,0.216,1,1,0,0,0,0.00025,0.48675,1,0,0,0,0,0,0,0,0,0,0
99,5,4,5,4.2942,3,1,0,0,13,0,0,0.0,0,0,0,0,0.15,1,0,0,0.0,0,1,4,0,0,3671.0,0,1,1,1,0,41.0,0,0.1309,0,0,0,0,0,0.35225,0.01575,0,1,0,0,0,0,0,0,0,0,0
48,4,2,2,4.3342,1,0,0,0,0,0,0,0.0,0,0,0,0,0.5,0,0,0,0.0,0,1,2,0,0,-1.0,0,0,0,1,0,76.0,0,0.2367,1,1,0,0,0,0.0995,0.48675,1,0,0,0,0,0,0,0,0,0,0
39,0,2,1,3.9647,1,1,0,0,0,0,0,0.0,0,0,0,0,0.15,1,0,0,0.0,0,1,2,0,0,7431.0,0,0,1,1,0,37.0,0,0.1243,0,0,0,0,0,0.35225,0.036,0,1,0,0,0,0,0,0,0,0,0
50,0,2,0,3.4144,1,1,0,0,19,0,0,0.0,0,0,0,0,0.5,0,0,0,0.0,0,1,3,0,1,4961.0,0,0,1,1,0,68.0,0,0.2183,0,0,0,0,0,0.0015,0.00125,1,0,0,0,0,0,0,0,0,0,0
34,0,1,0,2.7255,0,1,0,0,17,0,0,0.0,0,0,0,0,0.22,1,0,0,0.0,0,0,0,0,1,10902.0,0,0,1,0,0,-1.0,-1,0.1205,0,0,1,1,1,0.0405,0.0155,0,0,0,0,0,0,0,0,0,0,1
23,0,1,0,2.9219,0,1,0,0,4,0,0,0.0,0,0,0,0,0.22,1,0,0,0.0,0,1,1,0,1,586.0,0,1,1,1,0,56.0,0,0.1244,0,0,0,0,0,0.0405,0.0035,0,1,0,0,0,0,0,0,0,0,0
32,1,3,3,3.8492,2,1,0,0,0,0,0,0.0,0,0,0,0,0.5,0,0,0,0.0,0,0,0,0,0,43.0,0,0,1,0,0,-1.0,-1,0.227,0,0,1,1,1,0.01325,0.00025,0,0,0,0,0,0,0,0,0,0,1
48,1,3,0,4.2336,2,1,0,0,0,0,0,0.0,0,0,0,0,0.15,1,0,0,0.0,0,1,2,0,0,-1.0,0,0,0,0,0,-1.0,0,0.1297,1,1,1,1,0,0.35225,0.48675,0,0,0,0,0,0,0,0,0,0,1
37,3,1,8,4.0661,0,1,0,0,0,0,0,0.0,0,0,0,0,0.22,1,1,0,0.6,1,1,2,0,0,8.0,1,0,1,1,0,80.0,0,0.2673,0,0,0,0,0,0.0405,0.0065,0,1,0,0,0,0,0,0,0,0,0
23,0,2,0,3.1899,1,1,0,0,0,0,0,0.0,0,0,0,0,0.1,1,0,0,0.0,0,1,1,0,0,9787.0,0,0,1,1,0,53.0,0,0.0938,0,0,0,0,0,0.02775,0.001,0,1,0,0,0,0,0,0,0,0,0
13,0,1,0,2.3219,0,1,0,0,0,0,0,0.0,0,0,0,0,0.5,0,0,0,0.0,0,1,2,0,1,-1.0,0,0,0,1,0,252.0,0,0.1964,1,1,0,0,0,0.01075,0.48675,0,0,0,0,1,0,0,0,0,0,0
35,1,2,0,3.7043,1,0,0,0,0,0,0,0.0,0,0,0,0,0.15,1,0,0,0.0,0,0,0,0,0,2.0,1,0,1,0,0,-1.0,-1,0.1191,0,0,1,1,1,0.35225,0.00325,0,0,0,0,0,0,0,0,0,0,1
26,0,3,0,3.5281,2,1,0,0,0,0,0,0.0,0,0,0,0,0.5,0,0,0,0.0,0,1,1,0,0,10958.0,0,0,1,1,0,74.0,0,0.2206,0,0,0,0,0,0.009,0.001,0,0,0,0,1,0,0,0,0,0,0
51,0,2,0,4.0906,1,1,0,0,0,0,0,0.0,0,0,0,0,0.15,1,0,0,0.0,0,0,0,0,0,272.0,0,1,1,0,0,-1.0,-1,0.1268,0,0,1,1,1,0.35225,0.00625,0,0,0,0,0,0,0,0,0,0,1
26,0,1,0,3.4183,0,1,0,0,6,0,0,0.0,0,0,0,0,0.15,1,0,0,0.0,0,0,0,0,0,-1.0,0,0,0,0,0,-1.0,-1,0.1134,1,1,1,1,1,0.35225,0.48675,0,0,0,0,0,0,0,0,0,0,1
40,3,2,0,3.7137,1,0,0,0,0,0,0,0.0,0,0,0,0,0.5,0,0,0,0.0,0,1,2,0,0,-1.0,0,0,0,1,0,47.0,0,0.2243,1,1,0,0,0,0.0995,0.48675,1,0,0,0,0,0,0,0,0,0,0
54,3,2,0,4.0143,1,0,0,0,0,0,0,0.0833,1,0,1,0,0.35,1,0,0,0.0,0,1,2,0,0,-1.0,0,0,0,1,0,55.0,0,0.2186,1,1,0,0,0,0.08025,0.48675,1,0,0,0,0,0,0,0,0,0,0
41,0,1,0,3.3372,0,1,0,0,16,0,0,0.0,0,0,0,0,0.15,1,0,0,0.0,0,1,2,0,1,-1.0,0,0,0,1,0,67.0,0,0.1117,1,1,0,0,0,0.35225,0.48675,1,0,0,0,0,0,0,0,0,0,0
40,0,2,0,3.182,1,0,0,0,19,0,0,0.0,0,0,0,0,0.15,1,0,0,0.0,0,1,2,0,0,8088.0,0,0,1,1,0,86.0,0,0.1086,0,0,0,0,0,0.35225,0.00975,0,0,0,0,0,0,0,0,0,1,0
46,3,3,0,4.1681,2,1,0,0,0,0,0,0.0,0,0,0,0,0.5,0,0,0,0.0,0,0,0,0,0,4390.0,0,0,1,0,0,-1.0,-1,0.2334,0,0,1,1,1,0.004,0.00625,0,0,0,0,0,0,0,0,0,0,1
23,0,1,0,3.2776,0,1,0,0,3,0,0,0.0,0,0,0,0,0.5,0,0,0,0.0,0,0,0,0,0,-1.0,0,0,0,0,0,-1.0,-1,0.2156,1,1,1,1,1,0.00025,0.48675,0,0,0,0,0,0,0,0,0,0,1
29,0,1,0,2.8074,0,1,0,0,7,1,2,0.0,0,0,0,0,0.5,0,0,0,0.0,0,1,2,0,1,11367.0,0,0,1,1,0,81.0,0,0.2061,0,0,0,0,0,0.00325,0.00025,0,1,0,0,0,0,0,0,0,0,0
56,3,2,4,4.3658,1,1,0,0,0,0,0,0.4167,4,0,4,0,0.35,1,0,0,0.0,0,1,2,0,0,-1.0,0,0,0,1,0,55.0,0,0.359,1,1,0,0,0,0.08025,0.48675,1,0,0,0,0,0,0,0,0,0,0
37,1,1,0,3.6402,0,1,0,0,7,1,2,0.25,1,1,0,0,0.15,1,0,0,0.0,0,0,0,0,0,593.0,0,1,1,0,0,-1.0,-1,0.2178,0,0,1,1,1,0.35225,0.00375,0,0,0,0,0,0,0,0,0,0,1
26,0,1,0,2.9477,0,1,0,0,9,0,0,0.0,0,0,0,0,0.5,0,0,0,0.0,0,1,1,0,0,-1.0,0,0,0,0,0,-1.0,-1,0.209,1,1,1,1,1,0.012,0.48675,0,0,0,0,0,0,0,0,0,0,1
45,2,2,0,4.0997,1,1,0,0,0,0,0,0.2333,1,0,1,1,0.35,1,0,0,0.0,0,1,2,0,0,-1.0,0,0,0,1,0,229.0,0,0.2803,1,1,0,0,0,0.08025,0.48675,0,0,0,0,0,0,0,0,0,0,0
35,0,1,0,2.8454,0,1,0,0,16,0,0,0.0,0,0,0,0,0.22,1,0,0,0.0,0,1,40,0,0,1348.0,0,0,1,0,0,-1.0,-1,0.1229,0,0,1,1,1,0.0405,0.058,0,0,0,0,0,0,0,0,0,0,1
25,0,2,0,3.3278,1,1,0,0,0,0,0,0.0,0,0,0,0,0.1,1,0,0,0.0,0,1,1,0,0,11248.0,0,0,1,1,0,63.0,0,0.0966,0,0,0,0,0,0.02775,0.013,0,0,0,0,0,0,0,0,0,0,0
26,0,1,0,2.9183,0,1,0,0,6,0,0,0.0,0,0,0,0,0.22,1,0,0,0.0,0,1,1,0,0,3314.0,0,0,1,0,0,-1.0,-1,0.1244,0,0,1,1,1,0.0405,0.00975,0,0,0,0,0,0,0,0,0,0,1
28,0,2,3,3.5464,1,0,0,0,0,0,0,0.0,0,0,0,0,0.5,0,0,0,0.0,0,1,2,0,0,-1.0,0,0,0,1,0,84.0,0,0.2209,1,1,0,0,0,0.0995,0.48675,0,1,0,0,0,0,0,0,0,0,0
29,0,2,0,3.5464,1,1,0,0,0,0,0,0.0,0,0,0,0,0.15,1,0,0,0.0,0,1,2,0,0,7431.0,0,0,1,1,0,37.0,0,0.1159,0,0,0,0,0,0.35225,0.036,0,1,0,0,0,0,0,0,0,0,0
38,2,2,0,3.6595,1,1,0,0,0,0,0,0.3167,1,0,2,1,0.35,1,0,0,0.0,0,0,0,0,0,-1.0,0,0,0,0,0,-1.0,-1,0.3049,1,1,1,1,1,0.08025,0.48675,0,0,0,0,0,0,0,0,0,0,1
32,0,1,0,2.5,0,1,0,0,7,1,2,0.0,0,0,0,0,0.22,1,0,0,0.0,0,1,1,0,1,7981.0,0,0,1,0,0,-1.0,0,0.116,0,0,1,1,0,0.0405,0.0155,0,0,0,0,0,0,0,0,0,0,1
42,0,2,1,3.8314,1,0,0,0,0,1,2,0.0,0,0,0,0,0.15,1,0,0,0.0,0,1,2,0,0,-1.0,0,0,0,1,0,50.0,0,0.1216,1,1,0,0,0,0.35225,0.48675,1,0,0,0,0,0,0,0,0,0,0
34,1,2,0,4.162,1,0,0,0,0,0,0,0.25,3,0,3,0,0.15,1,0,0,0.0,0,1,2,0,0,-1.0,0,0,0,1,0,37.0,0,0.2282,1,1,0,0,0,0.35225,0.48675,0,1,0,0,0,0,0,0,0,0,0
16,0,1,0,2.5,0,1,0,0,0,0,0,0.0,0,0,0,0,0.5,0,0,0,0.0,0,1,2,0,1,5960.0,0,1,1,1,0,31.0,0,0.2,0,0,0,0,0,0.0035,0.058,0,0,0,0,0,0,0,0,1,0,0
39,0,2,0,3.9134,1,0,0,0,0,0,0,0.0,0,0,0,0,0.68,1,0,0,0.0,0,1,2,0,0,1716.0,0,0,1,1,0,53.0,0,0.2823,0,0,0,0,0,0.002,0.0055,0,1,0,0,0,0,0,0,0,0,0
53,3,2,4,4.2167,1,0,0,0,0,0,0,0.0833,1,0,1,0,0.35,1,0,0,0.0,0,1,2,0,0,-1.0,0,0,0,1,0,55.0,0,0.2227,1,1,0,0,0,0.08025,0.48675,1,0,0,0,0,0,0,0,0,0,0
34,1,1,0,3.2729,0,1,0,0,11,0,0,0.3333,3,0,3,0,0.5,0,0,0,0.0,0,1,1,0,0,-1.0,0,0,0,1,0,109.0,0,0.3488,1,1,0,0,0,0.01075,0.48675,0,0,0,0,0,0,1,0,0,0,0
20,0,1,0,3.2516,0,1,0,0,0,0,0,0.0,0,0,0,0,0.15,1,0,0,0.0,0,1,2,0,1,8556.0,0,0,1,1,0,86.0,0,0.11,0,0,0,0,0,0.35225,0.004,0,0,0,0,0,1,0,0,0,0,0
38,0,1,0,3.7345,0,1,0,0,13,0,0,0.0,0,0,0,0,0.15,1,0,0,0.0,0,1,3,0,0,-1.0,0,0,0,1,0,56.0,0,0.1197,1,1,0,0,0,0.35225,0.48675,1,0,0,0,0,0,0,0,0,0,0
37,0,2,0,3.7951,1,1,0,0,0,1,1,0.0,0,0,0,0,0.15,1,0,0,0.0,0,1,3,0,0,-1.0,0,0,0,1,0,51.0,0,0.1209,1,1,0,0,0,0.35225,0.48675,1,0,0,0,0,0,0,0,0,0,0
26,0,2,0,3.0391,1,1,0,0,3,0,0,0.0,0,0,0,0,0.5,0,0,0,0.0,0,1,4,0,0,9621.0,0,0,1,1,0,204.0,0,0.2108,0,0,0,0,0,0.00075,0.0005,0,0,0,1,0,0,0,0,0,0,0
38,0,1,0,3.2359,0,1,0,0,16,0,0,0.0,0,0,0,0,0.15,1,0,0,0.0,0,1,2,0,1,-1.0,0,0,0,1,0,72.0,0,0.1097,1,1,0,0,0,0.35225,0.48675,0,1,0,0,0,0,0,0,0,0,0
22,0,2,3,3.3249,1,1,0,0,0,0,0,0.0,0,0,0,0,0.22,1,0,0,0.0,0,0,0,0,0,9170.0,0,0,1,0,0,-1.0,-1,0.1325,0,0,1,1,1,0.0405,0.00075,0,0,0,0,0,0,0,0,0,0,1
48,4,2,2,4.5031,1,0,0,0,0,0,0,0.0,0,0,0,0,0.5,0,0,0,0.0,0,1,2,0,0,-1.0,0,0,0,1,0,76.0,0,0.2401,1,1,0,0,0,0.0995,0.48675,1,0,0,0,0,0,0,0,0,0,0
22,0,1,1,2.75,0,1,0,0,6,0,0,0.0833,1,0,1,0,0.22,1,0,0,0.0,0,1,2,0,0,-1.0,0,0,0,1,0,144.0,0,0.1543,1,1,0,0,0,0.0405,0.48675,0,0,0,0,0,0,0,0,0,0,0
43,2,1,0,2.9852,0,1,0,0,21,0,0,0.0,0,0,0,0,0.3,1,0,0,0.0,0,0,0,0,0,118.0,0,0,1,0,0,-1.0,-1,0.1497,0,0,1,1,1,0.00425,0.01225,0,0,0,0,0,0,0,0,0,0,1
36,0,3,0,3.0836,2,0,0,0,0,0,0,0.0,0,0,0,0,0.15,1,0,0,0.0,0,1,2,0,0,7431.0,0,0,1,0,0,-1.0,-1,0.1067,0,0,1,1,1,0.35225,0.036,0,0,0,0,0,0,0,0,0,0,1
28,0,2,0,3.4316,1,1,0,0,0,0,0,0.0,0,0,0,0,0.15,1,0,0,0.0,0,1,3,0,0,8006.0,0,0,1,1,0,77.0,0,0.1136,0,0,0,0,0,0.35225,0.013,1,0,0,0,0,0,0,0,0,0,0
32,0,1,0,2.8554,0,1,0,0,12,0,0,0.0,0,0,0,0,0.1,1,0,0,0.0,0,1,2,0,1,7695.0,0,0,1,1,0,57.0,0,0.0871,0,0,0,0,0,0.02775,0.013,0,1,0,0,0,0,0,0,0,0,0
46,4,2,3,4.1883,1,0,0,0,0,0,0,0.0,0,0,0,0,0.5,0,0,0,0.0,0,1,2,0,0,-1.0,0,0,0,1,0,76.0,0,0.2338,1,1,0,0,0,0.0995,0.48675,1,0,0,0,0,0,0,0,0,0,0
20,0,1,0,3.4183,0,1,0,0,0,0,0,0.0,0,0,0,0,0.15,1,0,0,0.0,0,1,2,0,1,8455.0,0,0,1,1,0,59.0,0,0.1134,0,0,0,0,0,0.35225,0.058,0,1,0,0,0,0,0,0,0,0,0
42,3,2,0,3.9832,1,1,0,0,0,0,0,0.0,0,0,0,0,0.5,0,0,0,0.0,0,0,0,0,0,-1.0,0,0,0,0,0,-1.0,-1,0.2297,1,1,1,1,1,0.004,0.48675,0,0,0,0,0,0,0,0,0,0,1
31,0,1,0,2.8074,0,1,0,0,16,0,0,0.0,0,0,0,0,0.5,0,0,0,0.0,0,1,1,0,0,4818.0,0,0,1,0,0,-1.0,0,0.2061,0,0,1,1,0,0.00325,0.00025,0,0,0,0,0,0,0,0,0,0,1
21,0,2,0,3.1808,1,1,0,0,0,0,0,0.0,0,0,0,0,0.5,0,0,0,0.0,0,1,2,0,0,5696.0,0,0,1,1,0,189.0,0,0.2136,1,0,0,0,0,0.00875,0.48675,0,0,0,1,0,0,0,0,0,0,0
22,0,2,5,2.8731,1,1,0,0,0,0,0,0.0,0,0,0,0,0.94,1,0,0,0.0,0,0,0,0,0,233.0,0,1,1,0,0,-1.0,-1,0.3395,0,0,1,1,1,0.01625,0.01225,0,0,0,0,0,0,0,0,0,0,1
21,0,1,1,3.5466,0,1,0,0,0,0,0,0.0,0,0,0,0,0.15,1,0,0,0.0,0,1,2,0,0,863.0,0,0,1,1,0,42.0,0,0.1159,0,0,0,0,0,0.35225,0.0065,1,0,0,0,0,0,0,0,0,0,0
30,0,1,0,2.585,0,1,0,0,16,0,0,0.0833,1,0,1,0,0.5,0,0,0,0.0,0,1,1,0,0,-1.0,0,0,0,1,0,114.0,0,0.235,1,1,0,0,0,0.002,0.48675,0,0,0,0,0,0,1,0,0,0,0
25,0,1,7,3.2776,0,1,0,0,6,0,0,0.0,0,0,0,0,0.94,1,0,0,0.0,0,0,0,0,0,170.0,0,0,1,0,0,-1.0,-1,0.3476,0,0,1,1,1,0.01625,0.00625,0,0,0,0,0,0,0,0,0,0,1
16,0,1,0,2.75,0,1,0,0,0,0,0,0.0,0,0,0,0,0.5,0,0,0,0.0,0,1,1,0,1,-1.0,0,0,0,1,0,13.0,0,0.205,1,1,0,0,0,0.0005,0.48675,0,0,0,0,0,0,0,0,0,0,0
46,0,3,0,3.8391,2,1,0,0,0,1,2,0.0,0,0,0,0,0.15,1,0,0,0.0,0,1,2,0,0,-1.0,0,0,0,0,0,-1.0,0,0.1218,1,1,1,1,0,0.35225,0.48675,0,0,0,0,0,0,0,0,0,0,1
16,0,1,0,2.75,0,1,0,0,0,0,0,0.0,0,0,0,0,0.15,1,0,0,0.0,0,1,1,0,1,8887.0,0,1,1,1,0,81.0,0,0.1,0,0,0,0,0,0.35225,0.006,0,1,0,0,0,0,0,0,0,0,0
35,0,2,0,3.6619,1,0,0,0,0,0,0,0.0833,1,0,1,0,0.35,1,0,0,0.0,0,1,2,0,0,-1.0,0,0,0,1,0,41.0,0,0.2116,1,1,0,0,0,0.08025,0.48675,1,0,0,0,0,0,0,0,0,0,0
31,0,1,0,2.4194,0,1,0,0,14,0,0,0.0,0,0,0,0,0.5,0,0,0,0.0,0,1,1,0,0,9409.0,0,0,1,1,0,191.0,0,0.1984,0,0,0,0,0,0.00325,0.00025,0,0,0,0,0,0,0,0,0,0,0
69,4,2,4,4.0776,1,1,0,0,20,0,0,0.4,2,0,2,1,0.35,1,0,0,0.0,0,1,1,0,0,-1.0,0,0,0,1,0,66.0,0,0.3466,1,1,0,0,0,0.08025,0.48675,1,0,0,0,0,0,0,0,0,0,0
26,0,2,0,3.2928,1,1,0,0,0,0,0,0.0,0,0,0,0,0.15,1,0,0,0.0,0,1,2,0,0,5720.0,0,0,1,1,0,83.0,0,0.1109,0,0,0,0,0,0.35225,0.00025,0,1,0,0,0,0,0,0,0,0,0
38,3,2,0,3.8947,1,0,0,0,0,0,0,0.0,0,0,0,0,0.5,0,0,0,0.0,0,1,2,0,0,-1.0,0,0,0,1,0,47.0,0,0.2279,1,1,0,0,0,0.0995,0.48675,1,0,0,0,0,0,0,0,0,0,0
30,0,2,2,3.6304,1,1,0,0,0,0,0,0.0,0,0,0,0,0.15,1,0,0,0.0,0,1,2,0,0,-1.0,0,0,0,1,0,50.0,0,0.1176,1,1,0,0,0,0.35225,0.48675,1,0,0,0,0,0,0,0,0,0,0
43,2,2,0,3.9002,1,0,0,0,0,0,0,0.0833,1,0,1,0,0.35,1,0,0,0.0,0,1,2,0,0,-1.0,0,0,0,1,0,55.0,0,0.2163,1,1,0,0,0,0.08025,0.48675,1,0,0,0,0,0,0,0,0,0,0
22,0,2,0,2.8731,1,1,0,0,0,0,0,0.0,0,0,0,0,0.5,0,0,0,0.0,0,1,4,0,0,3287.0,0,0,1,1,0,202.0,0,0.2075,0,0,0,0,0,0.00325,0.00025,0,0,0,1,0,0,0,0,0,0,0
35,0,1,0,2.7219,0,1,0,0,7,1,2,0.0,0,0,0,0,0.15,1,0,0,0.0,0,0,0,0,0,-1.0,0,0,0,0,0,-1.0,-1,0.0994,1,1,1,1,1,0.35225,0.48675,0,0,0,0,0,0,0,0,0,0,1
35,0,1,0,2.914,0,1,0,0,16,0,0,0.0,0,0,0,0,0.15,1,0,0,0.0,0,1,1,0,1,-1.0,0,0,0,1,0,110.0,0,0.1033,1,1,0,0,0,0.35225,0.48675,0,0,0,0,0,0,0,0,0,0,0
29,1,2,0,3.4992,1,0,0,0,0,0,0,0.0833,1,0,1,0,0.5,0,0,0,0.0,0,1,2,0,0,-1.0,0,0,0,1,0,70.0,0,0.2533,1,1,0,0,0,0.0995,0.48675,1,0,0,0,0,0,0,0,0,0,0
36,1,1,0,3.3219,0,1,0,0,18,0,0,0.0833,1,0,1,0,0.5,0,0,0,0.0,0,1,1,0,1,-1.0,0,0,0,1,0,63.0,0,0.2498,1,1,0,0,0,0.00175,0.48675,0,1,0,0,0,0,0,0,0,0,0
46,4,2,2,4.4585,1,0,0,0,0,0,0,0.0,0,0,0,0,0.5,0,0,0,0.0,0,1,2,0,0,-1.0,0,0,0,1,0,78.0,0,0.2392,1,1,0,0,0,0.0995,0.48675,1,0,0,0,0,0,0,0,0,0,0
37,0,2,0,3.8492,1,0,0,0,6,0,0,0.0,0,0,0,0,0.1,1,0,0,0.0,0,1,2,0,0,-1.0,0,0,0,1,0,36.0,0,0.107,1,1,0,0,0,0.02775,0.48675,1,0,0,0,0,0,0,0,0,0,0
46,1,2,6,4.0018,1,1,0,0,14,0,0,0.0,0,0,0,0,0.28,1,0,0,0.0,0,1,4,0,0,-1.0,0,0,0,1,0,31.0,0,0.164,1,1,0,0,0,0.0545,0.48675,0,1,0,0,0,0,0,0,0,0,0
26,0,2,0,3.0566,1,1,0,0,3,0,0,0.0,0,0,0,0,0.5,0,0,0,0.0,0,0,0,0,0,10520.0,0,1,1,0,0,-1.0,-1,0.2111,0,0,1,1,1,0.0085,0.01225,0,0,0,0,0,0,0,0,0,0,1
28,0,1,0,2.585,0,1,0,0,14,0,0,0.0,0,0,0,0,0.5,0,0,0,0.0,0,0,0,0,0,5978.0,0,0,1,0,0,-1.0,-1,0.2017,0,0,1,1,1,0.002,0.00025,0,0,0,0,0,0,0,0,0,0,1
22,0,1,0,3.5216,0,1,0,0,0,0,0,0.0,0,0,0,0,0.15,1,0,0,0.0,0,1,1,0,0,4944.0,0,1,1,1,0,65.0,0,0.1154,0,0,0,0,0,0.35225,0.00175,0,1,0,0,0,0,0,0,0,0,0
25,0,1,0,3.0778,0,1,0,0,0,0,0,0.0,0,0,0,0,0.5,0,0,0,0.0,0,1,1,0,1,-1.0,0,0,0,1,0,66.0,0,0.2116,1,1,0,0,0,0.001,0.48675,1,0,0,0,0,0,0,0,0,0,0
16,0,1,0,3.0,0,1,0,0,0,0,0,0.0,0,0,0,0,0.15,1,0,0,0.0,0,1,1,0,1,9664.0,0,0,1,1,0,42.0,0,0.105,0,0,0,0,0,0.35225,0.058,0,1,0,0,0,0,0,0,0,0,0
133,0,3,0,3.1307,2,1,0,0,55,1,2,0.0,0,0,0,0,0.5,0,0,0,0.0,0,1,1,0,0,-1.0,0,0,1,1,0,67.0,0,0.2126,0,1,0,0,0,0.00225,0.002,0,1,0,0,0,0,0,0,0,0,0
34,0,1,0,3.3219,0,1,0,0,16,0,0,0.0833,1,0,1,0,0.1,1,0,0,0.0,0,1,2,0,1,5394.0,0,0,1,0,0,-1.0,-1,0.1298,0,0,1,1,1,0.02775,0.0005,0,0,0,0,0,0,0,0,0,0,1
87,8,3,4,4.4016,2,1,0,0,0,0,0,0.25,3,0,3,0,0.35,1,0,0,0.0,0,1,2,0,0,-1.0,0,0,0,0,0,-1.0,0,0.293,1,1,1,1,0,0.08025,0.48675,0,0,0,0,0,0,0,0,0,0,1
26,0,1,0,2.75,0,1,0,0,10,0,0,0.0,0,0,0,0,0.15,1,0,0,0.0,0,1,2,0,1,-1.0,0,0,0,1,0,138.0,0,0.1,1,1,0,0,0,0.35225,0.48675,0,0,0,0,1,0,0,0,0,0,0
52,3,2,6,4.6009,1,0,0,0,0,0,0,0.0,0,0,0,0,0.5,0,0,0,0.0,0,1,2,0,0,-1.0,0,0,0,1,0,81.0,0,0.242,1,1,0,0,0,0.0995,0.48675,1,0,0,0,0,0,0,0,0,0,0
115,3,3,11,4.1607,2,1,0,0,4,2,11,0.0,0,0,0,0,0.15,1,0,0,0.0,0,0,0,0,0,2634.0,0,1,1,0,0,-1.0,-1,0.1282,0,0,1,1,1,0.35225,0.01175,0,0,0,0,0,0,0,0,0,0,1
53,0,1,0,3.1219,0,1,0,0,35,0,0,0.0,0,0,0,0,0.22,1,0,0,0.0,0,1,1,0,0,39.0,0,0,1,1,0,52.0,0,0.1284,0,0,0,0,0,0.0405,0.058,0,1,0,0,0,0,0,0,0,0,0
46,3,2,4,4.379,1,0,0,0,0,0,0,0.0,0,0,0,0,0.5,0,0,0,0.0,0,1,2,0,0,-1.0,0,0,0,1,0,78.0,0,0.2376,1,1,0,0,0,0.0995,0.48675,1,0,0,0,0,0,0,0,0,0,0
23,0,2,0,3.0391,1,1,0,0,0,0,0,0.0,0,0,0,0,0.15,1,0,0,0.0,0,1,1,0,0,10139.0,0,0,1,1,0,100.0,0,0.1058,0,0,0,0,0,0.35225,0.00025,0,0,0,0,0,0,0,0,0,0,0
27,0,1,0,3.5466,0,1,0,0,6,0,0,0.0,0,0,0,0,0.22,1,0,0,0.0,0,1,1,0,0,5231.0,0,0,1,0,0,-1.0,-1,0.1369,0,0,1,1,1,0.0405,0.00175,0,0,0,0,0,0,0,0,0,0,1
33,0,1,0,3.0,0,1,0,0,17,0,0,0.0,0,0,0,0,0.02,1,0,0,0.0,0,1,1,0,1,14010.0,0,0,1,1,0,185.0,0,0.066,1,0,0,0,0,0.0075,0.48675,0,0,0,0,1,0,0,0,0,0,0
18,0,1,0,3.3219,0,1,0,0,0,0,0,0.0,0,0,0,0,0.5,0,0,0,0.0,0,1,4,0,1,6026.0,0,0,1,1,0,88.0,0,0.2164,1,0,0,0,0,0.00875,0.48675,0,0,0,1,0,0,0,0,0,0,0
45,0,1,0,3.9161,0,1,0,0,16,0,0,0.0,0,0,0,0,0.15,1,0,0,0.0,0,1,3,0,0,3972.0,0,1,1,1,0,46.0,0,0.1233,0,0,0,0,0,0.35225,0.00375,1,0,0,0,0,0,0,0,0,0,0
44,0,1,0,3.1814,0,1,0,0,17,0,0,0.0,0,0,0,0,0.15,1,0,0,0.0,0,1,1,0,1,4751.0,0,1,1,0,0,-1.0,-1,0.1086,0,0,1,1,1,0.35225,0.019,0,0,0,0,0,0,0,0,0,0,1
176,0,3,0,3.1307,2,1,0,0,42,3,8,0.0,0,0,0,0,0.5,0,0,0,0.0,0,1,1,0,0,-1.0,0,0,0,0,0,-1.0,0,0.2126,1,1,1,1,0,0.012,0.48675,0,0,0,0,0,0,0,0,0,0,1
45,4,2,6,4.2293,1,0,0,0,0,0,0,0.0833,1,0,1,0,0.5,0,0,0,0.0,0,1,2,0,0,-1.0,0,0,0,1,0,77.0,0,0.2679,1,1,0,0,0,0.0995,0.48675,1,0,0,0,0,0,0,0,0,0,0
47,1,2,0,3.6538,1,1,0,0,17,0,0,0.0,0,0,0,0,0.5,0,0,0,0.0,0,1,2,0,0,-1.0,0,0,0,1,0,83.0,0,0.2231,1,1,0,0,0,0.0995,0.48675,0,1,0,0,0,0,0,0,0,0,0
67,0,2,0,3.182,1,0,0,0,45,0,0,0.0,0,0,0,0,0.5,0,0,0,0.0,0,1,3,0,0,-1.0,0,0,0,1,0,89.0,0,0.2136,1,1,0,0,0,0.0025,0.48675,1,0,0,0,0,0,0,0,0,0,0
37,1,3,2,3.9094,2,0,0,0,0,0,0,0.0,0,0,0,0,0.15,1,0,0,0.0,0,1,2,0,0,-1.0,0,0,0,0,0,-1.0,0,0.1232,1,1,1,1,0,0.35225,0.48675,0,0,0,0,0,0,0,0,0,0,1
22,0,1,0,3.3927,0,1,0,0,0,0,0,0.0,0,0,0,0,0.15,1,0,0,0.0,0,1,2,0,1,10090.0,0,1,1,1,0,88.0,0,0.1129,0,0,0,0,0,0.35225,0.058,1,0,0,0,0,0,0,0,0,0,0
25,0,1,0,3.0958,0,1,0,0,6,0,0,0.0,0,0,0,0,0.15,1,0,0,0.0,0,1,4,0,1,11168.0,0,0,1,1,0,93.0,0,0.1069,0,0,0,0,0,0.35225,0.013,0,0,0,1,0,0,0,0,0,0,0
30,0,2,0,3.3321,1,1,0,0,0,0,0,0.0,0,0,0,0,0.15,1,0,0,0.0,0,1,1,0,0,3017.0,0,0,1,1,0,87.0,0,0.1116,0,0,0,0,0,0.35225,0.013,0,0,0,0,0,0,0,0,0,1,0
32,0,1,0,2.5216,0,1,0,0,7,1,2,0.1667,2,0,2,0,0.5,1,0,0,0.0,0,1,2,0,1,8893.0,0,0,1,1,0,41.0,0,0.2671,0,0,0,0,0,0.00075,0.00025,1,0,0,0,0,0,0,0,0,0,0
28,0,1,0,2.9477,0,1,0,0,11,0,0,0.0,0,0,0,0,0.15,1,0,0,0.0,0,1,1,0,0,-1.0,0,0,0,1,0,158.0,0,0.104,1,1,0,0,0,0.35225,0.48675,0,0,0,0,0,0,0,0,0,0,0
38,0,2,3,4.0314,1,0,0,0,0,0,0,0.0,0,0,0,0,0.15,1,0,0,0.0,0,1,2,0,0,-1.0,0,0,0,1,0,81.0,0,0.1256,1,1,0,0,0,0.35225,0.48675,1,0,0,0,0,0,0,0,0,0,0
31,1,3,0,3.7951,2,0,0,0,0,0,0,0.0833,1,0,1,0,0.5,0,0,0,0.0,0,0,0,0,0,4.0,1,0,1,0,0,-1.0,-1,0.2592,0,0,1,1,1,0.01325,0.002,0,0,0,0,0,0,0,0,0,0,1
32,0,1,1,2.9219,0,1,0,0,14,0,0,0.0,0,0,0,0,0.15,1,0,0,0.0,0,1,4,0,1,-1.0,0,0,0,1,0,46.0,0,0.1034,1,1,0,0,0,0.35225,0.48675,0,1,0,0,0,0,0,0,0,0,0
24,0,2,0,3.1069,1,1,0,0,0,0,0,0.0,0,0,0,0,0.15,1,0,0,0.0,0,1,1,0,0,-1.0,0,0,0,1,0,38.0,0,0.1071,1,1,0,0,0,0.35225,0.48675,0,0,0,0,0,1,0,0,0,0,0
27,0,3,0,3.2866,2,1,0,0,0,0,0,0.0,0,0,0,0,0.5,0,0,0,0.0,0,1,1,0,0,10053.0,0,0,1,1,0,131.0,0,0.2157,0,0,0,0,0,0.009,0.00025,0,0,0,0,1,0,0,0,0,0,0
38,0,1,0,3.182,0,1,0,0,16,0,0,0.0,0,0,0,0,0.5,0,0,0,0.0,0,1,2,0,0,7978.0,0,0,1,1,0,152.0,0,0.2136,0,0,0,0,0,0.003,0.0005,0,0,0,0,0,0,0,0,0,0,0
33,0,1,0,3.2516,0,1,0,0,13,0,0,0.0,0,0,0,0,0.15,1,0,0,0.0,0,1,1,0,0,-1.0,0,0,0,1,0,110.0,0,0.11,1,1,0,0,0,0.35225,0.48675,0,0,0,0,0,0,0,0,0,0,0
26,0,2,0,2.4464,1,0,0,0,8,0,0,0.0,0,0,0,0,0.5,0,0,0,0.0,0,1,1,0,0,-1.0,0,0,0,0,0,-1.0,0,0.1989,1,1,1,1,0,0.0005,0.48675,0,0,0,0,0,0,0,0,0,0,1
20,0,1,0,3.2516,0,1,0,0,0,0,0,0.0,0,0,0,0,0.22,1,0,0,0.0,0,1,6,0,1,5861.0,0,0,1,1,0,73.0,0,0.131,0,0,0,0,0,0.0405,0.004,0,1,0,0,0,0,0,0,0,0,0
20,0,1,0,3.2516,0,1,0,0,0,0,0,0.0,0,0,0,0,0.28,1,0,0,0.0,0,1,1,0,0,2238.0,0,0,1,1,0,39.0,0,0.149,0,0,0,0,0,0.0545,0.058,0,0,0,0,0,0,0,0,0,0,0
22,0,1,3,3.3249,0,1,0,0,0,0,0,0.0,0,0,0,0,0.15,1,0,0,0.0,0,1,2,0,1,4584.0,0,1,1,1,0,55.0,0,0.1115,0,0,0,0,0,0.35225,0.058,0,1,0,0,0,0,0,0,0,0,0
40,2,3,0,3.9378,2,1,0,0,0,0,0,0.1667,2,0,2,0,0.35,1,0,0,0.0,0,1,2,0,0,-1.0,0,0,0,0,0,-1.0,0,0.2504,1,1,1,1,0,0.08025,0.48675,0,0,0,0,0,0,0,0,0,0,1
44,4,2,4,4.2391,1,0,0,0,0,0,0,0.25,2,0,3,0,0.5,0,0,0,0.0,0,1,2,0,0,-1.0,0,0,0,1,0,81.0,0,0.3348,1,1,0,0,0,0.0995,0.48675,1,0,0,0,0,0,0,0,0,0,0
45,3,2,9,3.6368,1,0,0,0,14,0,0,0.0,0,0,0,0,0.15,1,0,0,0.0,0,1,1,0,0,2634.0,0,1,1,0,0,-1.0,-1,0.1177,0,0,1,1,1,0.35225,0.01175,0,0,0,0,0,0,0,0,0,0,1
29,0,2,0,3.4464,1,1,0,0,0,0,0,0.3333,3,0,3,0,0.5,0,0,0,0.0,0,0,0,0,0,2623.0,0,0,1,0,0,-1.0,-1,0.3522,0,0,1,1,1,0.003,0.00025,0,0,0,0,0,0,0,0,0,0,1
37,3,2,0,4.0661,1,1,0,0,0,0,0,0.0,0,0,0,0,0.5,0,0,0,0.0,0,0,0,0,0,4390.0,0,0,1,0,0,-1.0,-1,0.2313,0,0,1,1,1,0.004,0.00625,0,0,0,0,0,0,0,0,0,0,1
18,0,1,1,2.9219,0,1,0,0,0,0,0,0.0,0,0,0,0,0.15,1,0,0,0.0,0,1,1,0,1,75.0,0,1,1,1,0,75.0,0,0.1034,0,0,0,0,0,0.35225,0.00375,0,1,0,0,0,0,0,0,0,0,0
27,1,2,0,3.5766,1,0,0,0,0,0,0,0.0,0,0,0,0,0.5,0,0,0,0.0,0,1,2,0,0,-1.0,0,0,0,1,0,60.0,0,0.2215,1,1,0,0,0,0.0995,0.48675,1,0,0,0,0,0,0,0,0,0,0
47,4,2,2,4.4386,1,1,0,0,0,0,0,0.0,0,0,0,0,0.5,0,0,0,0.0,0,1,2,0,0,-1.0,0,0,0,1,0,78.0,0,0.2388,1,1,0,0,0,0.0995,0.48675,1,0,0,0,0,0,0,0,0,0,0
52,0,3,0,3.0131,2,1,0,0,27,0,0,0.0,0,0,0,0,0.93,1,0,0,0.0,0,1,1,0,0,-1.0,0,0,0,0,0,-1.0,0,0.3393,1,1,1,1,0,0.00375,0.48675,0,0,0,0,0,0,0,0,0,0,1
35,1,2,0,3.6158,1,0,0,0,0,0,0,0.0833,1,0,1,0,0.35,1,0,0,0.0,0,1,2,0,0,-1.0,0,0,0,1,0,229.0,0,0.2106,1,1,0,0,0,0.08025,0.48675,0,0,0,0,0,0,0,0,0,0,0
31,1,2,0,3.6753,1,0,0,0,0,0,0,0.0833,1,0,1,0,0.35,1,0,0,0.0,0,1,2,0,0,-1.0,0,0,0,1,0,229.0,0,0.2118,1,1,0,0,0,0.08025,0.48675,0,0,0,0,0,0,0,0,0,0,0
53,1,2,4,4.1124,1,0,0,0,13,0,0,0.0,0,0,0,0,0.28,1,0,0,0.0,0,1,4,0,0,-1.0,0,0,0,1,0,31.0,0,0.1662,1,1,0,0,0,0.0545,0.48675,0,1,0,0,0,0,0,0,0,0,0
40,2,2,0,3.8087,1,1,0,0,0,0,0,0.2333,1,0,1,1,0.35,1,0,0,0.0,0,1,2,0,0,-1.0,0,0,0,1,0,55.0,0,0.2745,1,1,0,0,0,0.08025,0.48675,1,0,0,0,0,0,0,0,0,0,0
51,0,1,0,3.7871,0,0,0,0,24,0,0,0.0,0,0,0,0,0.1,1,0,0,0.0,0,1,2,0,0,466.0,0,0,1,1,0,36.0,0,0.1057,0,0,0,0,0,0.02775,0.058,1,0,0,0,0,0,0,0,0,0,0
37,0,3,0,3.8313,2,0,0,0,0,0,0,0.0,0,0,0,0,0.15,1,0,0,0.0,0,1,2,0,0,-1.0,0,0,0,0,0,-1.0,0,0.1216,1,1,1,1,0,0.35225,0.48675,0,0,0,0,0,0,0,0,0,0,1
20,0,1,0,3.4183,0,1,0,0,0,0,0,0.0,0,0,0,0,0.15,1,0,0,0.0,0,1,2,0,1,11065.0,0,1,1,1,0,49.0,0,0.1134,0,0,0,0,0,0.35225,0.058,0,1,0,0,0,0,0,0,0,0,0
26,0,1,1,3.0,0,1,0,0,10,0,0,0.0,0,0,0,0,0.5,0,0,0,0.0,0,0,0,0,0,-1.0,0,0,0,0,0,-1.0,-1,0.21,1,1,1,1,1,0.01075,0.48675,0,0,0,0,0,0,0,0,0,0,1
18,0,1,0,3.1219,0,1,0,0,0,0,0,0.0,0,0,0,0,0.15,1,0,0,0.0,0,1,2,0,1,11546.0,0,1,1,1,0,68.0,0,0.1074,0,0,0,0,0,0.35225,0.058,0,0,0,1,0,0,0,0,0,0,0
19,0,2,0,2.4464,1,1,0,0,0,0,0,0.0,0,0,0,0,0.5,0,0,0,0.0,0,1,3,0,0,-1.0,0,0,0,0,0,-1.0,-1,0.1989,1,1,1,1,1,0.00125,0.48675,0,0,0,0,0,0,0,0,0,0,1
37,1,3,0,3.7404,2,1,0,0,0,0,0,0.0,0,0,0,0,0.15,1,0,0,0.0,0,1,2,0,0,-1.0,0,0,0,0,0,-1.0,0,0.1198,1,1,1,1,0,0.35225,0.48675,0,0,0,0,0,0,0,0,0,0,1
35,0,1,0,3.2359,0,1,0,0,13,0,0,0.0,0,0,0,0,0.15,1,0,0,0.0,0,0,0,0,0,686.0,0,0,1,0,0,-1.0,-1,0.1097,0,0,1,1,1,0.35225,0.019,0,0,0,0,0,0,0,0,0,0,1
28,0,2,0,3.3372,1,1,0,0,3,0,0,0.0,0,0,0,0,0.15,1,0,0,0.0,0,1,1,0,0,9712.0,0,0,1,1,0,137.0,0,0.1117,0,0,0,0,0,0.35225,0.036,0,0,0,0,1,0,0,0,0,0,0
52,0,3,0,3.1307,2,1,0,0,27,0,0,0.0,0,0,0,0,0.5,0,0,0,0.0,0,1,1,0,0,-1.0,0,0,1,1,0,67.0,0,0.2126,0,1,0,0,0,0.00225,0.002,0,1,0,0,0,0,0,0,0,0,0
34,0,2,0,3.6978,1,1,0,0,3,0,0,0.0,0,0,0,0,0.15,1,0,0,0.0,0,1,2,0,0,5969.0,0,1,1,1,0,79.0,0,0.119,0,0,0,0,0,0.35225,0.01575,1,0,0,0,0,0,0,0,0,0,0
47,4,2,2,4.4386,1,1,0,0,0,0,0,0.0,0,0,0,0,0.5,0,0,0,0.0,0,1,2,0,0,-1.0,0,0,0,1,0,78.0,0,0.2388,1,1,0,0,0,0.0995,0.48675,1,0,0,0,0,0,0,0,0,0,0
57,0,2,4,4.182,1,1,0,0,21,0,0,0.0,0,0,0,0,0.94,1,0,0,0.0,0,0,0,0,0,7.0,1,0,1,0,0,-1.0,-1,0.3656,0,0,1,1,1,0.01625,0.01125,0,0,0,0,0,0,0,0,0,0,1
20,0,1,0,3.4183,0,1,0,0,0,0,0,0.0,0,0,0,0,0.22,1,0,0,0.0,0,1,2,0,1,7881.0,0,1,1,1,0,216.0,0,0.1344,0,0,0,0,0,0.0405,0.00625,0,0,0,0,0,0,0,0,0,0,0
36,0,1,0,3.085,0,1,0,0,16,0,0,0.0,0,0,0,0,0.5,0,0,0,0.0,0,1,1,0,1,10814.0,0,0,1,1,0,153.0,0,0.2117,0,0,0,0,0,0.003,0.00075,0,0,0,0,0,0,0,0,0,1,0
23,0,1,0,2.9477,0,1,0,0,6,0,0,0.0,0,0,0,0,0.15,1,0,0,0.0,0,1,2,0,1,11154.0,0,0,1,1,0,147.0,0,0.104,0,0,0,0,0,0.35225,0.00075,0,0,0,0,0,0,0,0,0,0,0
69,2,4,5,4.2312,3,1,0,0,16,0,1,0.0,0,0,0,0,0.15,1,0,0,0.0,0,1,4,0,0,3671.0,0,1,1,1,0,41.0,0,0.1296,0,0,0,0,0,0.35225,0.01575,0,1,0,0,0,0,0,0,0,0,0
18,0,1,0,2.9477,0,1,0,0,0,0,0,0.0,0,0,0,0,0.5,0,0,0,0.0,0,0,0,0,0,328.0,0,0,1,0,0,-1.0,-1,0.209,0,0,1,1,1,0.01325,0.0005,0,0,0,0,0,0,0,0,0,0,1
33,1,2,0,3.9702,1,1,0,0,0,0,0,0.0833,1,0,1,0,0.35,1,0,0,0.0,0,1,2,0,0,-1.0,0,0,0,1,0,229.0,0,0.2177,1,1,0,0,0,0.08025,0.48675,0,0,0,0,0,0,0,0,0,0,0
28,0,3,0,3.4714,2,1,0,0,0,0,0,0.0,0,0,0,0,0.5,0,0,0,0.0,0,1,4,0,0,-1.0,0,0,1,1,0,155.0,0,0.2194,0,1,0,0,0,0.003,0.00125,0,0,0,1,0,0,0,0,0,0,0
46,2,2,6,3.9873,1,1,0,0,0,0,0,0.0833,1,0,1,0,0.35,1,0,0,0.0,0,1,2,0,0,-1.0,0,0,0,1,0,31.0,0,0.2181,1,1,0,0,0,0.08025,0.48675,0,1,0,0,0,0,0,0,0,0,0
66,6,3,5,4.249,2,1,0,0,0,0,0,0.0,0,0,0,1,0.5,0,0,0,0.0,0,1,2,0,0,-1.0,0,0,0,1,0,50.0,0,0.235,1,1,0,0,0,0.0995,0.48675,1,0,0,0,0,0,0,0,0,0,0
25,0,1,0,2.9842,0,0,0,0,0,0,0,0.0,0,0,0,0,0.15,1,0,0,0.0,0,0,0,0,0,138.0,0,0,1,0,0,-1.0,-1,0.1047,0,0,1,1,1,0.35225,0.03575,0,0,0,0,0,0,0,0,0,0,1
22,0,1,0,3.8074,0,0,0,0,0,0,0,0.0,0,0,0,0,0.15,1,0,0,0.0,0,1,2,0,0,2128.0,0,0,1,1,0,52.0,0,0.1211,0,0,0,0,0,0.35225,0.03575,0,1,0,0,0,0,0,0,0,0,0
44,4,2,8,4.2737,1,0,0,0,0,0,0,0.0,0,0,0,0,0.5,0,0,0,0.0,0,1,2,0,0,-1.0,0,0,0,1,0,76.0,0,0.2355,1,1,0,0,0,0.0995,0.48675,1,0,0,0,0,0,0,0,0,0,0
48,0,2,0,3.4299,1,1,0,0,13,0,0,0.0,0,0,0,0,0.15,1,0,0,0.0,0,1,1,0,0,2511.0,0,1,1,0,0,-1.0,0,0.1136,0,0,1,1,0,0.35225,0.01175,0,0,0,0,0,0,0,0,0,0,1
23,0,2,0,3.182,1,1,0,0,0,0,0,0.0,0,0,0,0,0.5,0,0,0,0.0,0,1,1,0,0,2898.0,0,0,1,1,0,73.0,0,0.2136,0,0,0,0,0,0.0035,0.03575,1,0,0,0,0,0,0,0,0,0,0
35,2,1,0,3.9501,0,1,0,0,0,0,0,0.0,0,0,0,0,0.55,1,0,0,0.0,0,1,1,0,0,-1.0,0,0,0,1,0,80.0,0,0.244,1,1,0,0,0,0.00425,0.48675,0,1,0,0,0,0,0,0,0,0,0
120,0,3,0,3.1307,2,1,0,0,40,1,2,0.0,0,0,0,0,0.5,0,0,0,0.0,0,1,1,0,0,149.0,0,0,1,1,0,33.0,0,0.2126,0,0,0,0,0,0.00325,0.00275,0,1,0,0,0,0,0,0,0,0,0
46,1,3,3,3.9856,2,1,0,0,0,0,0,0.0,0,0,0,0,0.22,1,0,0,0.0,0,1,1,0,0,3007.0,0,0,1,1,0,102.0,0,0.1457,0,0,0,0,0,0.0405,0.036,0,0,0,0,0,0,0,0,0,1,0
21,0,3,0,2.8151,2,1,0,0,0,0,0,0.1667,2,0,2,0,0.5,0,0,0,0.0,0,1,1,0,0,11252.0,0,0,1,1,0,119.0,0,0.273,1,0,0,0,0,0.00875,0.48675,0,0,0,0,0,0,0,0,0,1,0
47,0,1,0,3.3087,0,1,0,0,19,0,0,0.0,0,0,0,0,0.15,1,0,0,0.0,0,1,4,0,1,5786.0,0,0,1,1,0,181.0,0,0.1112,0,0,0,0,0,0.35225,0.058,0,0,0,1,0,0,0,0,0,0,0
39,0,1,0,3.3788,0,1,0,0,17,0,0,0.0,0,0,0,0,0.15,1,0,0,0.0,0,0,0,0,1,3111.0,0,0,1,0,0,-1.0,-1,0.1126,0,0,1,1,1,0.35225,0.004,0,0,0,0,0,0,0,0,0,0,1
36,1,1,0,3.8492,0,0,0,0,5,0,0,0.1667,2,0,2,0,0.55,1,0,0,0.0,0,0,0,0,0,-1.0,0,0,0,0,0,-1.0,-1,0.3087,1,1,1,1,1,0.00575,0.48675,0,0,0,0,0,0,0,0,0,0,1
38,1,2,0,3.6573,1,1,0,0,5,0,0,0.0,0,0,0,0,0.65,1,0,0,0.0,0,1,1,0,0,22.0,1,0,1,0,0,-1.0,-1,0.2681,0,0,1,1,1,0.0025,0.00375,0,0,0,0,0,0,0,0,0,0,1
33,0,2,0,3.3788,1,1,0,0,11,0,0,0.0,0,0,0,0,0.3,1,0,0,0.0,0,1,2,0,1,3451.0,0,0,1,1,0,44.0,0,0.1576,0,0,0,0,0,0.00425,0.01125,1,0,0,0,0,0,0,0,0,0,0
46,4,2,2,4.3661,1,0,0,0,0,0,0,0.0,0,0,0,0,0.5,0,0,0,0.0,0,1,2,0,0,-1.0,0,0,0,1,0,78.0,0,0.2373,1,1,0,0,0,0.0995,0.48675,1,0,0,0,0,0,0,0,0,0,0
25,0,1,0,3.4594,0,1,0,0,6,0,0,0.0,0,0,0,0,0.5,0,0,0,0.0,0,1,1,0,1,6240.0,0,0,1,0,0,-1.0,-1,0.2192,0,0,1,1,1,0.02275,0.012,0,0,0,0,0,0,0,0,0,0,1
17,0,2,0,2.1972,1,1,0,0,0,0,0,0.0,0,0,0,0,0.5,0,0,0,0.0,0,1,4,0,0,-1.0,0,0,0,1,0,46.0,0,0.1939,1,1,0,0,0,0.01075,0.48675,0,0,0,1,0,0,0,0,0,0,0
30,0,1,0,1.7925,0,1,0,0,16,0,0,0.0833,1,0,1,0,0.5,0,0,0,0.0,0,1,1,0,0,-1.0,0,0,1,0,0,-1.0,0,0.2192,0,1,1,1,0,0.002,0.00075,0,0,0,0,0,0,0,0,0,0,1
25,0,1,0,3.1219,0,1,0,0,7,0,0,0.0,0,0,0,0,0.5,0,0,0,0.0,0,1,1,0,0,518.0,0,0,1,0,0,-1.0,0,0.2124,0,0,1,1,0,0.00325,0.03575,0,0,0,0,0,0,0,0,0,0,1
23,0,2,0,2.8729,1,1,0,0,0,0,0,0.0,0,0,0,0,0.5,0,0,0,0.0,0,1,2,0,0,2613.0,0,0,1,1,0,55.0,0,0.2075,0,0,0,0,0,0.01325,0.00175,0,0,0,0,0,1,0,0,0,0,0
49,4,2,2,4.4059,1,0,0,0,0,0,0,0.0,0,0,0,0,0.5,0,0,0,0.0,0,1,2,0,0,-1.0,0,0,0,1,0,79.0,0,0.2381,1,1,0,0,0,0.0995,0.48675,1,0,0,0,0,0,0,0,0,0,0
29,1,2,0,3.4219,1,1,0,0,0,0,0,0.0833,1,0,1,0,0.5,0,0,0,0.0,0,1,2,0,0,-1.0,0,0,0,1,0,64.0,0,0.2518,1,1,0,0,0,0.0995,0.48675,1,0,0,0,0,0,0,0,0,0,0
46,0,2,0,2.8731,1,1,0,0,25,0,0,0.0,0,0,0,0,0.5,0,0,0,0.0,0,1,1,0,0,-1.0,0,0,0,1,0,72.0,0,0.2075,1,1,0,0,0,0.0025,0.48675,0,1,0,0,0,0,0,0,0,0,0
28,0,1,0,3.0391,0,1,0,0,6,0,0,0.0,0,0,0,0,0.15,1,0,0,0.0,0,1,2,0,1,2643.0,0,0,1,1,0,69.0,0,0.1058,0,0,0,0,0,0.35225,0.0045,1,0,0,0,0,0,0,0,0,0,0
40,3,2,0,3.7806,1,0,0,0,0,0,0,0.0833,1,0,1,0,0.5,0,0,0,0.0,0,1,2,0,0,-1.0,0,0,0,1,0,52.0,0,0.2589,1,1,0,0,0,0.0995,0.48675,1,0,0,0,0,0,0,0,0,0,0
37,0,2,0,3.5766,1,1,0,0,10,0,0,0.0,0,0,0,0,0.28,1,0,0,0.0,0,1,4,0,0,-1.0,0,0,0,1,0,31.0,0,0.1555,1,1,0,0,0,0.0545,0.48675,0,1,0,0,0,0,0,0,0,0,0
44,4,2,6,4.229,1,1,0,0,0,0,0,0.25,2,0,2,0,0.5,0,0,0,0.0,0,1,2,0,0,-1.0,0,0,0,1,0,77.0,0,0.3346,1,1,0,0,0,0.0995,0.48675,1,0,0,0,0,0,0,0,0,0,0
49,4,2,2,4.4031,1,1,0,0,0,0,0,0.0,0,0,0,0,0.5,0,0,0,0.0,0,1,2,0,0,-1.0,0,0,0,1,0,77.0,0,0.2381,1,1,0,0,0,0.0995,0.48675,1,0,0,0,0,0,0,0,0,0,0
44,1,2,1,3.7849,1,1,0,0,14,0,0,0.0,0,0,0,0,0.28,1,0,0,0.0,0,1,4,0,0,-1.0,0,0,0,1,0,31.0,0,0.1597,1,1,0,0,0,0.0545,0.48675,0,1,0,0,0,0,0,0,0,0,0
23,0,2,0,2.8424,1,1,0,0,0,0,0,0.0,0,0,0,0,0.15,1,0,0,0.0,0,1,8,0,0,10548.0,0,0,1,1,0,50.0,0,0.1018,0,0,0,0,0,0.35225,0.036,1,0,0,0,0,0,0,0,0,0,0
44,2,2,1,3.9749,1,0,0,0,0,0,0,0.0833,1,0,1,0,0.35,1,0,0,0.0,0,1,2,0,0,-1.0,0,0,0,1,0,229.0,0,0.2178,1,1,0,0,0,0.08025,0.48675,0,0,0,0,0,0,0,0,0,0,0
37,0,3,0,3.7265,2,1,0,0,0,0,0,0.0833,1,0,1,0,0.35,1,0,0,0.0,0,1,2,0,0,-1.0,0,0,0,0,0,-1.0,0,0.2129,1,1,1,1,0,0.08025,0.48675,0,0,0,0,0,0,0,0,0,0,1
24,0,1,0,2.9219,0,1,0,0,6,0,0,0.0,0,0,0,0,0.15,1,0,0,0.0,0,0,0,0,0,2972.0,0,1,1,0,0,-1.0,-1,0.1034,0,0,1,1,1,0.35225,0.019,0,0,0,0,0,0,0,0,0,0,1
36,0,1,0,3.0958,0,1,0,0,7,1,2,0.0,0,0,0,0,0.22,1,0,0,0.0,0,1,3,0,0,5214.0,0,1,1,1,0,203.0,0,0.1279,0,0,0,0,0,0.0405,0.00325,0,0,0,0,1,0,0,0,0,0,0
52,0,3,0,3.1307,2,1,0,0,27,0,0,0.0,0,0,0,0,0.5,0,0,0,0.0,0,1,1,0,0,149.0,0,0,1,1,0,33.0,0,0.2126,0,0,0,0,0,0.00325,0.00275,0,1,0,0,0,0,0,0,0,0,0
52,0,3,0,3.2484,2,1,0,0,27,0,0,0.0,0,0,0,0,0.5,0,0,0,0.0,0,1,1,0,0,-1.0,0,0,0,1,0,70.0,0,0.215,1,1,0,0,0,0.00175,0.48675,0,1,0,0,0,0,0,0,0,0,0
99,0,2,10,3.9362,1,1,0,1,15,1,3,0.0,0,0,0,0,0.5,0,0,0,0.0,0,1,2,0,0,-1.0,0,0,0,1,0,84.0,0,0.2287,1,1,0,0,0,0.0995,0.48675,1,0,0,0,0,0,0,0,0,0,0
38,0,2,3,4.1163,1,1,0,0,0,0,0,0.0,0,0,0,0,0.15,1,0,0,0.0,0,1,2,0,0,7431.0,0,0,1,1,0,37.0,0,0.1273,0,0,0,0,0,0.35225,0.036,0,1,0,0,0,0,0,0,0,0,0
45,1,3,8,4.2737,2,1,0,0,0,0,0,0.0833,1,0,1,0,0.35,1,0,0,0.0,0,0,0,0,0,-1.0,0,0,0,0,0,-1.0,-1,0.2238,1,1,1,1,1,0.08025,0.48675,0,0,0,0,0,0,0,0,0,0,1
20,0,1,0,3.2516,0,1,0,0,0,0,0,0.0,0,0,0,0,0.15,1,0,0,0.0,0,1,2,0,1,3982.0,0,0,1,1,0,41.0,0,0.11,0,0,0,0,0,0.35225,0.058,1,0,0,0,0,0,0,0,0,0,0
29,0,1,0,2.8464,0,1,0,0,11,0,0,0.0,0,0,0,0,0.15,1,0,0,0.0,0,0,0,0,0,3545.0,0,1,1,0,0,-1.0,-1,0.1019,0,0,1,1,1,0.35225,0.00075,0,0,0,0,0,0,0,0,0,0,1
23,0,2,0,3.027,1,1,0,0,0,0,0,0.0,0,0,0,0,0.15,1,0,0,0.0,0,1,1,0,0,8675.0,0,0,1,0,0,-1.0,-1,0.1055,0,0,1,1,1,0.35225,0.00975,0,0,0,0,0,0,0,0,0,0,1
44,1,1,0,3.6402,0,1,0,0,21,0,0,0.0,0,0,0,0,0.5,0,0,0,0.0,0,1,1,0,1,-1.0,0,0,0,0,0,-1.0,-1,0.2228,1,1,1,1,1,0.01075,0.48675,0,0,0,0,0,0,0,0,0,0,1
82,9,2,5,4.2303,1,1,0,0,0,0,0,0.3333,4,0,4,0,0.35,1,0,0,0.0,0,1,2,0,0,-1.0,0,0,0,1,0,55.0,0,0.3229,1,1,0,0,0,0.08025,0.48675,1,0,0,0,0,0,0,0,0,0,0
48,4,2,2,4.4842,1,0,0,0,0,0,0,0.0,0,0,0,0,0.5,0,0,0,0.0,0,1,2,0,0,-1.0,0,0,0,1,0,77.0,0,0.2397,1,1,0,0,0,0.0995,0.48675,1,0,0,0,0,0,0,0,0,0,0
36,1,3,0,3.8245,2,1,0,0,0,0,0,0.0,0,0,0,0,0.15,1,0,0,0.0,0,1,2,0,0,-1.0,0,0,0,0,0,-1.0,0,0.1215,1,1,1,1,0,0.35225,0.48675,0,0,0,0,0,0,0,0,0,0,1
30,0,1,0,3.2389,0,1,0,0,9,0,0,0.0,0,0,0,0,0.5,0,0,0,0.0,0,0,0,0,1,6382.0,0,0,1,0,0,-1.0,-1,0.2148,0,0,1,1,1,0.00525,0.00175,0,0,0,0,0,0,0,0,0,0,1
17,0,1,0,2.7255,0,1,0,0,0,0,0,0.0,0,0,0,0,0.22,1,0,0,0.0,0,1,2,0,1,4266.0,0,0,1,1,0,73.0,0,0.1205,0,0,0,0,0,0.0405,0.03575,1,0,0,0,0,0,0,0,0,0,0
36,1,1,0,3.5216,0,1,0,0,14,0,0,0.3333,3,0,3,0,0.15,1,0,0,0.0,0,1,2,0,0,1608.0,0,0,1,1,0,83.0,0,0.2488,0,0,0,0,0,0.35225,0.03575,1,0,0,0,0,0,0,0,0,0,0
42,4,2,0,3.6428,1,0,0,0,0,0,0,0.0833,1,0,1,0,0.5,0,0,0,0.0,0,1,2,0,0,-1.0,0,0,0,1,0,61.0,0,0.2562,1,1,0,0,0,0.0995,0.48675,1,0,0,0,0,0,0,0,0,0,0
17,0,1,0,2.7255,0,1,0,0,0,0,0,0.0,0,0,0,0,0.15,1,0,0,0.0,0,1,4,0,1,8466.0,0,1,1,1,0,33.0,0,0.0995,0,0,0,0,0,0.35225,0.00325,0,0,0,0,0,0,0,0,0,0,0
39,0,2,0,3.8817,1,1,0,0,0,0,0,0.0,0,0,0,0,0.15,1,0,0,0.0,0,1,2,0,0,7431.0,0,0,1,1,0,37.0,0,0.1226,0,0,0,0,0,0.35225,0.036,0,1,0,0,0,0,0,0,0,0,0
163,1,1,0,3.1808,0,1,0,0,6,1,2,0.0,0,0,0,0,0.15,1,0,0,0.0,0,0,0,0,0,137.0,0,0,1,0,0,-1.0,-1,0.1086,0,0,1,1,1,0.35225,0.03575,0,0,0,0,0,0,0,0,0,0,1
59,4,2,2,4.0828,1,1,0,0,10,0,0,0.0833,1,0,1,0,0.35,1,0,0,0.0,0,1,2,0,0,-1.0,0,0,0,1,0,55.0,0,0.22,1,1,0,0,0,0.08025,0.48675,1,0,0,0,0,0,0,0,0,0,0
26,0,2,0,3.5725,1,1,0,0,0,0,0,0.0,0,0,0,0,0.15,1,0,0,0.0,0,1,1,0,0,8186.0,0,0,1,1,0,73.0,0,0.1164,0,0,0,0,0,0.35225,0.0155,0,1,0,0,0,0,0,0,0,0,0
18,0,1,5,2.6416,0,1,0,0,0,0,0,0.0,0,0,0,0,0.94,1,0,0,0.0,0,0,0,0,0,229.0,0,1,1,0,0,-1.0,-1,0.3348,0,0,1,1,1,0.01625,0.01225,0,0,0,0,0,0,0,0,0,0,1
23,0,1,0,3.1699,0,1,0,0,6,0,0,0.0,0,0,0,0,0.5,0,0,0,0.0,0,0,0,0,0,3173.0,0,0,1,0,0,-1.0,-1,0.2134,0,0,1,1,1,0.01325,0.00225,0,0,0,0,0,0,0,0,0,0,1
39,0,3,0,3.8444,2,1,0,0,0,0,0,0.0,0,0,0,0,0.5,0,0,0,0.0,0,1,2,0,0,-1.0,0,0,0,1,0,57.0,0,0.2269,1,1,0,0,0,0.00975,0.48675,1,0,0,0,0,0,0,0,0,0,0
45,4,2,5,4.3156,1,1,0,0,0,0,0,0.0833,1,0,1,0,0.5,0,0,0,0.0,0,1,2,0,0,-1.0,0,0,0,1,0,77.0,0,0.2696,1,1,0,0,0,0.0995,0.48675,1,0,0,0,0,0,0,0,0,0,0
98,0,1,0,3.882,0,1,0,0,67,0,0,0.0,0,0,0,0,0.15,1,0,0,0.0,0,1,1,0,0,1936.0,0,0,1,0,0,-1.0,0,0.1226,0,0,1,1,0,0.35225,0.001,0,0,0,0,0,0,0,0,0,0,1
76,1,2,0,3.5111,1,0,0,0,50,0,0,0.25,3,0,3,0,0.5,0,0,0,0.0,0,0,0,0,0,-1.0,0,0,0,0,0,-1.0,-1,0.3202,1,1,1,1,1,0.00975,0.48675,0,0,0,0,0,0,0,0,0,0,1
38,0,2,2,3.8802,1,1,0,0,8,0,0,0.0,0,0,0,0,0.28,1,0,0,0.0,0,1,4,0,0,-1.0,0,0,0,1,0,31.0,0,0.1616,1,1,0,0,0,0.0545,0.48675,0,1,0,0,0,0,0,0,0,0,0
16,0,1,0,2.75,0,1,0,0,0,0,0,0.0,0,0,0,0,0.28,1,0,0,0.0,0,1,1,0,1,5909.0,0,0,1,1,0,64.0,0,0.139,0,0,0,0,0,0.0545,0.0065,1,0,0,0,0,0,0,0,0,0,0
20,0,1,0,3.4183,0,0,0,0,0,0,0,0.0,0,0,0,0,0.1,1,0,0,0.0,0,0,0,0,0,5.0,1,0,1,0,0,-1.0,-1,0.0984,0,0,1,1,1,0.02775,0.01575,0,0,0,0,0,0,0,0,0,0,1
27,0,2,0,2.7219,1,1,0,0,9,0,0,0.0833,1,0,1,0,0.5,0,0,0,0.0,0,0,0,0,0,-1.0,0,0,0,0,0,-1.0,-1,0.2378,1,1,1,1,1,0.002,0.48675,0,0,0,0,0,0,0,0,0,0,1
28,0,2,0,3.4104,1,1,0,0,3,0,0,0.0,0,0,0,0,0.5,0,0,0,0.0,0,0,0,0,0,10520.0,0,1,1,0,0,-1.0,-1,0.2182,0,0,1,1,1,0.0085,0.01225,0,0,0,0,0,0,0,0,0,0,1
29,0,2,0,3.3232,1,1,0,0,6,0,0,0.0,0,0,0,0,0.15,1,0,0,0.0,0,1,2,0,0,1982.0,0,0,1,1,0,49.0,0,0.1115,0,0,0,0,0,0.35225,0.004,1,0,0,0,0,0,0,0,0,0,0
68,2,2,5,4.2928,1,0,0,0,27,0,0,0.0833,1,0,1,0,0.35,1,0,0,0.0,0,1,2,0,0,-1.0,0,0,0,1,0,229.0,0,0.2242,1,1,0,0,0,0.08025,0.48675,0,0,0,0,0,0,0,0,0,0,0
24,0,2,1,3.5069,1,1,0,0,0,0,0,0.0,0,0,0,0,0.15,1,0,0,0.0,0,1,1,0,0,3062.0,0,0,1,1,0,64.0,0,0.1151,0,0,0,0,0,0.35225,0.03575,0,1,0,0,0,0,0,0,0,0,0
44,1,3,8,4.3083,2,0,0,0,0,0,0,0.0833,1,0,1,0,0.35,1,0,0,0.0,0,1,2,0,0,-1.0,0,0,0,0,0,-1.0,0,0.2245,1,1,1,1,0,0.08025,0.48675,0,0,0,0,0,0,0,0,0,0,1
21,0,1,0,3.3927,0,1,0,0,0,0,0,0.0,0,0,0,0,0.15,1,0,0,0.0,0,1,3,0,1,8790.0,0,0,1,1,0,69.0,0,0.1129,0,0,0,0,0,0.35225,0.03575,1,0,0,0,0,0,0,0,0,0,0
31,0,3,0,3.8454,2,1,0,0,0,0,0,0.1667,2,0,2,0,0.5,0,0,0,0.0,0,0,0,0,0,-1.0,0,0,0,0,0,-1.0,-1,0.2936,1,1,1,1,1,0.00975,0.48675,0,0,0,0,0,0,0,0,0,0,1
24,0,2,0,3.1899,1,1,0,0,0,0,0,0.0,0,0,0,0,0.15,1,0,0,0.0,0,1,1,0,1,7834.0,0,0,1,1,0,45.0,0,0.1088,0,0,0,0,0,0.35225,0.058,0,1,0,0,0,0,0,0,0,0,0
57,0,2,4,4.182,1,1,0,0,21,0,0,0.0,0,0,0,0,0.94,1,0,0,0.0,0,0,0,0,0,7.0,1,0,1,0,0,-1.0,-1,0.3656,0,0,1,1,1,0.01625,0.01125,0,0,0,0,0,0,0,0,0,0,1
42,3,2,1,4.0431,1,0,0,0,0,0,0,0.0,0,0,0,0,0.5,0,0,0,0.0,0,1,2,0,0,-1.0,0,0,0,1,0,76.0,0,0.2309,1,1,0,0,0,0.0995,0.48675,1,0,0,0,0,0,0,0,0,0,0
18,0,1,0,3.3219,0,1,0,0,0,0,0,0.0,0,0,0,0,0.15,1,0,0,0.0,0,0,0,0,0,1949.0,0,0,1,0,0,-1.0,-1,0.1114,0,0,1,1,1,0.35225,0.00975,0,0,0,0,0,0,0,0,0,0,1
18,0,1,0,3.3219,0,1,0,0,0,0,0,0.0,0,0,0,0,0.15,1,0,0,0.0,0,0,0,0,0,3732.0,0,0,1,0,0,-1.0,-1,0.1114,0,0,1,1,1,0.35225,0.00975,0,0,0,0,0,0,0,0,0,0,1
59,0,1,1,2.585,0,1,0,0,45,0,0,0.0833,1,0,1,0,0.2,1,0,0,0.0,0,1,2,0,1,6835.0,0,0,1,1,0,45.0,0,0.145,0,0,0,0,0,0.0055,0.00175,0,1,0,0,0,0,0,0,0,0,0
52,3,2,8,4.6524,1,0,0,0,0,0,0,0.0,0,0,0,0,0.5,0,0,0,0.0,0,1,2,0,0,-1.0,0,0,0,1,0,78.0,0,0.243,1,1,0,0,0,0.0995,0.48675,1,0,0,0,0,0,0,0,0,0,0
49,0,2,0,4.1683,1,0,0,0,17,0,0,0.0,0,0,0,0,0.5,0,0,0,0.0,0,0,0,0,0,-1.0,0,0,0,0,0,-1.0,-1,0.2334,1,1,1,1,1,0.00075,0.48675,0,0,0,0,0,0,0,0,0,0,1
33,0,2,0,3.8035,1,1,0,0,0,0,0,0.0,0,0,0,0,0.68,1,0,0,0.0,0,1,2,0,0,1716.0,0,0,1,1,0,53.0,0,0.2801,0,0,0,0,0,0.002,0.0055,0,1,0,0,0,0,0,0,0,0,0
25,0,2,4,2.911,1,0,0,0,0,0,0,0.0,0,0,0,0,0.5,0,0,0,0.0,0,1,2,0,0,-1.0,0,0,0,1,0,67.0,0,0.2082,1,1,0,0,0,0.0995,0.48675,1,0,0,0,0,0,0,0,0,0,0
44,2,1,0,3.6903,0,1,0,0,10,0,0,0.0833,1,0,1,0,0.5,0,0,0,0.0,0,1,1,0,0,-1.0,0,0,0,0,0,-1.0,-1,0.2571,1,1,1,1,1,0.01075,0.48675,0,0,0,0,0,0,0,0,0,0,1
47,4,2,7,4.4968,1,0,0,0,0,0,0,0.0,0,0,0,0,0.5,0,0,0,0.0,0,1,2,0,0,-1.0,0,0,0,1,0,81.0,0,0.2399,1,1,0,0,0,0.0995,0.48675,1,0,0,0,0,0,0,0,0,0,0
46,2,2,1,4.0876,1,1,0,0,0,0,0,0.1667,1,0,2,0,0.35,1,0,0,0.0,0,1,2,0,0,-1.0,0,0,0,1,0,82.0,0,0.2534,1,1,0,0,0,0.08025,0.48675,1,0,0,0,0,0,0,0,0,0,0
38,0,2,0,3.6368,1,1,0,0,5,0,0,0.0833,1,0,1,0,0.35,1,0,0,0.0,0,1,2,0,0,-1.0,0,0,0,1,0,55.0,0,0.2111,1,1,0,0,0,0.08025,0.48675,1,0,0,0,0,0,0,0,0,0,0
29,0,2,0,3.5842,1,1,0,0,0,0,0,0.0,0,0,0,0,0.15,1,0,0,0.0,0,1,1,0,0,3628.0,0,0,1,1,0,33.0,0,0.1167,0,0,0,0,0,0.35225,0.03575,0,1,0,0,0,0,0,0,0,0,0
14,0,1,0,2.585,0,1,0,0,0,0,0,0.0,0,0,0,0,0.5,0,0,0,0.0,0,1,1,0,1,-1.0,0,0,0,1,0,220.0,0,0.2017,1,1,0,0,0,0.002,0.48675,0,0,0,0,0,0,1,0,0,0,0
45,2,3,0,4.0266,2,1,0,0,0,0,0,0.0,0,0,0,0,0.5,0,0,0,0.0,0,0,0,0,0,4390.0,0,0,1,0,0,-1.0,-1,0.2305,0,0,1,1,1,0.004,0.00625,0,0,0,0,0,0,0,0,0,0,1
36,2,2,0,3.4277,1,0,0,0,0,0,0,0.0833,1,0,1,0,0.5,0,0,0,0.0,0,1,2,0,0,-1.0,0,0,0,1,0,85.0,0,0.2519,1,1,0,0,0,0.0995,0.48675,1,0,0,0,0,0,0,0,0,0,0
25,0,1,0,2.75,0,1,0,0,9,0,0,0.0,0,0,0,0,0.5,0,0,0,0.0,0,1,3,0,0,4895.0,0,0,1,1,0,82.0,0,0.205,0,0,0,0,0,0.00325,0.00325,0,0,0,0,0,0,1,0,0,0,0
33,0,2,0,3.1899,1,1,0,0,10,0,0,0.0,0,0,0,0,0.5,0,0,0,0.0,0,1,1,0,0,1389.0,0,0,1,1,0,72.0,0,0.2138,0,0,0,0,0,0.009,0.00025,0,0,0,1,0,0,0,0,0,0,0
38,1,1,1,3.3788,0,1,0,0,7,1,2,0.0833,1,0,1,0,0.15,1,0,0,0.0,0,1,1,0,0,1261.0,0,0,1,0,0,-1.0,-1,0.1459,0,0,1,1,1,0.35225,0.00025,0,0,0,0,0,0,0,0,0,0,1
37,1,1,0,3.5778,0,1,0,0,13,0,0,0.0,0,0,0,0,0.15,1,0,0,0.0,0,0,0,0,0,2262.0,0,0,1,0,0,-1.0,-1,0.1166,0,0,1,1,1,0.35225,0.03575,0,0,0,0,0,0,0,0,0,0,1
27,1,1,0,3.5724,0,1,0,0,0,0,0,0.0,0,0,0,0,0.55,1,0,0,0.0,0,0,0,0,0,-1.0,0,0,0,0,0,-1.0,-1,0.2364,1,1,1,1,1,0.00425,0.48675,0,0,0,0,0,0,0,0,0,0,1
36,0,2,4,4.182,1,0,0,0,0,0,0,0.0,0,0,0,0,0.94,1,0,0,0.0,0,0,0,0,0,7.0,1,0,1,0,0,-1.0,-1,0.3656,0,0,1,1,1,0.01625,0.01125,0,0,0,0,0,0,0,0,0,0,1
28,0,2,0,3.5464,1,1,0,0,0,0,0,0.0,0,0,0,0,0.5,0,0,0,0.0,0,1,1,0,0,10383.0,0,0,1,1,0,64.0,0,0.2209,1,0,0,0,0,0.00925,0.48675,0,1,0,0,0,0,0,0,0,0,0
52,0,1,0,3.0851,0,1,0,0,31,0,0,0.0,0,0,0,0,0.15,1,0,0,0.0,0,0,0,0,0,5882.0,0,0,1,0,0,-1.0,-1,0.1067,0,0,1,1,1,0.35225,0.00025,0,0,0,0,0,0,0,0,0,0,1
18,0,2,0,2.6464,1,1,0,0,0,0,0,0.0833,1,0,1,0,0.5,0,0,0,0.0,0,1,1,0,1,-1.0,0,0,0,1,0,89.0,0,0.2362,1,1,0,0,0,0.002,0.48675,0,0,0,0,0,0,0,0,0,1,0
46,4,2,2,4.386,1,0,0,0,0,0,0,0.0,0,0,0,0,0.5,0,0,0,0.0,0,1,2,0,0,-1.0,0,0,0,1,0,78.0,0,0.2377,1,1,0,0,0,0.0995,0.48675,1,0,0,0,0,0,0,0,0,0,0
37,3,2,0,3.5336,1,0,0,0,0,0,0,0.0833,1,0,1,0,0.5,0,0,0,0.0,0,1,2,0,0,-1.0,0,0,0,1,0,85.0,0,0.254,1,1,0,0,0,0.0995,0.48675,1,0,0,0,0,0,0,0,0,0,0
48,1,2,0,3.8868,1,1,0,0,15,0,0,0.0,0,0,0,0,0.28,1,0,0,0.0,0,1,4,0,0,-1.0,0,0,0,1,0,31.0,0,0.1617,1,1,0,0,0,0.0545,0.48675,0,1,0,0,0,0,0,0,0,0,0
22,0,2,0,3.2389,1,1,0,0,0,0,0,0.0,0,0,0,0,0.5,0,0,0,0.0,0,1,2,0,0,7077.0,0,0,1,1,0,42.0,0,0.2148,0,0,0,0,0,0.0025,0.058,1,0,0,0,0,0,0,0,0,0,0
37,0,2,2,3.8963,1,1,0,0,0,0,0,0.0,0,0,0,0,0.15,1,0,0,0.0,0,1,2,0,0,-1.0,0,0,0,1,0,50.0,0,0.1229,1,1,0,0,0,0.35225,0.48675,1,0,0,0,0,0,0,0,0,0,0
41,2,2,12,4.173,1,0,0,0,0,0,0,0.0,0,0,0,0,0.15,1,0,0,0.0,0,1,2,0,0,4974.0,0,0,1,1,0,34.0,0,0.1285,0,0,0,0,0,0.35225,0.036,1,0,0,0,0,0,0,0,0,0,0
24,0,2,0,3.1899,1,1,0,0,0,0,0,0.0,0,0,0,0,0.15,1,0,0,0.0,0,1,2,0,0,3417.0,0,0,1,1,0,131.0,0,0.1088,0,0,0,0,0,0.35225,0.03575,0,0,0,1,0,0,0,0,0,0,0
46,3,2,4,4.5041,1,0,0,0,0,0,0,0.0,0,0,0,0,0.5,0,0,0,0.0,0,1,2,0,0,-1.0,0,0,0,1,0,74.0,0,0.2401,1,1,0,0,0,0.0995,0.48675,1,0,0,0,0,0,0,0,0,0,0
52,0,1,0,3.7255,0,1,0,0,25,0,0,0.0,0,0,0,0,0.15,1,0,0,0.0,0,1,1,0,0,303.0,0,0,1,0,0,-1.0,0,0.1195,0,0,1,1,0,0.35225,0.058,0,0,0,0,0,0,0,0,0,0,1
38,0,2,0,3.5216,1,1,0,0,16,0,0,0.0,0,0,0,0,0.22,1,0,0,0.0,0,0,0,0,0,63.0,0,1,1,0,0,-1.0,-1,0.1364,0,0,1,1,1,0.0405,0.00425,0,0,0,0,0,0,0,0,0,0,1
19,0,1,0,2.8454,0,1,0,0,0,0,0,0.0,0,0,0,0,0.28,1,0,0,0.0,0,1,3,0,1,2588.0,0,0,1,1,0,55.0,0,0.1409,0,0,0,0,0,0.0545,0.03575,1,0,0,0,0,0,0,0,0,0,0
16,0,1,4,2.75,0,0,0,0,0,0,0,0.0,0,0,0,0,0.1,1,0,0,0.0,0,0,0,0,0,304.0,0,1,1,0,0,-1.0,-1,0.085,0,0,1,1,1,0.02775,0.006,0,0,0,0,0,0,0,0,0,0,1
38,1,2,0,3.9614,1,0,0,0,0,0,0,0.0,0,0,0,0,0.15,1,0,0,0.0,0,1,2,0,0,-1.0,0,0,0,1,0,50.0,0,0.1242,1,1,0,0,0,0.35225,0.48675,1,0,0,0,0,0,0,0,0,0,0
43,0,3,3,3.962,2,1,0,0,0,0,0,0.0,0,0,0,0,0.15,1,0,0,0.0,0,1,2,0,0,-1.0,0,0,0,0,0,-1.0,0,0.1242,1,1,1,1,0,0.35225,0.48675,0,0,0,0,0,0,0,0,0,0,1
31,0,2,0,2.6106,1,1,0,0,9,0,0,0.0,0,0,0,0,0.5,0,0,0,0.0,0,0,0,0,0,11013.0,0,0,1,0,0,-1.0,-1,0.2022,0,0,1,1,1,0.00525,0.0015,0,0,0,0,0,0,0,0,0,0,1
33,1,2,0,3.7035,1,1,0,0,0,0,0,0.0,0,0,0,0,0.15,1,0,0,0.0,0,1,1,0,1,2557.0,0,0,1,1,0,60.0,0,0.1191,0,0,0,0,0,0.35225,0.00375,0,1,0,0,0,0,0,0,0,0,0
28,0,1,0,3.3219,0,1,0,0,10,0,0,0.0,0,0,0,0,0.15,1,0,0,0.0,0,1,8,0,1,-1.0,0,0,0,0,0,-1.0,-1,0.1114,1,1,1,1,1,0.35225,0.48675,0,0,0,0,0,0,0,0,0,0,1
28,0,1,0,3.6842,0,1,0,0,0,0,0,0.0,0,0,0,0,0.15,1,0,0,0.0,0,1,1,0,1,-1.0,0,0,0,1,0,47.0,0,0.1187,1,1,0,0,0,0.35225,0.48675,0,1,0,0,0,0,0,0,0,0,0
16,0,1,0,2.75,0,1,0,0,0,0,0,0.0,0,0,0,0,0.3,1,0,0,0.0,0,1,3,0,0,-1.0,0,0,0,1,0,186.0,0,0.145,1,1,0,0,0,0.00425,0.48675,0,0,0,1,0,0,0,0,0,0,0
23,0,1,0,2.9477,0,1,0,0,6,0,0,0.0,0,0,0,0,0.15,1,0,0,0.0,0,1,1,0,0,9695.0,0,0,1,0,0,-1.0,0,0.104,0,0,1,1,0,0.35225,0.00975,0,0,0,0,0,0,0,0,0,0,1
40,0,2,4,3.6835,1,1,0,0,13,0,1,0.0,0,0,0,0,0.28,1,0,0,0.0,0,1,4,0,0,-1.0,0,0,0,1,0,31.0,0,0.1577,1,1,0,0,0,0.0545,0.48675,0,1,0,0,0,0,0,0,0,0,0
51,3,2,7,4.3793,1,0,0,0,0,0,0,0.0,0,0,0,0,0.5,0,0,0,0.0,0,1,2,0,0,-1.0,0,0,0,1,0,80.0,0,0.2376,1,1,0,0,0,0.0995,0.48675,1,0,0,0,0,0,0,0,0,0,0
22,0,2,0,2.9312,1,1,0,0,0,0,0,0.0,0,0,0,0,0.15,1,0,0,0.0,0,1,2,0,0,10931.0,0,0,1,1,0,23.0,0,0.1036,0,0,0,0,0,0.35225,0.004,0,1,0,0,0,0,0,0,0,0,0
33,1,1,0,3.4972,0,1,0,0,6,0,0,0.0,0,0,0,0,0.15,1,0,0,0.0,0,1,4,0,0,1752.0,0,0,1,1,0,189.0,0,0.1149,0,0,0,0,0,0.35225,0.058,0,0,0,1,0,0,0,0,0,0,0
269,0,2,0,3.3278,1,1,0,0,15,1,3,0.0,0,0,0,0,0.15,1,0,0,0.0,0,1,1,0,0,11405.0,0,0,1,1,0,41.0,0,0.1116,0,0,0,0,0,0.35225,0.058,0,1,0,0,0,0,0,0,0,0,0
49,0,3,0,3.1307,2,1,0,0,24,0,0,0.0,0,0,0,0,0.5,0,0,0,0.0,0,1,1,0,0,56.0,0,0,1,1,0,38.0,0,0.2126,0,0,0,0,0,0.004,0.0035,0,1,0,0,0,0,0,0,0,0,0
48,0,1,8,4.1557,0,1,0,0,9,0,0,0.0,0,0,0,0,0.5,0,0,0,0.0,0,0,0,0,0,-1.0,0,0,0,0,0,-1.0,-1,0.2331,1,1,1,1,1,0.0005,0.48675,0,0,0,0,0,0,0,0,0,0,1
28,0,2,0,3.182,1,1,0,0,6,0,0,0.0,0,0,0,0,0.15,1,0,0,0.0,0,1,2,0,0,10694.0,0,0,1,1,0,178.0,0,0.1086,0,0,0,0,0,0.35225,0.001,0,0,0,0,0,0,0,0,0,0,0
70,0,1,0,3.625,0,1,0,0,0,2,4,0.0,0,0,0,0,0.5,0,0,0,0.0,0,1,1,0,0,-1.0,0,0,1,1,0,85.0,0,0.2225,0,1,0,0,0,0.003,0.00075,0,1,0,0,0,0,0,0,0,0,0
19,0,2,0,2.6464,1,1,0,0,0,0,0,0.0,0,0,0,0,0.5,0,0,0,0.0,0,1,2,0,0,-1.0,0,0,0,1,0,54.0,0,0.2029,1,1,0,0,0,0.00175,0.48675,1,0,0,0,0,0,0,0,0,0,0
23,0,2,0,3.3249,1,1,0,0,0,0,0,0.0,0,0,0,0,0.15,1,0,0,0.0,0,1,2,0,0,9003.0,0,0,1,1,0,159.0,0,0.1115,0,0,0,0,0,0.35225,0.036,0,0,0,0,0,0,0,0,0,0,0
21,0,2,0,2.8554,1,1,0,0,0,0,0,0.0,0,0,0,0,0.15,1,0,0,0.0,0,1,2,0,0,10740.0,0,0,1,1,0,40.0,0,0.1021,0,0,0,0,0,0.35225,0.0035,1,0,0,0,0,0,0,0,0,0,0
22,0,1,0,2.8963,0,1,0,0,0,0,0,0.0,0,0,0,0,0.15,1,0,0,0.0,0,1,2,0,1,5906.0,0,1,1,1,0,158.0,0,0.1029,0,0,0,0,0,0.35225,0.0005,0,0,0,1,0,0,0,0,0,0,0
22,0,2,5,3.027,1,1,0,0,0,0,0,0.0,0,0,0,0,0.94,1,0,0,0.0,0,0,0,0,0,229.0,0,1,1,0,0,-1.0,-1,0.3425,0,0,1,1,1,0.01625,0.01225,0,0,0,0,0,0,0,0,0,0,1
19,0,1,0,3.2776,0,1,0,0,0,0,0,0.0,0,0,0,0,0.85,1,0,0,0.0,0,0,0,0,1,4260.0,0,0,1,0,0,-1.0,-1,0.3206,0,0,1,1,1,0.0025,0.00025,0,0,0,0,0,0,0,0,0,0,1
119,0,3,0,3.1307,2,1,0,0,41,1,2,0.0,0,0,0,0,0.5,0,0,0,0.0,0,1,1,0,0,-1.0,0,0,1,1,0,67.0,0,0.2126,0,1,0,0,0,0.00225,0.002,0,1,0,0,0,0,0,0,0,0,0
14,0,1,1,2.585,0,1,0,0,0,0,0,0.0,0,0,0,0,0.28,1,0,0,0.0,0,1,3,0,1,1145.0,0,0,1,1,0,59.0,0,0.1357,0,0,0,0,0,0.0545,0.00625,1,0,0,0,0,0,0,0,0,0,0
42,2,2,6,4.2108,1,1,0,0,0,0,0,0.0833,1,0,1,0,0.35,1,0,0,0.0,0,1,2,0,0,-1.0,0,0,0,1,0,31.0,0,0.2225,1,1,0,0,0,0.08025,0.48675,0,1,0,0,0,0,0,0,0,0,0
57,0,2,4,4.182,1,1,0,0,21,0,0,0.0,0,0,0,0,0.94,1,0,0,0.0,0,0,0,0,0,7.0,1,0,1,0,0,-1.0,-1,0.3656,0,0,1,1,1,0.01625,0.01125,0,0,0,0,0,0,0,0,0,0,1
30,0,2,6,3.1962,1,1,0,0,0,0,0,0.0,0,0,0,0,0.5,0,0,0,0.0,0,1,2,0,0,-1.0,0,0,0,1,0,69.0,0,0.2139,1,1,0,0,0,0.0995,0.48675,0,1,0,0,0,0,0,0,0,0,0
182,0,3,0,3.1307,2,1,0,0,45,3,8,0.0,0,0,0,0,0.5,0,0,0,0.0,0,1,1,0,0,149.0,0,0,1,1,0,33.0,0,0.2126,0,0,0,0,0,0.00325,0.00275,0,1,0,0,0,0,0,0,0,0,0
33,0,3,3,3.7721,2,1,0,0,0,0,0,0.0,0,0,0,0,0.5,0,0,0,0.0,0,1,2,0,0,-1.0,0,0,0,1,0,73.0,0,0.2254,1,1,0,0,0,0.0995,0.48675,0,1,0,0,0,0,0,0,0,0,0
32,0,1,0,3.1219,0,1,0,0,14,0,0,0.0,0,0,0,0,0.5,0,0,0,0.0,0,1,1,0,0,7060.0,0,0,1,1,0,166.0,0,0.2124,0,0,0,0,0,0.02275,0.012,0,0,0,0,0,1,0,0,0,0,0
29,1,2,4,3.9161,1,0,0,0,0,0,0,0.0,0,0,0,0,0.5,0,0,0,0.0,0,0,0,0,0,-1.0,0,0,0,0,0,-1.0,-1,0.2283,1,1,1,1,1,0.0995,0.48675,0,0,0,0,0,0,0,0,0,0,1
34,0,1,0,2.9219,0,1,0,0,16,0,0,0.1667,2,0,2,0,0.5,0,0,0,0.0,0,1,1,0,1,-1.0,0,0,0,1,0,67.0,0,0.2751,1,1,0,0,0,0.00225,0.48675,0,0,0,0,1,0,0,0,0,0,0
210,0,3,0,3.6538,2,1,0,0,21,5,20,0.1667,2,0,2,0,0.5,0,0,0,0.0,0,0,0,0,0,-1.0,0,0,0,0,0,-1.0,-1,0.2898,1,1,1,1,1,0.00975,0.48675,0,0,0,0,0,0,0,0,0,0,1
30,0,2,0,3.25,1,1,0,0,6,0,0,0.0,0,0,0,0,0.5,0,0,0,0.0,0,1,2,0,1,8360.0,0,0,1,1,0,59.0,0,0.215,1,0,0,0,0,0.00925,0.48675,1,0,0,0,0,0,0,0,0,0,0
24,0,1,0,3.3736,0,1,0,0,0,0,0,0.0,0,0,0,0,0.15,1,0,0,0.0,0,0,0,0,0,124.0,0,0,1,0,0,-1.0,-1,0.1125,0,0,1,1,1,0.35225,0.03575,0,0,0,0,0,0,0,0,0,0,1
31,1,1,0,3.7544,0,1,0,0,0,0,0,0.0,0,0,0,0,0.55,1,0,0,0.0,0,0,0,0,0,-1.0,0,0,0,0,0,-1.0,-1,0.2401,1,1,1,1,1,0.00425,0.48675,0,0,0,0,0,0,0,0,0,0,1
57,0,2,4,4.182,1,1,0,0,21,0,0,0.0,0,0,0,0,0.94,1,0,0,0.0,0,0,0,0,0,7.0,1,0,1,0,0,-1.0,-1,0.3656,0,0,1,1,1,0.01625,0.01125,0,0,0,0,0,0,0,0,0,0,1
19,1,1,1,3.0958,0,0,0,0,0,0,0,0.1667,2,0,2,0,0.15,1,0,0,0.0,0,0,0,0,0,3.0,1,0,1,0,0,-1.0,-1,0.1736,0,0,1,1,1,0.35225,0.00075,0,0,0,0,0,0,0,0,0,0,1
117,0,3,0,3.1307,2,1,0,0,37,1,2,0.0,0,0,0,0,0.5,0,0,0,0.0,0,1,1,0,0,56.0,0,0,1,1,0,38.0,0,0.2126,0,0,0,0,0,0.004,0.0035,0,1,0,0,0,0,0,0,0,0,0
47,4,2,3,4.4649,1,0,0,0,0,0,0,0.0,0,0,0,0,0.5,0,0,0,0.0,0,1,2,0,0,-1.0,0,0,0,1,0,83.0,0,0.2393,1,1,0,0,0,0.0995,0.48675,1,0,0,0,0,0,0,0,0,0,0
31,0,1,0,3.5725,0,1,0,0,6,0,0,0.0,0,0,0,0,0.15,1,0,0,0.0,0,0,0,0,0,7382.0,0,0,1,0,0,-1.0,-1,0.1164,0,0,1,1,1,0.35225,0.019,0,0,0,0,0,0,0,0,0,0,1
45,0,2,0,3.2928,1,1,0,0,20,0,0,0.0,0,0,0,0,0.15,1,0,0,0.0,0,1,1,0,0,9266.0,0,0,1,1,0,188.0,0,0.1109,0,0,0,0,0,0.35225,0.036,0,0,0,1,0,0,0,0,0,0,0
21,1,1,0,3.1808,0,1,0,0,0,0,0,0.0,0,0,0,0,0.15,1,0,0,0.0,0,1,2,0,0,447.0,0,0,1,1,0,56.0,0,0.1086,0,0,0,0,0,0.35225,0.0065,1,0,0,0,0,0,0,0,0,0,0
38,2,3,2,4.0566,2,0,0,0,0,0,0,0.0833,1,0,1,0,0.15,1,0,0,0.0,0,1,2,0,0,-1.0,0,0,0,0,0,-1.0,0,0.1595,1,1,1,1,0,0.35225,0.48675,0,0,0,0,0,0,0,0,0,0,1
39,2,2,0,3.5375,1,0,0,0,0,0,0,0.3167,1,0,1,1,0.7,1,0,0,0.0,0,1,2,0,0,2734.0,0,0,1,1,0,62.0,0,0.4074,0,0,0,0,0,0.0095,0.0155,0,1,0,0,0,0,0,0,0,0,0
38,2,2,0,3.604,1,1,0,0,0,0,0,0.3167,2,0,2,1,0.35,1,0,0,0.0,0,0,0,0,0,-1.0,0,0,0,0,0,-1.0,-1,0.3038,1,1,1,1,1,0.08025,0.48675,0,0,0,0,0,0,0,0,0,0,1
24,0,2,0,3.1396,1,1,0,0,0,0,0,0.0,0,0,0,0,0.15,1,0,0,0.0,0,1,2,0,0,4433.0,0,1,1,1,0,48.0,0,0.1078,0,0,0,0,0,0.35225,0.01575,1,0,0,0,0,0,0,0,0,0,0
50,4,2,2,4.4123,1,1,0,0,0,0,0,0.0,0,0,0,0,0.5,0,0,0,0.0,0,1,2,0,0,-1.0,0,0,0,1,0,77.0,0,0.2382,1,1,0,0,0,0.0995,0.48675,1,0,0,0,0,0,0,0,0,0,0
40,1,2,0,3.682,1,1,0,0,4,0,0,0.0,0,0,0,0,0.28,1,0,0,0.0,0,1,2,0,0,-1.0,0,0,0,1,0,74.0,0,0.1576,1,1,0,0,0,0.0545,0.48675,1,0,0,0,0,0,0,0,0,0,0
24,0,1,0,3.3219,0,1,0,0,6,0,0,0.0,0,0,0,0,0.15,1,0,0,0.0,0,1,2,0,1,10323.0,0,0,1,1,0,81.0,0,0.1114,0,0,0,0,0,0.35225,0.0005,1,0,0,0,0,0,0,0,0,0,0
21,0,2,0,3.0221,1,1,0,0,0,0,0,0.0,0,0,0,0,0.02,1,0,0,0.0,0,1,1,0,0,14302.0,0,0,1,1,0,30.0,0,0.0664,1,0,0,0,0,0.0075,0.48675,0,0,0,0,0,0,0,0,0,0,0
33,0,3,0,3.3729,2,1,0,0,0,0,0,0.0,0,0,0,0,0.5,0,0,0,0.0,0,1,1,0,0,8059.0,0,0,1,1,0,87.0,0,0.2175,0,0,0,0,0,0.009,0.00025,0,0,0,0,0,0,0,0,0,0,0
49,4,2,2,4.3451,1,0,0,0,0,0,0,0.1667,2,0,2,0,0.5,0,0,0,0.0,0,1,2,0,0,-1.0,0,0,0,1,0,86.0,0,0.3036,1,1,0,0,0,0.0995,0.48675,1,0,0,0,0,0,0,0,0,0,0
31,0,1,0,3.4194,0,1,0,0,5,0,0,0.1667,1,0,1,0,0.7,1,0,0,0.0,0,0,0,0,0,5.0,1,1,1,0,0,-1.0,-1,0.3451,0,0,1,1,1,0.0095,0.00375,0,0,0,0,0,0,0,0,0,0,1
20,1,1,1,3.0958,0,1,0,0,0,0,0,0.1667,2,0,2,0,0.15,1,0,0,0.0,0,0,0,0,0,2.0,1,0,1,0,0,-1.0,-1,0.1736,0,0,1,1,1,0.35225,0.00075,0,0,0,0,0,0,0,0,0,0,1
66,6,3,5,4.2173,2,0,0,0,0,0,0,0.25,3,0,3,0,0.35,1,0,0,0.0,0,1,2,0,0,-1.0,0,0,0,0,0,-1.0,0,0.2893,1,1,1,1,0,0.08025,0.48675,0,0,0,0,0,0,0,0,0,0,1
18,0,2,0,2.4464,1,1,0,0,0,0,0,0.1667,2,0,2,0,0.5,0,0,0,0.0,0,1,1,0,0,-1.0,0,0,0,1,0,136.0,0,0.2656,1,1,0,0,0,0.002,0.48675,0,0,0,0,0,0,1,0,0,0,0
47,4,2,3,4.4649,1,0,0,0,0,0,0,0.0,0,0,0,0,0.5,0,0,0,0.0,0,1,2,0,0,-1.0,0,0,0,1,0,83.0,0,0.2393,1,1,0,0,0,0.0995,0.48675,1,0,0,0,0,0,0,0,0,0,0
42,0,2,0,3.962,1,0,0,0,0,0,0,0.0,0,0,0,0,0.15,1,0,0,0.0,0,1,2,0,0,-1.0,0,0,0,1,0,50.0,0,0.1242,1,1,0,0,0,0.35225,0.48675,1,0,0,0,0,0,0,0,0,0,0
17,0,2,0,2.7255,1,1,0,0,0,0,0,0.1667,2,0,2,0,0.5,0,0,0,0.0,0,1,1,0,0,-1.0,0,0,0,1,0,56.0,0,0.2712,1,1,0,0,0,0.00975,0.48675,0,0,0,0,1,0,0,0,0,0,0
31,0,2,0,3.1377,1,1,0,0,0,0,0,0.0,0,0,0,0,0.5,0,0,0,0.0,0,1,3,0,1,10127.0,0,0,1,1,0,40.0,0,0.2128,1,0,0,0,0,0.00925,0.48675,1,0,0,0,0,0,0,0,0,0,0
37,0,2,0,3.3278,1,0,0,0,14,0,0,0.0,0,0,0,0,0.28,1,0,0,0.0,0,1,4,0,0,-1.0,0,0,0,1,0,31.0,0,0.1506,1,1,0,0,0,0.0545,0.48675,0,1,0,0,0,0,0,0,0,0,0
46,5,2,8,4.1986,1,0,0,0,0,0,0,0.0833,1,0,1,0,0.5,0,0,0,0.0,0,1,2,0,0,-1.0,0,0,0,1,0,81.0,0,0.2673,1,1,0,0,0,0.0995,0.48675,1,0,0,0,0,0,0,0,0,0,0
29,1,1,0,2.5949,0,1,0,0,10,0,0,0.0,0,0,0,0,0.15,1,0,0,0.0,0,1,1,0,1,10747.0,0,1,1,1,0,191.0,0,0.0969,0,0,0,0,0,0.35225,0.001,0,0,0,0,1,0,0,0,0,0,0
40,0,1,0,3.6219,0,1,0,0,12,0,0,0.0,0,0,0,0,0.15,1,0,0,0.0,0,1,4,0,1,9691.0,0,0,1,1,0,166.0,0,0.1174,0,0,0,0,0,0.35225,0.0035,0,0,0,1,0,0,0,0,0,0,0
21,0,1,0,3.1808,0,1,0,0,0,0,0,0.0,0,0,0,0,0.15,1,0,0,0.0,0,1,1,0,0,1970.0,0,0,1,1,0,208.0,0,0.1086,0,0,0,0,0,0.35225,0.058,0,0,0,0,0,1,0,0,0,0,0
38,0,1,0,3.3249,0,1,0,0,16,0,0,0.0,0,0,0,0,0.15,1,0,0,0.0,0,1,1,0,0,7858.0,0,0,1,1,0,50.0,0,0.1115,0,0,0,0,0,0.35225,0.036,1,0,0,0,0,0,0,0,0,0,0
39,2,2,0,3.7899,1,1,0,0,0,0,0,0.1667,2,0,2,0,0.15,1,0,0,0.0,0,1,2,0,0,-1.0,0,0,0,1,0,50.0,0,0.1875,1,1,0,0,0,0.35225,0.48675,1,0,0,0,0,0,0,0,0,0,0
46,1,3,7,4.4386,2,0,0,0,0,0,0,0.0833,1,0,1,0,0.35,1,0,0,0.0,0,1,2,0,0,-1.0,0,0,0,0,0,-1.0,0,0.2271,1,1,1,1,0,0.08025,0.48675,0,0,0,0,0,0,0,0,0,0,1
36,0,1,0,3.7947,0,1,0,0,10,0,0,0.0,0,0,0,0,0.15,1,0,0,0.0,0,1,2,0,0,1.0,1,1,1,1,0,88.0,0,0.1209,0,0,0,0,0,0.35225,0.006,1,0,0,0,0,0,0,0,0,0,0
105,0,2,0,3.736,1,1,0,0,7,1,4,0.2333,1,0,1,1,0.35,1,0,0,0.0,0,1,4,0,0,-1.0,0,0,0,1,0,65.0,0,0.273,1,1,0,0,0,0.08025,0.48675,0,0,0,1,0,0,0,0,0,0,0
43,0,2,0,3.9573,1,0,0,0,0,0,0,0.0,0,0,0,0,0.15,1,0,0,0.0,0,1,2,0,0,7431.0,0,0,1,1,0,37.0,0,0.1241,0,0,0,0,0,0.35225,0.036,0,1,0,0,0,0,0,0,0,0,0
41,0,1,1,3.6402,0,1,0,0,18,0,0,0.0,0,0,0,0,0.5,0,0,0,0.0,0,0,0,0,0,1.0,1,1,1,0,0,-1.0,-1,0.2228,0,0,1,1,1,0.0035,0.00275,0,0,0,0,0,0,0,0,0,0,1
36,0,1,0,3.0391,0,1,0,0,7,1,2,0.0,0,0,0,0,0.15,1,0,0,0.0,0,1,1,0,0,5619.0,0,1,1,0,0,-1.0,0,0.1058,0,0,1,1,0,0.35225,0.01125,0,0,0,0,0,0,0,0,0,0,1
30,1,3,1,3.6897,2,1,0,0,0,0,0,0.0,0,0,0,0,0.5,0,0,0,0.0,0,0,0,0,0,4.0,1,0,1,0,0,-1.0,-1,0.2238,0,0,1,1,1,0.01325,0.00075,0,0,0,0,0,0,0,0,0,0,1
49,4,2,2,4.3451,1,0,0,0,0,0,0,0.0,0,0,0,0,0.5,0,0,0,0.0,0,1,2,0,0,-1.0,0,0,0,1,0,78.0,0,0.2369,1,1,0,0,0,0.0995,0.48675,1,0,0,0,0,0,0,0,0,0,0
32,0,1,0,3.2389,0,1,0,0,11,0,0,0.0,0,0,0,0,0.15,1,0,0,0.0,0,1,8,0,1,5896.0,0,0,1,0,0,-1.0,-1,0.1098,0,0,1,1,1,0.35225,0.0155,0,0,0,0,0,0,0,0,0,0,1
36,0,1,0,3.1699,0,1,0,0,19,0,0,0.0,0,0,0,0,0.22,1,0,0,0.0,0,0,0,0,0,3739.0,0,0,1,0,0,-1.0,-1,0.1294,0,0,1,1,1,0.0405,0.03575,0,0,0,0,0,0,0,0,0,0,1
51,2,2,4,3.9233,1,1,0,0,14,0,0,0.0,0,0,0,0,0.28,1,0,0,0.0,0,1,4,0,0,-1.0,0,0,0,1,0,31.0,0,0.1625,1,1,0,0,0,0.0545,0.48675,0,1,0,0,0,0,0,0,0,0,0
22,0,1,0,3.0,0,1,0,0,6,0,0,0.0,0,0,0,0,0.5,0,0,0,0.0,0,1,6,0,0,10853.0,0,0,1,1,0,35.0,0,0.21,0,0,0,0,0,0.02275,0.012,0,1,0,0,0,0,0,0,0,0,0
24,0,1,0,3.3278,0,1,0,0,0,0,0,0.0833,1,0,1,0,0.35,1,0,0,0.0,0,1,2,0,0,-1.0,0,0,0,1,0,38.0,0,0.2049,1,1,0,0,0,0.08025,0.48675,1,0,0,0,0,0,0,0,0,0,0
26,0,1,0,2.9477,0,1,0,0,9,0,0,0.0,0,0,0,0,0.15,1,0,0,0.0,0,1,1,0,0,5512.0,0,0,1,0,0,-1.0,-1,0.104,0,0,1,1,1,0.35225,0.00975,0,0,0,0,0,0,0,0,0,0,1
27,0,2,0,3.3921,1,1,0,0,0,0,0,0.0,0,0,0,0,0.15,1,0,0,0.0,0,1,4,0,0,10673.0,0,0,1,1,0,140.0,0,0.1128,0,0,0,0,0,0.35225,0.013,0,0,0,0,1,0,0,0,0,0,0
37,0,1,0,3.2516,0,1,0,0,17,0,0,0.0,0,0,0,0,0.15,1,0,0,0.0,0,1,1,0,1,6738.0,0,0,1,1,0,64.0,0,0.11,0,0,0,0,0,0.35225,0.058,0,1,0,0,0,0,0,0,0,0,0
28,1,2,0,3.6163,1,1,0,0,0,0,0,0.3333,3,0,3,0,0.35,1,0,0,0.0,0,1,2,0,0,-1.0,0,0,0,1,0,55.0,0,0.3106,1,1,0,0,0,0.08025,0.48675,1,0,0,0,0,0,0,0,0,0,0
25,0,1,0,3.0958,0,1,0,0,6,0,0,0.0,0,0,0,0,0.15,1,0,0,0.0,0,1,2,0,1,10615.0,0,0,1,1,0,156.0,0,0.1069,0,0,0,0,0,0.35225,0.036,0,0,0,0,0,0,0,0,0,0,0
34,1,2,0,2.7899,1,1,0,0,11,0,0,0.25,3,0,3,0,0.15,1,0,0,0.0,0,1,2,0,0,10127.0,0,0,1,1,0,88.0,0,0.2008,0,0,0,0,0,0.35225,0.00175,1,0,0,0,0,0,0,0,0,0,0
20,0,2,0,2.4817,1,1,0,0,0,0,0,0.0,0,0,0,0,0.5,0,0,0,0.0,0,1,8,0,0,-1.0,0,0,0,1,0,225.0,0,0.1996,1,1,0,0,0,0.01075,0.48675,0,0,0,0,0,0,0,0,0,0,0
38,0,1,0,3.0851,0,1,0,0,17,0,0,0.0,0,0,0,0,0.15,1,0,0,0.0,0,1,2,0,1,11896.0,0,0,1,1,0,64.0,0,0.1067,0,0,0,0,0,0.35225,0.0155,1,0,0,0,0,0,0,0,0,0,0
22,0,2,7,3.3788,1,0,0,0,0,0,0,0.0,0,0,0,0,0.5,0,0,0,0.0,0,0,0,0,0,7.0,1,1,1,0,0,-1.0,-1,0.2176,0,0,1,1,1,0.00375,0.006,0,0,0,0,0,0,0,0,0,0,1
52,2,2,0,3.7303,1,1,0,0,12,0,0,0.0833,1,0,1,0,0.35,1,0,0,0.0,0,1,2,0,0,-1.0,0,0,0,1,0,55.0,0,0.2129,1,1,0,0,0,0.08025,0.48675,1,0,0,0,0,0,0,0,0,0,0
33,0,2,0,3.0958,1,1,0,0,14,0,0,0.0,0,0,0,0,0.5,0,0,0,0.0,0,1,1,0,0,-1.0,0,0,0,1,0,103.0,0,0.2119,1,1,0,0,0,0.01325,0.48675,0,0,1,0,0,0,0,0,0,0,0
39,0,2,0,3.6267,1,1,0,0,0,0,0,0.0,0,0,0,0,0.15,1,0,0,0.0,0,1,2,0,0,4974.0,0,0,1,1,0,34.0,0,0.1175,0,0,0,0,0,0.35225,0.0155,1,0,0,0,0,0,0,0,0,0,0
46,4,2,7,4.4714,1,0,0,0,0,0,0,0.0,0,0,0,0,0.5,0,0,0,0.0,0,1,2,0,0,-1.0,0,0,0,1,0,77.0,0,0.2394,1,1,0,0,0,0.0995,0.48675,1,0,0,0,0,0,0,0,0,0,0
49,4,2,2,4.3451,1,0,0,0,0,0,0,0.0,0,0,0,0,0.5,0,0,0,0.0,0,1,2,0,0,-1.0,0,0,0,1,0,78.0,0,0.2369,1,1,0,0,0,0.0995,0.48675,1,0,0,0,0,0,0,0,0,0,0
45,4,2,4,4.3915,1,0,0,0,0,0,0,0.0,0,0,0,0,0.5,0,0,0,0.0,0,1,2,0,0,-1.0,0,0,0,1,0,76.0,0,0.2378,1,1,0,0,0,0.0995,0.48675,1,0,0,0,0,0,0,0,0,0,0
36,0,1,0,3.5216,0,1,0,0,7,1,2,0.0,0,0,0,0,0.15,1,0,0,0.0,0,1,2,0,0,655.0,0,0,1,1,0,85.0,0,0.1154,0,0,0,0,0,0.35225,0.019,0,0,0,1,0,0,0,0,0,0,0
44,0,2,3,3.5724,1,1,0,0,17,0,0,0.0,0,0,0,0,0.28,1,0,0,0.0,0,1,4,0,0,-1.0,0,0,0,1,0,31.0,0,0.1554,1,1,0,0,0,0.0545,0.48675,0,1,0,0,0,0,0,0,0,0,0
24,0,1,0,2.8278,0,1,0,0,0,0,0,0.0,0,0,0,0,0.5,0,0,0,0.0,0,1,1,0,0,-1.0,0,0,0,1,0,21.0,0,0.2066,1,1,0,0,0,0.002,0.48675,0,0,0,0,0,0,0,0,0,1,0
26,0,1,0,2.6887,0,1,0,0,6,0,0,0.0,0,0,0,0,0.02,1,0,0,0.0,0,1,3,0,0,11275.0,0,0,1,0,0,-1.0,-1,0.0598,1,0,1,1,1,0.0075,0.48675,0,0,0,0,0,0,0,0,0,0,1
27,0,2,0,3.4194,1,1,0,0,0,0,0,0.0,0,0,0,0,0.15,1,0,0,0.0,0,1,1,0,0,8442.0,0,0,1,1,0,35.0,0,0.1134,0,0,0,0,0,0.35225,0.00975,0,1,0,0,0,0,0,0,0,0,0
38,2,2,0,3.6981,1,0,0,0,0,0,0,0.0833,1,0,1,0,0.5,0,0,0,0.0,0,1,2,0,0,-1.0,0,0,0,1,0,67.0,0,0.2573,1,1,0,0,0,0.0995,0.48675,1,0,0,0,0,0,0,0,0,0,0
46,4,2,4,3.936,1,1,0,0,0,0,0,0.3333,3,0,4,0,0.35,1,0,0,0.0,0,1,1,0,0,-1.0,0,0,0,1,0,66.0,0,0.317,1,1,0,0,0,0.08025,0.48675,1,0,0,0,0,0,0,0,0,0,0
67,0,2,0,3.1751,1,1,0,0,41,0,0,0.0,0,0,0,0,0.15,1,0,0,0.0,0,1,1,0,0,12876.0,0,0,1,1,0,168.0,0,0.1085,0,0,0,0,0,0.35225,0.036,0,0,0,0,0,0,0,0,0,1,0
46,1,2,0,3.8279,1,1,0,0,14,0,0,0.0,0,0,0,0,0.28,1,0,0,0.0,0,1,1,0,0,-1.0,0,0,0,0,0,-1.0,0,0.1606,1,1,1,1,0,0.0545,0.48675,0,0,0,0,0,0,0,0,0,0,1
45,4,2,4,4.0697,1,1,0,0,0,0,0,0.3333,3,0,4,0,0.35,1,0,0,0.0,0,1,1,0,0,-1.0,0,0,0,1,0,66.0,0,0.3197,1,1,0,0,0,0.08025,0.48675,1,0,0,0,0,0,0,0,0,0,0
49,0,2,0,3.0575,1,1,0,0,24,0,0,0.0,0,0,0,0,0.22,1,0,0,0.0,0,1,2,0,0,-1.0,0,0,0,1,0,40.0,0,0.1272,1,1,0,0,0,0.0405,0.48675,1,0,0,0,0,0,0,0,0,0,0
28,0,2,0,3.4714,1,1,0,0,0,0,0,0.0833,1,0,1,0,0.35,1,0,0,0.0,0,1,2,0,0,-1.0,0,0,0,1,0,229.0,0,0.2077,1,1,0,0,0,0.08025,0.48675,0,0,0,0,0,0,0,0,0,0,0
85,9,3,5,4.3115,2,0,0,0,0,0,0,0.3333,4,0,4,0,0.35,1,0,0,0.0,0,1,2,0,0,-1.0,0,0,0,0,0,-1.0,0,0.3246,1,1,1,1,0,0.08025,0.48675,0,0,0,0,0,0,0,0,0,0,1
55,0,2,2,3.9702,1,1,0,0,22,0,0,0.0,0,0,0,0,0.28,1,0,0,0.0,0,1,4,0,0,-1.0,0,0,0,1,0,31.0,0,0.1634,1,1,0,0,0,0.0545,0.48675,0,1,0,0,0,0,0,0,0,0,0
30,0,2,0,3.1924,1,1,0,0,0,0,0,0.0,0,0,0,0,0.15,1,0,0,0.0,0,1,2,0,0,6316.0,0,0,1,1,0,83.0,0,0.1088,0,0,0,0,0,0.35225,0.058,1,0,0,0,0,0,0,0,0,0,0
35,0,1,2,3.2359,0,1,0,0,13,0,0,0.0,0,0,0,0,0.15,1,0,0,0.0,0,1,2,0,1,4638.0,0,0,1,1,0,38.0,0,0.1097,0,0,0,0,0,0.35225,0.0035,1,0,0,0,0,0,0,0,0,0,0
40,0,3,0,3.0131,2,1,0,0,15,0,0,0.0,0,0,0,0,0.93,1,0,0,0.0,0,1,1,0,0,-1.0,0,0,0,0,0,-1.0,0,0.3393,1,1,1,1,0,0.00375,0.48675,0,0,0,0,0,0,0,0,0,0,1
26,0,1,0,3.6169,0,1,0,0,0,0,0,0.0,0,0,0,0,0.15,1,0,0,0.0,0,1,1,0,0,4.0,1,0,1,1,0,87.0,0,0.1173,0,0,0,0,0,0.35225,0.058,0,1,0,0,0,0,0,0,0,0,0
31,0,2,0,2.6106,1,1,0,0,9,0,0,0.0,0,0,0,0,0.5,0,0,0,0.0,0,1,1,0,0,11013.0,0,0,1,1,0,77.0,0,0.2022,0,0,0,0,0,0.00525,0.0015,0,0,0,0,0,0,0,0,0,1,0
82,9,3,5,4.2625,2,0,0,0,0,0,0,0.25,3,0,3,0,0.35,1,0,0,0.0,0,1,2,0,0,-1.0,0,0,0,0,0,-1.0,0,0.2903,1,1,1,1,0,0.08025,0.48675,0,0,0,0,0,0,0,0,0,0,1
50,1,2,0,3.5766,1,1,0,0,23,0,0,0.0833,1,0,1,0,0.28,1,0,0,0.0,0,1,4,0,0,-1.0,0,0,0,1,0,31.0,0,0.1889,1,1,0,0,0,0.0545,0.48675,0,1,0,0,0,0,0,0,0,0,0
30,0,2,0,3.6897,1,1,0,0,0,0,0,0.0,0,0,0,0,0.5,0,0,0,0.0,0,1,4,0,0,6452.0,0,0,1,1,0,220.0,0,0.2238,1,0,0,0,0,0.00175,0.48675,0,0,0,1,0,0,0,0,0,0,0
29,0,2,0,3.5842,1,1,0,0,0,0,0,0.0,0,0,0,0,0.15,1,0,0,0.0,0,1,4,0,0,8340.0,0,0,1,1,0,169.0,0,0.1167,0,0,0,0,0,0.35225,0.058,0,0,0,1,0,0,0,0,0,0,0
35,0,1,0,3.4613,0,1,0,0,9,0,0,0.0,0,0,0,0,0.15,1,0,0,0.0,0,1,3,0,0,387.0,0,1,1,1,0,74.0,0,0.1142,0,0,0,0,0,0.35225,0.01575,1,0,0,0,0,0,0,0,0,0,0
58,0,2,0,3.6819,1,1,0,0,19,1,3,0.0,0,0,0,0,0.15,1,0,0,0.0,0,1,3,0,0,8310.0,0,0,1,0,0,-1.0,-1,0.1186,0,0,1,1,1,0.35225,0.0005,0,0,0,0,0,0,0,0,0,0,1
36,1,1,0,3.7345,0,1,0,0,11,0,0,0.3333,3,0,3,0,0.5,0,0,0,0.0,0,1,1,0,0,-1.0,0,0,0,1,0,189.0,0,0.358,1,1,0,0,0,0.01075,0.48675,0,0,0,0,0,0,1,0,0,0,0
37,1,3,0,3.7483,2,0,0,0,4,0,0,0.0,0,0,0,0,0.15,1,0,0,0.0,0,0,0,0,0,-1.0,0,0,0,0,0,-1.0,-1,0.12,1,1,1,1,1,0.35225,0.48675,0,0,0,0,0,0,0,0,0,0,1
25,0,1,0,3.0958,0,1,0,0,6,0,0,0.1667,2,0,2,0,0.5,1,0,0,0.0,0,1,1,0,0,-1.0,0,0,0,0,0,-1.0,-1,0.2786,1,1,1,1,1,0.00075,0.48675,0,0,0,0,0,0,0,0,0,0,1
24,0,1,0,2.0,0,0,0,0,13,0,0,0.0,0,0,0,0,0.5,0,0,0,0.0,0,1,1,0,1,1718.0,0,0,1,1,0,116.0,0,0.19,0,0,0,0,0,0.00125,0.00075,0,0,0,0,0,0,0,0,0,1,0
48,4,2,2,4.4842,1,0,0,0,0,0,0,0.0,0,0,0,0,0.5,0,0,0,0.0,0,1,2,0,0,-1.0,0,0,0,1,0,76.0,0,0.2397,1,1,0,0,0,0.0995,0.48675,1,0,0,0,0,0,0,0,0,0,0
47,0,1,0,3.1699,0,1,0,0,30,0,0,0.0,0,0,0,0,0.5,0,0,0,0.0,0,0,0,0,0,-1.0,0,0,0,0,0,-1.0,-1,0.2134,1,1,1,1,1,0.00025,0.48675,0,0,0,0,0,0,0,0,0,0,1
22,0,1,0,3.2359,0,1,0,0,0,0,0,0.0,0,0,0,0,0.15,1,0,0,0.0,0,1,2,0,0,1385.0,0,0,1,1,0,73.0,0,0.1097,0,0,0,0,0,0.35225,0.00475,1,0,0,0,0,0,0,0,0,0,0
60,0,2,0,3.6819,1,1,0,0,33,0,1,0.0,0,0,0,0,0.15,1,0,0,0.0,0,1,1,0,0,11009.0,0,1,1,1,0,56.0,0,0.1186,0,0,0,0,0,0.35225,0.00325,0,0,0,0,0,0,0,0,0,0,0
24,0,2,0,3.1899,1,1,0,0,0,0,0,0.0,0,0,0,0,0.5,0,0,0,0.0,0,0,0,0,0,5.0,1,1,1,0,0,-1.0,-1,0.2138,0,0,1,1,1,0.001,0.006,0,0,0,0,0,0,0,0,0,0,1
40,1,2,0,3.2211,1,1,0,0,13,0,1,0.0,0,0,0,1,0.15,1,0,0,0.0,0,1,3,0,0,9480.0,0,0,1,1,0,66.0,0,0.1094,0,0,0,0,0,0.35225,0.00175,1,0,0,0,0,0,0,0,0,0,0
17,0,1,0,2.5,0,1,0,0,0,0,0,0.0,0,0,0,0,0.5,0,0,0,0.0,0,1,1,0,1,9287.0,0,0,1,1,0,145.0,0,0.2,0,0,0,0,0,0.00125,0.00025,0,0,0,0,0,0,0,0,0,0,0
168,1,1,0,3.3921,0,1,0,0,6,1,2,0.0,0,0,0,0,0.15,1,0,0,0.0,0,0,0,0,0,136.0,0,0,1,0,0,-1.0,-1,0.1128,0,0,1,1,1,0.35225,0.03575,0,0,0,0,0,0,0,0,0,0,1
35,0,1,0,3.6424,0,1,0,0,0,0,0,0.0,0,0,0,0,0.55,1,0,0,0.0,0,1,2,0,0,-1.0,0,0,0,1,0,89.0,0,0.2378,1,1,0,0,0,0.00425,0.48675,1,0,0,0,0,0,0,0,0,0,0
36,0,2,0,3.4806,1,1,0,0,0,0,0,0.0,0,0,0,0,0.15,1,0,0,0.0,0,1,2,0,0,7431.0,0,0,1,1,0,37.0,0,0.1146,0,0,0,0,0,0.35225,0.036,0,1,0,0,0,0,0,0,0,0,0
24,0,1,0,2.4464,0,1,0,0,6,0,0,0.0,0,0,0,0,0.15,1,0,0,0.0,0,0,0,0,0,1446.0,0,0,1,0,0,-1.0,-1,0.0939,0,0,1,1,1,0.35225,0.0065,0,0,0,0,0,0,0,0,0,0,1
18,0,1,0,3.3219,0,1,0,0,0,0,0,0.0,0,0,0,0,0.22,1,0,0,0.0,0,1,2,0,1,3921.0,0,0,1,1,0,73.0,0,0.1324,0,0,0,0,0,0.0405,0.03575,1,0,0,0,0,0,0,0,0,0,0
43,0,3,1,3.9176,2,1,0,0,0,0,0,0.0,0,0,0,0,0.15,1,0,0,0.0,0,1,2,0,0,-1.0,0,0,0,0,0,-1.0,0,0.1234,1,1,1,1,0,0.35225,0.48675,0,0,0,0,0,0,0,0,0,0,1
33,0,2,0,3.2406,1,1,0,0,0,0,0,0.0,0,0,0,0,0.15,1,0,0,0.0,0,1,2,0,0,7431.0,0,0,1,1,0,37.0,0,0.1098,0,0,0,0,0,0.35225,0.036,0,1,0,0,0,0,0,0,0,0,0
16,0,1,0,3.0,0,1,0,0,0,0,0,0.0,0,0,0,0,0.15,1,0,0,0.0,0,1,2,0,0,11445.0,0,0,1,0,0,-1.0,-1,0.105,0,0,1,1,1,0.35225,0.00625,0,0,0,0,0,0,0,0,0,0,1
27,1,2,0,3.5111,1,0,0,0,0,0,0,0.0,0,0,0,0,0.5,0,0,0,0.0,0,0,0,0,0,-1.0,0,0,0,0,0,-1.0,-1,0.2202,1,1,1,1,1,0.0995,0.48675,0,0,0,0,0,0,0,0,0,0,1
28,0,1,0,2.585,0,1,0,0,14,0,0,0.0,0,0,0,0,0.5,0,0,0,0.0,0,1,1,0,0,-1.0,0,0,0,1,0,189.0,0,0.2017,1,1,0,0,0,0.01075,0.48675,0,0,0,0,0,0,1,0,0,0,0
48,4,2,2,4.3153,1,0,0,0,0,0,0,0.0833,1,0,1,0,0.5,0,0,0,0.0,0,1,2,0,0,-1.0,0,0,0,1,0,76.0,0,0.2696,1,1,0,0,0,0.0995,0.48675,1,0,0,0,0,0,0,0,0,0,0
27,0,2,0,3.3502,1,1,0,0,0,0,0,0.0,0,0,0,0,0.15,1,0,0,0.0,0,1,2,0,0,3466.0,0,0,1,1,0,160.0,0,0.112,0,0,0,0,0,0.35225,0.00975,0,0,0,0,0,0,0,0,0,1,0
28,1,2,1,3.7842,1,0,0,0,0,0,0,0.0,0,0,0,0,0.15,1,0,0,0.0,0,1,2,0,0,-1.0,0,0,0,1,0,50.0,0,0.1207,1,1,0,0,0,0.35225,0.48675,1,0,0,0,0,0,0,0,0,0,0
20,0,1,0,2.6416,0,1,0,0,3,0,0,0.0,0,0,0,0,0.28,1,0,0,0.0,0,1,3,0,0,-1.0,0,0,0,1,0,53.0,0,0.1368,1,1,0,0,0,0.0545,0.48675,1,0,0,0,0,0,0,0,0,0,0
51,0,2,0,3.9488,1,1,0,0,0,0,0,0.0,0,0,0,0,0.15,1,0,0,0.0,0,1,2,0,0,-1.0,0,0,0,1,0,50.0,0,0.124,1,1,0,0,0,0.35225,0.48675,1,0,0,0,0,0,0,0,0,0,0
26,0,3,4,3.3083,2,1,0,0,0,0,0,0.0,0,0,0,0,0.5,0,0,0,0.0,0,1,2,0,0,2706.0,0,0,1,1,0,138.0,0,0.2162,1,0,0,0,0,0.00875,0.48675,0,0,0,0,0,0,0,0,0,0,0
34,0,1,0,3.5,0,1,0,0,10,0,0,0.0,0,0,0,0,0.15,1,0,0,0.0,0,0,0,0,0,268.0,0,0,1,0,0,-1.0,-1,0.115,0,0,1,1,1,0.35225,0.00475,0,0,0,0,0,0,0,0,0,0,1
28,0,3,0,3.3264,2,1,0,0,0,0,0,0.0,0,0,0,0,0.5,0,0,0,0.0,0,1,2,0,0,-1.0,0,0,1,1,0,52.0,0,0.2165,0,1,0,0,0,0.0005,0.00025,1,0,0,0,0,0,0,0,0,0,0
30,0,1,0,3.5466,0,1,0,0,9,0,0,0.0,0,0,0,0,0.22,1,0,0,0.0,0,0,0,0,1,-1.0,0,0,0,0,0,-1.0,-1,0.1369,1,1,1,1,1,0.0405,0.48675,0,0,0,0,0,0,0,0,0,0,1
19,0,1,0,3.0958,0,1,0,0,0,0,0,0.0,0,0,0,0,0.22,1,0,0,0.0,0,1,2,0,0,1869.0,0,0,1,1,0,72.0,0,0.1279,0,0,0,0,0,0.0405,0.058,1,0,0,0,0,0,0,0,0,0,0
35,0,1,0,2.9219,0,1,0,0,17,0,0,0.0,0,0,0,0,0.15,1,0,0,0.0,0,1,1,0,0,607.0,0,0,1,1,0,85.0,0,0.1034,0,0,0,0,0,0.35225,0.03575,0,1,0,0,0,0,0,0,0,0,0
89,6,3,27,4.5389,2,1,0,0,11,0,0,0.0,0,0,0,0,0.5,0,0,0,0.0,0,1,1,0,0,-1.0,0,0,0,1,0,56.0,0,0.2408,1,1,0,0,0,0.0995,0.48675,0,1,0,0,0,0,0,0,0,0,0
40,0,3,4,4.0275,2,0,0,0,0,0,0,0.0,0,0,0,0,0.15,1,0,0,0.0,0,1,2,0,0,-1.0,0,0,0,0,0,-1.0,0,0.1255,1,1,1,1,0,0.35225,0.48675,0,0,0,0,0,0,0,0,0,0,1
20,0,1,0,3.0221,0,1,0,0,0,0,0,0.0,0,0,0,0,0.15,1,0,0,0.0,0,1,4,0,1,1224.0,0,0,1,1,0,174.0,0,0.1054,0,0,0,0,0,0.35225,0.00375,0,0,0,1,0,0,0,0,0,0,0
43,3,2,4,4.436,1,0,0,0,0,0,0,0.0,0,0,0,0,0.5,0,0,0,0.0,0,1,2,0,0,-1.0,0,0,0,1,0,74.0,0,0.2387,1,1,0,0,0,0.0995,0.48675,1,0,0,0,0,0,0,0,0,0,0
45,4,2,2,4.2426,1,0,0,0,0,0,0,0.0,0,0,0,0,0.5,0,0,0,0.0,0,1,2,0,0,-1.0,0,0,0,1,0,81.0,0,0.2349,1,1,0,0,0,0.0995,0.48675,1,0,0,0,0,0,0,0,0,0,0
22,0,2,0,2.7774,1,1,0,0,0,0,0,0.0,0,0,0,0,0.15,1,0,0,0.0,0,1,2,0,0,937.0,0,0,1,1,0,39.0,0,0.1005,0,0,0,0,0,0.35225,0.03575,1,0,0,0,0,0,0,0,0,0,0
37,0,1,0,3.7871,0,0,0,0,11,0,0,0.0,0,0,0,0,0.1,1,0,0,0.0,0,1,2,0,0,466.0,0,0,1,1,0,36.0,0,0.1057,0,0,0,0,0,0.02775,0.058,1,0,0,0,0,0,0,0,0,0,0
44,0,1,0,3.4992,0,1,0,0,19,0,0,0.0,0,0,0,0,0.15,1,0,0,0.0,0,1,2,0,1,11104.0,0,0,1,1,0,144.0,0,0.115,0,0,0,0,0,0.35225,0.00075,0,0,0,1,0,0,0,0,0,0,0
18,0,1,1,3.1699,0,1,0,0,0,0,0,0.0,0,0,0,0,0.5,0,0,0,0.0,0,1,1,0,1,-1.0,0,0,0,1,0,60.0,0,0.2134,1,1,0,0,0,0.00025,0.48675,0,1,0,0,0,0,0,0,0,0,0
38,0,1,1,2.8554,0,1,0,0,18,0,0,0.0,0,0,0,0,0.5,0,0,0,0.0,0,1,1,0,0,6942.0,0,1,1,1,0,45.0,0,0.2071,0,0,0,0,0,0.0035,0.00325,0,1,0,0,0,0,0,0,0,0,0
34,0,3,0,3.7193,2,0,0,0,0,0,0,0.0,0,0,0,0,0.15,1,0,0,0.0,0,1,2,0,0,-1.0,0,0,0,0,0,-1.0,0,0.1194,1,1,1,1,0,0.35225,0.48675,0,0,0,0,0,0,0,0,0,0,1
29,1,1,0,3.6402,0,1,0,0,6,0,0,0.0,0,0,0,0,0.15,1,0,0,0.0,0,1,1,0,0,-1.0,0,0,0,1,0,75.0,0,0.1178,1,1,0,0,0,0.35225,0.48675,0,1,0,0,0,0,0,0,0,0,0
27,0,1,0,3.1219,0,1,0,0,9,0,0,0.0,0,0,0,0,0.15,1,0,0,0.0,0,1,1,0,0,9154.0,0,1,1,1,0,197.0,0,0.1074,0,0,0,0,0,0.35225,0.002,0,0,0,0,0,1,0,0,0,0,0
49,4,2,2,4.4031,1,1,0,0,0,0,0,0.0,0,0,0,0,0.5,0,0,0,0.0,0,1,2,0,0,-1.0,0,0,0,1,0,77.0,0,0.2381,1,1,0,0,0,0.0995,0.48675,1,0,0,0,0,0,0,0,0,0,0
31,0,1,0,2.7255,0,1,0,0,7,1,2,0.0,0,0,0,0,0.5,0,0,0,0.0,0,1,1,0,0,10215.0,0,0,1,0,0,-1.0,-1,0.2045,0,0,1,1,1,0.02275,0.012,0,0,0,0,0,0,0,0,0,0,1
48,1,1,0,3.9528,0,0,0,0,9,0,0,0.0,0,0,0,0,0.15,1,0,0,0.0,0,1,2,0,0,8.0,1,0,1,1,0,81.0,0,0.1241,0,0,0,0,0,0.35225,0.00375,1,0,0,0,0,0,0,0,0,0,0
34,0,1,0,2.6566,0,1,0,0,11,0,0,0.0,0,0,0,0,0.88,1,0,0,0.0,0,0,0,0,0,47.0,0,0,1,0,0,-1.0,-1,0.3171,0,0,1,1,1,0.00225,0.0015,0,0,0,0,0,0,0,0,0,0,1
40,1,1,0,3.6402,0,1,0,0,17,0,0,0.0,0,0,0,0,0.5,0,0,0,0.0,0,1,1,0,1,-1.0,0,0,0,0,0,-1.0,-1,0.2228,1,1,1,1,1,0.01075,0.48675,0,0,0,0,0,0,0,0,0,0,1
28,0,3,7,3.2211,2,1,0,0,0,0,0,0.0,0,0,0,0,0.5,0,0,0,0.0,0,0,0,0,0,-1.0,0,0,0,0,0,-1.0,-1,0.2144,1,1,1,1,1,0.02275,0.48675,0,0,0,0,0,0,0,0,0,0,1
24,0,2,0,3.4566,1,1,0,0,0,0,0,0.0,0,0,0,0,0.15,1,0,0,0.0,0,1,2,0,0,3368.0,0,1,1,1,0,30.0,0,0.1141,0,0,0,0,0,0.35225,0.00175,1,0,0,0,0,0,0,0,0,0,0
31,1,2,0,3.7544,1,1,0,0,0,0,0,0.1667,2,0,2,0,0.35,1,0,0,0.0,0,1,2,0,0,-1.0,0,0,0,1,0,55.0,0,0.2468,1,1,0,0,0,0.08025,0.48675,1,0,0,0,0,0,0,0,0,0,0
26,0,2,0,3.3372,1,1,0,0,0,0,0,0.0,0,0,0,0,0.15,1,0,0,0.0,0,0,0,0,0,2489.0,0,1,1,0,0,-1.0,-1,0.1117,0,0,1,1,1,0.35225,0.01225,0,0,0,0,0,0,0,0,0,0,1
27,0,1,0,3.5766,0,1,0,0,0,0,0,0.0,0,0,0,0,0.15,1,0,0,0.0,0,1,1,0,1,2515.0,0,0,1,1,0,37.0,0,0.1165,0,0,0,0,0,0.35225,0.058,0,1,0,0,0,0,0,0,0,0,0
22,0,1,0,2.75,0,1,0,0,6,0,0,0.0,0,0,0,0,0.5,0,0,0,0.0,0,1,2,0,1,-1.0,0,0,0,1,0,89.0,0,0.205,1,1,0,0,0,0.00125,0.48675,0,1,0,0,0,0,0,0,0,0,0
46,3,2,4,4.1883,1,0,0,0,0,0,0,0.0,0,0,0,0,0.5,0,0,0,0.0,0,1,2,0,0,-1.0,0,0,0,1,0,79.0,0,0.2338,1,1,0,0,0,0.0995,0.48675,1,0,0,0,0,0,0,0,0,0,0
50,0,2,4,3.8269,1,1,0,0,22,0,0,0.0,0,0,0,0,0.28,1,0,0,0.0,0,1,4,0,0,-1.0,0,0,0,1,0,31.0,0,0.1605,1,1,0,0,0,0.0545,0.48675,0,1,0,0,0,0,0,0,0,0,0
54,1,2,4,4.0535,1,1,0,0,21,0,0,0.0,0,0,0,0,0.28,1,0,0,0.0,0,1,4,0,0,-1.0,0,0,0,1,0,31.0,0,0.1651,1,1,0,0,0,0.0545,0.48675,0,1,0,0,0,0,0,0,0,0,0
24,0,1,0,3.3219,0,1,0,0,6,0,0,0.0,0,0,0,0,0.15,1,0,0,0.0,0,1,1,0,0,6316.0,0,1,1,1,0,143.0,0,0.1114,0,0,0,0,0,0.35225,0.01575,0,0,0,0,0,0,0,0,1,0,0
22,0,1,0,3.2359,0,0,0,0,0,0,0,0.0,0,0,0,0,0.5,0,0,0,0.0,0,0,0,0,0,12.0,1,0,1,0,0,-1.0,-1,0.2147,0,0,1,1,1,0.00325,0.01225,0,0,0,0,0,0,0,0,0,0,1
43,0,3,1,3.9176,2,1,0,0,0,0,0,0.0,0,0,0,0,0.15,1,0,0,0.0,0,1,2,0,0,-1.0,0,0,0,0,0,-1.0,0,0.1234,1,1,1,1,0,0.35225,0.48675,0,0,0,0,0,0,0,0,0,0,1
35,0,1,0,3.3927,0,1,0,0,14,0,0,0.0,0,0,0,0,0.15,1,0,0,0.0,0,1,2,0,0,90.0,0,0,1,1,0,58.0,0,0.1129,0,0,0,0,0,0.35225,0.00375,0,1,0,0,0,0,0,0,0,0,0
38,2,2,5,4.0981,1,0,0,0,0,0,0,0.0833,1,0,1,0,0.35,1,0,0,0.0,0,1,2,0,0,-1.0,0,0,0,1,0,229.0,0,0.2203,1,1,0,0,0,0.08025,0.48675,0,0,0,0,0,0,0,0,0,0,0
46,2,2,6,4.0672,1,1,0,0,0,0,0,0.0833,1,0,1,0,0.35,1,0,0,0.0,0,1,2,0,0,-1.0,0,0,0,1,0,31.0,0,0.2197,1,1,0,0,0,0.08025,0.48675,0,1,0,0,0,0,0,0,0,0,0
28,0,1,0,2.7255,0,1,0,0,11,0,0,0.0,0,0,0,0,0.5,0,0,0,0.0,0,1,1,0,1,10762.0,0,0,1,1,0,151.0,0,0.2045,0,0,0,0,0,0.00325,0.00025,0,0,0,1,0,0,0,0,0,0,0
18,0,1,5,2.9477,0,1,0,0,0,0,0,0.0,0,0,0,0,0.94,1,0,0,0.0,0,0,0,0,0,176.0,0,1,1,0,0,-1.0,-1,0.341,0,0,1,1,1,0.01625,0.01225,0,0,0,0,0,0,0,0,0,0,1
34,1,2,0,3.5724,1,1,0,0,7,0,0,0.0,0,0,0,0,0.28,1,0,0,0.0,0,1,4,0,0,-1.0,0,0,0,1,0,31.0,0,0.1554,1,1,0,0,0,0.0545,0.48675,0,1,0,0,0,0,0,0,0,0,0
20,0,2,0,3.0221,1,1,0,0,0,0,0,0.0,0,0,0,0,0.5,0,0,0,0.0,0,1,1,0,0,2460.0,0,0,1,1,0,182.0,0,0.2104,0,0,0,0,0,0.02275,0.012,0,0,0,0,0,0,0,0,0,1,0
46,4,2,2,4.4187,1,0,0,0,0,0,0,0.0,0,0,0,0,0.5,0,0,0,0.0,0,1,2,0,0,-1.0,0,0,0,1,0,78.0,0,0.2384,1,1,0,0,0,0.0995,0.48675,1,0,0,0,0,0,0,0,0,0,0
168,0,3,0,3.1307,2,1,0,0,38,3,8,0.0,0,0,0,0,0.5,0,0,0,0.0,0,1,1,0,0,-1.0,0,0,0,0,0,-1.0,0,0.2126,1,1,1,1,0,0.012,0.48675,0,0,0,0,0,0,0,0,0,0,1
34,1,1,1,3.6169,0,1,0,0,9,0,0,0.0,0,0,0,0,0.15,1,0,0,0.0,0,0,0,0,0,1089.0,0,0,1,0,0,-1.0,-1,0.1173,0,0,1,1,1,0.35225,0.00025,0,0,0,0,0,0,0,0,0,0,1
18,0,2,0,2.6464,1,1,0,0,0,0,0,0.0,0,0,0,0,0.5,0,0,0,0.0,0,1,1,0,0,10152.0,0,0,1,1,0,59.0,0,0.2029,0,0,0,0,0,0.02275,0.012,0,0,0,0,0,1,0,0,0,0,0
76,6,3,5,4.489,2,1,0,0,0,0,0,0.0,0,0,0,1,0.5,0,0,0,0.0,0,1,2,0,0,-1.0,0,0,0,1,0,85.0,0,0.2398,1,1,0,0,0,0.0995,0.48675,1,0,0,0,0,0,0,0,0,0,0
75,3,4,5,4.433,3,1,0,0,13,0,0,0.0,0,0,0,0,0.15,1,0,0,0.0,0,1,4,0,0,3671.0,0,1,1,1,0,41.0,0,0.1337,0,0,0,0,0,0.35225,0.01575,0,1,0,0,0,0,0,0,0,0,0
47,0,3,0,3.1281,2,1,0,0,25,0,0,0.0,0,0,0,0,0.5,0,0,0,0.0,0,1,1,0,0,-1.0,0,0,0,0,0,-1.0,0,0.2126,1,1,1,1,0,0.003,0.48675,0,0,0,0,0,0,0,0,0,0,1
48,4,2,2,4.4531,1,0,0,0,0,0,0,0.0,0,0,0,0,0.5,0,0,0,0.0,0,1,2,0,0,-1.0,0,0,0,1,0,78.0,0,0.2391,1,1,0,0,0,0.0995,0.48675,1,0,0,0,0,0,0,0,0,0,0
57,0,2,4,4.182,1,1,0,0,21,0,0,0.0,0,0,0,0,0.94,1,0,0,0.0,0,0,0,0,0,7.0,1,0,1,0,0,-1.0,-1,0.3656,0,0,1,1,1,0.01625,0.01125,0,0,0,0,0,0,0,0,0,0,1
30,0,2,0,3.0851,1,1,0,0,9,0,0,0.0,0,0,0,0,0.5,0,0,0,0.0,0,0,0,0,0,10146.0,0,0,1,0,0,-1.0,-1,0.2117,1,0,1,1,1,0.00875,0.48675,0,0,0,0,0,0,0,0,0,0,1
19,0,1,0,3.0272,0,1,0,0,0,0,0,0.0,0,0,0,0,0.5,0,0,0,0.0,0,1,2,0,0,324.0,0,0,1,1,0,61.0,0,0.2105,0,0,0,0,0,0.0085,0.00475,1,0,0,0,0,0,0,0,0,0,0
30,1,1,0,3.4548,0,0,0,0,5,0,0,0.3333,3,0,3,0,0.5,0,0,0,0.0,0,0,0,0,0,30.0,0,0,1,0,0,-1.0,-1,0.3524,0,0,1,1,1,0.00175,0.00375,0,0,0,0,0,0,0,0,0,0,1
21,0,1,0,2.8074,0,1,0,0,6,0,0,0.0833,1,0,1,0,0.5,0,0,0,0.0,0,1,1,0,0,8825.0,0,0,1,0,0,-1.0,-1,0.2395,0,0,1,1,1,0.00525,0.00025,0,0,0,0,0,0,0,0,0,0,1
52,0,2,0,3.027,1,1,0,0,31,0,0,0.0,0,0,0,0,0.5,0,0,0,0.0,0,1,1,0,0,56.0,0,0,1,1,0,38.0,0,0.2105,0,0,0,0,0,0.004,0.0035,0,1,0,0,0,0,0,0,0,0,0
25,0,1,0,2.8454,0,1,0,0,6,0,0,0.0,0,0,0,0,0.22,1,0,0,0.0,0,1,1,0,1,7148.0,0,0,1,0,0,-1.0,0,0.1229,0,0,1,1,0,0.0405,0.019,0,0,0,0,0,0,0,0,0,0,1
36,0,2,0,3.5766,1,0,0,0,9,0,0,0.0,0,0,0,0,0.22,1,0,0,0.0,0,0,0,0,0,-1.0,0,0,0,0,0,-1.0,-1,0.1375,1,1,1,1,1,0.0405,0.48675,0,0,0,0,0,0,0,0,0,0,1
59,1,3,7,4.348,2,1,0,0,0,0,0,0.0,0,0,0,0,0.22,1,0,0,0.0,0,1,1,0,0,3007.0,0,0,1,1,0,102.0,0,0.153,0,0,0,0,0,0.0405,0.0155,0,0,0,0,0,0,0,0,0,1,0
21,0,1,0,3.3927,0,1,0,0,0,0,0,0.0,0,0,0,0,0.15,1,0,0,0.0,0,1,1,0,1,6513.0,0,0,1,1,0,51.0,0,0.1129,0,0,0,0,0,0.35225,0.036,0,1,0,0,0,0,0,0,0,0,0
29,0,2,0,3.5464,1,1,0,0,0,0,0,0.0,0,0,0,0,0.5,0,0,0,0.0,0,1,4,0,0,-1.0,0,0,0,1,0,194.0,0,0.2209,1,1,0,0,0,0.00175,0.48675,0,0,0,1,0,0,0,0,0,0,0
29,0,1,0,3.3736,0,1,0,0,6,0,0,0.0,0,0,0,0,0.5,0,0,0,0.0,0,1,1,0,1,1838.0,0,0,1,0,0,-1.0,0,0.2175,0,0,1,1,0,0.00325,0.0015,0,0,0,0,0,0,0,0,0,0,1
29,1,1,0,3.5464,0,1,0,0,0,0,0,0.0,0,0,0,0,0.15,1,0,0,0.0,0,0,0,0,0,129.0,0,0,1,0,0,-1.0,-1,0.1159,0,0,1,1,1,0.35225,0.03575,0,0,0,0,0,0,0,0,0,0,1
17,0,1,0,2.9477,0,1,0,0,0,0,0,0.0,0,0,0,0,0.5,0,0,0,0.0,0,1,1,0,1,-1.0,0,0,0,1,0,37.0,0,0.209,1,1,0,0,0,0.00025,0.48675,0,1,0,0,0,0,0,0,0,0,0
34,0,1,0,3.2516,0,1,0,0,14,0,0,0.0,0,0,0,0,0.15,1,0,0,0.0,0,0,0,0,0,724.0,0,0,1,0,0,-1.0,-1,0.11,0,0,1,1,1,0.35225,0.019,0,0,0,0,0,0,0,0,0,0,1
98,2,2,2,3.7516,1,1,0,0,66,0,0,0.3333,4,0,4,0,0.5,0,0,0,0.0,0,1,2,0,0,-1.0,0,0,0,1,0,68.0,0,0.3584,1,1,0,0,0,0.00175,0.48675,1,0,0,0,0,0,0,0,0,0,0
33,0,3,0,3.4489,2,0,0,0,0,0,0,0.0,0,0,0,0,0.15,1,0,0,0.0,0,1,1,0,0,9285.0,0,1,1,0,0,-1.0,0,0.114,0,0,1,1,0,0.35225,0.01175,0,0,0,0,0,0,0,0,0,0,1
25,0,2,0,3.4548,1,1,0,0,0,0,0,0.0,0,0,0,0,0.5,0,0,0,0.0,0,1,1,0,0,-1.0,0,0,0,1,0,51.0,0,0.2191,1,1,0,0,0,0.012,0.48675,0,1,0,0,0,0,0,0,0,0,0
22,0,2,0,3.182,1,1,0,0,0,0,0,0.0,0,0,0,0,0.5,0,0,0,0.0,0,1,1,0,0,8885.0,0,0,1,1,0,44.0,0,0.2136,0,0,0,0,0,0.002,0.00025,0,1,0,0,0,0,0,0,0,0,0
34,2,2,0,3.7155,1,0,0,0,0,0,0,0.0833,1,0,1,0,0.5,0,0,0,0.0,0,1,2,0,0,-1.0,0,0,0,1,0,72.0,0,0.2576,1,1,0,0,0,0.0995,0.48675,1,0,0,0,0,0,0,0,0,0,0
21,0,1,1,3.5466,0,1,0,0,0,0,0,0.0,0,0,0,0,0.15,1,0,0,0.0,0,1,1,0,1,4023.0,0,0,1,1,0,118.0,0,0.1159,0,0,0,0,0,0.35225,0.00325,0,0,0,0,0,0,0,0,0,0,0
186,0,3,0,3.1307,2,1,0,0,47,3,8,0.0,0,0,0,0,0.5,0,0,0,0.0,0,1,1,0,0,-1.0,0,0,0,0,0,-1.0,0,0.2126,1,1,1,1,0,0.012,0.48675,0,0,0,0,0,0,0,0,0,0,1
20,0,1,0,2.585,0,1,0,0,6,0,0,0.0,0,0,0,0,0.5,0,0,0,0.0,0,1,1,0,1,-1.0,0,0,0,1,0,188.0,0,0.2017,1,1,0,0,0,0.002,0.48675,0,0,0,0,0,0,1,0,0,0,0
33,1,2,0,3.7533,1,0,0,0,0,0,0,0.2333,1,0,1,1,0.35,1,0,0,0.0,0,1,2,0,0,-1.0,0,0,0,1,0,229.0,0,0.2734,1,1,0,0,0,0.08025,0.48675,0,0,0,0,0,0,0,0,0,0,0
34,0,1,0,3.1019,0,1,0,0,9,0,0,0.0,0,0,0,0,0.15,1,0,0,0.0,0,0,0,0,0,62.0,0,0,1,0,0,-1.0,-1,0.107,0,0,1,1,1,0.35225,0.03575,0,0,0,0,0,0,0,0,0,0,1
39,2,2,6,3.8981,1,1,0,0,0,0,0,0.1667,2,0,2,0,0.35,1,0,0,0.0,0,1,2,0,0,-1.0,0,0,0,1,0,31.0,0,0.2496,1,1,0,0,0,0.08025,0.48675,0,1,0,0,0,0,0,0,0,0,0
20,0,1,0,3.4183,0,1,0,0,0,0,0,0.0,0,0,0,0,0.15,1,0,0,0.0,0,1,2,0,0,6750.0,0,1,1,1,0,71.0,0,0.1134,0,0,0,0,0,0.35225,0.00325,1,0,0,0,0,0,0,0,0,0,0
35,2,1,0,3.8253,0,1,0,0,0,0,0,0.0,0,0,0,0,0.15,1,0,0,0.0,0,0,0,0,0,1.0,1,0,1,1,0,88.0,0,0.1215,0,0,0,0,0,0.35225,0.00325,0,1,0,0,0,0,0,0,0,0,0
30,0,1,0,3.0,0,1,0,0,14,0,0,0.0,0,0,0,0,0.5,0,0,0,0.0,0,0,0,0,0,4016.0,0,0,1,0,0,-1.0,-1,0.21,0,0,1,1,1,0.009,0.00025,0,0,0,0,0,0,0,0,0,0,1
27,1,1,0,3.3921,0,1,0,0,0,0,0,0.0,0,0,0,0,0.15,1,0,0,0.0,0,0,0,0,0,136.0,0,0,1,0,0,-1.0,-1,0.1128,0,0,1,1,1,0.35225,0.03575,0,0,0,0,0,0,0,0,0,0,1
23,0,3,0,3.2729,2,1,0,0,0,0,0,0.0,0,0,0,0,0.5,0,0,0,0.0,0,1,1,0,0,-1.0,0,0,0,0,0,-1.0,0,0.2155,1,1,1,1,0,0.01325,0.48675,0,0,0,0,0,0,0,0,0,0,1
25,0,2,0,3.3278,1,1,0,0,0,0,0,0.0,0,0,0,0,0.15,1,0,0,0.0,0,1,2,0,0,9756.0,0,1,1,1,0,86.0,0,0.1116,0,0,0,0,0,0.35225,0.00325,1,0,0,0,0,0,0,0,0,0,0
90,0,2,0,3.634,1,1,0,0,55,0,0,0.0,0,0,0,0,0.5,0,0,0,0.0,0,0,0,0,0,-1.0,0,0,1,0,0,-1.0,-1,0.2227,0,1,1,1,1,0.00125,0.00075,0,0,0,0,0,0,0,0,0,0,1
31,0,1,0,3.654,0,1,0,0,0,0,0,0.0,0,0,0,0,0.15,1,0,0,0.0,0,1,1,0,0,3723.0,0,1,1,1,0,10.0,0,0.1181,0,0,0,0,0,0.35225,0.01175,0,1,0,0,0,0,0,0,0,0,0
24,0,1,0,3.5,0,1,0,0,0,0,0,0.0,0,0,0,0,0.15,1,0,0,0.0,0,1,1,0,0,9684.0,0,0,1,1,0,83.0,0,0.115,0,0,0,0,0,0.35225,0.00025,0,0,0,0,0,1,0,0,0,0,0
35,2,1,0,3.6304,0,1,0,0,5,0,0,0.0,0,0,0,0,0.15,1,0,0,0.0,0,0,0,0,0,13.0,1,0,1,0,0,-1.0,-1,0.1176,0,0,1,1,1,0.35225,0.00175,0,0,0,0,0,0,0,0,0,0,1
24,0,1,0,3.625,0,1,0,0,0,0,0,0.0,0,0,0,0,0.15,1,0,0,0.0,0,1,2,0,0,143.0,0,0,1,1,0,88.0,0,0.1175,0,0,0,0,0,0.35225,0.0025,1,0,0,0,0,0,0,0,0,0,0
30,0,1,0,3.4183,0,1,0,0,10,0,0,0.0,0,0,0,0,0.5,0,0,0,0.0,0,1,1,0,0,1472.0,0,1,1,1,0,14.0,0,0.2184,0,0,0,0,0,0.00325,0.00325,0,1,0,0,0,0,0,0,0,0,0
29,0,1,0,3.3219,0,1,0,0,11,0,0,0.0,0,0,0,0,0.5,0,0,0,0.0,0,1,2,0,1,-1.0,0,0,0,1,0,78.0,0,0.2164,1,1,0,0,0,0.0005,0.48675,1,0,0,0,0,0,0,0,0,0,0
25,0,2,0,2.7534,1,1,0,0,3,0,0,0.0,0,0,0,0,0.5,0,0,0,0.0,0,1,1,0,0,9397.0,0,0,1,1,0,189.0,0,0.2051,0,0,0,0,0,0.00325,0.00025,0,0,0,0,0,1,0,0,0,0,0
21,0,2,5,3.027,1,0,0,0,0,0,0,0.0,0,0,0,0,0.94,1,0,0,0.0,0,0,0,0,0,229.0,0,1,1,0,0,-1.0,-1,0.3425,0,0,1,1,1,0.01625,0.01225,0,0,0,0,0,0,0,0,0,0,1
117,0,3,0,3.1307,2,1,0,0,37,1,2,0.0,0,0,0,0,0.5,0,0,0,0.0,0,1,1,0,0,-1.0,0,0,0,0,0,-1.0,0,0.2126,1,1,1,1,0,0.012,0.48675,0,0,0,0,0,0,0,0,0,0,1
54,1,2,0,4.1859,1,0,0,0,11,0,0,0.0,0,0,0,0,0.15,1,0,0,0.0,0,1,2,0,0,9.0,1,0,1,1,0,80.0,0,0.1287,0,0,0,0,0,0.35225,0.00375,1,0,0,0,0,0,0,0,0,0,0
57,0,2,4,4.182,1,1,0,0,21,0,0,0.0,0,0,0,0,0.94,1,0,0,0.0,0,0,0,0,0,7.0,1,0,1,0,0,-1.0,-1,0.3656,0,0,1,1,1,0.01625,0.01125,0,0,0,0,0,0,0,0,0,0,1
39,0,1,0,3.3232,0,1,0,0,16,0,0,0.0,0,0,0,0,0.22,1,0,0,0.0,0,1,1,0,0,10400.0,0,1,1,0,0,-1.0,0,0.1325,0,0,1,1,0,0.0405,0.01175,0,0,0,0,0,0,0,0,0,0,1
25,0,2,0,3.3278,1,1,0,0,0,0,0,0.0,0,0,0,0,0.15,1,0,0,0.0,0,1,2,0,0,9539.0,0,0,1,1,0,120.0,0,0.1116,0,0,0,0,0,0.35225,0.013,0,0,0,0,1,0,0,0,0,0,0
21,1,1,0,3.4183,0,1,0,0,0,0,0,0.0,0,0,0,0,0.5,0,0,0,0.0,0,0,0,0,0,-1.0,0,0,0,0,0,-1.0,-1,0.2184,1,1,1,1,1,0.00025,0.48675,0,0,0,0,0,0,0,0,0,0,1
21,0,1,0,2.5216,0,1,0,0,6,0,0,0.0,0,0,0,0,0.28,1,0,0,0.0,0,0,0,0,1,4355.0,0,0,1,0,0,-1.0,-1,0.1344,0,0,1,1,1,0.0545,0.00975,0,0,0,0,0,0,0,0,0,0,1
22,0,2,0,2.4131,1,0,0,0,3,0,0,0.0,0,0,0,0,0.5,0,0,0,0.0,0,1,2,0,0,-1.0,0,0,0,1,0,83.0,0,0.1983,1,1,0,0,0,0.0085,0.48675,1,0,0,0,0,0,0,0,0,0,0
25,0,1,0,3.2776,0,1,0,0,6,0,0,0.0,0,0,0,0,0.22,1,0,0,0.0,0,0,0,0,0,1515.0,0,0,1,0,0,-1.0,-1,0.1316,0,0,1,1,1,0.0405,0.036,0,0,0,0,0,0,0,0,0,0,1
74,0,1,0,3.3219,0,0,0,0,14,1,2,0.1667,2,0,2,0,0.5,0,0,0,0.0,0,1,1,0,0,-1.0,0,0,0,0,0,-1.0,0,0.2831,1,1,1,1,0,0.00225,0.48675,0,0,0,0,0,0,0,0,0,0,1
16,0,1,0,2.75,0,1,0,0,0,0,0,0.0,0,0,0,0,0.1,1,0,0,0.0,0,1,2,0,0,8593.0,0,0,1,1,0,71.0,0,0.085,0,0,0,0,0,0.02775,0.058,1,0,0,0,0,0,0,0,0,0,0
33,0,2,0,3.5216,1,1,0,0,11,0,0,0.0,0,0,0,0,0.5,0,0,0,0.0,0,1,2,0,1,9987.0,0,0,1,1,0,60.0,0,0.2204,0,0,0,0,0,0.009,0.00025,1,0,0,0,0,0,0,0,0,0,0
23,0,2,0,3.0391,1,1,0,0,0,0,0,0.0,0,0,0,0,0.02,1,0,0,0.0,0,1,2,0,0,11747.0,0,0,1,1,0,26.0,0,0.0668,1,0,0,0,0,0.0075,0.48675,0,0,0,0,0,0,0,0,0,0,0
39,0,2,0,3.8976,1,1,0,0,0,0,0,0.0833,1,0,1,0,0.5,0,0,0,0.0,0,1,1,0,0,-1.0,0,0,0,0,0,-1.0,0,0.2613,1,1,1,1,0,0.002,0.48675,0,0,0,0,0,0,0,0,0,0,1
44,4,2,4,4.2045,1,0,0,0,0,0,0,0.0,0,0,0,0,0.5,0,0,0,0.0,0,1,2,0,0,-1.0,0,0,0,1,0,76.0,0,0.2341,1,1,0,0,0,0.0995,0.48675,1,0,0,0,0,0,0,0,0,0,0
41,0,2,0,3.6792,1,1,0,0,0,0,0,0.0,0,0,0,0,0.68,1,0,0,0.0,0,1,2,0,0,1716.0,0,0,1,1,0,53.0,0,0.2776,0,0,0,0,0,0.002,0.0055,0,1,0,0,0,0,0,0,0,0,0
20,0,1,0,3.085,0,1,0,0,0,0,0,0.0,0,0,0,0,0.22,1,0,0,0.0,0,1,1,0,0,804.0,0,0,1,1,0,59.0,0,0.1277,0,0,0,0,0,0.0405,0.01575,0,1,0,0,0,0,0,0,0,0,0
37,1,2,0,3.7534,1,1,0,0,0,0,0,0.0833,1,0,1,0,0.55,1,0,0,0.0,0,1,1,0,0,-1.0,0,0,0,1,0,83.0,0,0.2734,1,1,0,0,0,0.00575,0.48675,0,1,0,0,0,0,0,0,0,0,0
21,0,2,0,3.0221,1,1,0,0,0,0,0,0.0,0,0,0,0,0.15,1,0,0,0.0,0,1,1,0,0,10489.0,0,0,1,1,0,55.0,0,0.1054,0,0,0,0,0,0.35225,0.019,1,0,0,0,0,0,0,0,0,0,0
32,0,2,2,3.7951,1,1,0,0,0,0,0,0.0,0,0,0,0,0.15,1,0,0,0.0,0,1,2,0,0,7431.0,0,0,1,1,0,37.0,0,0.1209,0,0,0,0,0,0.35225,0.036,0,1,0,0,0,0,0,0,0,0,0
34,0,1,0,3.4183,0,1,0,0,14,0,0,0.0,0,0,0,0,0.15,1,0,0,0.0,0,0,0,0,0,2614.0,0,1,1,0,0,-1.0,-1,0.1134,0,0,1,1,1,0.35225,0.019,0,0,0,0,0,0,0,0,0,0,1
43,1,1,0,3.8269,0,1,0,0,16,0,0,0.0833,1,0,1,0,0.22,1,0,0,0.0,0,0,0,0,0,2781.0,0,0,1,0,0,-1.0,-1,0.1759,0,0,1,1,1,0.0405,0.003,0,0,0,0,0,0,0,0,0,0,1
47,0,3,3,4.2866,2,1,0,0,0,0,0,0.0833,1,0,1,0,0.35,1,0,0,0.0,0,1,2,0,0,-1.0,0,0,0,0,0,-1.0,0,0.2241,1,1,1,1,0,0.08025,0.48675,0,0,0,0,0,0,0,0,0,0,1
27,0,1,0,3.027,0,1,0,0,6,0,0,0.0,0,0,0,0,0.5,0,0,0,0.0,0,1,1,0,0,-1.0,0,0,0,1,0,71.0,0,0.2105,1,1,0,0,0,0.01075,0.48675,0,0,0,0,1,0,0,0,0,0,0
57,0,2,4,4.182,1,1,0,0,21,0,0,0.0,0,0,0,0,0.94,1,0,0,0.0,0,0,0,0,0,7.0,1,0,1,0,0,-1.0,-1,0.3656,0,0,1,1,1,0.01625,0.01125,0,0,0,0,0,0,0,0,0,0,1
17,0,1,0,2.7255,0,1,0,0,0,0,0,0.0,0,0,0,0,0.15,1,0,0,0.0,0,1,1,0,0,3381.0,0,0,1,1,0,49.0,0,0.0995,0,0,0,0,0,0.35225,0.00375,0,0,0,0,0,0,0,1,0,0,0
17,0,1,0,2.6416,0,1,0,0,0,0,0,0.0,0,0,0,0,0.28,1,0,0,0.0,0,1,2,0,1,6783.0,0,0,1,1,0,83.0,0,0.1368,0,0,0,0,0,0.0545,0.0025,1,0,0,0,0,0,0,0,0,0,0
31,0,1,1,3.6901,0,1,0,0,6,0,0,0.0,0,0,0,0,0.5,0,0,0,0.0,0,1,1,0,0,-1.0,0,0,0,0,0,-1.0,-1,0.2238,1,1,1,1,1,0.00025,0.48675,0,0,0,0,0,0,0,0,0,0,1
39,1,2,0,4.1069,1,0,0,0,0,0,0,0.1667,1,0,1,0,0.15,1,0,0,0.0,0,1,2,0,0,4639.0,0,1,1,1,0,160.0,0,0.1938,0,0,0,0,0,0.35225,0.058,0,0,0,0,0,0,0,0,0,1,0
42,0,1,0,3.1556,0,1,0,0,18,0,0,0.0,0,0,0,0,0.5,0,0,0,0.0,0,0,0,0,0,-1.0,0,0,0,0,0,-1.0,-1,0.2131,1,1,1,1,1,0.002,0.48675,0,0,0,0,0,0,0,0,0,0,1
45,2,3,0,3.9056,2,1,0,0,0,1,2,0.0,0,0,0,0,0.15,1,0,0,0.0,0,1,2,0,0,-1.0,0,0,0,0,0,-1.0,0,0.1231,1,1,1,1,0,0.35225,0.48675,0,0,0,0,0,0,0,0,0,0,1
50,0,2,0,3.027,1,1,0,0,29,0,0,0.0,0,0,0,0,0.5,0,0,0,0.0,0,1,1,0,0,56.0,0,0,1,1,0,38.0,0,0.2105,0,0,0,0,0,0.004,0.0035,0,1,0,0,0,0,0,0,0,0,0
53,0,1,0,3.1219,0,1,0,0,35,0,0,0.0,0,0,0,0,0.22,1,0,0,0.0,0,1,1,0,0,39.0,0,1,1,1,0,52.0,0,0.1284,0,0,0,0,0,0.0405,0.058,0,1,0,0,0,0,0,0,0,0,0
53,3,2,2,4.1364,1,0,0,0,0,0,0,0.0833,1,0,1,0,0.35,1,0,0,0.0,0,1,2,0,0,-1.0,0,0,0,1,0,55.0,0,0.221,1,1,0,0,0,0.08025,0.48675,1,0,0,0,0,0,0,0,0,0,0
44,0,2,0,3.6335,1,1,0,0,6,0,0,0.0,0,0,0,0,0.15,1,0,0,0.0,0,0,0,0,0,-1.0,0,0,0,0,0,-1.0,-1,0.1177,1,1,1,1,1,0.35225,0.48675,0,0,0,0,0,0,0,0,0,0,1
29,0,3,0,3.2484,2,1,0,0,4,0,0,0.0,0,0,0,0,0.5,0,0,0,0.0,0,1,1,0,0,-1.0,0,0,0,1,0,70.0,0,0.215,1,1,0,0,0,0.00175,0.48675,0,1,0,0,0,0,0,0,0,0,0
30,0,1,1,2.9477,0,1,0,0,13,0,0,0.0,0,0,0,0,0.15,1,0,0,0.0,0,0,0,0,0,1968.0,0,1,1,0,0,-1.0,-1,0.104,0,0,1,1,1,0.35225,0.003,0,0,0,0,0,0,0,0,0,0,1
47,3,2,12,4.4515,1,1,0,0,0,0,0,0.1667,1,0,1,0,0.7,1,0,0,0.0,0,1,2,0,0,2734.0,0,0,1,1,0,62.0,0,0.3657,0,0,0,0,0,0.0095,0.036,0,1,0,0,0,0,0,0,0,0,0
47,3,2,4,4.4515,1,1,0,0,0,0,0,0.0,0,0,0,0,0.5,0,0,0,0.0,0,1,2,0,0,-1.0,0,0,0,1,0,78.0,0,0.239,1,1,0,0,0,0.0995,0.48675,1,0,0,0,0,0,0,0,0,0,0
38,1,3,0,3.9094,2,1,0,0,0,0,0,0.0,0,0,0,0,0.5,0,0,0,0.0,0,0,0,0,0,-1.0,0,0,0,0,0,-1.0,-1,0.2282,1,1,1,1,1,0.00975,0.48675,0,0,0,0,0,0,0,0,0,0,1
21,0,1,0,3.3347,0,1,0,0,0,0,0,0.0,0,0,0,0,0.15,1,0,0,0.0,0,1,1,0,1,9236.0,0,0,1,1,0,174.0,0,0.1117,0,0,0,0,0,0.35225,0.013,0,0,0,0,0,0,0,0,0,0,0
26,0,2,0,3.2928,1,1,0,0,0,0,0,0.0,0,0,0,0,0.15,1,0,0,0.0,0,1,2,0,0,6367.0,0,0,1,1,0,131.0,0,0.1109,0,0,0,0,0,0.35225,0.019,0,0,0,0,0,0,0,0,0,0,0
32,0,1,0,3.8366,0,1,0,0,6,0,0,0.0,0,0,0,0,0.15,1,0,0,0.0,0,1,2,0,1,10769.0,0,0,1,1,0,79.0,0,0.1217,0,0,0,0,0,0.35225,0.01125,1,0,0,0,0,0,0,0,0,0,0
20,0,2,0,2.8454,1,1,0,0,0,0,0,0.0833,1,0,1,0,0.02,1,0,0,0.0,0,1,4,0,0,13715.0,0,0,1,1,0,115.0,0,0.0962,1,0,0,0,0,0.0075,0.48675,0,0,0,1,0,0,0,0,0,0,0
24,0,2,0,3.625,1,0,0,0,0,0,0,0.1667,2,0,2,0,0.35,1,0,0,0.0,0,1,2,0,0,-1.0,0,0,0,1,0,229.0,0,0.2442,1,1,0,0,0,0.08025,0.48675,0,0,0,0,0,0,0,0,0,0,0
46,3,2,4,4.2211,1,0,0,0,0,0,0,0.0,0,0,0,0,0.5,0,0,0,0.0,0,1,2,0,0,-1.0,0,0,0,1,0,74.0,0,0.2344,1,1,0,0,0,0.0995,0.48675,1,0,0,0,0,0,0,0,0,0,0
25,0,2,0,3.0391,1,1,0,0,3,0,0,0.0,0,0,0,0,0.15,1,0,0,0.0,0,1,4,0,0,9720.0,0,1,1,1,0,132.0,0,0.1058,0,0,0,0,0,0.35225,0.019,0,0,0,1,0,0,0,0,0,0,0
42,3,1,0,3.4528,0,1,0,0,8,1,1,0.0,0,0,0,0,0.5,0,1,0,0.6,1,0,0,0,0,271.0,0,0,1,0,0,-1.0,-1,0.3391,0,0,1,1,1,0.00125,0.004,0,0,0,0,0,0,0,0,0,0,1
33,0,1,0,3.5216,0,1,0,0,11,0,0,0.0,0,0,0,0,0.22,1,0,0,0.0,0,0,0,0,0,3389.0,0,0,1,0,0,-1.0,-1,0.1364,0,0,1,1,1,0.0405,0.036,0,0,0,0,0,0,0,0,0,0,1
35,1,2,0,3.838,1,0,0,0,0,0,0,0.2333,1,0,1,1,0.35,1,0,0,0.0,0,1,2,0,0,-1.0,0,0,0,1,0,229.0,0,0.2751,1,1,0,0,0,0.08025,0.48675,0,0,0,0,0,0,0,0,0,0,0
26,0,2,0,3.3083,1,0,0,0,0,0,0,0.0,0,0,0,0,0.5,0,0,0,0.0,0,1,2,0,0,-1.0,0,0,0,1,0,67.0,0,0.2162,1,1,0,0,0,0.0995,0.48675,1,0,0,0,0,0,0,0,0,0,0
39,0,1,0,3.1899,0,1,0,0,16,0,0,0.0,0,0,0,0,0.15,1,0,0,0.0,0,0,0,0,0,2589.0,0,0,1,0,0,-1.0,-1,0.1088,0,0,1,1,1,0.35225,0.003,0,0,0,0,0,0,0,0,0,0,1
24,0,2,0,2.9736,1,1,0,0,0,0,0,0.0,0,0,0,0,0.15,1,0,0,0.0,0,1,4,0,0,7960.0,0,0,1,1,0,128.0,0,0.1045,0,0,0,0,0,0.35225,0.0155,0,0,0,1,0,0,0,0,0,0,0
26,0,2,0,3.3083,1,1,0,0,0,0,0,0.0,0,0,0,0,0.1,1,0,0,0.0,0,1,2,0,0,11716.0,0,0,1,1,0,125.0,0,0.0962,0,0,0,0,0,0.02775,0.00325,0,0,0,0,0,1,0,0,0,0,0
168,1,1,0,3.7255,0,1,0,0,6,1,2,0.0,0,0,0,0,0.15,1,0,0,0.0,0,0,0,0,0,135.0,0,0,1,0,0,-1.0,-1,0.1195,0,0,1,1,1,0.35225,0.03575,0,0,0,0,0,0,0,0,0,0,1
57,0,1,0,2.2359,0,1,0,0,42,0,0,0.1667,1,0,2,0,0.5,0,0,0,0.0,0,1,2,0,1,455.0,0,1,1,1,0,49.0,0,0.2614,0,0,0,0,0,0.001,0.03575,1,0,0,0,0,0,0,0,0,0,0
26,0,2,0,3.4548,1,1,0,0,0,0,0,0.0,0,0,0,0,0.15,1,0,0,0.0,0,1,1,0,1,12336.0,0,0,1,1,0,147.0,0,0.1141,0,0,0,0,0,0.35225,0.0005,0,0,0,0,1,0,0,0,0,0,0
31,2,2,0,3.6212,1,0,0,0,0,0,0,0.0,0,0,0,0,0.5,0,0,0,0.0,0,1,2,0,0,-1.0,0,0,0,1,0,47.0,0,0.2224,1,1,0,0,0,0.0995,0.48675,1,0,0,0,0,0,0,0,0,0,0
24,0,2,0,2.6258,1,1,0,0,3,0,0,0.0,0,0,0,0,0.15,1,0,0,0.0,0,1,1,0,0,9747.0,0,0,1,1,0,72.0,0,0.0975,0,0,0,0,0,0.35225,0.004,0,0,0,0,0,0,0,0,0,0,0
24,0,2,0,3.3232,1,1,0,0,0,0,0,0.0,0,0,0,0,0.5,0,0,0,0.0,0,1,1,0,0,-1.0,0,0,0,1,0,83.0,0,0.2165,1,1,0,0,0,0.02275,0.48675,0,1,0,0,0,0,0,0,0,0,0
32,2,2,0,3.6531,1,0,0,0,0,0,0,0.0833,1,0,1,0,0.5,0,0,0,0.0,0,1,2,0,0,-1.0,0,0,0,1,0,44.0,0,0.2564,1,1,0,0,0,0.0995,0.48675,1,0,0,0,0,0,0,0,0,0,0
24,0,2,0,3.2402,1,1,0,0,0,0,0,0.0,0,0,0,0,0.15,1,0,0,0.0,0,1,1,0,0,10334.0,0,0,1,1,0,43.0,0,0.1098,0,0,0,0,0,0.35225,0.0155,0,1,0,0,0,0,0,0,0,0,0
40,0,2,0,3.7568,1,1,0,0,0,0,0,0.0,0,0,0,0,0.15,1,0,0,0.0,0,1,2,0,0,7431.0,0,0,1,1,0,37.0,0,0.1201,0,0,0,0,0,0.35225,0.0155,0,1,0,0,0,0,0,0,0,0,0
22,0,1,0,2.5216,0,0,0,0,8,0,0,0.0,0,0,0,0,0.5,0,0,0,0.0,0,1,1,0,1,7448.0,0,0,1,1,0,31.0,0,0.2004,0,0,0,0,0,0.0085,0.03575,0,1,0,0,0,0,0,0,0,0,0
26,0,1,0,2.0,0,1,0,0,14,0,0,0.0,0,0,0,0,0.5,0,0,0,0.0,0,1,1,0,0,-1.0,0,0,0,0,0,-1.0,-1,0.19,1,1,1,1,1,0.00075,0.48675,0,0,0,0,0,0,0,0,0,0,1
15,0,1,0,2.5216,0,1,0,0,0,0,0,0.0,0,0,0,0,0.5,0,0,0,0.0,0,1,1,0,1,4010.0,0,0,1,1,0,39.0,0,0.2004,0,0,0,0,0,0.0015,0.00025,1,0,0,0,0,0,0,0,0,0,0
23,0,1,0,3.1899,0,1,0,0,0,0,0,0.0,0,0,0,0,0.15,1,0,0,0.0,0,1,1,0,1,5616.0,0,0,1,1,0,150.0,0,0.1088,0,0,0,0,0,0.35225,0.019,0,0,0,0,0,0,0,0,0,0,0
14,0,1,0,2.585,0,1,0,0,0,0,0,0.0,0,0,0,0,0.5,0,0,0,0.0,0,1,1,0,0,9437.0,0,0,1,1,0,166.0,0,0.2017,0,0,0,0,0,0.00325,0.00025,0,0,0,0,0,0,0,0,0,1,0
25,0,2,0,3.0306,1,1,0,0,0,0,0,0.0,0,0,0,0,0.15,1,0,0,0.0,0,1,1,0,0,5643.0,0,1,1,1,0,78.0,0,0.1056,0,0,0,0,0,0.35225,0.058,0,1,0,0,0,0,0,0,0,0,0
30,0,2,0,3.5352,1,1,0,0,0,0,0,0.0,0,0,0,0,0.15,1,0,0,0.0,0,1,1,0,0,11198.0,0,1,1,1,0,56.0,0,0.1157,0,0,0,0,0,0.35225,0.058,0,1,0,0,0,0,0,0,0,0,0
36,0,1,0,3.4183,0,1,0,0,7,1,2,0.0,0,0,0,0,0.15,1,0,0,0.0,0,0,0,0,0,2170.0,0,0,1,0,0,-1.0,-1,0.1134,0,0,1,1,1,0.35225,0.00275,0,0,0,0,0,0,0,0,0,0,1
37,2,2,0,3.9354,1,0,0,0,0,0,0,0.0833,1,0,1,0,0.35,1,0,0,0.0,0,0,0,0,0,-1.0,0,0,0,0,0,-1.0,-1,0.217,1,1,1,1,1,0.08025,0.48675,0,0,0,0,0,0,0,0,0,0,1
178,0,3,0,3.2484,2,1,0,0,43,3,8,0.0,0,0,0,0,0.5,0,0,0,0.0,0,1,1,0,0,-1.0,0,0,0,1,0,60.0,0,0.215,1,1,0,0,0,0.003,0.48675,0,1,0,0,0,0,0,0,0,0,0
48,5,2,10,4.3143,1,1,0,0,0,0,0,0.0,0,0,0,0,0.5,0,0,0,0.0,0,1,2,0,0,-1.0,0,0,0,1,0,77.0,0,0.2363,1,1,0,0,0,0.0995,0.48675,1,0,0,0,0,0,0,0,0,0,0
23,0,2,0,2.9477,1,1,0,0,6,0,0,0.0833,1,0,1,0,0.5,0,0,0,0.0,0,1,2,0,1,9274.0,0,0,1,1,0,54.0,0,0.2423,0,0,0,0,0,0.00025,0.00025,1,0,0,0,0,0,0,0,0,0,0
19,1,1,0,3.0272,0,1,0,0,0,0,0,0.0,0,0,0,0,0.3,1,0,0,0.0,0,1,1,0,1,895.0,0,0,1,1,0,54.0,0,0.1505,0,0,0,0,0,0.00425,0.001,0,1,0,0,0,0,0,0,0,0,0
27,0,1,0,2.75,0,1,0,0,11,0,0,0.0,0,0,0,0,0.5,0,0,0,0.0,0,1,2,0,1,-1.0,0,0,1,1,0,64.0,0,0.205,0,1,0,0,0,0.00075,0.00025,1,0,0,0,0,0,0,0,0,0,0
36,0,1,0,3.4714,0,1,0,0,8,0,0,0.0,0,0,0,0,0.5,0,0,0,0.0,0,0,0,0,0,-1.0,0,0,1,0,0,-1.0,-1,0.2194,0,1,1,1,1,0.0015,0.00125,0,0,0,0,0,0,0,0,0,0,1
25,0,2,0,3.2195,1,1,0,0,0,0,0,0.0,0,0,0,0,0.15,1,0,0,0.0,0,1,4,0,0,1332.0,0,0,1,1,0,207.0,0,0.1094,0,0,0,0,0,0.35225,0.00375,0,0,0,1,0,0,0,0,0,0,0
25,0,1,0,3.4992,0,1,0,0,0,0,0,0.0,0,0,0,0,0.15,1,0,0,0.0,0,1,3,0,1,11057.0,0,0,1,1,0,33.0,0,0.115,0,0,0,0,0,0.35225,0.00025,0,0,0,0,1,0,0,0,0,0,0
46,0,3,0,4.0433,2,0,0,0,0,0,0,0.0,0,0,0,0,0.15,1,0,0,0.0,0,1,2,0,0,-1.0,0,0,0,0,0,-1.0,0,0.1259,1,1,1,1,0,0.35225,0.48675,0,0,0,0,0,0,0,0,0,0,1
40,0,1,0,2.8151,0,1,0,0,19,0,0,0.0,0,0,0,0,0.15,1,0,0,0.0,0,1,2,0,1,5144.0,0,0,1,0,0,-1.0,-1,0.1013,0,0,1,1,1,0.35225,0.036,0,0,0,0,0,0,0,0,0,0,1
41,2,2,0,3.764,1,1,0,0,6,0,0,0.0,0,0,0,1,0.28,1,0,0,0.0,0,1,4,0,0,-1.0,0,0,0,1,0,31.0,0,0.1593,1,1,0,0,0,0.0545,0.48675,0,1,0,0,0,0,0,0,0,0,0
93,4,4,12,4.3306,3,1,0,0,15,0,0,0.1667,1,0,1,0,0.7,1,0,0,0.0,0,0,0,0,0,696.0,0,1,1,0,0,-1.0,-1,0.3633,0,0,1,1,1,0.0095,0.01175,0,0,0,0,0,0,0,0,0,0,1
37,0,1,0,3.4037,0,1,0,0,9,0,0,0.0,0,0,0,0,0.15,1,0,0,0.0,0,0,0,0,0,1436.0,0,1,1,0,0,-1.0,-1,0.1131,0,0,1,1,1,0.35225,0.00075,0,0,0,0,0,0,0,0,0,0,1
34,0,1,0,3.7639,0,1,0,0,0,0,0,0.0,0,0,0,0,0.1,1,0,0,0.0,0,0,0,0,0,4.0,1,0,1,0,0,-1.0,-1,0.1053,0,0,1,1,1,0.02775,0.03575,0,0,0,0,0,0,0,0,0,0,1
28,0,2,0,3.1219,1,1,0,0,10,0,0,0.1667,2,0,2,0,0.5,0,0,0,0.0,0,1,1,0,1,-1.0,0,0,0,1,0,222.0,0,0.2791,1,1,0,0,0,0.00175,0.48675,0,0,0,0,1,0,0,0,0,0,0
23,0,1,0,3.3232,0,1,0,0,0,0,0,0.0,0,0,0,0,0.15,1,0,0,0.0,0,1,2,0,0,613.0,0,0,1,1,0,68.0,0,0.1115,0,0,0,0,0,0.35225,0.03575,1,0,0,0,0,0,0,0,0,0,0
25,0,2,0,3.4548,1,1,0,0,0,0,0,0.0,0,0,0,0,0.15,1,0,0,0.0,0,1,1,0,0,9560.0,0,0,1,1,0,45.0,0,0.1141,0,0,0,0,0,0.35225,0.00075,1,0,0,0,0,0,0,0,0,0,0
17,0,1,0,2.9477,0,1,0,0,0,0,0,0.0,0,0,0,0,0.5,0,0,0,0.0,0,1,2,0,1,2916.0,0,0,1,1,0,42.0,0,0.209,0,0,0,0,0,0.003,0.00025,1,0,0,0,0,0,0,0,0,0,0
44,3,2,0,4.0576,1,1,0,0,0,0,0,0.0833,1,0,1,0,0.5,0,0,0,0.0,0,0,0,0,0,4390.0,0,0,1,0,0,-1.0,-1,0.2645,0,0,1,1,1,0.004,0.00625,0,0,0,0,0,0,0,0,0,0,1
51,4,2,0,4.044,1,1,0,0,0,0,0,0.25,3,0,3,0,0.35,1,0,0,0.0,0,1,2,0,0,-1.0,0,0,0,1,0,55.0,0,0.2859,1,1,0,0,0,0.08025,0.48675,1,0,0,0,0,0,0,0,0,0,0
35,0,2,0,3.3921,1,1,0,0,9,0,0,0.0833,1,0,1,0,0.5,0,0,0,0.0,0,1,1,0,0,4686.0,0,0,1,1,0,245.0,0,0.2512,0,0,0,0,0,0.0015,0.00125,0,0,0,0,1,0,0,0,0,0,0
23,0,2,0,3.3249,1,1,0,0,0,0,0,0.0,0,0,0,0,0.1,1,0,0,0.0,0,1,4,0,0,10007.0,0,0,1,1,0,89.0,0,0.0965,0,0,0,0,0,0.02775,0.00175,0,1,0,0,0,0,0,0,0,0,0
23,1,1,0,2.7255,0,1,0,0,6,0,0,0.0,0,0,0,0,0.15,1,0,0,0.0,0,0,0,0,0,1849.0,0,0,1,0,0,-1.0,-1,0.0995,0,0,1,1,1,0.35225,0.019,0,0,0,0,0,0,0,0,0,0,1
17,0,1,0,2.7255,0,1,0,0,0,0,0,0.0833,1,0,1,0,0.35,1,0,0,0.0,0,1,1,0,1,-1.0,0,0,0,1,0,69.0,0,0.1928,1,1,0,0,0,0.08025,0.48675,0,1,0,0,0,0,0,0,0,0,0
31,0,2,0,3.6978,1,1,0,0,0,0,0,0.0,0,0,0,0,0.15,1,0,0,0.0,0,1,2,0,0,-1.0,0,0,0,1,0,83.0,0,0.119,1,1,0,0,0,0.35225,0.48675,1,0,0,0,0,0,0,0,0,0,0
34,0,1,0,2.8464,0,1,0,0,16,0,0,0.0,0,0,0,0,0.9,1,0,0,0.0,0,1,2,0,0,-1.0,0,0,0,1,0,52.0,0,0.3269,1,1,0,0,0,0.00575,0.48675,1,0,0,0,0,0,0,0,0,0,0
63,2,4,5,4.1416,3,1,0,0,13,0,0,0.0,0,0,0,0,0.15,1,0,0,0.0,0,1,4,0,0,3671.0,0,1,1,1,0,41.0,0,0.1278,0,0,0,0,0,0.35225,0.01575,0,1,0,0,0,0,0,0,0,0,0
38,0,1,0,3.2516,0,1,0,0,18,0,0,0.0,0,0,0,0,0.15,1,0,0,0.0,0,1,1,0,0,5672.0,0,1,1,0,0,-1.0,-1,0.11,0,0,1,1,1,0.35225,0.00175,0,0,0,0,0,0,0,0,0,0,1
22,0,2,0,3.027,1,1,0,0,0,0,0,0.0,0,0,0,0,0.15,1,0,0,0.0,0,1,1,0,0,9022.0,0,0,1,0,0,-1.0,-1,0.1055,0,0,1,1,1,0.35225,0.00975,0,0,0,0,0,0,0,0,0,0,1
28,2,1,0,3.3788,0,1,0,0,6,0,0,0.0,0,0,0,0,0.15,1,0,0,0.0,0,0,0,0,0,1730.0,0,0,1,0,0,-1.0,-1,0.1126,0,0,1,1,1,0.35225,0.00975,0,0,0,0,0,0,0,0,0,0,1
25,0,2,0,3.0306,1,1,0,0,0,0,0,0.0,0,0,0,0,0.15,1,0,0,0.0,0,1,2,0,0,-1.0,0,0,0,1,0,230.0,0,0.1056,1,1,0,0,0,0.35225,0.48675,0,0,0,0,0,0,0,0,0,0,0
29,0,1,0,3.2402,0,1,0,0,6,0,0,0.0,0,0,0,0,0.15,1,0,0,0.0,0,1,1,0,1,-1.0,0,0,0,0,0,-1.0,-1,0.1098,1,1,1,1,1,0.35225,0.48675,0,0,0,0,0,0,0,0,0,0,1
20,0,2,0,2.8554,1,1,0,0,0,0,0,0.0833,1,0,1,0,0.5,0,0,0,0.0,0,1,2,0,0,9260.0,0,0,1,1,0,33.0,0,0.2404,1,0,0,0,0,0.00875,0.48675,0,0,0,0,0,0,0,0,0,0,0
49,1,3,0,4.0464,2,1,0,0,0,0,0,0.0,0,0,0,0,0.5,0,0,0,0.0,0,1,2,0,0,-1.0,0,0,0,1,0,77.0,0,0.2309,1,1,0,0,0,0.0995,0.48675,1,0,0,0,0,0,0,0,0,0,0
18,0,1,0,3.1219,0,1,0,0,0,0,0,0.0,0,0,0,0,0.15,1,0,0,0.0,0,1,1,0,1,11012.0,0,1,1,1,0,51.0,0,0.1074,0,0,0,0,0,0.35225,0.058,0,1,0,0,0,0,0,0,0,0,0
19,0,1,2,2.75,0,1,0,0,2,0,0,0.0,0,0,0,0,0.9,1,0,0,0.0,0,0,0,0,0,-1.0,0,0,0,0,0,-1.0,-1,0.325,1,1,1,1,1,0.00575,0.48675,0,0,0,0,0,0,0,0,0,0,1
20,0,1,0,3.0958,0,1,0,0,0,0,0,0.0,0,0,0,0,0.15,1,0,0,0.0,0,1,1,0,0,-1.0,0,0,0,1,0,43.0,0,0.1069,1,1,0,0,0,0.35225,0.48675,0,1,0,0,0,0,0,0,0,0,0
34,0,1,0,3.1219,0,1,0,0,16,0,0,0.0,0,0,0,0,0.22,1,0,0,0.0,0,0,0,0,0,905.0,0,0,1,0,0,-1.0,-1,0.1284,0,0,1,1,1,0.0405,0.019,0,0,0,0,0,0,0,0,0,0,1
24,0,2,0,3.3232,1,1,0,0,0,0,0,0.0,0,0,0,0,0.15,1,0,0,0.0,0,1,2,0,0,-1.0,0,0,0,1,0,25.0,0,0.1115,1,1,0,0,0,0.35225,0.48675,0,1,0,0,0,0,0,0,0,0,0
36,2,2,6,4.1645,1,0,0,0,0,0,0,0.0833,1,0,1,0,0.35,1,0,0,0.0,0,1,2,0,0,-1.0,0,0,0,1,0,31.0,0,0.2216,1,1,0,0,0,0.08025,0.48675,0,1,0,0,0,0,0,0,0,0,0
27,0,1,0,2.4464,0,1,0,0,9,0,0,0.0,0,0,0,0,0.22,1,0,0,0.0,0,1,1,0,0,-1.0,0,0,0,0,0,-1.0,-1,0.1149,1,1,1,1,1,0.0405,0.48675,0,0,0,0,0,0,0,0,0,0,1
21,0,2,0,2.8554,1,1,0,0,0,0,0,0.0,0,0,0,0,0.2,1,0,0,0.0,0,1,1,0,0,7550.0,0,0,1,1,0,89.0,0,0.1171,0,0,0,0,0,0.0055,0.058,0,1,0,0,0,0,0,0,0,0,0
39,0,1,0,3.3736,0,1,0,0,16,0,0,0.0,0,0,0,0,0.15,1,0,0,0.0,0,0,0,0,0,-1.0,0,0,0,0,0,-1.0,-1,0.1125,1,1,1,1,1,0.35225,0.48675,0,0,0,0,0,0,0,0,0,0,1
37,1,1,0,3.1887,0,1,0,0,17,0,0,0.0,0,0,0,0,0.15,1,0,0,0.0,0,1,1,0,0,3260.0,0,0,1,1,0,38.0,0,0.1088,0,0,0,0,0,0.35225,0.058,0,1,0,0,0,0,0,0,0,0,0
31,0,1,0,3.027,0,1,0,0,10,0,0,0.0,0,0,0,0,0.15,1,0,0,0.0,0,1,2,0,0,11362.0,0,0,1,0,0,-1.0,-1,0.1055,0,0,1,1,1,0.35225,0.013,0,0,0,0,0,0,0,0,0,0,1
34,0,1,0,3.3219,0,1,0,0,16,0,0,0.0,0,0,0,0,0.15,1,0,0,0.0,0,0,0,0,0,-1.0,0,0,0,0,0,-1.0,-1,0.1114,1,1,1,1,1,0.35225,0.48675,0,0,0,0,0,0,0,0,0,0,1
39,0,1,0,3.027,0,1,0,0,18,0,0,0.0,0,0,0,0,0.15,1,0,0,0.0,0,1,1,0,0,8309.0,0,0,1,1,0,67.0,0,0.1055,0,0,0,0,0,0.35225,0.058,0,0,0,0,1,0,0,0,0,0,0
49,0,2,0,3.7483,1,1,0,0,14,0,0,0.0,0,0,0,0,0.28,1,0,0,0.0,0,1,4,0,0,-1.0,0,0,0,1,0,31.0,0,0.159,1,1,0,0,0,0.0545,0.48675,0,1,0,0,0,0,0,0,0,0,0
45,2,2,2,4.1416,1,0,0,0,0,0,0,0.0833,1,0,1,0,0.35,1,0,0,0.0,0,1,2,0,0,-1.0,0,0,0,1,0,229.0,0,0.2212,1,1,0,0,0,0.08025,0.48675,0,0,0,0,0,0,0,0,0,0,0
56,3,2,4,4.1696,1,1,0,0,0,0,0,0.4167,4,0,4,0,0.35,1,0,0,0.0,0,1,2,0,0,-1.0,0,0,0,1,0,55.0,0,0.3551,1,1,0,0,0,0.08025,0.48675,1,0,0,0,0,0,0,0,0,0,0
30,0,2,0,3.4226,1,1,0,0,0,0,0,0.0,0,0,0,0,0.15,1,0,0,0.0,0,1,2,0,0,6902.0,0,0,1,1,0,63.0,0,0.1135,0,0,0,0,0,0.35225,0.019,0,1,0,0,0,0,0,0,0,0,0
21,0,2,2,2.8731,1,0,0,0,0,0,0,0.1667,1,0,1,0,0.7,1,0,0,0.0,0,1,1,0,0,311.0,0,0,1,0,0,-1.0,0,0.3341,0,0,1,1,0,0.0095,0.058,0,0,0,0,0,0,0,0,0,0,1
62,0,2,0,3.1751,1,1,0,0,37,0,0,0.0,0,0,0,0,0.15,1,0,0,0.0,0,0,0,0,0,-1.0,0,0,0,0,0,-1.0,-1,0.1085,1,1,1,1,1,0.35225,0.48675,0,0,0,0,0,0,0,0,0,0,1
72,0,2,0,3.3249,1,1,0,0,18,1,2,0.0,0,0,0,0,0.15,1,0,0,0.0,0,1,3,0,0,4319.0,0,0,1,1,0,77.0,0,0.1115,0,0,0,0,0,0.35225,0.03575,1,0,0,0,0,0,0,0,0,0,0
20,0,1,0,2.9183,0,0,0,0,0,0,0,0.0,0,0,0,0,0.15,1,0,0,0.0,0,0,0,0,0,6103.0,0,0,1,0,0,-1.0,-1,0.1034,0,0,1,1,1,0.35225,0.0005,0,0,0,0,0,0,0,0,0,0,1
20,0,1,0,3.0221,0,1,0,0,0,0,0,0.0,0,0,0,0,0.5,0,0,0,0.0,0,1,4,0,1,-1.0,0,0,0,1,0,219.0,0,0.2104,1,1,0,0,0,0.00025,0.48675,0,0,0,1,0,0,0,0,0,0,0
35,2,2,6,3.9022,1,1,0,0,0,0,0,0.0833,1,0,1,0,0.35,1,0,0,0.0,0,1,2,0,0,-1.0,0,0,0,1,0,31.0,0,0.2164,1,1,0,0,0,0.08025,0.48675,0,1,0,0,0,0,0,0,0,0,0
50,4,2,2,4.3571,1,1,0,0,0,0,0,0.0,0,0,0,0,0.5,0,0,0,0.0,0,1,2,0,0,-1.0,0,0,0,1,0,78.0,0,0.2371,1,1,0,0,0,0.0995,0.48675,1,0,0,0,0,0,0,0,0,0,0
30,1,1,0,3.2389,0,1,0,0,9,0,0,0.0833,1,0,1,0,0.5,0,0,0,0.0,0,1,1,0,0,-1.0,0,0,0,0,0,-1.0,-1,0.2481,1,1,1,1,1,0.02275,0.48675,0,0,0,0,0,0,0,0,0,0,1
34,0,2,0,3.3535,1,0,0,0,0,0,0,0.0,0,0,0,0,0.5,0,0,0,0.0,0,1,2,0,0,-1.0,0,0,0,1,0,47.0,0,0.2171,1,1,0,0,0,0.0995,0.48675,1,0,0,0,0,0,0,0,0,0,0
23,0,2,0,3.0391,1,1,0,0,0,0,0,0.0,0,0,0,0,0.1,1,0,0,0.0,0,1,2,0,0,-1.0,0,0,0,1,0,59.0,0,0.0908,1,1,0,0,0,0.02775,0.48675,0,1,0,0,0,0,0,0,0,0,0
26,0,1,0,3.2516,0,1,0,0,6,0,0,0.0,0,0,0,0,0.15,1,0,0,0.0,0,1,2,0,1,10917.0,0,1,1,1,0,73.0,0,0.11,0,0,0,0,0,0.35225,0.01175,0,1,0,0,0,0,0,0,0,0,0
37,0,2,0,3.2037,1,1,0,0,9,0,0,0.0,0,0,0,0,0.22,1,0,0,0.0,0,1,1,0,0,-1.0,0,0,0,1,0,193.0,0,0.1301,1,1,0,0,0,0.0405,0.48675,0,0,0,0,0,0,0,0,0,0,0
31,0,1,0,3.3816,0,1,0,0,6,0,0,0.0,0,0,0,0,0.28,1,0,0,0.0,0,0,0,0,1,3417.0,0,0,1,0,0,-1.0,-1,0.1516,0,0,1,1,1,0.0545,0.036,0,0,0,0,0,0,0,0,0,0,1
21,0,1,0,3.027,0,1,0,0,0,0,0,0.0,0,0,0,0,0.15,1,0,0,0.0,0,1,4,0,1,3827.0,0,1,1,1,0,158.0,0,0.1055,0,0,0,0,0,0.35225,0.00325,0,0,0,1,0,0,0,0,0,0,0
60,4,4,5,3.9972,3,1,0,0,11,0,0,0.0,0,0,0,0,0.15,1,0,0,0.0,0,1,2,0,0,7654.0,0,0,1,1,0,185.0,0,0.1249,0,0,0,0,0,0.35225,0.0155,0,0,0,1,0,0,0,0,0,0,0
40,0,2,0,3.375,1,1,0,0,16,0,0,0.0,0,0,0,0,0.5,0,0,0,0.0,0,1,4,0,1,-1.0,0,0,0,1,0,83.0,0,0.2175,1,1,0,0,0,0.001,0.48675,0,1,0,0,0,0,0,0,0,0,0
53,4,2,1,3.9024,1,0,0,0,0,0,0,0.2333,1,0,1,1,0.35,1,0,0,0.0,0,1,1,0,0,-1.0,0,0,0,1,0,66.0,0,0.2764,1,1,0,0,0,0.08025,0.48675,1,0,0,0,0,0,0,0,0,0,0
56,0,3,3,4.2667,2,1,0,0,0,0,0,0.0833,1,0,1,0,0.35,1,0,0,0.0,0,1,2,0,0,-1.0,0,0,0,0,0,-1.0,0,0.2237,1,1,1,1,0,0.08025,0.48675,0,0,0,0,0,0,0,0,0,0,1
28,0,2,0,3.2608,1,1,0,0,0,0,0,0.0,0,0,0,0,0.15,1,0,0,0.0,0,1,4,0,0,-1.0,0,0,0,1,0,151.0,0,0.1102,1,1,0,0,0,0.35225,0.48675,0,0,0,1,0,0,0,0,0,0,0
23,0,1,0,3.0931,0,1,0,0,0,0,0,0.0,0,0,0,0,0.5,0,0,0,0.0,0,1,5,0,1,6045.0,0,0,1,1,0,158.0,0,0.2119,0,0,0,0,0,0.0035,0.00025,0,0,0,0,0,0,0,0,0,0,0
17,0,1,0,3.1699,0,1,0,0,0,0,0,0.0,0,0,0,0,0.22,1,0,0,0.0,0,1,2,0,0,5770.0,0,0,1,1,0,101.0,0,0.1294,0,0,0,0,0,0.0405,0.058,0,0,0,0,0,0,0,0,1,0,0
169,0,2,0,3.7257,1,1,0,0,0,1,4,0.0,0,0,0,0,0.22,1,0,0,0.0,0,0,0,0,0,102.0,0,0,1,0,0,-1.0,-1,0.1405,0,0,1,1,1,0.0405,0.0045,0,0,0,0,0,0,0,0,0,0,1
50,0,2,0,3.2766,1,1,0,0,16,0,0,0.0,0,0,0,0,0.5,0,0,0,0.0,0,0,0,0,1,-1.0,0,0,1,0,0,-1.0,-1,0.2155,0,1,1,1,1,0.003,0.00125,0,0,0,0,0,0,0,0,0,0,1
45,4,2,3,4.2181,1,1,0,0,0,0,0,0.0,0,0,0,0,0.5,0,0,0,0.0,0,1,2,0,0,-1.0,0,0,0,1,0,77.0,0,0.2344,1,1,0,0,0,0.0995,0.48675,1,0,0,0,0,0,0,0,0,0,0
31,1,3,0,3.6753,2,0,0,0,0,0,0,0.3333,3,0,3,0,0.35,1,0,0,0.0,0,1,2,0,0,-1.0,0,0,0,0,0,-1.0,0,0.3118,1,1,1,1,0,0.08025,0.48675,0,0,0,0,0,0,0,0,0,0,1
20,0,2,0,2.8454,1,1,0,0,0,0,0,0.25,3,0,3,0,0.03,1,0,0,0.0,0,1,2,0,0,1375.0,0,1,1,1,0,31.0,0,0.1659,0,0,0,0,0,0.00325,0.0025,1,0,0,0,0,0,0,0,0,0,0
28,0,2,0,2.6635,1,0,0,0,9,0,0,0.0,0,0,0,0,0.5,0,0,0,0.0,0,1,2,0,0,-1.0,0,0,0,1,0,68.0,0,0.2033,1,1,0,0,0,0.0025,0.48675,0,0,0,0,0,0,0,0,0,0,0
200,0,3,0,3.1307,2,1,0,0,54,3,8,0.0,0,0,0,0,0.5,0,0,0,0.0,0,1,1,0,0,-1.0,0,0,0,0,0,-1.0,0,0.2126,1,1,1,1,0,0.012,0.48675,0,0,0,0,0,0,0,0,0,0,1
43,1,2,7,4.4992,1,1,0,0,0,0,0,0.0833,1,0,1,0,0.35,1,0,0,0.0,0,1,2,0,0,-1.0,0,0,0,1,0,55.0,0,0.2283,1,1,0,0,0,0.08025,0.48675,1,0,0,0,0,0,0,0,0,0,0
174,0,3,0,3.1307,2,1,0,0,41,3,8,0.0,0,0,0,0,0.5,0,0,0,0.0,0,1,1,0,0,-1.0,0,0,0,0,0,-1.0,0,0.2126,1,1,1,1,0,0.012,0.48675,0,0,0,0,0,0,0,0,0,0,1
47,4,2,3,4.4649,1,0,0,0,0,0,0,0.0,0,0,0,0,0.5,0,0,0,0.0,0,1,2,0,0,-1.0,0,0,0,1,0,83.0,0,0.2393,1,1,0,0,0,0.0995,0.48675,1,0,0,0,0,0,0,0,0,0,0
38,0,1,0,3.4591,0,1,0,0,6,0,0,0.0833,1,0,1,0,0.55,1,0,0,0.0,0,1,1,0,0,-1.0,0,0,0,1,0,58.0,0,0.2675,1,1,0,0,0,0.00575,0.48675,0,1,0,0,0,0,0,0,0,0,0
149,3,2,9,4.5443,1,1,0,0,15,3,9,0.0,0,0,0,0,0.5,0,0,0,0.0,0,1,2,0,0,-1.0,0,0,0,1,0,86.0,0,0.2409,1,1,0,0,0,0.0995,0.48675,1,0,0,0,0,0,0,0,0,0,0
56,0,2,0,3.6733,1,1,0,0,22,0,0,0.0,0,0,0,0,0.28,1,0,0,0.0,0,1,4,0,0,-1.0,0,0,0,1,0,31.0,0,0.1575,1,1,0,0,0,0.0545,0.48675,0,1,0,0,0,0,0,0,0,0,0
21,0,2,0,2.6887,1,1,0,0,0,0,0,0.0,0,0,0,0,0.1,1,0,0,0.0,0,1,2,0,0,10709.0,0,0,1,1,0,48.0,0,0.0838,0,0,0,0,0,0.02775,0.058,1,0,0,0,0,0,0,0,0,0,0
63,2,2,0,3.8833,1,1,0,0,25,0,0,0.0,0,0,0,0,0.28,1,0,0,0.0,0,1,4,0,0,-1.0,0,0,0,1,0,31.0,0,0.1617,1,1,0,0,0,0.0545,0.48675,0,1,0,0,0,0,0,0,0,0,0
32,1,2,2,3.6402,1,1,0,0,9,0,0,0.0,0,0,0,0,0.5,0,0,0,0.0,0,0,0,0,0,5764.0,0,0,1,0,0,-1.0,-1,0.2228,0,0,1,1,1,0.009,0.001,0,0,0,0,0,0,0,0,0,0,1
27,0,2,0,3.4613,1,1,0,0,0,0,0,0.0,0,0,0,0,0.2,1,0,0,0.0,0,1,1,0,0,1742.0,0,0,1,1,0,44.0,0,0.1292,0,0,0,0,0,0.0055,0.0005,1,0,0,0,0,0,0,0,0,0,0
80,0,1,0,3.4772,0,1,0,0,50,0,0,0.0,0,0,0,0,0.22,1,0,0,0.0,0,1,2,0,1,2434.0,0,0,1,1,0,80.0,0,0.1355,0,0,0,0,0,0.0405,0.019,0,0,0,1,0,0,0,0,0,0,0
24,0,3,0,3.1396,2,1,0,0,0,0,0,0.0,0,0,0,0,0.5,0,0,0,0.0,0,1,4,0,0,10338.0,0,0,1,1,0,80.0,0,0.2128,1,0,0,0,0,0.00875,0.48675,0,0,0,1,0,0,0,0,0,0,0
41,0,3,0,3.6573,2,0,0,0,0,0,0,0.0,0,0,0,0,0.15,1,0,0,0.0,0,0,0,0,0,177.0,0,0,1,0,0,-1.0,-1,0.1181,0,0,1,1,1,0.35225,0.0025,0,0,0,0,0,0,0,0,0,0,1
37,1,1,0,3.5069,0,1,0,0,7,1,2,0.0,0,0,0,0,0.5,0,0,0,0.0,0,1,1,0,0,2902.0,0,0,1,0,0,-1.0,0,0.2201,0,0,1,1,0,0.02275,0.012,0,0,0,0,0,0,0,0,0,0,1
30,0,1,0,3.4548,0,0,0,0,5,0,0,0.1667,1,0,1,0,0.7,1,0,0,0.0,0,0,0,0,0,12.0,1,1,1,0,0,-1.0,-1,0.3458,0,0,1,1,1,0.0095,0.00375,0,0,0,0,0,0,0,0,0,0,1
29,0,1,0,3.5585,0,1,0,0,0,0,0,0.0,0,0,0,0,0.15,1,0,0,0.0,0,1,2,0,0,418.0,0,0,1,1,0,85.0,0,0.1162,0,0,0,0,0,0.35225,0.058,0,1,0,0,0,0,0,0,0,0,0
93,0,2,0,3.5766,1,1,0,0,65,0,0,0.0,0,0,0,0,0.15,1,0,0,0.0,0,1,2,0,0,4930.0,0,0,1,1,0,85.0,0,0.1165,0,0,0,0,0,0.35225,0.036,0,1,0,0,0,0,0,0,0,0,0
30,1,2,0,3.3342,1,0,0,0,0,0,0,0.0833,1,0,1,0,0.35,1,0,0,0.0,0,1,2,0,0,-1.0,0,0,0,1,0,55.0,0,0.205,1,1,0,0,0,0.08025,0.48675,1,0,0,0,0,0,0,0,0,0,0
33,0,1,7,3.0958,0,1,0,0,7,1,2,0.0,0,0,0,0,0.94,1,0,0,0.0,0,0,0,0,0,170.0,0,0,1,0,0,-1.0,-1,0.3439,0,0,1,1,1,0.01625,0.00625,0,0,0,0,0,0,0,0,0,0,1
40,1,1,0,3.7255,0,1,0,0,14,0,0,0.0,0,0,0,0,0.22,1,0,0,0.0,0,1,1,0,0,7134.0,0,0,1,1,0,54.0,0,0.1405,0,0,0,0,0,0.0405,0.013,1,0,0,0,0,0,0,0,0,0,0
22,0,1,0,2.6464,0,1,0,0,4,0,0,0.0,0,0,0,0,0.15,1,0,0,0.0,0,1,2,0,0,7726.0,0,0,1,1,0,42.0,0,0.0979,0,0,0,0,0,0.35225,0.004,0,0,0,0,0,0,0,0,0,0,0
26,0,2,0,3.4613,1,1,0,0,0,0,0,0.0,0,0,0,0,0.22,1,0,0,0.0,0,1,4,0,0,1033.0,0,0,1,1,0,186.0,0,0.1352,0,0,0,0,0,0.0405,0.019,0,0,0,1,0,0,0,0,0,0,0
40,0,1,0,3.2402,0,1,0,0,17,0,0,0.0,0,0,0,0,0.15,1,0,0,0.0,0,1,1,0,1,3165.0,0,0,1,1,0,53.0,0,0.1098,0,0,0,0,0,0.35225,0.058,0,1,0,0,0,0,0,0,0,0,0
22,0,2,0,2.8454,1,1,0,0,2,0,0,0.0,0,0,0,0,0.15,1,0,0,0.0,0,1,2,0,0,11426.0,0,0,1,1,0,58.0,0,0.1019,0,0,0,0,0,0.35225,0.004,1,0,0,0,0,0,0,0,0,0,0
43,0,3,0,3.9987,2,1,0,0,0,0,0,0.0,0,0,0,0,0.15,1,0,0,0.0,0,1,2,0,0,-1.0,0,0,0,0,0,-1.0,0,0.125,1,1,1,1,0,0.35225,0.48675,0,0,0,0,0,0,0,0,0,0,1
22,1,2,0,3.182,1,1,0,0,0,0,0,0.0,0,0,0,0,0.22,1,0,0,0.0,0,1,1,0,0,10420.0,0,0,1,0,0,-1.0,0,0.1296,0,0,1,1,0,0.0405,0.004,0,0,0,0,0,0,0,0,0,0,1
166,0,3,0,3.1307,2,1,0,0,37,3,8,0.0,0,0,0,0,0.5,0,0,0,0.0,0,1,1,0,0,-1.0,0,0,0,0,0,-1.0,0,0.2126,1,1,1,1,0,0.012,0.48675,0,0,0,0,0,0,0,0,0,0,1
45,2,2,0,3.9194,1,1,0,0,0,0,0,0.0,0,0,0,0,0.5,0,0,0,0.0,0,1,2,0,0,-1.0,0,0,0,1,0,89.0,0,0.2284,1,1,0,0,0,0.0995,0.48675,1,0,0,0,0,0,0,0,0,0,0
25,0,2,0,3.2028,1,1,0,0,0,0,0,0.1667,2,0,2,0,0.5,0,0,0,0.0,0,0,0,0,0,-1.0,0,0,0,0,0,-1.0,-1,0.2807,1,1,1,1,1,0.00975,0.48675,0,0,0,0,0,0,0,0,0,0,1
50,4,2,2,4.2611,1,0,0,0,0,0,0,0.1667,2,0,2,0,0.5,0,0,0,0.0,0,1,2,0,0,-1.0,0,0,0,1,0,87.0,0,0.3019,1,1,0,0,0,0.0995,0.48675,1,0,0,0,0,0,0,0,0,0,0
48,7,2,0,3.5952,1,1,0,0,0,0,0,0.0,0,0,0,0,0.5,0,0,0,0.0,0,1,2,0,0,-1.0,0,0,0,1,0,86.0,0,0.2219,1,1,0,0,0,0.0995,0.48675,1,0,0,0,0,0,0,0,0,0,0
27,0,2,0,3.0851,1,1,0,0,6,0,0,0.0,0,0,0,0,0.5,0,0,0,0.0,0,1,1,0,1,6326.0,0,0,1,1,0,114.0,0,0.2117,1,0,0,0,0,0.0015,0.48675,0,0,0,0,1,0,0,0,0,0,0
23,0,1,0,3.6402,0,1,0,0,0,0,0,0.0,0,0,0,0,0.15,1,0,0,0.0,0,1,2,0,1,-1.0,0,0,0,1,0,215.0,0,0.1178,1,1,0,0,0,0.35225,0.48675,0,0,0,0,0,0,0,0,0,0,0
24,0,2,0,3.3232,1,1,0,0,0,0,0,0.0,0,0,0,0,0.15,1,0,0,0.0,0,1,1,0,0,5421.0,0,0,1,1,0,13.0,0,0.1115,0,0,0,0,0,0.35225,0.058,0,0,0,0,0,0,0,0,0,1,0
19,0,1,0,3.2776,0,1,0,0,0,0,0,0.0,0,0,0,0,0.15,1,0,0,0.0,0,1,4,0,1,7125.0,0,0,1,1,0,207.0,0,0.1106,0,0,0,0,0,0.35225,0.03575,0,0,0,1,0,0,0,0,0,0,0
24,0,2,0,3.3232,1,1,0,0,0,0,0,0.0,0,0,0,0,0.15,1,0,0,0.0,0,1,2,0,0,10706.0,0,0,1,1,0,207.0,0,0.1115,0,0,0,0,0,0.35225,0.019,0,0,0,0,0,0,0,0,0,0,0
20,0,1,0,2.8554,0,1,0,0,0,0,0,0.0,0,0,0,0,0.15,1,0,0,0.0,0,1,8,0,0,929.0,0,1,1,1,0,68.0,0,0.1021,0,0,0,0,0,0.35225,0.0035,0,1,0,0,0,0,0,0,0,0,0
27,0,2,6,3.5766,1,0,0,0,0,0,0,0.0,0,0,0,0,0.5,0,0,0,0.0,0,1,2,0,0,-1.0,0,0,0,1,0,70.0,0,0.2215,1,1,0,0,0,0.0995,0.48675,1,0,0,0,0,0,0,0,0,0,0
57,0,2,4,4.182,1,1,0,0,21,0,0,0.0,0,0,0,0,0.94,1,0,0,0.0,0,0,0,0,0,7.0,1,0,1,0,0,-1.0,-1,0.3656,0,0,1,1,1,0.01625,0.01125,0,0,0,0,0,0,0,0,0,0,1
47,1,2,0,3.8439,1,1,0,0,13,0,1,0.0,0,0,0,0,0.28,1,0,0,0.0,0,1,4,0,0,-1.0,0,0,0,1,0,31.0,0,0.1609,1,1,0,0,0,0.0545,0.48675,0,1,0,0,0,0,0,0,0,0,0
35,0,1,0,2.914,0,1,0,0,16,0,0,0.0,0,0,0,0,0.5,0,0,0,0.0,0,1,1,0,0,9699.0,0,0,1,1,0,36.0,0,0.2083,0,0,0,0,0,0.00325,0.00075,0,1,0,0,0,0,0,0,0,0,0
25,0,2,0,3.3278,1,1,0,0,0,0,0,0.0,0,0,0,0,0.15,1,0,0,0.0,0,1,1,0,0,11020.0,0,0,1,1,0,89.0,0,0.1116,0,0,0,0,0,0.35225,0.013,0,0,0,0,0,1,0,0,0,0,0
46,3,3,1,3.6657,2,1,0,0,0,0,0,0.1667,1,0,2,0,0.35,1,0,0,0.0,0,1,2,0,0,-1.0,0,0,0,0,0,-1.0,0,0.245,1,1,1,1,0,0.08025,0.48675,0,0,0,0,0,0,0,0,0,0,1
47,4,2,3,4.4136,1,0,0,0,0,0,0,0.0,0,0,0,0,0.5,0,0,0,0.0,0,1,2,0,0,-1.0,0,0,0,1,0,83.0,0,0.2383,1,1,0,0,0,0.0995,0.48675,1,0,0,0,0,0,0,0,0,0,0
52,0,1,0,3.085,0,1,0,0,16,1,2,0.0,0,0,0,0,0.15,1,0,0,0.0,0,1,1,0,0,724.0,0,1,1,1,0,87.0,0,0.1067,0,0,0,0,0,0.35225,0.01225,0,1,0,0,0,0,0,0,0,0,0
17,0,1,0,3.1699,0,1,0,0,0,0,0,0.0,0,0,0,0,0.15,1,0,0,0.0,0,1,1,0,0,5083.0,0,0,1,1,0,65.0,0,0.1084,0,0,0,0,0,0.35225,0.03575,0,1,0,0,0,0,0,0,0,0,0
30,0,3,0,3.5226,2,1,0,0,0,0,0,0.0,0,0,0,0,0.5,0,0,0,0.0,0,1,4,0,0,4916.0,0,0,1,1,0,153.0,0,0.2205,0,0,0,0,0,0.009,0.00125,0,0,0,1,0,0,0,0,0,0,0
19,0,1,0,3.2776,0,1,0,0,0,0,0,0.0,0,0,0,0,0.15,1,0,0,0.0,0,1,1,0,1,-1.0,0,0,0,1,0,124.0,0,0.1106,1,1,0,0,0,0.35225,0.48675,0,0,0,0,0,0,0,0,0,0,0
20,0,2,1,2.8554,1,1,0,0,0,0,0,0.0,0,0,0,0,0.15,1,0,0,0.0,0,1,4,0,0,11163.0,0,0,1,1,0,135.0,0,0.1021,0,0,0,0,0,0.35225,0.036,0,0,0,1,0,0,0,0,0,0,0
40,0,1,0,3.5069,0,1,0,0,17,0,0,0.0,0,0,0,0,0.15,1,0,0,0.0,0,0,0,0,0,2663.0,0,0,1,0,0,-1.0,-1,0.1151,0,0,1,1,1,0.35225,0.00975,0,0,0,0,0,0,0,0,0,0,1
32,0,2,0,3.5033,1,1,0,0,6,0,0,0.0,0,0,0,0,0.5,0,0,0,0.0,0,1,2,0,1,9670.0,0,0,1,1,0,44.0,0,0.2201,1,0,0,0,0,0.00925,0.48675,1,0,0,0,0,0,0,0,0,0,0
47,4,2,3,4.3943,1,0,0,0,0,0,0,0.0,0,0,0,0,0.5,0,0,0,0.0,0,1,2,0,0,-1.0,0,0,0,1,0,83.0,0,0.2379,1,1,0,0,0,0.0995,0.48675,1,0,0,0,0,0,0,0,0,0,0
23,0,2,0,3.0391,1,1,0,0,0,0,0,0.0,0,0,0,0,0.15,1,0,0,0.0,0,1,2,0,0,11259.0,0,0,1,1,0,76.0,0,0.1058,0,0,0,0,0,0.35225,0.013,1,0,0,0,0,0,0,0,0,0,0
52,0,3,0,3.2484,2,1,0,0,27,0,0,0.0,0,0,0,0,0.5,0,0,0,0.0,0,1,1,0,0,-1.0,0,0,0,0,0,-1.0,0,0.215,1,1,1,1,0,0.002,0.48675,0,0,0,0,0,0,0,0,0,0,1
21,0,2,0,2.6887,1,1,0,0,0,0,0,0.0,0,0,0,0,0.5,0,0,0,0.0,0,1,1,0,0,-1.0,0,0,0,1,0,113.0,0,0.2038,1,1,0,0,0,0.02275,0.48675,0,0,0,0,0,1,0,0,0,0,0
41,2,2,6,4.1639,1,1,0,0,0,0,0,0.0833,1,0,1,0,0.35,1,0,0,0.0,0,1,2,0,0,-1.0,0,0,0,1,0,31.0,0,0.2216,1,1,0,0,0,0.08025,0.48675,0,1,0,0,0,0,0,0,0,0,0
18,0,1,0,3.3219,0,1,0,0,0,0,0,0.0,0,0,0,0,0.15,1,0,0,0.0,0,1,2,0,1,5728.0,0,0,1,1,0,78.0,0,0.1114,0,0,0,0,0,0.35225,0.0065,1,0,0,0,0,0,0,0,0,0,0
32,1,2,0,3.5016,1,0,0,0,0,0,0,0.0833,1,0,1,0,0.35,1,0,0,0.0,0,1,2,0,0,-1.0,0,0,0,1,0,55.0,0,0.2084,1,1,0,0,0,0.08025,0.48675,1,0,0,0,0,0,0,0,0,0,0
41,0,1,1,3.5069,0,1,0,0,7,1,2,0.0,0,0,0,0,0.5,0,0,0,0.0,0,1,1,0,0,1.0,1,1,1,1,0,88.0,0,0.2201,0,0,0,0,0,0.0035,0.00275,0,1,0,0,0,0,0,0,0,0,0
46,0,2,0,3.1933,1,1,0,1,0,1,3,0.0,0,0,0,0,0.5,0,0,0,0.0,0,0,0,0,0,-1.0,0,0,0,0,0,-1.0,-1,0.2139,1,1,1,1,1,0.0995,0.48675,0,0,0,0,0,0,0,0,0,0,1
30,0,1,0,3.2776,0,1,0,0,11,0,0,0.0,0,0,0,0,0.5,0,0,0,0.0,0,0,0,0,0,-1.0,0,0,0,0,0,-1.0,-1,0.2156,1,1,1,1,1,0.0995,0.48675,0,0,0,0,0,0,0,0,0,0,1
63,6,2,5,4.1828,1,1,0,0,0,0,0,0.25,3,0,3,0,0.35,1,0,0,0.0,0,1,2,0,0,-1.0,0,0,0,1,0,55.0,0,0.2887,1,1,0,0,0,0.08025,0.48675,1,0,0,0,0,0,0,0,0,0,0
32,0,2,0,3.567,1,1,0,0,0,0,0,0.0,0,0,0,0,0.15,1,0,0,0.0,0,1,2,0,0,7431.0,0,0,1,1,0,37.0,0,0.1163,0,0,0,0,0,0.35225,0.036,0,1,0,0,0,0,0,0,0,0,0
23,0,2,0,3.1899,1,1,0,0,0,0,0,0.0,0,0,0,0,0.15,1,0,0,0.0,0,1,1,0,0,13052.0,0,0,1,1,0,49.0,0,0.1088,0,0,0,0,0,0.35225,0.058,0,1,0,0,0,0,0,0,0,0,0
53,0,1,0,3.1219,0,1,0,0,35,0,0,0.0,0,0,0,0,0.22,1,0,0,0.0,0,1,1,0,0,39.0,0,0,1,1,0,52.0,0,0.1284,0,0,0,0,0,0.0405,0.058,0,1,0,0,0,0,0,0,0,0,0
52,0,2,2,3.8209,1,1,0,0,22,0,0,0.0,0,0,0,0,0.28,1,0,0,0.0,0,1,4,0,0,-1.0,0,0,0,1,0,31.0,0,0.1604,1,1,0,0,0,0.0545,0.48675,0,1,0,0,0,0,0,0,0,0,0
30,0,1,0,3.4594,0,1,0,0,11,0,0,0.0,0,0,0,0,0.15,1,0,0,0.0,0,1,1,0,1,6967.0,0,0,1,0,0,-1.0,0,0.1142,0,0,1,1,0,0.35225,0.0155,0,0,0,0,0,0,0,0,0,0,1
30,0,1,0,3.0958,0,1,0,0,11,0,0,0.0,0,0,0,0,0.5,0,0,0,0.0,0,1,1,0,0,7713.0,0,0,1,1,0,83.0,0,0.2119,0,0,0,0,0,0.02275,0.012,0,0,0,0,0,1,0,0,0,0,0
23,0,1,2,3.6402,0,1,0,0,0,0,0,0.0833,1,0,1,0,0.5,0,0,0,0.0,0,1,2,0,0,-1.0,0,0,0,1,0,39.0,0,0.2561,1,1,0,0,0,0.00025,0.48675,1,0,0,0,0,0,0,0,0,0,0
31,0,2,0,3.5884,1,0,0,0,0,0,0,0.0833,1,0,1,0,0.35,1,0,0,0.0,0,1,2,0,0,-1.0,0,0,0,1,0,229.0,0,0.2101,1,1,0,0,0,0.08025,0.48675,0,0,0,0,0,0,0,0,0,0,0
26,0,2,0,3.2928,1,1,0,0,0,0,0,0.0,0,0,0,0,0.5,0,0,0,0.0,0,1,2,0,0,6197.0,0,0,1,1,0,65.0,0,0.2159,1,0,0,0,0,0.00175,0.48675,1,0,0,0,0,0,0,0,0,0,0
35,0,2,0,3.0931,1,1,0,0,13,0,0,0.0833,1,0,1,0,0.5,0,0,0,0.0,0,1,2,0,0,7703.0,0,0,1,0,0,-1.0,-1,0.2452,0,0,1,1,1,0.0025,0.00175,0,0,0,0,0,0,0,0,0,0,1
26,0,2,0,3.4548,1,1,0,0,0,0,0,0.0,0,0,0,0,0.15,1,0,0,0.0,0,1,2,0,0,-1.0,0,0,0,1,0,63.0,0,0.1141,1,1,0,0,0,0.35225,0.48675,1,0,0,0,0,0,0,0,0,0,0
26,0,1,0,2.9477,0,1,0,0,9,0,0,0.1667,2,0,2,0,0.55,1,0,0,0.0,0,1,1,0,1,-1.0,0,0,0,0,0,-1.0,-1,0.2906,1,1,1,1,1,0.00575,0.48675,0,0,0,0,0,0,0,0,0,0,1
24,0,1,0,3.3219,0,1,0,0,6,0,0,0.0,0,0,0,0,0.5,0,0,0,0.0,0,0,0,0,0,1041.0,0,0,1,0,0,-1.0,-1,0.2164,0,0,1,1,1,0.001,0.00375,0,0,0,0,0,0,0,0,0,0,1
38,2,2,0,3.7714,1,1,0,0,0,0,0,0.25,2,0,3,0,0.28,1,0,0,0.0,0,1,2,0,0,4508.0,0,0,1,1,0,74.0,0,0.2594,0,0,0,0,0,0.0545,0.0025,1,0,0,0,0,0,0,0,0,0,0
25,0,1,0,3.2776,0,1,0,0,6,0,0,0.0,0,0,0,0,0.5,0,0,0,0.0,0,1,3,0,1,-1.0,0,0,0,1,0,46.0,0,0.2156,1,1,0,0,0,0.002,0.48675,1,0,0,0,0,0,0,0,0,0,0
24,0,2,0,3.1899,1,1,0,0,0,0,0,0.0,0,0,0,0,0.5,0,0,0,0.0,0,1,4,0,0,7123.0,0,0,1,1,0,132.0,0,0.2138,0,0,0,0,0,0.00425,0.00025,0,0,0,0,0,1,0,0,0,0,0
30,0,3,0,3.4633,2,1,0,0,0,0,0,0.0833,1,0,1,0,0.9,1,0,0,0.0,0,0,0,0,0,-1.0,0,0,0,0,0,-1.0,-1,0.3726,1,1,1,1,1,0.00575,0.48675,0,0,0,0,0,0,0,0,0,0,1
29,0,1,0,2.5216,0,1,0,0,7,1,2,0.0,0,0,0,0,0.15,1,0,0,0.0,0,1,2,0,1,-1.0,0,0,0,0,0,-1.0,-1,0.0954,1,1,1,1,1,0.35225,0.48675,0,0,0,0,0,0,0,0,0,0,1
45,4,2,8,4.263,1,0,0,0,0,0,0,0.1667,2,0,2,0,0.5,0,0,0,0.0,0,1,2,0,0,-1.0,0,0,0,1,0,76.0,0,0.3019,1,1,0,0,0,0.0995,0.48675,1,0,0,0,0,0,0,0,0,0,0
37,0,2,0,3.6846,1,1,0,0,0,1,2,0.0,0,0,0,0,0.15,1,0,0,0.0,0,1,2,0,0,-1.0,0,0,0,1,0,50.0,0,0.1187,1,1,0,0,0,0.35225,0.48675,1,0,0,0,0,0,0,0,0,0,0
20,0,1,0,3.1887,0,1,0,0,0,0,0,0.0,0,0,0,0,0.15,1,0,0,0.0,0,1,2,0,0,2122.0,0,0,1,1,0,59.0,0,0.1088,0,0,0,0,0,0.35225,0.03575,1,0,0,0,0,0,0,0,0,0,0
43,0,2,0,3.6733,1,0,0,0,11,0,0,0.0,0,0,0,0,0.28,1,0,0,0.0,0,1,4,0,0,-1.0,0,0,0,1,0,31.0,0,0.1575,1,1,0,0,0,0.0545,0.48675,0,1,0,0,0,0,0,0,0,0,0
35,2,2,0,3.5503,1,0,0,0,5,0,0,0.1667,1,0,1,0,0.7,1,0,0,0.0,0,0,0,0,0,30.0,0,0,1,0,0,-1.0,-1,0.3477,0,0,1,1,1,0.0095,0.00175,0,0,0,0,0,0,0,0,0,0,1
18,0,1,0,3.3219,0,1,0,0,0,0,0,0.0833,1,0,1,0,0.15,1,0,0,0.0,0,1,4,0,1,7831.0,0,0,1,1,0,218.0,0,0.1448,0,0,0,0,0,0.35225,0.019,0,0,0,1,0,0,0,0,0,0,0
32,1,2,0,3.8492,1,1,0,0,0,0,0,0.0833,1,0,1,0,0.35,1,0,0,0.0,0,1,2,0,0,-1.0,0,0,0,1,0,41.0,0,0.2153,1,1,0,0,0,0.08025,0.48675,1,0,0,0,0,0,0,0,0,0,0
18,0,1,5,2.9477,0,1,0,0,0,0,0,0.0,0,0,0,0,0.94,1,0,0,0.0,0,0,0,0,0,133.0,0,1,1,0,0,-1.0,-1,0.341,0,0,1,1,1,0.01625,0.01225,0,0,0,0,0,0,0,0,0,0,1
34,0,1,0,3.2516,0,1,0,0,14,0,0,0.0,0,0,0,0,0.88,1,0,0,0.0,0,0,0,0,0,110.0,0,0,1,0,0,-1.0,-1,0.329,0,0,1,1,1,0.00225,0.00975,0,0,0,0,0,0,0,0,0,0,1
33,0,1,0,3.6402,0,1,0,0,10,0,0,0.0,0,0,0,0,0.5,0,0,0,0.0,0,0,0,0,0,-1.0,0,0,0,0,0,-1.0,-1,0.2228,1,1,1,1,1,0.02275,0.48675,0,0,0,0,0,0,0,0,0,0,1
27,0,1,0,3.0,0,1,0,0,11,0,0,0.0833,1,0,1,0,0.03,1,0,0,0.0,0,1,2,0,1,10266.0,0,1,1,1,0,81.0,0,0.1023,0,0,0,0,0,0.00325,0.0025,0,1,0,0,0,0,0,0,0,0,0
26,0,3,0,3.4194,2,1,0,0,0,0,0,0.0,0,0,0,0,0.5,0,0,0,0.0,0,1,1,0,0,-1.0,0,0,0,1,0,63.0,0,0.2184,1,1,0,0,0,0.001,0.48675,0,1,0,0,0,0,0,0,0,0,0
32,0,1,0,2.585,0,1,0,0,18,0,0,0.0,0,0,0,0,0.5,0,0,0,0.0,0,1,1,0,0,9587.0,0,0,1,0,0,-1.0,0,0.2017,0,0,1,1,0,0.02275,0.012,0,0,0,0,0,0,0,0,0,0,1
17,0,1,0,2.4194,0,1,0,0,0,0,0,0.0,0,0,0,0,0.5,0,0,0,0.0,0,1,1,0,1,-1.0,0,0,0,1,0,80.0,0,0.1984,1,1,0,0,0,0.01075,0.48675,0,0,0,0,0,0,0,0,0,1,0
33,1,2,0,3.7951,1,1,0,0,2,0,0,0.0833,1,0,1,0,0.5,0,0,0,0.0,0,1,2,0,0,-1.0,0,0,0,1,0,88.0,0,0.2592,1,1,0,0,0,0.00175,0.48675,1,0,0,0,0,0,0,0,0,0,0
36,0,1,0,3.4183,0,1,0,0,16,0,0,0.0,0,0,0,0,0.94,1,0,0,0.0,0,0,0,0,0,404.0,0,0,1,0,0,-1.0,-1,0.3504,0,0,1,1,1,0.01625,0.058,0,0,0,0,0,0,0,0,0,0,1
123,0,3,0,3.1307,2,1,0,0,43,1,2,0.0,0,0,0,0,0.5,0,0,0,0.0,0,1,1,0,0,-1.0,0,0,0,0,0,-1.0,0,0.2126,1,1,1,1,0,0.00125,0.48675,0,0,0,0,0,0,0,0,0,0,1
34,1,2,0,3.7962,1,0,0,0,0,0,0,0.1667,2,0,2,0,0.35,1,0,0,0.0,0,1,2,0,0,-1.0,0,0,0,1,0,55.0,0,0.2476,1,1,0,0,0,0.08025,0.48675,1,0,0,0,0,0,0,0,0,0,0
48,4,2,2,4.2842,1,0,0,0,0,0,0,0.0,0,0,0,0,0.5,0,0,0,0.0,0,1,2,0,0,-1.0,0,0,0,1,0,76.0,0,0.2357,1,1,0,0,0,0.0995,0.48675,1,0,0,0,0,0,0,0,0,0,0
26,0,2,0,3.3736,1,1,0,0,3,0,0,0.0,0,0,0,0,0.5,0,0,0,0.0,0,0,0,0,0,10520.0,0,1,1,0,0,-1.0,-1,0.2175,0,0,1,1,1,0.0085,0.01225,0,0,0,0,0,0,0,0,0,0,1
29,0,1,0,3.5585,0,1,0,0,0,0,0,0.0,0,0,0,0,0.15,1,0,0,0.0,0,1,1,0,1,8955.0,0,0,1,1,0,51.0,0,0.1162,0,0,0,0,0,0.35225,0.058,0,1,0,0,0,0,0,0,0,0,0
45,0,2,3,3.9706,1,1,0,0,14,0,1,0.0,0,0,0,0,0.28,1,0,0,0.0,0,1,4,0,0,-1.0,0,0,0,1,0,31.0,0,0.1634,1,1,0,0,0,0.0545,0.48675,0,1,0,0,0,0,0,0,0,0,0
37,2,2,0,3.4372,1,1,0,0,0,0,0,0.1667,1,0,2,0,0.35,1,0,0,0.0,0,1,2,0,0,-1.0,0,0,0,1,0,55.0,0,0.2404,1,1,0,0,0,0.08025,0.48675,1,0,0,0,0,0,0,0,0,0,0
50,0,2,3,3.6515,1,1,0,0,13,0,0,0.0,0,0,0,0,0.28,1,0,0,0.0,0,1,4,0,0,-1.0,0,0,0,1,0,31.0,0,0.157,1,1,0,0,0,0.0545,0.48675,0,1,0,0,0,0,0,0,0,0,0
37,1,1,0,3.5466,0,1,0,0,16,0,0,0.0,0,0,0,0,0.15,1,0,0,0.0,0,1,1,0,1,1579.0,0,0,1,0,0,-1.0,-1,0.1159,0,0,1,1,1,0.35225,0.03575,0,0,0,0,0,0,0,0,0,0,1
36,0,2,4,3.9862,1,1,0,0,0,0,0,0.0,0,0,0,0,0.15,1,0,0,0.0,0,1,2,0,0,7431.0,0,0,1,1,0,37.0,0,0.1247,0,0,0,0,0,0.35225,0.036,0,1,0,0,0,0,0,0,0,0,0
30,0,1,0,1.9219,0,1,0,0,17,0,0,0.0,0,0,0,0,0.5,0,0,0,0.0,0,1,1,0,1,10538.0,0,0,1,1,0,77.0,0,0.1884,0,0,0,0,0,0.02275,0.012,0,1,0,0,0,0,0,0,0,0,0
18,0,1,0,3.1219,0,1,0,0,0,0,0,0.0,0,0,0,0,0.15,1,0,0,0.0,0,1,1,0,0,1578.0,0,0,1,1,0,77.0,0,0.1074,0,0,0,0,0,0.35225,0.0065,0,1,0,0,0,0,0,0,0,0,0
22,0,2,0,3.0391,1,1,0,0,0,0,0,0.0,0,0,0,0,0.5,0,0,0,0.0,0,1,1,0,0,7293.0,0,0,1,1,0,48.0,0,0.2108,0,0,0,0,0,0.02275,0.012,0,1,0,0,0,0,0,0,0,0,0
48,4,2,4,4.3719,1,0,0,0,0,0,0,0.0,0,0,0,0,0.5,0,0,0,0.0,0,1,2,0,0,-1.0,0,0,0,1,0,83.0,0,0.2374,1,1,0,0,0,0.0995,0.48675,1,0,0,0,0,0,0,0,0,0,0
22,0,1,0,3.5216,0,1,0,0,0,0,0,0.0,0,0,0,0,0.15,1,0,0,0.0,0,1,2,0,1,3305.0,0,0,1,1,0,55.0,0,0.1154,0,0,0,0,0,0.35225,0.03575,1,0,0,0,0,0,0,0,0,0,0
16,0,1,0,2.5,0,1,0,0,0,0,0,0.0,0,0,0,0,0.15,1,0,0,0.0,0,1,2,0,0,8471.0,0,0,1,1,0,198.0,0,0.095,0,0,0,0,0,0.35225,0.00975,0,0,0,0,0,1,0,0,0,0,0
36,1,2,2,3.9947,1,0,0,0,0,0,0,0.0,0,0,0,0,0.15,1,0,0,0.0,0,1,2,0,0,-1.0,0,0,0,1,0,50.0,0,0.1249,1,1,0,0,0,0.35225,0.48675,1,0,0,0,0,0,0,0,0,0,0
29,0,2,0,3.182,1,1,0,0,6,0,0,0.0,0,0,0,0,0.15,1,0,0,0.0,0,1,2,0,0,12157.0,0,0,1,1,0,131.0,0,0.1086,0,0,0,0,0,0.35225,0.0035,0,0,0,0,0,0,0,0,0,0,0
34,0,1,0,3.085,0,1,0,0,7,1,2,0.0,0,0,0,0,0.15,1,0,0,0.0,0,0,0,0,0,1737.0,0,1,1,0,0,-1.0,-1,0.1067,0,0,1,1,1,0.35225,0.0035,0,0,0,0,0,0,0,0,0,0,1
43,4,2,1,4.1147,1,0,0,0,0,0,0,0.0,0,0,0,0,0.5,0,0,0,0.0,0,1,2,0,0,-1.0,0,0,0,1,0,81.0,0,0.2323,1,1,0,0,0,0.0995,0.48675,1,0,0,0,0,0,0,0,0,0,0
164,0,1,0,3.2359,0,1,0,0,6,1,2,0.0,0,0,0,0,0.15,1,0,0,0.0,0,0,0,0,0,131.0,0,0,1,0,0,-1.0,-1,0.1097,0,0,1,1,1,0.35225,0.03575,0,0,0,0,0,0,0,0,0,0,1
14,0,1,0,2.585,0,1,0,0,0,0,0,0.0,0,0,0,0,0.5,0,0,0,0.0,0,1,2,0,0,3110.0,0,1,1,1,0,64.0,0,0.2017,0,0,0,0,0,0.004,0.03575,0,1,0,0,0,0,0,0,0,0,0
51,1,2,2,3.8573,1,1,0,0,13,0,0,0.0,0,0,0,0,0.28,1,0,0,0.0,0,1,4,0,0,-1.0,0,0,0,1,0,31.0,0,0.1611,1,1,0,0,0,0.0545,0.48675,0,1,0,0,0,0,0,0,0,0,0
39,0,2,0,3.8566,1,1,0,0,0,0,0,0.0,0,0,0,0,0.15,1,0,0,0.0,0,1,2,0,0,7431.0,0,0,1,1,0,37.0,0,0.1221,0,0,0,0,0,0.35225,0.036,0,1,0,0,0,0,0,0,0,0,0
27,0,2,0,3.5724,1,1,0,0,0,0,0,0.0,0,0,0,0,0.15,1,0,0,0.0,0,1,1,0,0,4353.0,0,0,1,1,0,23.0,0,0.1164,0,0,0,0,0,0.35225,0.058,0,1,0,0,0,0,0,0,0,0,0
23,0,1,0,3.3232,0,1,0,0,0,0,0,0.0,0,0,0,0,0.15,1,0,0,0.0,0,1,1,0,0,87.0,0,0,1,1,0,3.0,0,0.1115,0,0,0,0,0,0.35225,0.058,0,1,0,0,0,0,0,0,0,0,0
18,0,1,0,3.3219,0,1,0,0,0,0,0,0.0,0,0,0,0,0.5,0,0,0,0.0,0,0,0,0,1,-1.0,0,0,0,0,0,-1.0,-1,0.2164,1,1,1,1,1,0.00025,0.48675,0,0,0,0,0,0,0,0,0,0,1
29,0,3,0,3.5226,2,1,0,0,0,0,0,0.0,0,0,0,0,0.5,0,0,0,0.0,0,1,3,0,0,7454.0,0,0,1,1,0,38.0,0,0.2205,1,0,0,0,0,0.00875,0.48675,1,0,0,0,0,0,0,0,0,0,0
19,0,1,0,3.2776,0,1,0,0,0,0,0,0.0,0,0,0,0,0.15,1,0,0,0.0,0,1,5,0,1,7359.0,0,0,1,1,0,63.0,0,0.1106,0,0,0,0,0,0.35225,0.058,0,0,0,0,1,0,0,0,0,0,0
27,0,2,0,3.2391,1,1,0,0,0,0,0,0.0,0,0,0,0,0.5,0,0,0,0.0,0,1,2,0,0,-1.0,0,0,0,1,0,48.0,0,0.2148,1,1,0,0,0,0.002,0.48675,1,0,0,0,0,0,0,0,0,0,0
21,0,1,0,3.027,0,1,0,0,0,0,0,0.0,0,0,0,0,0.15,1,0,0,0.0,0,1,1,0,1,6325.0,0,0,1,1,0,122.0,0,0.1055,0,0,0,0,0,0.35225,0.001,0,0,0,0,0,0,0,0,1,0,0
26,0,2,0,3.085,1,1,0,0,6,0,0,0.0,0,0,0,0,0.5,0,0,0,0.0,0,1,1,0,1,-1.0,0,0,1,1,0,186.0,0,0.2117,0,1,0,0,0,0.003,0.00125,0,0,0,1,0,0,0,0,0,0,0
50,0,2,0,3.9448,1,0,0,0,0,0,0,0.0,0,0,0,0,0.5,0,0,0,0.0,0,1,2,0,0,-1.0,0,0,0,1,0,31.0,0,0.2289,1,1,0,0,0,0.00025,0.48675,0,1,0,0,0,0,0,0,0,0,0
34,1,2,2,3.8439,1,1,0,0,0,0,0,0.0,0,0,0,0,0.15,1,0,0,0.0,0,1,2,0,0,-1.0,0,0,0,1,0,50.0,0,0.1219,1,1,0,0,0,0.35225,0.48675,1,0,0,0,0,0,0,0,0,0,0
25,0,2,0,3.3372,1,1,0,0,0,0,0,0.0,0,0,0,0,0.22,1,0,0,0.0,0,1,1,0,0,1363.0,0,1,1,0,0,-1.0,-1,0.1327,0,0,1,1,1,0.0405,0.00175,0,0,0,0,0,0,0,0,0,0,1
47,0,2,2,3.8802,1,1,0,0,17,0,2,0.0,0,0,0,0,0.28,1,0,0,0.0,0,1,4,0,0,-1.0,0,0,0,1,0,31.0,0,0.1616,1,1,0,0,0,0.0545,0.48675,0,1,0,0,0,0,0,0,0,0,0
50,4,2,2,4.3874,1,1,0,0,0,0,0,0.0,0,0,0,0,0.5,0,0,0,0.0,0,1,2,0,0,-1.0,0,0,0,1,0,77.0,0,0.2377,1,1,0,0,0,0.0995,0.48675,1,0,0,0,0,0,0,0,0,0,0
33,0,2,0,3.1933,1,0,0,0,0,0,0,0.0,0,0,0,0,0.5,0,0,0,0.0,0,1,2,0,0,-1.0,0,0,0,1,0,109.0,0,0.2139,1,1,0,0,0,0.0995,0.48675,0,0,1,0,0,0,0,0,0,0,0
33,0,1,0,3.4528,0,1,0,0,9,0,0,0.0,0,0,0,0,0.22,1,0,0,0.0,0,1,1,0,0,4492.0,0,0,1,1,0,39.0,0,0.1351,0,0,0,0,0,0.0405,0.00375,0,1,0,0,0,0,0,0,0,0,0
26,0,2,0,3.4548,1,1,0,0,0,0,0,0.0,0,0,0,0,0.5,0,0,0,0.0,0,1,1,0,1,-1.0,0,0,0,1,0,32.0,0,0.2191,1,1,0,0,0,0.01075,0.48675,0,1,0,0,0,0,0,0,0,0,0
47,3,4,0,3.4297,3,1,0,0,0,0,0,0.0,0,0,0,0,0.5,0,0,0,0.0,0,0,0,0,0,32.0,0,0,1,0,0,-1.0,-1,0.2186,0,0,1,1,1,0.01325,0.00175,0,0,0,0,0,0,0,0,0,0,1
26,0,3,0,3.3372,2,1,0,0,0,0,0,0.0,0,0,0,0,0.5,0,0,0,0.0,0,0,0,0,0,-1.0,0,0,0,0,0,-1.0,-1,0.2167,1,1,1,1,1,0.01325,0.48675,0,0,0,0,0,0,0,0,0,0,1
22,0,1,0,3.3788,0,1,0,0,0,0,0,0.0,0,0,0,0,0.15,1,0,0,0.0,0,1,4,0,1,6566.0,0,0,1,1,0,135.0,0,0.1126,0,0,0,0,0,0.35225,0.058,0,0,0,1,0,0,0,0,0,0,0
25,0,2,0,3.5725,1,1,0,0,0,0,0,0.0,0,0,0,0,0.15,1,0,0,0.0,0,1,1,0,0,9169.0,0,0,1,1,0,65.0,0,0.1164,0,0,0,0,0,0.35225,0.00625,1,0,0,0,0,0,0,0,0,0,0
27,0,2,0,3.1972,1,1,0,0,0,0,0,0.0,0,0,0,0,0.15,1,0,0,0.0,0,1,2,0,0,9879.0,0,1,1,1,0,55.0,0,0.1089,0,0,0,0,0,0.35225,0.01175,1,0,0,0,0,0,0,0,0,0,0
23,0,2,0,3.1899,1,1,0,0,0,0,0,0.0,0,0,0,0,0.5,0,0,0,0.0,0,1,3,0,0,-1.0,0,0,0,1,0,74.0,0,0.2138,1,1,0,0,0,0.00025,0.48675,1,0,0,0,0,0,0,0,0,0,0
38,1,1,1,3.6169,0,1,0,0,13,0,0,0.0,0,0,0,0,0.15,1,0,0,0.0,0,0,0,0,0,1089.0,0,0,1,0,0,-1.0,-1,0.1173,0,0,1,1,1,0.35225,0.00025,0,0,0,0,0,0,0,0,0,0,1
22,0,1,0,3.3788,0,1,0,0,0,0,0,0.0,0,0,0,0,0.15,1,0,0,0.0,0,1,3,0,1,2025.0,0,0,1,1,0,35.0,0,0.1126,0,0,0,0,0,0.35225,0.03575,1,0,0,0,0,0,0,0,0,0,0
25,0,1,0,3.0958,0,1,0,0,6,0,0,0.0,0,0,0,0,0.5,0,0,0,0.0,0,1,4,0,0,-1.0,0,0,0,1,0,83.0,0,0.2119,1,1,0,0,0,0.00075,0.48675,0,0,0,0,1,0,0,0,0,0,0
27,0,1,0,2.8151,0,1,0,0,6,0,0,0.0,0,0,0,0,0.22,1,0,0,0.0,0,0,0,0,0,3413.0,0,0,1,0,0,-1.0,-1,0.1223,0,0,1,1,1,0.0405,0.019,0,0,0,0,0,0,0,0,0,0,1
45,0,1,2,3.8219,0,1,0,0,17,0,0,0.0,0,0,0,0,0.15,1,0,0,0.0,0,1,2,0,0,149.0,0,0,1,1,0,58.0,0,0.1214,0,0,0,0,0,0.35225,0.03575,0,1,0,0,0,0,0,0,0,0,0
35,0,2,4,4.056,1,1,0,0,0,0,0,0.0,0,0,0,0,0.15,1,0,0,0.0,0,1,2,0,0,7431.0,0,0,1,1,0,37.0,0,0.1261,0,0,0,0,0,0.35225,0.036,0,1,0,0,0,0,0,0,0,0,0
32,1,2,0,3.6753,1,1,0,0,0,0,0,0.3333,3,0,3,0,0.35,1,0,0,0.0,0,1,2,0,0,-1.0,0,0,0,1,0,55.0,0,0.3118,1,1,0,0,0,0.08025,0.48675,1,0,0,0,0,0,0,0,0,0,0
30,0,1,0,3.2776,0,1,0,0,11,0,0,0.0,0,0,0,0,0.15,1,0,0,0.0,0,0,0,0,0,972.0,0,0,1,0,0,-1.0,-1,0.1106,0,0,1,1,1,0.35225,0.0015,0,0,0,0,0,0,0,0,0,0,1
24,0,2,0,3.2806,1,1,0,0,0,0,0,0.0,0,0,0,0,0.5,0,0,0,0.0,0,1,1,0,0,-1.0,0,0,0,1,0,55.0,0,0.2156,1,1,0,0,0,0.02275,0.48675,0,1,0,0,0,0,0,0,0,0,0
34,0,1,0,3.6645,0,1,0,0,12,0,0,0.0,0,0,0,0,0.15,1,0,0,0.0,0,0,0,0,0,1192.0,0,0,1,0,0,-1.0,-1,0.1183,0,0,1,1,1,0.35225,0.019,0,0,0,0,0,0,0,0,0,0,1
36,0,2,0,3.085,1,1,0,0,16,0,0,0.0,0,0,0,0,0.5,0,0,0,0.0,0,1,1,0,1,7847.0,0,0,1,0,0,-1.0,-1,0.2117,0,0,1,1,1,0.0025,0.00175,0,0,0,0,0,0,0,0,0,0,1
36,0,1,0,3.0221,0,1,0,0,16,0,0,0.0,0,0,0,0,0.22,1,0,0,0.0,0,0,0,0,0,8505.0,0,1,1,0,0,-1.0,-1,0.1264,0,0,1,1,1,0.0405,0.01175,0,0,0,0,0,0,0,0,0,0,1
47,4,2,9,4.3135,1,1,0,0,0,0,0,0.0,0,0,0,0,0.5,0,0,0,0.0,0,1,2,0,0,-1.0,0,0,0,1,0,77.0,0,0.2363,1,1,0,0,0,0.0995,0.48675,1,0,0,0,0,0,0,0,0,0,0
28,1,1,0,3.3219,0,1,0,0,10,0,0,0.0833,1,0,1,0,0.5,0,0,0,0.0,0,1,1,0,0,8872.0,0,0,1,0,0,-1.0,-1,0.2498,0,0,1,1,1,0.02275,0.012,0,0,0,0,0,0,0,0,0,0,1
30,0,1,0,3.4528,0,1,0,0,6,0,0,0.0,0,0,0,0,0.15,1,0,0,0.0,0,1,1,0,0,2833.0,0,0,1,1,0,136.0,0,0.1141,0,0,0,0,0,0.35225,0.00125,0,0,0,0,0,0,0,0,0,0,0
36,2,2,0,3.8424,1,0,0,0,0,0,0,0.0,0,0,0,0,0.1,1,0,0,0.0,0,0,0,0,0,-1.0,0,0,0,0,0,-1.0,-1,0.1068,1,1,1,1,1,0.02775,0.48675,0,0,0,0,0,0,0,0,0,0,1
39,1,2,0,3.7035,1,1,0,0,5,0,0,0.0,0,0,0,0,0.9,1,0,0,0.0,0,0,0,0,0,-1.0,0,0,0,0,0,-1.0,-1,0.3441,1,1,1,1,1,0.00575,0.48675,0,0,0,0,0,0,0,0,0,0,1
75,2,2,4,4.1939,1,1,0,0,27,0,0,0.0833,1,0,1,0,0.35,1,0,0,0.0,0,1,2,0,0,-1.0,0,0,0,1,0,229.0,0,0.2222,1,1,0,0,0,0.08025,0.48675,0,0,0,0,0,0,0,0,0,0,0
36,1,3,0,3.8249,2,0,0,0,0,0,0,0.0833,1,0,1,0,0.5,0,0,0,0.0,0,0,0,0,0,-1.0,0,0,0,0,0,-1.0,-1,0.2598,1,1,1,1,1,0.00975,0.48675,0,0,0,0,0,0,0,0,0,0,1
53,4,2,2,4.3625,1,1,0,0,0,0,0,0.1667,2,0,2,0,0.5,0,0,0,0.0,0,1,2,0,0,-1.0,0,0,0,0,0,-1.0,-1,0.3039,1,1,1,1,1,0.0995,0.48675,0,0,0,0,0,0,0,0,0,0,1
44,0,2,0,3.3908,1,1,0,0,13,0,0,0.0,0,0,0,0,0.28,1,0,0,0.0,0,1,4,0,0,-1.0,0,0,0,1,0,31.0,0,0.1518,1,1,0,0,0,0.0545,0.48675,0,1,0,0,0,0,0,0,0,0,0
32,0,1,0,3.2389,0,1,0,0,11,0,0,0.0,0,0,0,0,0.15,1,0,0,0.0,0,1,4,0,1,8059.0,0,0,1,1,0,131.0,0,0.1098,0,0,0,0,0,0.35225,0.019,0,0,0,1,0,0,0,0,0,0,0
41,1,2,0,3.8101,1,1,0,0,5,0,0,0.0833,1,0,1,0,0.5,0,0,0,0.0,0,0,0,0,0,-1.0,0,0,0,0,0,-1.0,-1,0.2595,1,1,1,1,1,0.0025,0.48675,0,0,0,0,0,0,0,0,0,0,1
26,0,2,0,3.0022,1,1,0,0,0,0,0,0.0,0,0,0,0,0.15,1,0,0,0.0,0,1,1,0,0,10162.0,0,0,1,1,0,29.0,0,0.105,0,0,0,0,0,0.35225,0.004,0,1,0,0,0,0,0,0,0,0,0
28,0,2,0,2.6635,1,1,0,0,9,0,0,0.0,0,0,0,0,0.5,0,0,0,0.0,0,1,1,0,0,3978.0,0,0,1,1,0,76.0,0,0.2033,0,0,0,0,0,0.02275,0.012,0,1,0,0,0,0,0,0,0,0,0
38,0,2,2,4.056,1,1,0,0,7,0,0,0.0,0,0,0,0,0.28,1,0,0,0.0,0,1,4,0,0,-1.0,0,0,0,1,0,31.0,0,0.1651,1,1,0,0,0,0.0545,0.48675,0,1,0,0,0,0,0,0,0,0,0
25,0,1,0,3.2776,0,1,0,0,6,0,0,0.0,0,0,0,0,0.15,1,0,0,0.0,0,1,1,0,1,-1.0,0,0,0,1,0,191.0,0,0.1106,1,1,0,0,0,0.35225,0.48675,0,0,0,0,0,0,0,0,0,0,0
29,0,2,0,2.9842,1,1,0,0,0,0,0,0.0,0,0,0,0,0.5,0,0,0,0.0,0,1,1,0,0,11045.0,0,0,1,1,0,64.0,0,0.2097,0,0,0,0,0,0.00425,0.0005,0,1,0,0,0,0,0,0,0,0,0
39,0,2,0,3.3372,1,1,0,0,8,1,1,0.0,0,0,0,0,0.55,1,0,0,0.0,0,0,0,0,0,-1.0,0,0,0,0,0,-1.0,-1,0.2317,1,1,1,1,1,0.00425,0.48675,0,0,0,0,0,0,0,0,0,0,1
166,0,3,0,3.1307,2,1,0,0,37,3,8,0.0,0,0,0,0,0.5,0,0,0,0.0,0,1,1,0,0,-1.0,0,0,1,0,0,-1.0,0,0.2126,0,1,1,1,0,0.00125,0.001,0,0,0,0,0,0,0,0,0,0,1
172,0,3,0,3.1307,2,1,0,0,40,3,8,0.0,0,0,0,0,0.5,0,0,0,0.0,0,1,1,0,0,149.0,0,0,1,1,0,33.0,0,0.2126,0,0,0,0,0,0.00325,0.00275,0,1,0,0,0,0,0,0,0,0,0
36,0,3,2,3.7674,2,0,0,0,0,0,0,0.0,0,0,0,0,0.15,1,0,0,0.0,0,1,2,0,0,7431.0,0,0,1,0,0,-1.0,-1,0.1203,0,0,1,1,1,0.35225,0.036,0,0,0,0,0,0,0,0,0,0,1
93,0,2,1,3.6425,1,1,0,0,61,0,0,0.0,0,0,0,0,0.28,1,0,0,0.0,0,1,1,0,0,-1.0,0,0,0,0,0,-1.0,0,0.1569,1,1,1,1,0,0.0545,0.48675,0,0,0,0,0,0,0,0,0,0,1
40,2,2,4,4.1639,1,0,0,0,0,0,0,0.0833,1,0,1,0,0.35,1,0,0,0.0,0,1,2,0,0,-1.0,0,0,0,1,0,229.0,0,0.2216,1,1,0,0,0,0.08025,0.48675,0,0,0,0,0,0,0,0,0,0,0
34,0,1,0,3.1699,0,1,0,0,17,0,0,0.0,0,0,0,0,0.22,1,0,0,0.0,0,0,0,0,0,2626.0,0,0,1,0,0,-1.0,-1,0.1294,0,0,1,1,1,0.0405,0.00975,0,0,0,0,0,0,0,0,0,0,1
17,0,1,2,2.75,0,1,0,0,0,0,0,0.0,0,0,0,0,0.5,0,0,0,0.0,0,0,0,0,0,51.0,0,0,1,0,0,-1.0,-1,0.205,0,0,1,1,1,0.00375,0.00225,0,0,0,0,0,0,0,0,0,0,1
31,1,2,5,3.969,1,0,0,0,0,0,0,0.0,0,0,0,0,0.28,1,0,0,0.0,0,1,2,0,0,-1.0,0,0,0,0,0,-1.0,-1,0.1634,1,1,1,1,1,0.0545,0.48675,0,0,0,0,0,0,0,0,0,0,1
300,0,2,0,3.8323,1,0,0,0,0,3,6,0.0833,1,0,1,0,0.35,1,0,0,0.0,0,1,2,0,0,-1.0,0,0,0,1,0,55.0,0,0.215,1,1,0,0,0,0.08025,0.48675,1,0,0,0,0,0,0,0,0,0,0
51,0,2,3,3.914,1,0,0,0,22,0,0,0.0,0,0,0,0,0.28,1,0,0,0.0,0,1,4,0,0,-1.0,0,0,0,1,0,31.0,0,0.1623,1,1,0,0,0,0.0545,0.48675,0,1,0,0,0,0,0,0,0,0,0
23,0,2,0,2.4194,1,0,0,0,7,0,0,0.0,0,0,0,0,0.5,0,0,0,0.0,0,1,3,0,0,-1.0,0,0,0,0,0,-1.0,-1,0.1984,1,1,1,1,1,0.00025,0.48675,0,0,0,0,0,0,0,0,0,0,1
30,0,1,1,3.4183,0,1,0,0,10,0,0,0.0,0,0,0,0,0.15,1,0,0,0.0,0,0,0,0,0,828.0,0,0,1,0,0,-1.0,-1,0.1134,0,0,1,1,1,0.35225,0.019,0,0,0,0,0,0,0,0,0,0,1
45,3,2,2,4.0237,1,0,0,0,0,0,0,0.0,0,0,0,1,0.15,1,0,0,0.0,0,1,2,0,0,-1.0,0,0,0,1,0,81.0,0,0.1255,1,1,0,0,0,0.35225,0.48675,1,0,0,0,0,0,0,0,0,0,0
34,0,1,0,2.7255,0,1,0,0,17,0,0,0.0,0,0,0,0,0.5,0,0,0,0.0,0,1,3,0,1,-1.0,0,0,0,1,0,120.0,0,0.2045,1,1,0,0,0,0.01075,0.48675,0,0,0,1,0,0,0,0,0,0,0
38,0,1,0,2.8424,0,1,0,0,16,0,0,0.0,0,0,0,0,0.22,1,0,0,0.0,0,1,1,0,0,-1.0,0,0,0,0,0,-1.0,-1,0.1228,1,1,1,1,1,0.0405,0.48675,0,0,0,0,0,0,0,0,0,0,1
39,4,2,0,3.3815,1,0,0,0,0,0,0,0.1667,2,0,2,0,0.5,0,0,0,0.0,0,1,2,0,0,-1.0,0,0,0,1,0,47.0,0,0.2843,1,1,0,0,0,0.0995,0.48675,1,0,0,0,0,0,0,0,0,0,0
32,1,3,4,3.7406,2,0,0,0,0,0,0,0.0833,1,0,1,0,0.35,1,0,0,0.0,0,1,2,0,0,-1.0,0,0,0,0,0,-1.0,0,0.2131,1,1,1,1,0,0.08025,0.48675,0,0,0,0,0,0,0,0,0,0,1
27,0,2,0,3.2389,1,1,0,0,6,0,0,0.0,0,0,0,0,0.5,0,0,0,0.0,0,0,0,0,0,1966.0,0,0,1,0,0,-1.0,-1,0.2148,1,0,1,1,1,0.00925,0.48675,0,0,0,0,0,0,0,0,0,0,1
43,4,2,6,4.4436,1,0,0,0,0,0,0,0.1667,2,0,2,0,0.5,0,0,0,0.0,0,1,2,0,0,-1.0,0,0,0,1,0,81.0,0,0.3056,1,1,0,0,0,0.0995,0.48675,1,0,0,0,0,0,0,0,0,0,0
28,1,2,0,3.5464,1,1,0,0,0,0,0,0.0,0,0,0,0,0.15,1,0,0,0.0,0,1,1,0,0,11532.0,0,0,1,1,0,179.0,0,0.1159,0,0,0,0,0,0.35225,0.013,0,0,0,0,0,0,0,0,0,0,0
96,6,3,3,4.4969,2,1,0,0,19,0,0,0.0,0,0,0,1,0.5,0,0,0,0.0,0,1,2,0,0,-1.0,0,0,0,1,0,64.0,0,0.2399,1,1,0,0,0,0.0995,0.48675,1,0,0,0,0,0,0,0,0,0,0
44,2,2,6,4.2721,1,1,0,0,0,0,0,0.0833,1,0,1,0,0.35,1,0,0,0.0,0,1,2,0,0,-1.0,0,0,0,1,0,31.0,0,0.2238,1,1,0,0,0,0.08025,0.48675,0,1,0,0,0,0,0,0,0,0,0
36,0,2,0,3.5,1,1,0,0,3,1,2,0.0,0,0,0,0,0.28,1,0,0,0.0,0,1,4,0,0,-1.0,0,0,0,1,0,31.0,0,0.154,1,1,0,0,0,0.0545,0.48675,0,1,0,0,0,0,0,0,0,0,0
33,0,1,0,3.027,0,1,0,0,12,0,0,0.0,0,0,0,0,0.15,1,0,0,0.0,0,1,5,0,0,977.0,0,0,1,1,0,49.0,0,0.1055,0,0,0,0,0,0.35225,0.03575,0,1,0,0,0,0,0,0,0,0,0
43,0,1,0,3.7081,0,1,0,0,11,0,0,0.0,0,0,0,0,0.15,1,0,0,0.0,0,1,2,0,0,1.0,1,0,1,1,0,88.0,0,0.1192,0,0,0,0,0,0.35225,0.00375,1,0,0,0,0,0,0,0,0,0,0
23,0,1,0,3.1699,0,1,0,0,6,0,0,0.0,0,0,0,0,0.5,0,0,0,0.0,0,1,1,0,0,6375.0,0,0,1,1,0,123.0,0,0.2134,0,0,0,0,0,0.002,0.00025,0,0,0,0,0,1,0,0,0,0,0
44,2,2,4,4.128,1,0,0,0,0,0,0,0.0833,1,0,1,0,0.35,1,0,0,0.0,0,1,2,0,0,-1.0,0,0,0,1,0,229.0,0,0.2209,1,1,0,0,0,0.08025,0.48675,0,0,0,0,0,0,0,0,0,0,0
21,0,2,0,3.0221,1,1,0,0,0,0,0,0.0833,1,0,1,0,0.15,1,0,0,0.0,0,1,4,0,0,-1.0,0,0,0,1,0,225.0,0,0.1388,1,1,0,0,0,0.35225,0.48675,0,0,0,1,0,0,0,0,0,0,0
33,0,1,0,3.3232,0,1,0,0,10,0,0,0.0,0,0,0,0,0.15,1,0,0,0.0,0,1,1,0,0,7843.0,0,0,1,1,0,191.0,0,0.1115,0,0,0,0,0,0.35225,0.00975,0,0,0,0,0,0,0,0,0,1,0
27,0,2,0,3.5724,1,1,0,0,0,0,0,0.0,0,0,0,0,0.15,1,0,0,0.0,0,1,2,0,0,5363.0,0,0,1,1,0,33.0,0,0.1164,0,0,0,0,0,0.35225,0.03575,1,0,0,0,0,0,0,0,0,0,0
48,1,3,6,4.1898,2,0,0,0,0,0,0,0.0833,1,0,1,0,0.35,1,0,0,0.0,0,1,2,0,0,-1.0,0,0,0,0,0,-1.0,0,0.2221,1,1,1,1,0,0.08025,0.48675,0,0,0,0,0,0,0,0,0,0,1
47,4,2,6,4.5287,1,0,0,0,0,0,0,0.0833,1,0,1,0,0.5,0,0,0,0.0,0,1,2,0,0,-1.0,0,0,0,0,0,-1.0,-1,0.2739,1,1,1,1,1,0.0995,0.48675,0,0,0,0,0,0,0,0,0,0,1
29,0,1,0,3.5069,0,1,0,0,6,0,0,0.0,0,0,0,0,0.22,1,0,0,0.0,0,1,1,0,1,5668.0,0,1,1,0,0,-1.0,-1,0.1361,0,0,1,1,1,0.0405,0.00625,0,0,0,0,0,0,0,0,0,0,1
45,5,2,5,4.2919,1,1,0,0,0,0,0,0.0,0,0,0,0,0.5,0,0,0,0.0,0,1,2,0,0,-1.0,0,0,0,1,0,77.0,0,0.2358,1,1,0,0,0,0.0995,0.48675,1,0,0,0,0,0,0,0,0,0,0
20,0,1,0,3.0958,0,1,0,0,0,0,0,0.0,0,0,0,0,0.5,0,0,0,0.0,0,0,0,0,0,218.0,0,1,1,0,0,-1.0,-1,0.2119,0,0,1,1,1,0.0085,0.0005,0,0,0,0,0,0,0,0,0,0,1
80,6,3,4,4.3988,2,1,0,0,17,0,0,0.0,0,0,0,1,0.5,0,0,0,0.0,0,1,2,0,0,-1.0,0,0,0,1,0,85.0,0,0.238,1,1,0,0,0,0.0995,0.48675,1,0,0,0,0,0,0,0,0,0,0
40,0,1,0,3.3232,0,1,0,0,17,0,0,0.0,0,0,0,0,0.22,1,0,0,0.0,0,1,2,0,1,9856.0,0,1,1,1,0,23.0,0,0.1325,0,0,0,0,0,0.0405,0.058,0,1,0,0,0,0,0,0,0,0,0
46,2,1,0,3.6733,0,0,0,0,14,0,1,0.0,0,0,0,0,0.55,1,0,0,0.0,0,1,1,0,0,-1.0,0,0,0,1,0,83.0,0,0.2385,1,1,0,0,0,0.00425,0.48675,0,1,0,0,0,0,0,0,0,0,0
30,0,1,0,3.0,0,1,0,0,7,1,2,0.0,0,0,0,0,0.5,0,0,0,0.0,0,1,1,0,1,8161.0,0,0,1,1,0,137.0,0,0.21,0,0,0,0,0,0.00125,0.00025,0,0,0,0,1,0,0,0,0,0,0
36,0,1,0,3.6412,0,1,0,0,6,0,0,0.0,0,0,0,0,0.15,1,0,0,0.0,0,0,0,0,0,5314.0,0,0,1,0,0,-1.0,-1,0.1178,0,0,1,1,1,0.35225,0.036,0,0,0,0,0,0,0,0,0,0,1
28,0,2,0,3.7871,1,1,0,0,0,0,0,0.0,0,0,0,0,0.15,1,0,0,0.0,0,1,2,0,0,4297.0,0,1,1,1,0,76.0,0,0.1207,0,0,0,0,0,0.35225,0.01575,1,0,0,0,0,0,0,0,0,0,0
40,2,1,0,3.5383,0,1,0,0,10,0,0,0.0,0,0,0,1,0.15,1,0,0,0.0,0,1,2,0,0,807.0,0,0,1,1,0,100.0,0,0.1158,0,0,0,0,0,0.35225,0.0035,0,0,0,0,0,1,0,0,0,0,0
23,0,2,0,2.9502,1,1,0,0,0,0,0,0.0,0,0,0,0,0.15,1,0,0,0.0,0,1,4,0,0,7756.0,0,0,1,1,0,173.0,0,0.104,0,0,0,0,0,0.35225,0.019,0,0,0,0,0,0,0,0,0,0,0
33,1,2,3,4.0039,1,0,0,0,0,0,0,0.0,0,0,0,0,0.15,1,0,0,0.0,0,1,2,0,0,-1.0,0,0,0,1,0,50.0,0,0.1251,1,1,0,0,0,0.35225,0.48675,1,0,0,0,0,0,0,0,0,0,0
25,0,2,0,3.1396,1,1,0,0,0,0,0,0.0,0,0,0,0,0.15,1,0,0,0.0,0,1,1,0,0,7613.0,0,1,1,1,0,98.0,0,0.1078,0,0,0,0,0,0.35225,0.001,0,0,0,0,0,0,0,0,0,1,0
21,0,2,0,2.6258,1,1,0,0,0,0,0,0.0,0,0,0,0,0.1,1,0,0,0.0,0,1,1,0,0,12492.0,0,0,1,1,0,148.0,0,0.0825,0,0,0,0,0,0.02775,0.058,0,0,0,0,0,0,0,0,1,0,0
192,0,3,0,3.1307,2,1,0,0,50,3,8,0.0,0,0,0,0,0.5,0,0,0,0.0,0,1,1,0,0,-1.0,0,0,0,0,0,-1.0,0,0.2126,1,1,1,1,0,0.012,0.48675,0,0,0,0,0,0,0,0,0,0,1
120,0,2,0,3.1808,1,1,0,0,6,4,8,0.0,0,0,0,0,0.5,0,0,0,0.0,0,1,1,0,0,-1.0,0,0,1,0,0,-1.0,0,0.2136,0,1,1,1,0,0.002,0.00075,0,0,0,0,0,0,0,0,0,0,1
30,0,1,0,3.4594,0,1,0,0,11,0,0,0.0,0,0,0,0,0.15,1,0,0,0.0,0,0,0,0,0,668.0,0,1,1,0,0,-1.0,-1,0.1142,0,0,1,1,1,0.35225,0.058,0,0,0,0,0,0,0,0,0,0,1
26,0,3,0,3.4194,2,1,0,0,0,0,0,0.0833,1,0,1,0,0.5,0,0,0,0.0,0,1,1,0,0,4728.0,0,0,1,1,0,50.0,0,0.2517,0,0,0,0,0,0.0015,0.00125,0,0,0,0,1,0,0,0,0,0,0
174,0,3,0,3.1307,2,1,0,0,41,3,8,0.0,0,0,0,0,0.5,0,0,0,0.0,0,1,1,0,0,-1.0,0,0,0,0,0,-1.0,0,0.2126,1,1,1,1,0,0.012,0.48675,0,0,0,0,0,0,0,0,0,0,1
41,0,1,0,2.7255,0,0,0,0,25,0,0,0.0,0,0,0,0,0.5,0,0,0,0.0,0,1,1,0,0,-1.0,0,0,0,1,0,72.0,0,0.2045,1,1,0,0,0,0.0025,0.48675,0,1,0,0,0,0,0,0,0,0,0
27,1,1,0,3.5766,0,0,0,0,0,0,0,0.0,0,0,0,0,0.5,0,0,0,0.0,0,1,1,0,0,12.0,1,0,1,1,0,81.0,0,0.2215,0,0,0,0,0,0.009,0.00075,0,1,0,0,0,0,0,0,0,0,0
29,0,2,2,3.6842,1,1,0,0,0,0,0,0.0,0,0,0,0,0.15,1,0,0,0.0,0,1,2,0,0,7431.0,0,0,1,1,0,37.0,0,0.1187,0,0,0,0,0,0.35225,0.036,0,1,0,0,0,0,0,0,0,0,0
34,0,2,0,4.1337,1,1,0,0,0,0,0,0.0,0,0,0,0,0.15,1,0,0,0.0,0,1,2,0,0,7431.0,0,0,1,1,0,37.0,0,0.1277,0,0,0,0,0,0.35225,0.0155,0,1,0,0,0,0,0,0,0,0,0
36,0,2,0,2.6635,1,1,0,0,17,0,0,0.0,0,0,0,0,0.5,0,0,0,0.0,0,1,1,0,0,8117.0,0,0,1,0,0,-1.0,-1,0.2033,0,0,1,1,1,0.01325,0.00175,0,0,0,0,0,0,0,0,0,0,1
47,4,2,2,4.4386,1,1,0,0,0,0,0,0.0,0,0,0,0,0.5,0,0,0,0.0,0,1,2,0,0,-1.0,0,0,0,1,0,78.0,0,0.2388,1,1,0,0,0,0.0995,0.48675,1,0,0,0,0,0,0,0,0,0,0
186,0,3,0,3.1307,2,1,0,0,47,3,8,0.0,0,0,0,0,0.5,0,0,0,0.0,0,1,1,0,0,-1.0,0,0,0,0,0,-1.0,0,0.2126,1,1,1,1,0,0.012,0.48675,0,0,0,0,0,0,0,0,0,0,1
26,0,1,0,3.3083,0,1,0,0,0,0,0,0.0833,1,0,1,0,0.03,1,0,0,0.0,0,1,1,0,0,8996.0,0,1,1,1,0,184.0,0,0.1085,0,0,0,0,0,0.00325,0.0025,0,0,0,0,0,0,0,0,0,1,0
16,0,1,0,2.75,0,1,0,0,0,0,0,0.0,0,0,0,0,0.3,1,0,0,0.0,0,1,1,0,1,5856.0,0,0,1,1,0,47.0,0,0.145,0,0,0,0,0,0.00425,0.00975,0,1,0,0,0,0,0,0,0,0,0
43,2,2,6,4.243,1,0,0,0,0,0,0,0.1667,2,0,2,0,0.35,1,0,0,0.0,0,1,2,0,0,-1.0,0,0,0,1,0,31.0,0,0.2565,1,1,0,0,0,0.08025,0.48675,0,1,0,0,0,0,0,0,0,0,0
32,0,1,0,3.0,0,1,0,0,16,0,0,0.0,0,0,0,0,0.15,1,0,0,0.0,0,1,2,0,0,8524.0,0,0,1,1,0,69.0,0,0.105,0,0,0,0,0,0.35225,0.00175,0,0,0,0,0,1,0,0,0,0,0
28,0,1,1,3.4677,0,1,0,0,6,0,0,0.0,0,0,0,0,0.5,0,0,0,0.0,0,0,0,0,0,5662.0,0,0,1,0,0,-1.0,-1,0.2194,0,0,1,1,1,0.02275,0.012,0,0,0,0,0,0,0,0,0,0,1
45,3,2,9,3.6368,1,1,0,0,13,0,0,0.0,0,0,0,0,0.15,1,0,0,0.0,0,1,1,0,0,2634.0,0,1,1,0,0,-1.0,-1,0.1177,0,0,1,1,1,0.35225,0.01175,0,0,0,0,0,0,0,0,0,0,1
73,1,3,4,4.0683,2,0,0,0,17,0,0,0.0,0,0,0,0,0.15,1,0,0,0.0,0,1,1,0,0,3446.0,0,0,1,1,0,159.0,0,0.1264,0,0,0,0,0,0.35225,0.036,0,0,0,0,0,0,0,0,0,0,0
39,0,1,0,3.7842,0,1,0,0,11,0,0,0.0,0,0,0,0,0.15,1,0,0,0.0,0,1,2,0,0,10379.0,0,0,1,1,0,43.0,0,0.1207,0,0,0,0,0,0.35225,0.013,1,0,0,0,0,0,0,0,0,0,0
41,2,2,6,4.0511,1,1,0,0,0,0,0,0.0833,1,0,1,0,0.35,1,0,0,0.0,0,1,2,0,0,-1.0,0,0,0,1,0,31.0,0,0.2193,1,1,0,0,0,0.08025,0.48675,0,1,0,0,0,0,0,0,0,0,0
113,3,4,2,4.1754,3,1,0,1,15,1,3,0.0,0,0,0,1,0.15,1,0,0,0.0,0,1,7,0,0,7654.0,0,0,1,1,0,146.0,0,0.1285,0,0,0,0,0,0.35225,0.0155,0,0,0,1,0,0,0,0,0,0,0
36,0,2,0,3.838,1,1,0,0,0,0,0,0.0,0,0,0,0,0.5,0,0,0,0.0,0,1,1,0,0,-1.0,0,0,0,0,0,-1.0,0,0.2268,1,1,1,1,0,0.0995,0.48675,0,0,0,0,0,0,0,0,0,0,1
32,1,2,0,3.5219,1,0,0,0,0,1,2,0.3333,3,0,3,0,0.15,1,0,0,0.0,0,1,2,0,0,-1.0,0,0,0,1,0,50.0,0,0.2488,1,1,0,0,0,0.35225,0.48675,1,0,0,0,0,0,0,0,0,0,0
34,0,2,0,3.027,1,1,0,0,13,0,0,0.0,0,0,0,0,0.5,0,0,0,0.0,0,0,0,0,0,7422.0,0,1,1,0,0,-1.0,-1,0.2105,0,0,1,1,1,0.0085,0.01225,0,0,0,0,0,0,0,0,0,0,1
27,0,1,0,2.8151,0,1,0,0,6,0,0,0.0,0,0,0,0,0.1,1,0,0,0.0,0,1,1,0,0,9462.0,0,1,1,1,0,35.0,0,0.0863,0,0,0,0,0,0.02775,0.01175,0,1,0,0,0,0,0,0,0,0,0
18,0,1,5,3.1699,0,1,0,0,0,0,0,0.0,0,0,0,0,0.94,1,0,0,0.0,0,0,0,0,0,181.0,0,1,1,0,0,-1.0,-1,0.3454,0,0,1,1,1,0.01625,0.01225,0,0,0,0,0,0,0,0,0,0,1
34,0,1,0,2.75,0,1,0,0,18,0,0,0.0833,1,0,1,0,0.15,1,0,0,0.0,0,1,3,0,0,11238.0,0,0,1,0,0,-1.0,-1,0.1333,0,0,1,1,1,0.35225,0.00025,0,0,0,0,0,0,0,0,0,0,1
48,4,2,2,4.3531,1,0,0,0,0,0,0,0.0,0,0,0,0,0.5,0,0,0,0.0,0,1,2,0,0,-1.0,0,0,0,1,0,76.0,0,0.2371,1,1,0,0,0,0.0995,0.48675,1,0,0,0,0,0,0,0,0,0,0
47,4,2,3,4.4136,1,0,0,0,0,0,0,0.0,0,0,0,0,0.5,0,0,0,0.0,0,1,2,0,0,-1.0,0,0,0,1,0,83.0,0,0.2383,1,1,0,0,0,0.0995,0.48675,1,0,0,0,0,0,0,0,0,0,0
24,0,1,0,2.7219,0,1,0,0,6,0,0,0.0,0,0,0,0,0.5,0,0,0,0.0,0,1,1,0,0,-1.0,0,0,0,0,0,-1.0,-1,0.2044,1,1,1,1,1,0.00175,0.48675,0,0,0,0,0,0,0,0,0,0,1
28,0,1,0,2.585,0,1,0,0,14,0,0,0.0833,1,0,1,0,0.5,0,0,0,0.0,0,1,1,0,0,-1.0,0,0,0,0,0,-1.0,0,0.235,1,1,1,1,0,0.012,0.48675,0,0,0,0,0,0,0,0,0,0,1
28,1,1,0,3.8924,0,1,0,0,0,0,0,0.0,0,0,0,0,0.15,1,0,0,0.0,0,0,0,0,0,134.0,0,0,1,0,0,-1.0,-1,0.1228,0,0,1,1,1,0.35225,0.03575,0,0,0,0,0,0,0,0,0,0,1
28,0,2,0,3.1158,1,1,0,0,0,0,0,0.0,0,0,0,0,0.15,1,0,0,0.0,0,1,1,0,0,10911.0,0,0,1,1,0,53.0,0,0.1073,0,0,0,0,0,0.35225,0.004,0,1,0,0,0,0,0,0,0,0,0
55,4,3,0,4.0587,2,1,0,0,0,0,0,0.25,3,0,3,0,0.35,1,0,0,0.0,0,1,2,0,0,-1.0,0,0,0,0,0,-1.0,0,0.2862,1,1,1,1,0,0.08025,0.48675,0,0,0,0,0,0,0,0,0,0,1
52,0,1,0,3.5631,0,1,0,0,19,0,0,0.0,0,0,0,0,0.15,1,0,0,0.0,0,1,3,0,1,9370.0,0,0,1,1,0,77.0,0,0.1163,0,0,0,0,0,0.35225,0.001,1,0,0,0,0,0,0,0,0,0,0
22,0,1,0,2.8074,0,1,0,0,0,0,0,0.0,0,0,0,0,0.1,1,0,0,0.0,0,1,4,0,1,3413.0,0,0,1,1,0,50.0,0,0.0861,0,0,0,0,0,0.02775,0.058,0,1,0,0,0,0,0,0,0,0,0
53,3,2,5,4.1613,1,0,0,0,0,0,0,0.0833,1,0,1,0,0.35,1,0,0,0.0,0,1,2,0,0,-1.0,0,0,0,1,0,55.0,0,0.2215,1,1,0,0,0,0.08025,0.48675,1,0,0,0,0,0,0,0,0,0,0
24,0,1,0,3.375,0,1,0,0,0,0,0,0.0,0,0,0,0,0.15,1,0,0,0.0,0,1,1,0,1,9893.0,0,0,1,1,0,157.0,0,0.1125,0,0,0,0,0,0.35225,0.013,0,0,0,0,0,0,0,0,0,0,0
38,0,2,0,3.1808,1,1,0,0,17,0,0,0.0,0,0,0,0,0.5,0,0,0,0.0,0,0,0,0,0,-1.0,0,0,0,0,0,-1.0,-1,0.2136,1,1,1,1,1,0.00875,0.48675,0,0,0,0,0,0,0,0,0,0,1
30,0,2,0,3.7849,1,1,0,0,0,0,0,0.0,0,0,0,0,0.15,1,0,0,0.0,0,1,2,0,0,7431.0,0,0,1,1,0,37.0,0,0.1207,0,0,0,0,0,0.35225,0.036,0,1,0,0,0,0,0,0,0,0,0
18,0,2,0,2.5219,1,1,0,0,0,0,0,0.0833,1,0,1,0,0.5,0,0,0,0.0,0,1,2,0,0,-1.0,0,0,0,1,0,166.0,0,0.2338,1,1,0,0,0,0.00025,0.48675,0,0,0,0,0,0,0,0,0,1,0
19,0,2,0,2.6464,1,1,0,0,0,0,0,0.0833,1,0,1,0,0.5,0,0,0,0.0,0,1,2,0,0,3726.0,0,0,1,1,0,78.0,0,0.2362,0,0,0,0,0,0.009,0.00075,0,1,0,0,0,0,0,0,0,0,0
34,1,3,0,3.4595,2,0,0,0,0,0,0,0.0833,1,0,1,0,0.35,1,0,0,0.0,0,1,2,0,0,-1.0,0,0,0,0,0,-1.0,0,0.2075,1,1,1,1,0,0.08025,0.48675,0,0,0,0,0,0,0,0,0,0,1
38,0,1,3,3.2806,0,1,0,0,7,1,2,0.0,0,0,0,0,0.28,1,0,0,0.0,0,1,3,0,0,1893.0,0,0,1,1,0,86.0,0,0.1496,0,0,0,0,0,0.0545,0.00175,0,0,0,0,0,0,0,0,0,1,0
38,3,2,0,3.9899,1,0,0,0,0,0,0,0.1667,2,0,2,0,0.35,1,0,0,0.0,0,0,0,0,0,-1.0,0,0,0,0,0,-1.0,-1,0.2515,1,1,1,1,1,0.08025,0.48675,0,0,0,0,0,0,0,0,0,0,1
35,1,3,0,3.8151,2,1,0,0,0,0,0,0.1667,2,0,2,0,0.35,1,0,0,0.0,0,1,2,0,0,-1.0,0,0,0,0,0,-1.0,0,0.248,1,1,1,1,0,0.08025,0.48675,0,0,0,0,0,0,0,0,0,0,1
49,0,3,0,3.1307,2,1,0,0,24,0,0,0.0,0,0,0,0,0.5,0,0,0,0.0,0,1,1,0,0,-1.0,0,0,0,0,0,-1.0,0,0.2126,1,1,1,1,0,0.012,0.48675,0,0,0,0,0,0,0,0,0,0,1
18,0,1,5,3.1699,0,1,0,0,0,0,0,0.0,0,0,0,0,0.94,1,0,0,0.0,0,0,0,0,0,67.0,0,0,1,0,0,-1.0,-1,0.3454,0,0,1,1,1,0.01625,0.00375,0,0,0,0,0,0,0,0,0,0,1
45,0,2,2,4.0535,1,1,0,0,13,0,0,0.0,0,0,0,0,0.28,1,0,0,0.0,0,1,4,0,0,-1.0,0,0,0,1,0,31.0,0,0.1651,1,1,0,0,0,0.0545,0.48675,0,1,0,0,0,0,0,0,0,0,0
40,1,2,6,4.2264,1,0,0,0,0,0,0,0.0833,1,0,1,0,0.35,1,0,0,0.0,0,1,2,0,0,-1.0,0,0,0,1,0,55.0,0,0.2228,1,1,0,0,0,0.08025,0.48675,1,0,0,0,0,0,0,0,0,0,0
30,0,1,0,3.2028,0,1,0,0,6,0,0,0.0,0,0,0,0,0.15,1,0,0,0.0,0,1,2,0,1,8766.0,0,1,1,1,0,71.0,0,0.1091,0,0,0,0,0,0.35225,0.058,1,0,0,0,0,0,0,0,0,0,0
18,0,1,0,3.1219,0,1,0,0,0,0,0,0.0,0,0,0,0,0.22,1,0,0,0.0,0,1,1,0,0,8024.0,0,0,1,1,0,28.0,0,0.1284,0,0,0,0,0,0.0405,0.00325,0,1,0,0,0,0,0,0,0,0,0
24,0,2,0,3.3278,1,1,0,0,0,0,0,0.0,0,0,0,0,0.1,1,0,0,0.0,0,1,4,0,0,-1.0,0,0,0,1,0,109.0,0,0.0966,1,1,0,0,0,0.02775,0.48675,0,0,0,1,0,0,0,0,0,0,0
44,1,2,0,4.1232,1,1,0,0,5,0,0,0.2333,1,0,1,1,0.55,1,0,0,0.0,0,0,0,0,0,-1.0,0,0,0,0,0,-1.0,-1,0.3408,1,1,1,1,1,0.00575,0.48675,0,0,0,0,0,0,0,0,0,0,1
26,0,2,0,2.8583,1,0,0,0,0,0,0,0.0,0,0,0,0,0.15,1,0,0,0.0,0,0,0,0,0,9627.0,0,0,1,0,0,-1.0,-1,0.1022,0,0,1,1,1,0.35225,0.00625,0,0,0,0,0,0,0,0,0,0,1
21,0,1,0,3.2389,0,1,0,0,0,0,0,0.0,0,0,0,0,0.15,1,0,0,0.0,0,1,4,0,1,4339.0,0,1,1,1,0,111.0,0,0.1098,0,0,0,0,0,0.35225,0.058,0,0,0,1,0,0,0,0,0,0,0
40,1,1,0,3.75,0,1,0,0,7,1,2,0.0,0,0,0,0,0.15,1,0,0,0.0,0,0,0,0,0,956.0,0,1,1,0,0,-1.0,-1,0.12,0,0,1,1,1,0.35225,0.001,0,0,0,0,0,0,0,0,0,0,1
27,0,2,0,3.5724,1,1,0,0,0,0,0,0.0,0,0,0,0,0.15,1,0,0,0.0,0,1,1,0,0,6245.0,0,0,1,1,0,45.0,0,0.1164,0,0,0,0,0,0.35225,0.019,0,1,0,0,0,0,0,0,0,0,0
20,0,2,0,2.8454,1,1,0,0,0,0,0,0.0,0,0,0,0,0.15,1,0,0,0.0,0,1,2,0,0,11065.0,0,1,1,1,0,60.0,0,0.1019,0,0,0,0,0,0.35225,0.00025,1,0,0,0,0,0,0,0,0,0,0
39,0,2,0,3.6163,1,1,0,0,12,0,0,0.0,0,0,0,0,0.5,0,0,0,0.0,0,1,2,0,1,7381.0,0,0,1,1,0,80.0,0,0.2223,1,0,0,0,0,0.00925,0.48675,0,1,0,0,0,0,0,0,0,0,0
20,0,1,0,2.75,0,1,0,0,4,0,0,0.0,0,0,0,0,0.15,1,0,0,0.0,0,1,4,0,1,8541.0,0,0,1,1,0,43.0,0,0.1,0,0,0,0,0,0.35225,0.004,0,1,0,0,0,0,0,0,0,0,0
35,0,2,0,3.838,1,0,0,0,0,0,0,0.0833,1,0,1,0,0.35,1,0,0,0.0,0,1,2,0,0,-1.0,0,0,0,1,0,229.0,0,0.2151,1,1,0,0,0,0.08025,0.48675,0,0,0,0,0,0,0,0,0,0,0
41,2,2,6,4.1403,1,1,0,0,0,0,0,0.0833,1,0,1,0,0.35,1,0,0,0.0,0,1,2,0,0,-1.0,0,0,0,1,0,31.0,0,0.2211,1,1,0,0,0,0.08025,0.48675,0,1,0,0,0,0,0,0,0,0,0
27,0,1,0,3.1219,0,1,0,0,9,0,0,0.0,0,0,0,0,0.5,0,0,0,0.0,0,1,2,0,1,-1.0,0,0,0,1,0,84.0,0,0.2124,1,1,0,0,0,0.001,0.48675,1,0,0,0,0,0,0,0,0,0,0
31,0,1,0,3.5216,0,1,0,0,9,0,0,0.0,0,0,0,0,0.15,1,0,0,0.0,0,1,2,0,1,3313.0,0,0,1,1,0,32.0,0,0.1154,0,0,0,0,0,0.35225,0.00025,0,1,0,0,0,0,0,0,0,0,0
166,0,3,0,3.1307,2,1,0,0,37,3,8,0.0,0,0,0,0,0.5,0,0,0,0.0,0,1,1,0,0,-1.0,0,0,0,0,0,-1.0,0,0.2126,1,1,1,1,0,0.012,0.48675,0,0,0,0,0,0,0,0,0,0,1
47,0,3,0,4.0209,2,1,0,0,0,1,2,0.0,0,0,0,0,0.15,1,0,0,0.0,0,1,2,0,0,-1.0,0,0,0,0,0,-1.0,0,0.1254,1,1,1,1,0,0.35225,0.48675,0,0,0,0,0,0,0,0,0,0,1
28,1,2,0,3.7842,1,1,0,0,0,0,0,0.0,0,0,0,0,0.5,0,0,0,0.0,0,1,1,0,0,5712.0,0,0,1,1,0,144.0,0,0.2257,1,0,0,0,0,0.00875,0.48675,0,0,0,0,0,0,0,0,0,1,0
43,2,1,0,3.5766,0,1,0,0,16,0,0,0.0,0,0,0,0,0.15,1,0,0,0.0,0,1,4,0,0,8612.0,0,1,1,1,0,17.0,0,0.1165,0,0,0,0,0,0.35225,0.001,0,1,0,0,0,0,0,0,0,0,0
15,0,1,0,2.1281,0,1,0,0,0,0,0,0.0833,1,0,1,0,0.2,1,0,0,0.0,0,1,1,0,1,542.0,0,0,1,1,0,59.0,0,0.1359,0,0,0,0,0,0.0055,0.0025,0,1,0,0,0,0,0,0,0,0,0
23,0,2,0,3.182,1,1,0,0,0,0,0,0.0,0,0,0,0,0.5,0,0,0,0.0,0,1,4,0,0,7372.0,0,0,1,1,0,222.0,0,0.2136,0,0,0,0,0,0.0035,0.036,0,0,0,0,0,0,0,0,0,0,0
23,0,2,0,3.182,1,1,0,0,0,0,0,0.0,0,0,0,0,0.1,1,0,0,0.0,0,1,4,0,0,11519.0,0,0,1,1,0,83.0,0,0.0936,0,0,0,0,0,0.02775,0.058,0,0,0,1,0,0,0,0,0,0,0
34,1,2,0,3.9161,1,0,0,0,5,0,0,0.25,2,0,2,0,0.7,1,0,0,0.0,0,0,0,0,0,30.0,0,0,1,0,0,-1.0,-1,0.3883,0,0,1,1,1,0.0095,0.00175,0,0,0,0,0,0,0,0,0,0,1
22,0,1,1,3.182,0,0,0,0,0,0,0,0.1667,2,0,2,0,0.5,0,0,0,0.0,0,1,2,0,0,-1.0,0,0,0,1,0,84.0,0,0.2803,1,1,0,0,0,0.00225,0.48675,1,0,0,0,0,0,0,0,0,0,0
28,1,2,0,3.4087,1,0,0,0,0,0,0,0.0,0,0,0,1,0.5,0,0,0,0.0,0,0,0,0,0,4390.0,0,0,1,0,0,-1.0,-1,0.2182,0,0,1,1,1,0.004,0.00625,0,0,0,0,0,0,0,0,0,0,1
46,3,2,4,4.2737,1,0,0,0,0,0,0,0.0,0,0,0,0,0.5,0,0,0,0.0,0,1,2,0,0,-1.0,0,0,0,1,0,74.0,0,0.2355,1,1,0,0,0,0.0995,0.48675,1,0,0,0,0,0,0,0,0,0,0
34,1,2,0,3.5585,1,1,0,0,4,0,0,0.0833,1,0,1,0,0.28,1,0,0,0.0,0,1,4,0,0,-1.0,0,0,0,1,0,31.0,0,0.1885,1,1,0,0,0,0.0545,0.48675,0,1,0,0,0,0,0,0,0,0,0
17,0,1,0,2.9477,0,1,0,0,0,0,0,0.0,0,0,0,0,0.15,1,0,0,0.0,0,1,3,0,1,9747.0,0,0,1,1,0,102.0,0,0.104,0,0,0,0,0,0.35225,0.019,0,0,0,1,0,0,0,0,0,0,0
32,0,1,0,3.085,0,1,0,0,12,0,0,0.0,0,0,0,0,0.22,1,0,0,0.0,0,1,1,0,1,8321.0,0,0,1,0,0,-1.0,-1,0.1277,0,0,1,1,1,0.0405,0.0005,0,0,0,0,0,0,0,0,0,0,1
45,4,2,10,4.2293,1,0,0,0,0,0,0,0.0833,1,0,1,0,0.5,0,0,0,0.0,0,1,2,0,0,-1.0,0,0,0,1,0,77.0,0,0.2679,1,1,0,0,0,0.0995,0.48675,1,0,0,0,0,0,0,0,0,0,0
25,0,2,0,3.4528,1,1,0,0,0,0,0,0.0,0,0,0,0,0.15,1,0,0,0.0,0,1,2,0,0,7431.0,0,0,1,1,0,37.0,0,0.1141,0,0,0,0,0,0.35225,0.036,0,1,0,0,0,0,0,0,0,0,0
21,0,1,0,3.1808,0,1,0,0,0,0,0,0.0,0,0,0,0,0.15,1,0,0,0.0,0,1,1,0,1,342.0,0,0,1,1,0,37.0,0,0.1086,0,0,0,0,0,0.35225,0.00375,0,0,0,0,0,0,0,1,0,0,0
52,0,3,0,3.2484,2,1,0,0,27,0,0,0.0,0,0,0,0,0.5,0,0,0,0.0,0,1,1,0,0,-1.0,0,0,0,0,0,-1.0,0,0.215,1,1,1,1,0,0.002,0.48675,0,0,0,0,0,0,0,0,0,0,1
24,0,1,0,3.1219,0,1,0,0,6,0,0,0.0,0,0,0,0,0.15,1,0,0,0.0,0,0,0,0,0,3169.0,0,0,1,0,0,-1.0,-1,0.1074,0,0,1,1,1,0.35225,0.00025,0,0,0,0,0,0,0,0,0,0,1
31,0,1,0,3.4104,0,1,0,0,6,0,0,0.0,0,0,0,0,0.15,1,0,0,0.0,0,1,1,0,1,9747.0,0,0,1,1,0,135.0,0,0.1132,0,0,0,0,0,0.35225,0.013,0,0,0,0,0,0,0,0,0,0,0
37,0,2,0,3.6335,1,0,0,0,0,0,0,0.0,0,0,0,1,0.1,1,0,0,0.0,0,0,0,0,0,-1.0,0,0,0,0,0,-1.0,-1,0.1027,1,1,1,1,1,0.02775,0.48675,0,0,0,0,0,0,0,0,0,0,1
18,0,1,5,2.9477,0,1,0,0,0,0,0,0.0,0,0,0,0,0.94,1,0,0,0.0,0,0,0,0,0,133.0,0,1,1,0,0,-1.0,-1,0.341,0,0,1,1,1,0.01625,0.01225,0,0,0,0,0,0,0,0,0,0,1
80,0,1,0,2.5216,0,1,0,0,65,0,0,0.0833,1,0,1,0,0.28,1,0,0,0.0,0,1,1,0,1,4460.0,0,0,1,1,0,80.0,0,0.1678,0,0,0,0,0,0.0545,0.0055,1,0,0,0,0,0,0,0,0,0,0
35,1,2,0,3.9582,1,0,0,0,0,0,0,0.0,0,0,0,0,0.5,0,0,0,0.0,0,0,0,0,0,-1.0,0,0,0,0,0,-1.0,-1,0.2292,1,1,1,1,1,0.0005,0.48675,0,0,0,0,0,0,0,0,0,0,1
51,0,4,0,3.1972,3,1,0,0,25,0,0,0.0,0,0,0,0,0.5,0,0,0,0.0,0,1,1,0,0,-1.0,0,0,0,0,0,-1.0,0,0.2139,1,1,1,1,0,0.003,0.48675,0,0,0,0,0,0,0,0,0,0,1
45,4,2,9,4.3038,1,0,0,0,0,0,0,0.1667,2,0,2,0,0.5,0,0,0,0.0,0,1,2,0,0,-1.0,0,0,0,1,0,81.0,0,0.3028,1,1,0,0,0,0.0995,0.48675,1,0,0,0,0,0,0,0,0,0,0
49,0,2,1,3.5369,1,1,0,0,22,0,0,0.0,0,0,0,0,0.5,0,0,0,0.0,0,0,0,0,0,-1.0,0,0,1,0,0,-1.0,-1,0.2207,0,1,1,1,1,0.00125,0.00075,0,0,0,0,0,0,0,0,0,0,1
25,0,2,0,3.3278,1,1,0,0,0,0,0,0.0,0,0,0,0,0.15,1,0,0,0.0,0,1,2,0,0,3737.0,0,1,1,1,0,74.0,0,0.1116,0,0,0,0,0,0.35225,0.058,1,0,0,0,0,0,0,0,0,0,0
22,0,2,0,2.6612,1,1,0,0,0,0,0,0.0,0,0,0,0,0.15,1,0,0,0.0,0,1,4,0,0,-1.0,0,0,0,1,0,128.0,0,0.0982,1,1,0,0,0,0.35225,0.48675,0,0,0,1,0,0,0,0,0,0,0
50,0,3,0,3.1307,2,1,0,0,25,0,0,0.0,0,0,0,0,0.5,0,0,0,0.0,0,1,1,0,0,-1.0,0,0,0,1,0,38.0,0,0.2126,1,1,0,0,0,0.004,0.48675,0,1,0,0,0,0,0,0,0,0,0
47,0,2,2,3.8454,1,1,0,0,16,0,2,0.0,0,0,0,0,0.28,1,0,0,0.0,0,1,4,0,0,-1.0,0,0,0,1,0,31.0,0,0.1609,1,1,0,0,0,0.0545,0.48675,0,1,0,0,0,0,0,0,0,0,0
42,0,2,0,2.8731,1,1,0,0,21,0,0,0.0,0,0,0,0,0.5,0,0,0,0.0,0,1,1,0,0,-1.0,0,0,0,0,0,-1.0,0,0.2075,1,1,1,1,0,0.002,0.48675,0,0,0,0,0,0,0,0,0,0,1
37,3,2,0,3.5814,1,0,0,0,0,0,0,0.1667,2,0,2,0,0.5,0,0,0,0.0,0,1,2,0,0,-1.0,0,0,0,1,0,47.0,0,0.2883,1,1,0,0,0,0.0995,0.48675,1,0,0,0,0,0,0,0,0,0,0
34,0,1,0,3.0221,0,1,0,0,7,1,2,0.0,0,0,0,0,0.15,1,0,0,0.0,0,0,0,0,0,7170.0,0,0,1,0,0,-1.0,-1,0.1054,0,0,1,1,1,0.35225,0.001,0,0,0,0,0,0,0,0,0,0,1
50,3,2,8,4.5945,1,0,0,0,0,0,0,0.0,0,0,0,0,0.5,0,0,0,0.0,0,1,2,0,0,-1.0,0,0,0,1,0,78.0,0,0.2419,1,1,0,0,0,0.0995,0.48675,1,0,0,0,0,0,0,0,0,0,0
29,0,2,5,3.8842,1,1,0,0,0,0,0,0.0,0,0,0,0,0.15,1,0,0,0.0,0,1,2,0,0,-1.0,0,0,0,1,0,50.0,0,0.1227,1,1,0,0,0,0.35225,0.48675,1,0,0,0,0,0,0,0,0,0,0
23,0,1,0,3.1699,0,1,0,0,6,0,0,0.0,0,0,0,0,0.5,0,0,0,0.0,0,1,1,0,0,1320.0,0,0,1,1,0,21.0,0,0.2134,0,0,0,0,0,0.02275,0.012,0,1,0,0,0,0,0,0,0,0,0
29,1,1,2,3.8219,0,1,0,0,0,0,0,0.0,0,0,0,0,0.55,1,0,0,0.0,0,0,0,0,0,-1.0,0,0,0,0,0,-1.0,-1,0.2414,1,1,1,1,1,0.00425,0.48675,0,0,0,0,0,0,0,0,0,0,1
38,0,2,0,2.914,1,1,0,0,19,0,0,0.0,0,0,0,0,0.5,0,0,0,0.0,0,1,1,0,0,12035.0,0,0,1,0,0,-1.0,-1,0.2083,0,0,1,1,1,0.001,0.00025,0,0,0,0,0,0,0,0,0,0,1
48,4,2,2,4.3342,1,0,0,0,0,0,0,0.0,0,0,0,0,0.5,0,0,0,0.0,0,1,2,0,0,-1.0,0,0,0,1,0,77.0,0,0.2367,1,1,0,0,0,0.0995,0.48675,1,0,0,0,0,0,0,0,0,0,0
20,0,1,0,3.0221,0,1,0,0,0,0,0,0.0,0,0,0,0,0.2,1,0,0,0.0,0,1,1,0,0,1404.0,0,0,1,1,0,85.0,0,0.1204,0,0,0,0,0,0.0055,0.00025,0,1,0,0,0,0,0,0,0,0,0
36,3,2,0,3.7709,1,0,0,0,0,0,0,0.1667,2,0,2,0,0.5,0,0,0,0.0,0,1,2,0,0,-1.0,0,0,0,1,0,47.0,0,0.2921,1,1,0,0,0,0.0995,0.48675,1,0,0,0,0,0,0,0,0,0,0
48,1,3,6,4.2087,2,0,0,0,0,0,0,0.0833,1,0,1,0,0.35,1,0,0,0.0,0,1,2,0,0,-1.0,0,0,0,0,0,-1.0,0,0.2225,1,1,1,1,0,0.08025,0.48675,0,0,0,0,0,0,0,0,0,0,1
44,0,2,0,3.0958,1,0,0,0,26,0,0,0.1667,2,0,2,0,0.5,0,0,0,0.0,0,1,2,0,0,-1.0,0,0,0,1,0,79.0,0,0.2786,1,1,0,0,0,0.00975,0.48675,1,0,0,0,0,0,0,0,0,0,0
30,0,2,0,3.6144,1,0,0,0,4,0,0,0.0,0,0,0,0,0.28,1,0,0,0.0,0,1,4,0,0,-1.0,0,0,0,1,0,31.0,0,0.1563,1,1,0,0,0,0.0545,0.48675,0,1,0,0,0,0,0,0,0,0,0
23,0,1,0,2.9477,0,1,0,0,6,0,0,0.0,0,0,0,0,0.5,0,0,0,0.0,0,1,1,0,0,9742.0,0,0,1,0,0,-1.0,-1,0.209,0,0,1,1,1,0.003,0.00025,0,0,0,0,0,0,0,0,0,0,1
18,0,1,5,3.1699,0,1,0,0,0,0,0,0.0,0,0,0,0,0.94,1,0,0,0.0,0,0,0,0,0,65.0,0,0,1,0,0,-1.0,-1,0.3454,0,0,1,1,1,0.01625,0.0025,0,0,0,0,0,0,0,0,0,0,1
67,2,4,5,4.0316,3,1,0,0,13,0,0,0.0,0,0,0,0,0.15,1,0,0,0.0,0,1,4,0,0,3671.0,0,1,1,1,0,41.0,0,0.1256,0,0,0,0,0,0.35225,0.01575,0,1,0,0,0,0,0,0,0,0,0
20,0,2,0,3.085,1,0,0,0,0,0,0,0.0,0,0,0,0,0.15,1,0,0,0.0,0,1,2,0,0,6902.0,0,0,1,1,0,67.0,0,0.1067,0,0,0,0,0,0.35225,0.03575,1,0,0,0,0,0,0,0,0,0,0
35,0,1,0,3.1699,0,1,0,0,18,0,0,0.0,0,0,0,0,0.15,1,0,0,0.0,0,1,4,0,1,-1.0,0,0,0,1,0,62.0,0,0.1084,1,1,0,0,0,0.35225,0.48675,0,0,0,0,0,0,0,0,0,0,0
47,4,2,7,4.4775,1,0,0,0,0,0,0,0.0,0,0,0,0,0.5,0,0,0,0.0,0,1,2,0,0,-1.0,0,0,0,1,0,81.0,0,0.2395,1,1,0,0,0,0.0995,0.48675,1,0,0,0,0,0,0,0,0,0,0
32,0,1,0,2.1281,0,1,0,0,17,0,0,0.0,0,0,0,0,0.5,0,0,0,0.0,0,0,0,0,0,4617.0,0,0,1,0,0,-1.0,-1,0.1926,0,0,1,1,1,0.00425,0.00625,0,0,0,0,0,0,0,0,0,0,1
40,2,2,6,3.84,1,0,0,0,0,0,0,0.0833,1,0,1,0,0.35,1,0,0,0.0,0,1,2,0,0,-1.0,0,0,0,1,0,31.0,0,0.2151,1,1,0,0,0,0.08025,0.48675,0,1,0,0,0,0,0,0,0,0,0
33,0,1,0,3.0391,0,1,0,0,11,0,0,0.0,0,0,0,0,0.15,1,0,0,0.0,0,1,1,0,1,2207.0,0,0,1,0,0,-1.0,-1,0.1058,0,0,1,1,1,0.35225,0.058,0,0,0,0,0,0,0,0,0,0,1
75,4,4,12,4.566,3,0,0,0,0,0,0,0.1667,1,0,1,0,0.7,1,0,0,0.0,0,1,1,0,0,696.0,0,1,1,1,0,84.0,0,0.368,0,0,0,0,0,0.0095,0.01175,0,1,0,0,0,0,0,0,0,0,0
36,0,1,2,3.585,0,1,0,0,16,0,0,0.0,0,0,0,0,0.15,1,0,0,0.0,0,1,3,0,1,8009.0,0,0,1,1,0,66.0,0,0.1167,0,0,0,0,0,0.35225,0.00025,1,0,0,0,0,0,0,0,0,0,0
15,0,1,0,2.8074,0,1,0,0,0,0,0,0.0,0,0,0,0,0.1,1,0,0,0.0,0,1,1,0,1,10439.0,0,0,1,1,0,144.0,0,0.0861,0,0,0,0,0,0.02775,0.013,0,0,0,0,0,0,0,0,0,1,0
38,1,2,1,3.8664,1,1,0,0,0,0,0,0.0,0,0,0,0,0.15,1,0,0,0.0,0,1,2,0,0,-1.0,0,0,0,1,0,50.0,0,0.1223,1,1,0,0,0,0.35225,0.48675,1,0,0,0,0,0,0,0,0,0,0
18,0,2,0,2.3219,1,1,0,0,0,0,0,0.0833,1,0,1,0,0.5,0,0,0,0.0,0,1,1,0,0,9423.0,0,0,1,1,0,153.0,0,0.2298,0,0,0,0,0,0.00325,0.0005,0,0,0,0,1,0,0,0,0,0,0
44,4,2,8,4.3712,1,0,0,0,0,0,0,0.3333,4,0,4,0,0.5,0,0,0,0.0,0,1,2,0,0,-1.0,0,0,0,1,0,81.0,0,0.3707,1,1,0,0,0,0.0995,0.48675,1,0,0,0,0,0,0,0,0,0,0
19,0,1,0,3.0958,0,1,0,0,0,0,0,0.0,0,0,0,0,0.15,1,0,0,0.0,0,1,1,0,1,9745.0,0,0,1,1,0,194.0,0,0.1069,0,0,0,0,0,0.35225,0.004,0,0,0,0,0,0,0,0,0,0,0
17,0,1,0,2.9477,0,1,0,0,0,0,0,0.0,0,0,0,0,0.15,1,0,0,0.0,0,1,3,0,0,2111.0,0,1,1,1,0,43.0,0,0.104,0,0,0,0,0,0.35225,0.0035,1,0,0,0,0,0,0,0,0,0,0
20,0,1,0,3.085,0,1,0,0,0,0,0,0.0,0,0,0,0,0.15,1,0,0,0.0,0,1,3,0,0,6136.0,0,1,1,1,0,180.0,0,0.1067,0,0,0,0,0,0.35225,0.01175,0,0,0,1,0,0,0,0,0,0,0
65,0,1,0,3.5035,0,0,0,0,32,0,2,0.0,0,0,0,0,0.1,1,0,0,0.0,0,0,0,0,0,4244.0,0,0,1,0,0,-1.0,-1,0.1001,0,0,1,1,1,0.02775,0.001,0,0,0,0,0,0,0,0,0,0,1
33,0,1,0,2.6924,0,1,0,0,11,0,0,0.0,0,0,0,0,0.15,1,0,0,0.0,0,1,3,0,1,2472.0,0,0,1,1,0,32.0,0,0.0988,0,0,0,0,0,0.35225,0.00375,1,0,0,0,0,0,0,0,0,0,0
35,0,2,0,2.9219,1,1,0,0,17,0,0,0.0833,1,0,1,0,0.5,0,0,0,0.0,0,1,1,0,0,-1.0,0,0,0,0,0,-1.0,0,0.2418,1,1,1,1,0,0.01325,0.48675,0,0,0,0,0,0,0,0,0,0,1
84,3,3,10,4.243,2,1,0,0,14,1,2,0.1667,1,0,1,0,0.7,1,0,0,0.0,0,1,1,0,0,696.0,0,1,1,1,0,89.0,0,0.3615,0,0,0,0,0,0.0095,0.01175,0,1,0,0,0,0,0,0,0,0,0
17,0,1,0,2.9477,0,1,0,0,0,0,0,0.0,0,0,0,0,0.5,0,0,0,0.0,0,1,4,0,1,-1.0,0,0,1,1,0,56.0,0,0.209,0,1,0,0,0,0.00125,0.00075,0,1,0,0,0,0,0,0,0,0,0
53,2,2,0,4.107,1,1,0,0,9,0,0,0.0,0,0,0,0,0.5,0,0,0,0.0,0,1,2,0,0,-1.0,0,0,0,1,0,109.0,0,0.2321,1,1,0,0,0,0.0995,0.48675,0,0,1,0,0,0,0,0,0,0,0
86,8,3,8,4.4763,2,0,0,0,0,0,0,0.25,3,0,3,0,0.35,1,0,0,0.0,0,1,2,0,0,-1.0,0,0,0,0,0,-1.0,0,0.2945,1,1,1,1,0,0.08025,0.48675,0,0,0,0,0,0,0,0,0,0,1
47,4,2,3,4.4262,1,0,0,0,0,0,0,0.0,0,0,0,0,0.5,0,0,0,0.0,0,1,2,0,0,-1.0,0,0,0,1,0,83.0,0,0.2385,1,1,0,0,0,0.0995,0.48675,1,0,0,0,0,0,0,0,0,0,0
126,4,3,21,4.9141,2,1,0,0,0,1,2,0.0,0,0,0,0,0.5,0,0,0,0.0,0,1,1,0,0,-1.0,0,0,0,1,0,55.0,0,0.2483,1,1,0,0,0,0.0995,0.48675,1,0,0,0,0,0,0,0,0,0,0
27,0,1,1,3.6819,0,1,0,0,0,0,0,0.0,0,0,0,0,0.15,1,0,0,0.0,0,1,2,0,0,566.0,0,0,1,1,0,72.0,0,0.1186,0,0,0,0,0,0.35225,0.0065,1,0,0,0,0,0,0,0,0,0,0
40,0,2,1,3.8101,1,1,0,0,0,1,2,0.0,0,0,0,0,0.15,1,0,0,0.0,0,1,2,0,0,-1.0,0,0,0,1,0,50.0,0,0.1212,1,1,0,0,0,0.35225,0.48675,1,0,0,0,0,0,0,0,0,0,0
41,0,2,0,3.25,1,1,0,0,17,0,0,0.0,0,0,0,0,0.5,0,0,0,0.0,0,1,4,0,1,-1.0,0,0,1,1,0,80.0,0,0.215,0,1,0,0,0,0.003,0.00075,0,0,0,1,0,0,0,0,0,0,0
50,4,2,2,4.3267,1,1,0,0,0,0,0,0.0,0,0,0,0,0.5,0,0,0,0.0,0,1,2,0,0,-1.0,0,0,0,1,0,78.0,0,0.2365,1,1,0,0,0,0.0995,0.48675,1,0,0,0,0,0,0,0,0,0,0
30,0,1,0,3.7322,0,1,0,0,0,0,0,0.0,0,0,0,0,0.15,1,0,0,0.0,0,1,4,0,1,6452.0,0,0,1,1,0,132.0,0,0.1196,0,0,0,0,0,0.35225,0.019,0,0,0,0,0,1,0,0,0,0,0
31,0,1,0,3.2516,0,1,0,0,11,0,0,0.0,0,0,0,0,0.15,1,0,0,0.0,0,1,1,0,0,6008.0,0,0,1,1,0,76.0,0,0.11,0,0,0,0,0,0.35225,0.058,0,1,0,0,0,0,0,0,0,0,0
24,0,1,0,2.8074,0,1,0,0,9,0,0,0.0,0,0,0,0,0.15,1,0,0,0.0,0,1,3,0,0,-1.0,0,0,0,1,0,52.0,0,0.1011,1,1,0,0,0,0.35225,0.48675,0,0,1,0,0,0,0,0,0,0,0
139,0,2,0,3.182,1,1,0,0,117,0,0,0.0,0,0,0,0,0.15,1,0,0,0.0,0,1,1,0,0,561.0,0,0,1,1,0,50.0,0,0.1086,0,0,0,0,0,0.35225,0.058,0,0,0,0,0,0,0,1,0,0,0
26,0,2,0,3.4548,1,1,0,0,0,0,0,0.0,0,0,0,0,0.15,1,0,0,0.0,0,1,3,0,0,3126.0,0,1,1,1,0,49.0,0,0.1141,0,0,0,0,0,0.35225,0.01575,1,0,0,0,0,0,0,0,0,0,0
67,4,2,4,4.0776,1,0,0,0,20,0,0,0.4,2,0,2,1,0.35,1,0,0,0.0,0,1,1,0,0,-1.0,0,0,0,1,0,66.0,0,0.3466,1,1,0,0,0,0.08025,0.48675,1,0,0,0,0,0,0,0,0,0,0
31,0,1,1,2.404,0,1,0,0,12,0,0,0.0,0,0,0,0,0.15,1,0,0,0.0,0,0,0,0,0,1131.0,0,0,1,0,0,-1.0,-1,0.0931,0,0,1,1,1,0.35225,0.0015,0,0,0,0,0,0,0,0,0,0,1
23,0,2,0,2.7534,1,1,0,0,0,0,0,0.0,0,0,0,0,0.5,0,0,0,0.0,0,1,2,0,0,1780.0,0,1,1,1,0,13.0,0,0.2051,0,0,0,0,0,0.0085,0.00075,0,1,0,0,0,0,0,0,0,0,0
24,0,1,0,2.9219,0,1,0,0,6,0,0,0.0,0,0,0,0,0.15,1,0,0,0.0,0,1,1,0,1,5682.0,0,0,1,1,0,50.0,0,0.1034,0,0,0,0,0,0.35225,0.03575,0,1,0,0,0,0,0,0,0,0,0
22,0,2,0,3.182,1,1,0,0,0,0,0,0.0,0,0,0,0,0.15,1,0,0,0.0,0,1,1,0,0,4755.0,0,1,1,1,0,64.0,0,0.1086,0,0,0,0,0,0.35225,0.00175,0,1,0,0,0,0,0,0,0,0,0
49,4,2,2,4.3939,1,0,0,0,0,0,0,0.1667,2,0,2,0,0.5,0,0,0,0.0,0,1,2,0,0,-1.0,0,0,0,1,0,73.0,0,0.3046,1,1,0,0,0,0.0995,0.48675,1,0,0,0,0,0,0,0,0,0,0
19,0,1,0,2.914,0,1,0,0,0,0,0,0.0,0,0,0,0,0.5,0,0,0,0.0,0,1,4,0,1,-1.0,0,0,1,1,0,115.0,0,0.2083,0,1,0,0,0,0.0015,0.00075,0,0,0,1,0,0,0,0,0,0,0
29,0,1,0,3.4183,0,1,0,0,9,0,0,0.0,0,0,0,0,0.15,1,0,0,0.0,0,0,0,0,0,3536.0,0,0,1,0,0,-1.0,-1,0.1134,0,0,1,1,1,0.35225,0.058,0,0,0,0,0,0,0,0,0,0,1
19,0,2,0,2.6635,1,1,0,0,0,0,0,0.0,0,0,0,0,0.5,0,0,0,0.0,0,1,1,0,0,8484.0,0,0,1,1,0,58.0,0,0.2033,0,0,0,0,0,0.02275,0.012,0,0,0,0,0,1,0,0,0,0,0
28,0,2,0,3.25,1,1,0,0,3,0,0,0.0,0,0,0,0,0.15,1,0,0,0.0,0,1,1,0,0,10221.0,0,0,1,1,0,102.0,0,0.11,0,0,0,0,0,0.35225,0.00025,0,0,0,0,0,0,0,0,0,0,0
37,0,1,0,3.3927,0,1,0,0,16,0,0,0.0,0,0,0,0,0.5,0,0,0,0.0,0,1,1,0,0,-1.0,0,0,0,1,0,81.0,0,0.2179,1,1,0,0,0,0.00075,0.48675,0,1,0,0,0,0,0,0,0,0,0
26,0,2,0,3.0221,1,1,0,0,6,0,0,0.0833,1,0,1,0,0.15,1,0,0,0.0,0,1,1,0,0,-1.0,0,0,0,1,0,233.0,0,0.1388,1,1,0,0,0,0.35225,0.48675,0,0,0,0,0,0,0,0,0,0,0
28,0,2,0,3.5111,1,1,0,0,0,0,0,0.0,0,0,0,0,0.15,1,0,0,0.0,0,1,3,0,0,7652.0,0,0,1,1,0,223.0,0,0.1152,0,0,0,0,0,0.35225,0.013,0,0,0,0,0,0,0,0,0,1,0
30,0,2,5,3.749,1,1,0,0,0,0,0,0.0,0,0,0,0,0.15,1,0,0,0.0,0,1,2,0,0,-1.0,0,0,0,1,0,50.0,0,0.12,1,1,0,0,0,0.35225,0.48675,1,0,0,0,0,0,0,0,0,0,0
20,0,2,0,3.085,1,1,0,0,0,0,0,0.0,0,0,0,0,0.5,0,0,0,0.0,0,1,1,0,0,4281.0,0,0,1,0,0,-1.0,0,0.2117,0,0,1,1,0,0.01325,0.0005,0,0,0,0,0,0,0,0,0,0,1
22,0,1,2,3.0,0,1,0,0,6,0,0,0.0,0,0,0,0,0.5,0,0,0,0.0,0,1,1,0,0,7638.0,0,0,1,1,0,159.0,0,0.21,0,0,0,0,0,0.003,0.00625,0,0,0,0,1,0,0,0,0,0,0
34,0,1,0,3.1219,0,1,0,0,16,0,0,0.1667,2,0,2,0,0.55,1,0,0,0.0,0,1,1,0,0,-1.0,0,0,0,1,0,75.0,0,0.2941,1,1,0,0,0,0.00575,0.48675,0,1,0,0,0,0,0,0,0,0,0
35,0,1,0,3.4528,0,1,0,0,11,0,0,0.0,0,0,0,0,0.15,1,0,0,0.0,0,1,1,0,0,-1.0,0,0,0,1,0,188.0,0,0.1141,1,1,0,0,0,0.35225,0.48675,0,0,0,0,0,0,1,0,0,0,0
39,2,2,0,4.1899,1,1,0,0,0,0,0,0.0,0,0,0,1,0.5,0,0,0,0.0,0,1,2,0,0,-1.0,0,0,0,1,0,86.0,0,0.2338,1,1,0,0,0,0.0995,0.48675,1,0,0,0,0,0,0,0,0,0,0
25,0,1,0,3.2776,0,1,0,0,6,0,0,0.0,0,0,0,0,0.15,1,0,0,0.0,0,1,1,0,0,6180.0,0,0,1,1,0,58.0,0,0.1106,0,0,0,0,0,0.35225,0.00025,0,1,0,0,0,0,0,0,0,0,0
21,0,1,0,3.3927,0,1,0,0,0,0,0,0.0,0,0,0,0,0.22,1,0,0,0.0,0,1,2,0,0,719.0,0,0,1,1,0,38.0,0,0.1339,0,0,0,0,0,0.0405,0.0035,0,0,0,0,0,1,0,0,0,0,0
38,0,1,0,3.5216,0,1,0,0,16,0,0,0.0,0,0,0,0,0.22,1,0,0,0.0,0,0,0,0,0,309.0,0,0,1,0,0,-1.0,-1,0.1364,0,0,1,1,1,0.0405,0.00625,0,0,0,0,0,0,0,0,0,0,1
36,1,3,0,3.8249,2,0,0,0,0,0,0,0.0833,1,0,1,0,0.5,0,0,0,0.0,0,0,0,0,0,-1.0,0,0,0,0,0,-1.0,-1,0.2598,1,1,1,1,1,0.00975,0.48675,0,0,0,0,0,0,0,0,0,0,1
42,4,2,8,4.4404,1,0,0,0,0,0,0,0.0,0,0,0,0,0.5,0,0,0,0.0,0,1,2,0,0,-1.0,0,0,0,1,0,81.0,0,0.2388,1,1,0,0,0,0.0995,0.48675,1,0,0,0,0,0,0,0,0,0,0
65,6,3,5,4.3418,2,0,0,0,0,0,0,0.25,3,0,3,0,0.35,1,0,0,0.0,0,1,2,0,0,-1.0,0,0,0,0,0,-1.0,0,0.2918,1,1,1,1,0,0.08025,0.48675,0,0,0,0,0,0,0,0,0,0,1
33,0,1,0,3.0,0,1,0,0,7,1,2,0.0,0,0,0,0,0.15,1,0,0,0.0,0,1,2,0,0,7280.0,0,0,1,1,0,62.0,0,0.105,0,0,0,0,0,0.35225,0.00175,0,0,0,0,0,0,0,0,0,0,0
41,2,1,0,3.5725,0,1,0,0,16,0,0,0.0,0,0,0,0,0.15,1,0,0,0.0,0,0,0,0,0,1235.0,0,0,1,0,0,-1.0,-1,0.1164,0,0,1,1,1,0.35225,0.00375,0,0,0,0,0,0,0,0,0,0,1
43,2,2,6,4.2195,1,1,0,0,0,0,0,0.0833,1,0,1,0,0.35,1,0,0,0.0,0,1,2,0,0,-1.0,0,0,0,1,0,31.0,0,0.2227,1,1,0,0,0,0.08025,0.48675,0,1,0,0,0,0,0,0,0,0,0
30,0,2,0,3.6897,1,1,0,0,0,0,0,0.0833,1,0,1,0,0.1,1,0,0,0.0,0,1,3,0,0,4416.0,0,0,1,1,0,81.0,0,0.1371,0,0,0,0,0,0.02775,0.058,1,0,0,0,0,0,0,0,0,0,0
31,0,2,0,3.3908,1,1,0,0,0,0,0,0.0833,1,0,1,0,0.35,1,0,0,0.0,0,1,2,0,0,-1.0,0,0,0,1,0,229.0,0,0.2061,1,1,0,0,0,0.08025,0.48675,0,0,0,0,0,0,0,0,0,0,0
27,0,2,0,3.4194,1,1,0,0,0,0,0,0.0,0,0,0,0,0.5,0,0,0,0.0,0,1,2,0,0,-1.0,0,0,0,1,0,43.0,0,0.2184,1,1,0,0,0,0.012,0.48675,1,0,0,0,0,0,0,0,0,0,0
31,0,1,0,2.8074,0,1,0,0,16,0,0,0.0,0,0,0,0,0.5,0,0,0,0.0,0,0,0,0,0,4331.0,0,0,1,0,0,-1.0,-1,0.2061,0,0,1,1,1,0.00525,0.00025,0,0,0,0,0,0,0,0,0,0,1
37,0,2,4,3.8439,1,0,0,0,0,1,2,0.0,0,0,0,0,0.15,1,0,0,0.0,0,1,2,0,0,-1.0,0,0,0,1,0,50.0,0,0.1219,1,1,0,0,0,0.35225,0.48675,1,0,0,0,0,0,0,0,0,0,0
21,0,2,0,2.6258,1,1,0,0,0,0,0,0.0,0,0,0,0,0.15,1,0,0,0.0,0,1,1,0,0,-1.0,0,0,0,1,0,55.0,0,0.0975,1,1,0,0,0,0.35225,0.48675,0,0,0,0,1,0,0,0,0,0,0
52,0,3,0,3.0131,2,1,0,0,27,0,0,0.0,0,0,0,0,0.93,1,0,0,0.0,0,1,1,0,0,-1.0,0,0,0,0,0,-1.0,0,0.3393,1,1,1,1,0,0.00375,0.48675,0,0,0,0,0,0,0,0,0,0,1
30,0,3,0,3.4633,2,1,0,0,0,0,0,0.0833,1,0,1,0,0.35,1,0,0,0.0,0,1,1,0,0,-1.0,0,0,0,0,0,-1.0,0,0.2076,1,1,1,1,0,0.08025,0.48675,0,0,0,0,0,0,0,0,0,0,1
26,1,1,0,3.0221,0,1,0,0,6,0,0,0.0833,1,0,1,0,0.1,1,0,0,0.0,0,0,0,0,0,8957.0,0,0,1,0,0,-1.0,-1,0.1238,0,0,1,1,1,0.02775,0.01125,0,0,0,0,0,0,0,0,0,0,1
24,0,2,0,3.1899,1,1,0,0,0,0,0,0.0,0,0,0,0,0.15,1,0,0,0.0,0,1,1,0,0,7501.0,0,0,1,1,0,41.0,0,0.1088,0,0,0,0,0,0.35225,0.00275,0,0,0,0,0,0,0,1,0,0,0
17,1,1,0,3.1699,0,1,0,0,0,0,0,0.0,0,0,0,0,0.5,0,0,0,0.0,0,1,1,0,0,-1.0,0,0,0,0,0,-1.0,0,0.2134,1,1,1,1,0,0.02275,0.48675,0,0,0,0,0,0,0,0,0,0,1
40,0,1,0,3.0306,0,1,0,0,16,0,0,0.0,0,0,0,0,0.15,1,0,0,0.0,0,1,5,0,1,8936.0,0,0,1,1,0,66.0,0,0.1056,0,0,0,0,0,0.35225,0.058,1,0,0,0,0,0,0,0,0,0,0
43,0,2,0,3.0851,1,1,0,0,21,0,0,0.0,0,0,0,0,0.15,1,0,0,0.0,0,1,2,0,0,41.0,0,0,1,1,0,48.0,0,0.1067,0,0,0,0,0,0.35225,0.01125,1,0,0,0,0,0,0,0,0,0,0
32,1,2,0,3.3773,1,1,0,0,0,0,0,0.0,0,0,0,0,0.5,0,0,0,0.0,0,1,2,0,0,-1.0,0,0,0,1,0,82.0,0,0.2175,1,1,0,0,0,0.0995,0.48675,1,0,0,0,0,0,0,0,0,0,0
46,2,2,3,4.0079,1,0,0,0,0,0,0,0.0833,1,0,1,0,0.35,1,0,0,0.0,0,1,2,0,0,-1.0,0,0,0,1,0,229.0,0,0.2185,1,1,0,0,0,0.08025,0.48675,0,0,0,0,0,0,0,0,0,0,0
40,0,1,0,3.6402,0,1,0,0,17,0,0,0.0,0,0,0,0,0.5,0,0,0,0.0,0,0,0,0,0,1.0,1,1,1,0,0,-1.0,-1,0.2228,0,0,1,1,1,0.0035,0.00275,0,0,0,0,0,0,0,0,0,0,1
24,0,1,0,2.6062,0,1,0,0,0,0,0,0.0,0,0,0,0,0.15,1,0,0,0.0,0,1,1,0,1,6049.0,0,0,1,1,0,29.0,0,0.0971,0,0,0,0,0,0.35225,0.036,0,1,0,0,0,0,0,0,0,0,0
55,0,2,0,3.3278,1,1,0,0,31,0,0,0.0,0,0,0,0,0.15,1,0,0,0.0,0,1,2,0,0,11107.0,0,0,1,1,0,69.0,0,0.1116,0,0,0,0,0,0.35225,0.00075,1,0,0,0,0,0,0,0,0,0,0
29,0,2,0,3.5464,1,1,0,0,0,0,0,0.0,0,0,0,0,0.15,1,0,0,0.0,0,1,2,0,0,5956.0,0,0,1,1,0,66.0,0,0.1159,0,0,0,0,0,0.35225,0.058,1,0,0,0,0,0,0,0,0,0,0
48,0,1,0,3.4864,0,1,0,0,16,0,0,0.0,0,0,0,0,0.5,0,0,0,0.0,0,1,3,0,0,-1.0,0,0,0,0,0,-1.0,0,0.2197,1,1,1,1,0,0.0005,0.48675,0,0,0,0,0,0,0,0,0,0,1
20,0,1,0,3.4183,0,1,0,0,0,0,0,0.0,0,0,0,0,0.5,0,0,0,0.0,0,1,4,0,1,3281.0,0,1,1,1,0,212.0,0,0.2184,0,0,0,0,0,0.0035,0.00025,0,0,0,1,0,0,0,0,0,0,0
46,0,2,0,3.6635,1,1,0,0,16,0,0,0.0,0,0,0,0,0.5,0,0,0,0.0,0,1,1,0,1,-1.0,0,0,1,1,0,82.0,0,0.2233,0,1,0,0,0,0.003,0.00025,0,1,0,0,0,0,0,0,0,0,0
35,0,1,0,3.2389,0,1,0,0,14,0,0,0.0,0,0,0,0,0.88,1,0,0,0.0,0,1,1,0,0,455.0,0,0,1,1,0,65.0,0,0.3288,0,0,0,0,0,0.00225,0.00475,0,1,0,0,0,0,0,0,0,0,0
33,0,2,5,3.6368,1,1,0,0,0,0,0,0.0,0,0,0,0,0.15,1,0,0,0.0,0,1,2,0,0,-1.0,0,0,0,1,0,50.0,0,0.1177,1,1,0,0,0,0.35225,0.48675,1,0,0,0,0,0,0,0,0,0,0
48,4,2,2,4.3842,1,0,0,0,0,0,0,0.0,0,0,0,0,0.5,0,0,0,0.0,0,1,2,0,0,-1.0,0,0,0,1,0,76.0,0,0.2377,1,1,0,0,0,0.0995,0.48675,1,0,0,0,0,0,0,0,0,0,0
41,0,2,0,3.2195,1,1,0,0,16,0,0,0.0,0,0,0,0,0.5,0,0,0,0.0,0,0,0,0,0,5239.0,0,0,1,0,0,-1.0,-1,0.2144,0,0,1,1,1,0.01325,0.00225,0,0,0,0,0,0,0,0,0,0,1
26,0,1,0,3.3232,0,1,0,0,3,0,0,0.0,0,0,0,0,0.15,1,0,0,0.0,0,1,1,0,0,1263.0,0,0,1,1,0,85.0,0,0.1115,0,0,0,0,0,0.35225,0.001,0,1,0,0,0,0,0,0,0,0,0
17,0,1,0,2.9477,0,1,0,0,0,0,0,0.0,0,0,0,0,0.15,1,0,0,0.0,0,1,1,0,0,-1.0,0,0,0,1,0,67.0,0,0.104,1,1,0,0,0,0.35225,0.48675,0,1,0,0,0,0,0,0,0,0,0
50,0,2,0,3.3835,1,1,0,0,17,0,0,0.0,0,0,0,0,0.5,0,0,0,0.0,0,0,0,0,0,198.0,0,1,1,0,0,-1.0,-1,0.2177,0,0,1,1,1,0.00075,0.0005,0,0,0,0,0,0,0,0,0,0,1
22,0,2,2,2.9312,1,1,0,0,0,0,0,0.0,0,0,0,0,0.5,0,0,0,0.0,0,1,4,0,0,7215.0,0,0,1,1,0,167.0,0,0.2086,1,0,0,0,0,0.00875,0.48675,0,0,0,1,0,0,0,0,0,0,0
26,0,1,0,3.3083,0,1,0,0,0,0,0,0.0,0,0,0,0,0.22,1,0,0,0.0,0,1,1,0,0,3412.0,0,0,1,0,0,-1.0,0,0.1322,0,0,1,1,0,0.0405,0.00975,0,0,0,0,0,0,0,0,0,0,1
30,0,1,0,3.3927,0,1,0,0,8,0,0,0.0833,1,0,1,0,0.55,1,0,0,0.0,0,0,0,0,0,-1.0,0,0,0,0,0,-1.0,-1,0.2662,1,1,1,1,1,0.00575,0.48675,0,0,0,0,0,0,0,0,0,0,1
42,1,2,0,3.9783,1,0,0,0,5,0,0,0.0833,1,0,1,0,0.55,1,0,0,0.0,0,0,0,0,0,-1.0,0,0,0,0,0,-1.0,-1,0.2779,1,1,1,1,1,0.00575,0.48675,0,0,0,0,0,0,0,0,0,0,1
36,0,1,0,3.5216,0,1,0,0,13,0,0,0.0,0,0,0,0,0.15,1,0,0,0.0,0,1,1,0,1,3844.0,0,0,1,1,0,79.0,0,0.1154,0,0,0,0,0,0.35225,0.019,0,1,0,0,0,0,0,0,0,0,0
19,0,1,0,3.0272,0,1,0,0,0,0,0,0.0,0,0,0,0,0.15,1,0,0,0.0,0,1,2,0,1,5903.0,0,1,1,1,0,75.0,0,0.1055,0,0,0,0,0,0.35225,0.01575,0,1,0,0,0,0,0,0,0,0,0
35,0,3,0,3.6574,2,1,0,0,0,0,0,0.0,0,0,0,0,0.15,1,0,0,0.0,0,1,2,0,0,-1.0,0,0,0,0,0,-1.0,0,0.1181,1,1,1,1,0,0.35225,0.48675,0,0,0,0,0,0,0,0,0,0,1
48,4,2,2,4.3555,1,1,0,0,0,0,0,0.0,0,0,0,0,0.5,0,0,0,0.0,0,1,2,0,0,-1.0,0,0,0,1,0,77.0,0,0.2371,1,1,0,0,0,0.0995,0.48675,1,0,0,0,0,0,0,0,0,0,0
27,1,2,0,3.5033,1,1,0,0,0,0,0,0.0,0,0,0,0,0.1,1,0,0,0.0,0,1,1,0,1,8736.0,0,0,1,1,0,39.0,0,0.1001,0,0,0,0,0,0.02775,0.019,0,1,0,0,0,0,0,0,0,0,0
43,2,2,0,3.9032,1,1,0,0,0,0,0,0.0833,1,0,1,0,0.35,1,0,0,0.0,0,1,2,0,0,-1.0,0,0,0,1,0,229.0,0,0.2164,1,1,0,0,0,0.08025,0.48675,0,0,0,0,0,0,0,0,0,0,0
17,0,1,0,2.9477,0,1,0,0,0,0,0,0.0833,1,0,1,0,0.35,1,0,0,0.0,0,1,3,0,1,-1.0,0,0,0,1,0,46.0,0,0.1973,1,1,0,0,0,0.08025,0.48675,1,0,0,0,0,0,0,0,0,0,0
34,1,3,0,3.4333,2,1,0,0,0,0,0,0.0,0,0,0,0,0.5,0,0,0,0.0,0,0,0,0,0,4.0,1,0,1,0,0,-1.0,-1,0.2187,0,0,1,1,1,0.01325,0.002,0,0,0,0,0,0,0,0,0,0,1
30,1,2,0,3.5585,1,1,0,0,0,0,0,0.0,0,0,0,0,0.15,1,0,0,0.0,0,1,1,0,0,4560.0,0,0,1,1,0,59.0,0,0.1162,0,0,0,0,0,0.35225,0.0025,0,0,0,0,0,0,0,0,0,1,0
27,0,3,0,3.5724,2,1,0,0,0,0,0,0.0,0,0,0,1,0.15,1,0,0,0.0,0,1,2,0,0,6902.0,0,0,1,1,0,67.0,0,0.1164,0,0,0,0,0,0.35225,0.03575,1,0,0,0,0,0,0,0,0,0,0
24,0,2,0,3.027,1,1,0,0,3,0,0,0.0,0,0,0,0,0.5,0,0,0,0.0,0,0,0,0,0,10520.0,0,1,1,0,0,-1.0,-1,0.2105,0,0,1,1,1,0.0085,0.01225,0,0,0,0,0,0,0,0,0,0,1
35,0,1,7,3.2776,0,1,0,0,11,0,0,0.0,0,0,0,0,0.15,1,0,0,0.0,0,0,0,0,0,-1.0,0,0,0,0,0,-1.0,-1,0.1106,1,1,1,1,1,0.35225,0.48675,0,0,0,0,0,0,0,0,0,0,1
36,1,1,0,3.9233,0,1,0,0,0,0,0,0.0,0,0,0,0,0.15,1,0,0,0.0,0,1,1,0,1,955.0,0,1,1,1,0,30.0,0,0.1235,0,0,0,0,0,0.35225,0.00325,0,1,0,0,0,0,0,0,0,0,0
32,0,1,0,1.8424,0,1,0,0,17,0,0,0.0,0,0,0,0,0.5,0,0,0,0.0,0,1,1,0,0,8370.0,0,0,1,1,0,79.0,0,0.1868,0,0,0,0,0,0.02275,0.012,0,0,0,0,0,1,0,0,0,0,0
34,0,3,0,3.2729,2,1,0,0,11,0,0,0.0,0,0,0,0,0.5,0,0,0,0.0,0,1,1,0,0,7424.0,0,0,1,1,0,60.0,0,0.2155,1,0,0,0,0,0.00875,0.48675,0,0,0,0,0,0,0,0,0,1,0
38,2,2,0,3.6193,1,0,0,0,0,0,0,0.1667,2,0,2,0,0.35,1,0,0,0.0,0,1,2,0,0,-1.0,0,0,0,1,0,83.0,0,0.2441,1,1,0,0,0,0.08025,0.48675,1,0,0,0,0,0,0,0,0,0,0
19,0,2,0,2.171,1,1,0,0,0,0,0,0.0833,1,0,1,0,0.5,0,0,0,0.0,0,1,1,0,0,9420.0,0,0,1,1,0,67.0,0,0.2267,0,0,0,0,0,0.00325,0.0005,0,0,0,0,0,0,0,0,0,0,0
32,0,2,1,3.7951,1,1,0,0,0,0,0,0.0,0,0,0,0,0.1,1,0,0,0.0,0,0,0,0,0,16.0,1,0,1,0,0,-1.0,-1,0.1059,0,0,1,1,1,0.02775,0.0025,0,0,0,0,0,0,0,0,0,0,1
41,0,3,2,3.9681,2,1,0,0,0,0,0,0.0,0,0,0,0,0.15,1,0,0,0.0,0,1,2,0,0,-1.0,0,0,0,0,0,-1.0,0,0.1244,1,1,1,1,0,0.35225,0.48675,0,0,0,0,0,0,0,0,0,0,1
35,0,1,0,3.1219,0,1,0,0,17,0,0,0.0,0,0,0,0,0.5,0,0,0,0.0,0,1,1,0,1,-1.0,0,0,0,1,0,115.0,0,0.2124,1,1,0,0,0,0.01075,0.48675,0,0,0,0,0,0,0,0,0,0,0
22,0,3,0,2.6106,2,1,0,0,0,0,0,0.0,0,0,0,0,0.5,0,0,0,0.0,0,1,2,0,0,10684.0,0,0,1,1,0,181.0,0,0.2022,0,0,0,0,0,0.001,0.00025,0,0,0,0,0,0,0,0,0,0,0
28,0,2,0,2.9835,1,1,0,0,3,0,0,0.0,0,0,0,0,0.15,1,0,0,0.0,0,1,1,0,0,9850.0,0,0,1,1,0,36.0,0,0.1047,0,0,0,0,0,0.35225,0.013,0,1,0,0,0,0,0,0,0,0,0
45,0,2,0,3.2608,1,1,0,0,18,0,0,0.0,0,0,0,0,0.28,1,0,0,0.0,0,1,4,0,0,-1.0,0,0,0,1,0,31.0,0,0.1492,1,1,0,0,0,0.0545,0.48675,0,1,0,0,0,0,0,0,0,0,0
31,0,2,0,3.567,1,1,0,0,0,0,0,0.0,0,0,0,0,0.1,1,0,0,0.0,0,1,2,0,0,1638.0,0,0,1,1,0,89.0,0,0.1013,0,0,0,0,0,0.02775,0.00375,1,0,0,0,0,0,0,0,0,0,0
38,0,1,0,3.1808,0,1,0,0,17,0,0,0.0,0,0,0,0,0.15,1,0,0,0.0,0,1,1,0,1,10700.0,0,0,1,1,0,44.0,0,0.1086,0,0,0,0,0,0.35225,0.004,1,0,0,0,0,0,0,0,0,0,0
32,0,1,1,2.9219,0,1,0,0,14,0,0,0.0,0,0,0,0,0.5,0,0,0,0.0,0,0,0,0,0,-1.0,0,0,0,0,0,-1.0,-1,0.2084,1,1,1,1,1,0.00025,0.48675,0,0,0,0,0,0,0,0,0,0,1
45,0,2,0,3.027,1,0,0,0,25,0,0,0.0,0,0,0,0,0.5,0,0,0,0.0,0,1,1,0,0,56.0,0,0,1,1,0,38.0,0,0.2105,0,0,0,0,0,0.004,0.0035,0,1,0,0,0,0,0,0,0,0,0
54,4,2,0,3.9438,1,0,0,0,0,0,0,0.2333,1,0,1,1,0.35,1,0,0,0.0,0,1,1,0,0,-1.0,0,0,0,1,0,66.0,0,0.2772,1,1,0,0,0,0.08025,0.48675,1,0,0,0,0,0,0,0,0,0,0
50,0,2,0,2.9312,1,1,0,0,29,0,0,0.0,0,0,0,0,0.5,0,0,0,0.0,0,1,2,0,0,-1.0,0,0,0,1,0,67.0,0,0.2086,1,1,0,0,0,0.001,0.48675,1,0,0,0,0,0,0,0,0,0,0
18,0,1,5,2.6416,0,1,0,0,0,0,0,0.0,0,0,0,0,0.94,1,0,0,0.0,0,0,0,0,0,229.0,0,1,1,0,0,-1.0,-1,0.3348,0,0,1,1,1,0.01625,0.01225,0,0,0,0,0,0,0,0,0,0,1
29,0,1,0,3.0958,0,1,0,0,10,0,0,0.0,0,0,0,0,0.5,0,0,0,0.0,0,1,1,0,0,7151.0,0,0,1,1,0,13.0,0,0.2119,0,0,0,0,0,0.00125,0.00025,0,0,0,0,1,0,0,0,0,0,0
23,0,2,0,3.0566,1,1,0,0,0,0,0,0.25,1,1,0,0,0.15,1,0,0,0.0,0,1,2,0,0,5723.0,0,0,1,1,0,70.0,0,0.2061,0,0,0,0,0,0.35225,0.01125,0,0,0,0,0,0,0,0,0,0,0
30,0,1,1,2.585,0,1,0,0,7,1,2,0.0,0,0,0,0,0.5,0,0,0,0.0,0,0,0,0,0,-1.0,0,0,0,0,0,-1.0,-1,0.2017,1,1,1,1,1,0.02275,0.48675,0,0,0,0,0,0,0,0,0,0,1
35,0,1,0,3.3347,0,1,0,0,14,0,0,0.0,0,0,0,0,0.22,1,0,0,0.0,0,1,2,0,1,8896.0,0,1,1,1,0,88.0,0,0.1327,0,0,0,0,0,0.0405,0.00025,1,0,0,0,0,0,0,0,0,0,0
47,2,2,6,4.2211,1,1,0,0,0,0,0,0.0833,1,0,1,0,0.35,1,0,0,0.0,0,1,2,0,0,-1.0,0,0,0,1,0,31.0,0,0.2227,1,1,0,0,0,0.08025,0.48675,0,1,0,0,0,0,0,0,0,0,0
22,0,2,0,3.027,1,1,0,0,0,0,0,0.0,0,0,0,0,0.15,1,0,0,0.0,0,1,1,0,0,11961.0,0,0,1,1,0,187.0,0,0.1055,0,0,0,0,0,0.35225,0.036,0,0,0,0,0,0,0,0,0,0,0
79,8,3,2,4.234,2,1,0,0,0,0,0,0.2333,1,0,1,1,0.35,1,0,0,0.0,0,1,1,0,0,-1.0,0,0,0,1,0,85.0,0,0.283,1,1,0,0,0,0.08025,0.48675,0,1,0,0,0,0,0,0,0,0,0
70,0,1,0,3.182,0,1,0,0,15,1,2,0.0,0,0,0,0,0.5,0,0,0,0.0,0,0,0,0,0,-1.0,0,0,1,0,0,-1.0,-1,0.2136,0,1,1,1,1,0.00175,0.004,0,0,0,0,0,0,0,0,0,0,1
30,1,1,0,3.75,0,1,0,0,5,0,0,0.25,2,0,2,0,0.7,1,0,0,0.0,0,0,0,0,0,30.0,0,0,1,0,0,-1.0,-1,0.385,0,0,1,1,1,0.0095,0.00175,0,0,0,0,0,0,0,0,0,0,1
35,0,1,0,2.8454,0,1,0,0,7,1,2,0.0,0,0,0,0,0.15,1,0,0,0.0,0,1,1,0,0,6148.0,0,0,1,0,0,-1.0,0,0.1019,0,0,1,1,0,0.35225,0.00975,0,0,0,0,0,0,0,0,0,0,1
21,0,1,0,3.5466,0,1,0,0,0,0,0,0.0,0,0,0,0,0.15,1,0,0,0.0,0,1,2,0,1,9781.0,0,0,1,1,0,87.0,0,0.1159,0,0,0,0,0,0.35225,0.00175,1,0,0,0,0,0,0,0,0,0,0
37,1,3,0,3.9228,2,0,0,0,0,0,0,0.0,0,0,0,0,0.15,1,0,0,0.0,0,1,2,0,0,-1.0,0,0,0,0,0,-1.0,0,0.1235,1,1,1,1,0,0.35225,0.48675,0,0,0,0,0,0,0,0,0,0,1
194,0,3,0,3.1307,2,1,0,0,51,3,8,0.0,0,0,0,0,0.5,0,0,0,0.0,0,1,1,0,0,-1.0,0,0,0,0,0,-1.0,0,0.2126,1,1,1,1,0,0.012,0.48675,0,0,0,0,0,0,0,0,0,0,1
47,4,2,2,4.3532,1,1,0,0,0,0,0,0.0833,1,0,1,0,0.5,0,0,0,0.0,0,1,2,0,0,-1.0,0,0,0,1,0,78.0,0,0.2704,1,1,0,0,0,0.0995,0.48675,1,0,0,0,0,0,0,0,0,0,0
44,0,2,0,3.4548,1,0,0,0,19,0,0,0.0,0,0,0,0,0.5,0,0,0,0.0,0,0,0,0,0,971.0,0,0,1,0,0,-1.0,-1,0.2191,1,0,1,1,1,0.00925,0.48675,0,0,0,0,0,0,0,0,0,0,1
57,0,2,4,4.182,1,1,0,0,21,0,0,0.0,0,0,0,0,0.94,1,0,0,0.0,0,0,0,0,0,7.0,1,0,1,0,0,-1.0,-1,0.3656,0,0,1,1,1,0.01625,0.01125,0,0,0,0,0,0,0,0,0,0,1
40,1,1,0,3.5,0,1,0,0,16,0,0,0.0,0,0,0,0,0.15,1,0,0,0.0,0,0,0,0,0,1148.0,0,0,1,0,0,-1.0,-1,0.115,0,0,1,1,1,0.35225,0.00975,0,0,0,0,0,0,0,0,0,0,1
37,1,3,0,3.6959,2,1,0,0,0,0,0,0.0833,1,0,1,0,0.35,1,0,0,0.0,0,1,2,0,0,-1.0,0,0,0,0,0,-1.0,0,0.2122,1,1,1,1,0,0.08025,0.48675,0,0,0,0,0,0,0,0,0,0,1
49,0,2,0,2.6464,1,1,0,0,11,1,4,0.0,0,0,0,0,0.5,0,0,0,0.0,0,1,1,0,0,9516.0,0,0,1,1,0,140.0,0,0.2029,0,0,0,0,0,0.00075,0.0005,0,0,0,0,1,0,0,0,0,0,0
16,0,1,0,3.0,0,1,0,0,0,0,0,0.0,0,0,0,0,0.5,0,0,0,0.0,0,1,3,0,1,-1.0,0,0,1,1,0,75.0,0,0.21,0,1,0,0,0,0.0015,0.00025,1,0,0,0,0,0,0,0,0,0,0
15,0,1,0,2.5216,0,1,0,0,0,0,0,0.0,0,0,0,0,0.5,0,0,0,0.0,0,1,1,0,1,9306.0,0,0,1,1,0,68.0,0,0.2004,0,0,0,0,0,0.003,0.00025,0,0,0,0,0,0,0,0,0,1,0
19,0,1,0,1.9219,0,1,0,0,6,0,0,0.0,0,0,0,0,0.5,0,0,0,0.0,0,1,1,0,0,-1.0,0,0,0,1,0,88.0,0,0.1884,1,1,0,0,0,0.0005,0.48675,0,1,0,0,0,0,0,0,0,0,0
27,0,2,0,3.1808,1,1,0,0,6,0,0,0.0,0,0,0,0,0.5,0,0,0,0.0,0,1,2,0,1,-1.0,0,0,0,1,0,69.0,0,0.2136,1,1,0,0,0,0.0005,0.48675,1,0,0,0,0,0,0,0,0,0,0
43,2,2,6,4.1385,1,1,0,0,0,0,0,0.0833,1,0,1,0,0.35,1,0,0,0.0,0,1,2,0,0,-1.0,0,0,0,1,0,31.0,0,0.2211,1,1,0,0,0,0.08025,0.48675,0,1,0,0,0,0,0,0,0,0,0
47,4,2,2,4.3333,1,1,0,0,0,0,0,0.0,0,0,0,0,0.5,0,0,0,0.0,0,1,2,0,0,-1.0,0,0,0,1,0,78.0,0,0.2367,1,1,0,0,0,0.0995,0.48675,1,0,0,0,0,0,0,0,0,0,0
29,1,1,0,3.2516,0,1,0,0,9,0,0,0.0,0,0,0,0,0.22,1,0,0,0.0,0,0,0,0,0,9088.0,0,1,1,0,0,-1.0,-1,0.131,0,0,1,1,1,0.0405,0.00075,0,0,0,0,0,0,0,0,0,0,1
33,0,2,0,3.3249,1,1,0,0,11,0,0,0.0,0,0,0,0,0.5,0,0,0,0.0,0,1,1,0,1,-1.0,0,0,0,1,0,125.0,0,0.2165,1,1,0,0,0,0.00975,0.48675,0,0,0,0,0,0,0,0,0,0,0
36,0,2,0,3.3788,1,1,0,0,14,0,0,0.0,0,0,0,0,0.5,0,0,0,0.0,0,1,2,0,0,3847.0,0,0,1,1,0,64.0,0,0.2176,1,0,0,0,0,0.00925,0.48675,1,0,0,0,0,0,0,0,0,0,0
22,0,1,0,3.3249,0,1,0,0,0,0,0,0.0,0,0,0,0,0.15,1,0,0,0.0,0,1,1,0,0,5349.0,0,1,1,1,0,30.0,0,0.1115,0,0,0,0,0,0.35225,0.00325,0,1,0,0,0,0,0,0,0,0,0
29,0,2,6,3.066,1,1,0,0,0,0,0,0.0,0,0,0,0,0.5,0,0,0,0.0,0,1,2,0,0,-1.0,0,0,0,1,0,84.0,0,0.2113,1,1,0,0,0,0.0995,0.48675,1,0,0,0,0,0,0,0,0,0,0
27,0,3,0,3.3083,2,1,0,0,0,0,0,0.0,0,0,0,0,0.5,0,0,0,0.0,0,1,4,0,0,11142.0,0,0,1,1,0,202.0,0,0.2162,1,0,0,0,0,0.00875,0.48675,0,0,0,1,0,0,0,0,0,0,0
33,0,2,0,3.1368,1,1,0,0,0,0,0,0.0,0,0,0,0,0.15,1,0,0,0.0,0,1,2,0,0,7431.0,0,0,1,1,0,37.0,0,0.1077,0,0,0,0,0,0.35225,0.036,0,1,0,0,0,0,0,0,0,0,0
26,0,2,0,3.2516,1,1,0,0,6,0,0,0.0833,1,0,1,0,0.5,0,0,0,0.0,0,0,0,0,0,10457.0,0,0,1,0,0,-1.0,-1,0.2484,0,0,1,1,1,0.01325,0.0015,0,0,0,0,0,0,0,0,0,0,1
39,0,2,0,3.2028,1,1,0,0,8,1,2,0.0,0,0,0,0,0.5,0,0,0,0.0,0,1,3,0,0,5325.0,0,0,1,1,0,54.0,0,0.2141,1,0,0,0,0,0.00025,0.48675,1,0,0,0,0,0,0,0,0,0,0
31,0,1,0,3.0221,0,1,0,0,11,0,0,0.0,0,0,0,0,0.15,1,0,0,0.0,0,1,1,0,1,7963.0,0,0,1,1,0,30.0,0,0.1054,0,0,0,0,0,0.35225,0.0005,0,1,0,0,0,0,0,0,0,0,0
40,0,2,0,3.8492,1,1,0,0,8,0,0,0.0,0,0,0,0,0.1,1,0,0,0.0,0,1,2,0,0,466.0,0,0,1,1,0,36.0,0,0.107,0,0,0,0,0,0.02775,0.058,1,0,0,0,0,0,0,0,0,0,0
29,0,2,0,3.5219,1,1,0,0,0,0,0,0.0,0,0,0,0,0.15,1,0,0,0.0,0,1,2,0,0,10268.0,0,0,1,1,0,70.0,0,0.1154,0,0,0,0,0,0.35225,0.036,1,0,0,0,0,0,0,0,0,0,0
23,0,2,0,3.0391,1,1,0,0,0,0,0,0.0,0,0,0,0,0.15,1,0,0,0.0,0,1,2,0,0,10278.0,0,0,1,1,0,44.0,0,0.1058,0,0,0,0,0,0.35225,0.03575,0,1,0,0,0,0,0,0,0,0,0
31,0,2,0,3.2402,1,0,0,0,9,0,0,0.0,0,0,0,0,0.3,1,0,0,0.0,0,0,0,0,0,2003.0,0,1,1,0,0,-1.0,-1,0.1548,0,0,1,1,1,0.00425,0.00625,0,0,0,0,0,0,0,0,0,0,1
48,2,2,1,4.1949,1,1,0,0,0,0,0,0.0833,1,0,1,0,0.35,1,0,0,0.0,0,1,2,0,0,-1.0,0,0,0,1,0,82.0,0,0.2222,1,1,0,0,0,0.08025,0.48675,1,0,0,0,0,0,0,0,0,0,0
34,1,1,0,3.2516,0,1,0,0,14,0,0,0.0,0,0,0,0,0.15,1,0,0,0.0,0,1,3,0,0,-1.0,0,0,0,1,0,47.0,0,0.11,1,1,0,0,0,0.35225,0.48675,1,0,0,0,0,0,0,0,0,0,0
43,0,3,0,3.8696,2,1,0,0,0,1,2,0.0,0,0,0,0,0.15,1,0,0,0.0,0,1,2,0,0,-1.0,0,0,0,0,0,-1.0,0,0.1224,1,1,1,1,0,0.35225,0.48675,0,0,0,0,0,0,0,0,0,0,1
39,0,1,0,3.2516,0,1,0,0,19,0,0,0.0,0,0,0,0,0.15,1,0,0,0.0,0,0,0,0,0,510.0,0,0,1,0,0,-1.0,-1,0.11,0,0,1,1,1,0.35225,0.00375,0,0,0,0,0,0,0,0,0,0,1
88,0,2,1,3.6212,1,1,0,0,57,0,0,0.0,0,0,0,0,0.15,1,0,0,0.0,0,1,2,0,0,1619.0,0,1,1,1,0,81.0,0,0.1174,0,0,0,0,0,0.35225,0.00175,0,0,0,0,0,0,0,1,0,0,0
34,0,1,3,3.1219,0,1,0,0,16,0,0,0.0,0,0,0,0,0.9,1,0,0,0.0,0,0,0,0,0,-1.0,0,0,0,0,0,-1.0,-1,0.3324,1,1,1,1,1,0.00025,0.48675,0,0,0,0,0,0,0,0,0,0,1
63,0,2,3,3.9783,1,1,0,0,26,0,1,0.0,0,0,0,0,0.15,1,0,0,0.0,0,1,2,0,0,-1.0,0,0,0,1,0,50.0,0,0.1246,1,1,0,0,0,0.35225,0.48675,1,0,0,0,0,0,0,0,0,0,0
23,0,2,0,3.1899,1,1,0,0,0,0,0,0.0,0,0,0,0,0.15,1,0,0,0.0,0,1,1,0,0,3145.0,0,0,1,0,0,-1.0,0,0.1088,0,0,1,1,0,0.35225,0.00325,0,0,0,0,0,0,0,0,0,0,1
30,0,1,0,3.0958,0,1,0,0,11,0,0,0.0,0,0,0,0,0.22,1,0,0,0.0,0,0,0,0,0,-1.0,0,0,0,0,0,-1.0,-1,0.1279,1,1,1,1,1,0.0405,0.48675,0,0,0,0,0,0,0,0,0,0,1
45,2,2,1,4.1179,1,1,0,0,0,0,0,0.2333,1,0,1,1,0.35,1,0,0,0.0,0,1,2,0,0,-1.0,0,0,0,1,0,229.0,0,0.2807,1,1,0,0,0,0.08025,0.48675,0,0,0,0,0,0,0,0,0,0,0
24,0,2,0,3.2806,1,1,0,0,0,0,0,0.0,0,0,0,0,0.15,1,0,0,0.0,0,1,2,0,0,4300.0,0,0,1,1,0,57.0,0,0.1106,0,0,0,0,0,0.35225,0.019,1,0,0,0,0,0,0,0,0,0,0
18,0,1,0,2.7255,0,1,0,0,0,0,0,0.0,0,0,0,0,0.5,0,0,0,0.0,0,0,0,0,0,328.0,0,0,1,0,0,-1.0,-1,0.2045,0,0,1,1,1,0.01325,0.0005,0,0,0,0,0,0,0,0,0,0,1
20,0,2,0,3.085,1,1,0,0,0,0,0,0.0833,1,0,1,0,0.5,0,0,0,0.0,0,1,2,0,1,-1.0,0,0,1,1,0,219.0,0,0.245,1,1,0,0,0,0.0015,0.48675,0,0,0,0,0,0,0,0,0,1,0
32,1,1,0,3.5899,0,1,0,0,9,0,0,0.3333,3,0,3,0,0.5,0,0,0,0.0,0,1,1,0,1,-1.0,0,0,0,1,0,188.0,0,0.3551,1,1,0,0,0,0.01075,0.48675,0,0,0,0,0,0,1,0,0,0,0
31,0,3,0,3.6753,2,0,0,0,0,0,0,0.0,0,0,0,0,0.15,1,0,0,0.0,0,1,2,0,0,-1.0,0,0,0,0,0,-1.0,-1,0.1185,1,1,1,1,1,0.35225,0.48675,0,0,0,0,0,0,0,0,0,0,1
25,0,2,0,3.4992,1,0,0,0,0,0,0,0.0,0,0,0,0,0.15,1,0,0,0.0,0,0,0,0,0,4.0,1,0,1,0,0,-1.0,-1,0.115,0,0,1,1,1,0.35225,0.00125,0,0,0,0,0,0,0,0,0,0,1
22,0,1,0,3.5216,0,0,0,0,0,0,0,0.0,0,0,0,0,0.15,1,0,0,0.0,0,0,0,0,0,125.0,0,0,1,0,0,-1.0,-1,0.1154,0,0,1,1,1,0.35225,0.03575,0,0,0,0,0,0,0,0,0,0,1
35,2,2,0,3.7784,1,0,0,0,0,0,0,0.0,0,0,0,0,0.5,0,0,0,0.0,0,1,2,0,0,-1.0,0,0,0,1,0,47.0,0,0.2256,1,1,0,0,0,0.0995,0.48675,1,0,0,0,0,0,0,0,0,0,0
50,0,2,0,3.4299,1,1,0,0,15,0,0,0.0,0,0,0,0,0.15,1,0,0,0.0,0,1,1,0,0,2511.0,0,1,1,0,0,-1.0,0,0.1136,0,0,1,1,0,0.35225,0.01175,0,0,0,0,0,0,0,0,0,0,1
39,0,2,0,3.3788,1,1,0,0,17,0,0,0.0833,1,0,1,0,0.5,0,0,0,0.0,0,1,1,0,0,-1.0,0,0,0,0,0,-1.0,-1,0.2509,1,1,1,1,1,0.0005,0.48675,0,0,0,0,0,0,0,0,0,0,1
36,0,1,0,3.6416,0,1,0,0,10,0,0,0.0,0,0,0,0,0.15,1,0,0,0.0,0,1,2,0,0,8505.0,0,1,1,1,0,69.0,0,0.1178,0,0,0,0,0,0.35225,0.01575,1,0,0,0,0,0,0,0,0,0,0
87,10,3,13,4.3944,2,1,0,0,0,0,0,0.25,3,0,3,0,0.35,1,0,0,0.0,0,1,2,0,0,-1.0,0,0,0,0,0,-1.0,0,0.2929,1,1,1,1,0,0.08025,0.48675,0,0,0,0,0,0,0,0,0,0,1
38,0,2,1,3.8314,1,0,0,0,0,0,0,0.0,0,0,0,0,0.15,1,0,0,0.0,0,1,2,0,0,-1.0,0,0,0,1,0,50.0,0,0.1216,1,1,0,0,0,0.35225,0.48675,1,0,0,0,0,0,0,0,0,0,0
59,0,1,0,2.5033,0,1,0,0,42,0,0,0.0833,1,0,1,0,0.55,1,0,0,0.0,0,1,3,0,1,-1.0,0,0,0,1,0,48.0,0,0.2484,1,1,0,0,0,0.00575,0.48675,1,0,0,0,0,0,0,0,0,0,0
27,0,2,0,3.3502,1,1,0,0,0,0,0,0.0,0,0,0,0,0.15,1,0,0,0.0,0,1,1,0,0,7781.0,0,0,1,1,0,37.0,0,0.112,0,0,0,0,0,0.35225,0.019,1,0,0,0,0,0,0,0,0,0,0
47,0,1,0,3.5842,0,1,0,0,19,0,0,0.0,0,0,0,0,0.15,1,0,0,0.0,0,0,0,0,0,169.0,0,0,1,0,0,-1.0,-1,0.1167,0,0,1,1,1,0.35225,0.03575,0,0,0,0,0,0,0,0,0,0,1
29,0,1,0,3.5352,0,1,0,0,0,0,0,0.0833,1,0,1,0,0.55,1,0,0,0.0,0,1,2,0,0,-1.0,0,0,0,1,0,85.0,0,0.269,1,1,0,0,0,0.00575,0.48675,0,1,0,0,0,0,0,0,0,0,0
72,1,3,1,4.4139,2,0,0,0,6,1,5,0.0,0,0,0,1,0.94,1,0,0,0.0,0,1,1,0,0,-1.0,0,0,0,0,0,-1.0,0,0.3703,1,1,1,1,0,0.01625,0.48675,0,0,0,0,0,0,0,0,0,0,1
51,0,4,0,3.1972,3,1,0,0,25,0,0,0.0,0,0,0,0,0.5,0,0,0,0.0,0,1,1,0,0,-1.0,0,0,0,0,0,-1.0,0,0.2139,1,1,1,1,0,0.003,0.48675,0,0,0,0,0,0,0,0,0,0,1
169,1,1,0,3.8924,0,1,0,0,6,1,2,0.0,0,0,0,0,0.15,1,0,0,0.0,0,0,0,0,0,134.0,0,0,1,0,0,-1.0,-1,0.1228,0,0,1,1,1,0.35225,0.03575,0,0,0,0,0,0,0,0,0,0,1
41,2,1,0,3.8269,0,1,0,0,14,0,0,0.0,0,0,0,0,0.15,1,0,0,0.0,0,1,1,0,0,1317.0,0,0,1,1,0,54.0,0,0.1215,0,0,0,0,0,0.35225,0.00025,1,0,0,0,0,0,0,0,0,0,0
46,0,1,0,3.5724,0,1,0,0,19,0,0,0.0833,1,0,1,0,0.55,1,0,0,0.0,0,1,2,0,0,-1.0,0,0,0,1,0,84.0,0,0.2698,1,1,0,0,0,0.00575,0.48675,1,0,0,0,0,0,0,0,0,0,0
44,5,2,7,4.3474,1,0,0,0,0,0,0,0.0833,1,0,1,0,0.5,0,0,0,0.0,0,1,2,0,0,-1.0,0,0,0,1,0,74.0,0,0.2703,1,1,0,0,0,0.0995,0.48675,1,0,0,0,0,0,0,0,0,0,0
21,0,2,5,3.027,1,0,0,0,0,0,0,0.0,0,0,0,0,0.94,1,0,0,0.0,0,0,0,0,0,229.0,0,1,1,0,0,-1.0,-1,0.3425,0,0,1,1,1,0.01625,0.01225,0,0,0,0,0,0,0,0,0,0,1
23,0,2,0,3.3232,1,1,0,0,0,0,0,0.0,0,0,0,0,0.15,1,0,0,0.0,0,1,3,0,0,6464.0,0,1,1,1,0,54.0,0,0.1115,0,0,0,0,0,0.35225,0.00325,1,0,0,0,0,0,0,0,0,0,0
50,0,1,18,3.8083,0,1,0,0,6,0,0,0.0,0,0,0,0,0.15,1,0,0,0.0,0,0,0,0,0,-1.0,0,0,0,0,0,-1.0,-1,0.1212,1,1,1,1,1,0.35225,0.48675,0,0,0,0,0,0,0,0,0,0,1
22,0,1,1,3.0,0,1,0,0,6,0,0,0.0,0,0,0,0,0.15,1,0,0,0.0,0,1,2,0,0,331.0,0,1,1,1,0,53.0,0,0.105,0,0,0,0,0,0.35225,0.01575,1,0,0,0,0,0,0,0,0,0,0
18,0,1,0,3.1219,0,1,0,0,0,0,0,0.0,0,0,0,0,0.15,1,0,0,0.0,0,1,8,0,0,4110.0,0,0,1,1,0,39.0,0,0.1074,0,0,0,0,0,0.35225,0.03575,0,1,0,0,0,0,0,0,0,0,0
34,0,2,0,3.2359,1,0,0,0,13,0,0,0.0,0,0,0,0,0.5,0,0,0,0.0,0,0,0,0,0,7422.0,0,1,1,0,0,-1.0,-1,0.2147,0,0,1,1,1,0.0085,0.01225,0,0,0,0,0,0,0,0,0,0,1
25,0,2,0,3.2776,1,1,0,0,6,0,0,0.0,0,0,0,0,0.5,0,0,0,0.0,0,1,1,0,1,-1.0,0,0,0,1,0,61.0,0,0.2156,1,1,0,0,0,0.00125,0.48675,0,1,0,0,0,0,0,0,0,0,0
38,1,1,2,3.5466,0,1,0,0,17,0,0,0.0,0,0,0,0,0.15,1,0,0,0.0,0,0,0,0,0,5763.0,0,0,1,0,0,-1.0,-1,0.1159,0,0,1,1,1,0.35225,0.0155,0,0,0,0,0,0,0,0,0,0,1
36,1,1,0,3.3788,0,1,0,0,14,0,0,0.0,0,0,0,0,0.15,1,0,0,0.0,0,1,1,0,1,7954.0,0,0,1,1,0,158.0,0,0.1126,0,0,0,0,0,0.35225,0.0025,0,0,0,0,0,0,0,0,0,1,0
48,2,2,6,4.4581,1,1,0,0,0,0,0,0.0833,1,0,1,0,0.35,1,0,0,0.0,0,1,2,0,0,-1.0,0,0,0,1,0,31.0,0,0.2275,1,1,0,0,0,0.08025,0.48675,0,1,0,0,0,0,0,0,0,0,0
26,0,1,0,2.8554,0,1,0,0,6,0,0,0.0,0,0,0,0,0.5,0,0,0,0.0,0,1,1,0,1,9998.0,0,0,1,1,0,164.0,0,0.2071,0,0,0,0,0,0.00075,0.00025,0,0,0,0,1,0,0,0,0,0,0
47,5,2,7,4.4555,1,0,0,0,0,0,0,0.0,0,0,0,0,0.5,0,0,0,0.0,0,1,2,0,0,-1.0,0,0,0,1,0,81.0,0,0.2391,1,1,0,0,0,0.0995,0.48675,1,0,0,0,0,0,0,0,0,0,0
31,0,1,0,1.8424,0,1,0,0,7,1,2,0.0,0,0,0,0,0.5,0,0,0,0.0,0,1,1,0,0,8619.0,0,0,1,1,0,73.0,0,0.1868,0,0,0,0,0,0.02275,0.012,0,1,0,0,0,0,0,0,0,0,0
27,0,1,0,2.8731,0,1,0,0,6,0,0,0.0,0,0,0,0,0.15,1,0,0,0.0,0,0,0,0,0,1837.0,0,0,1,0,0,-1.0,-1,0.1025,0,0,1,1,1,0.35225,0.00975,0,0,0,0,0,0,0,0,0,0,1
27,0,2,0,3.4613,1,1,0,0,0,0,0,0.0,0,0,0,0,0.1,1,0,0,0.0,0,1,2,0,0,10323.0,0,0,1,1,0,62.0,0,0.0992,0,0,0,0,0,0.02775,0.0005,0,1,0,0,0,0,0,0,0,0,0
44,2,2,0,4.1287,1,1,0,0,0,0,0,0.0,0,0,0,0,0.5,0,0,0,0.0,0,0,0,0,0,-1.0,0,0,0,0,0,-1.0,-1,0.2326,1,1,1,1,1,0.00025,0.48675,0,0,0,0,0,0,0,0,0,0,1
54,5,2,3,4.3794,1,0,0,0,0,0,0,0.0,0,0,0,0,0.5,0,0,0,0.0,0,1,2,0,0,-1.0,0,0,0,1,0,76.0,0,0.2376,1,1,0,0,0,0.0995,0.48675,1,0,0,0,0,0,0,0,0,0,0
28,0,2,0,3.4316,1,1,0,0,0,0,0,0.0,0,0,0,0,0.2,1,0,0,0.0,0,1,2,0,0,1794.0,0,0,1,1,0,36.0,0,0.1286,0,0,0,0,0,0.0055,0.00025,1,0,0,0,0,0,0,0,0,0,0
31,1,2,2,3.741,1,0,0,0,0,0,0,0.1667,2,0,2,0,0.15,1,0,0,0.0,0,1,2,0,0,-1.0,0,0,0,1,0,50.0,0,0.1865,1,1,0,0,0,0.35225,0.48675,1,0,0,0,0,0,0,0,0,0,0
49,1,2,2,3.8543,1,1,0,0,14,0,0,0.0,0,0,0,0,0.28,1,0,0,0.0,0,1,4,0,0,-1.0,0,0,0,1,0,31.0,0,0.1611,1,1,0,0,0,0.0545,0.48675,0,1,0,0,0,0,0,0,0,0,0
83,8,2,10,4.2871,1,1,0,0,0,0,0,0.25,3,0,3,0,0.35,1,0,0,0.0,0,1,2,0,0,-1.0,0,0,0,1,0,55.0,0,0.2907,1,1,0,0,0,0.08025,0.48675,1,0,0,0,0,0,0,0,0,0,0
21,0,2,0,3.027,1,1,0,0,0,0,0,0.0,0,0,0,0,0.5,0,0,0,0.0,0,1,1,0,0,6798.0,0,0,1,1,0,155.0,0,0.2105,0,0,0,0,0,0.0035,0.00325,0,0,0,0,0,1,0,0,0,0,0
49,1,2,0,3.4992,1,1,0,0,20,0,0,0.0,0,0,0,0,0.28,1,0,0,0.0,0,1,4,0,0,-1.0,0,0,0,1,0,31.0,0,0.154,1,1,0,0,0,0.0545,0.48675,0,1,0,0,0,0,0,0,0,0,0
21,0,1,0,3.2389,0,1,0,0,0,0,0,0.0,0,0,0,0,0.1,1,0,0,0.0,0,1,2,0,0,150.0,0,0,1,1,0,57.0,0,0.0948,0,0,0,0,0,0.02775,0.00475,0,1,0,0,0,0,0,0,0,0,0
200,0,3,0,3.1307,2,1,0,0,54,3,8,0.0,0,0,0,0,0.5,0,0,0,0.0,0,1,1,0,0,-1.0,0,0,0,0,0,-1.0,0,0.2126,1,1,1,1,0,0.012,0.48675,0,0,0,0,0,0,0,0,0,0,1
41,0,1,0,3.6169,0,1,0,0,16,0,0,0.0,0,0,0,0,0.1,1,0,0,0.0,0,1,2,0,0,10062.0,0,0,1,1,0,37.0,0,0.1023,0,0,0,0,0,0.02775,0.0035,1,0,0,0,0,0,0,0,0,0,0
46,0,2,0,3.7721,1,1,0,0,14,0,0,0.0,0,0,0,0,0.5,0,0,0,0.0,0,1,2,0,0,-1.0,0,0,0,1,0,49.0,0,0.2254,1,1,0,0,0,0.0995,0.48675,1,0,0,0,0,0,0,0,0,0,0
32,0,1,3,2.5216,0,1,0,0,7,1,2,0.0,0,0,0,0,0.15,1,0,0,0.0,0,1,1,0,0,10371.0,0,0,1,0,0,-1.0,-1,0.0954,0,0,1,1,1,0.35225,0.00175,0,0,0,0,0,0,0,0,0,0,1
42,0,1,1,3.6402,0,1,0,0,8,1,2,0.0,0,0,0,0,0.5,0,0,0,0.0,0,1,1,0,0,1.0,1,1,1,1,0,88.0,0,0.2228,0,0,0,0,0,0.0035,0.00275,0,1,0,0,0,0,0,0,0,0,0
23,0,2,0,3.3736,1,1,0,0,0,0,0,0.1667,2,0,2,0,0.5,0,0,0,0.0,0,1,1,0,0,-1.0,0,0,0,1,0,74.0,0,0.2842,1,1,0,0,0,0.00075,0.48675,0,1,0,0,0,0,0,0,0,0,0
35,2,2,0,3.7155,1,1,0,0,0,0,0,0.3333,4,0,4,0,0.35,1,0,0,0.0,0,0,0,0,0,-1.0,0,0,0,0,0,-1.0,-1,0.3126,1,1,1,1,1,0.08025,0.48675,0,0,0,0,0,0,0,0,0,0,1
40,1,1,0,3.5585,0,1,0,0,11,0,0,0.0,0,0,0,0,0.15,1,0,0,0.0,0,0,0,0,0,3935.0,0,0,1,0,0,-1.0,-1,0.1162,0,0,1,1,1,0.35225,0.001,0,0,0,0,0,0,0,0,0,0,1
15,0,1,0,2.585,0,1,0,0,0,0,0,0.0,0,0,0,0,0.5,0,0,0,0.0,0,1,4,0,1,-1.0,0,0,0,1,0,83.0,0,0.2017,1,1,0,0,0,0.0995,0.48675,1,0,0,0,0,0,0,0,0,0,0
38,1,2,0,3.8566,1,0,0,0,0,0,0,0.0833,1,0,1,0,0.35,1,0,0,0.0,0,0,0,0,0,-1.0,0,0,0,0,0,-1.0,-1,0.2155,1,1,1,1,1,0.08025,0.48675,0,0,0,0,0,0,0,0,0,0,1
88,0,2,1,3.6425,1,1,0,0,56,0,0,0.0,0,0,0,0,0.28,1,0,0,0.0,0,1,1,0,0,-1.0,0,0,0,0,0,-1.0,0,0.1569,1,1,1,1,0,0.0545,0.48675,0,0,0,0,0,0,0,0,0,0,1
34,0,1,0,2.9477,0,1,0,0,17,0,0,0.0,0,0,0,0,0.22,1,0,0,0.0,0,0,0,0,0,1047.0,0,1,1,0,0,-1.0,-1,0.125,0,0,1,1,1,0.0405,0.01225,0,0,0,0,0,0,0,0,0,0,1
31,0,2,0,3.2903,1,0,0,0,0,0,0,0.0833,1,0,1,0,0.35,1,0,0,0.0,0,1,2,0,0,-1.0,0,0,0,1,0,55.0,0,0.2041,1,1,0,0,0,0.08025,0.48675,1,0,0,0,0,0,0,0,0,0,0
29,0,1,0,3.1219,0,1,0,0,11,0,0,0.0,0,0,0,0,0.15,1,0,0,0.0,0,1,1,0,1,10971.0,0,0,1,0,0,-1.0,-1,0.1074,0,0,1,1,1,0.35225,0.0025,0,0,0,0,0,0,0,0,0,0,1
41,1,2,0,3.9408,1,0,0,0,5,0,0,0.1667,2,0,2,0,0.55,1,0,0,0.0,0,0,0,0,0,-1.0,0,0,0,0,0,-1.0,-1,0.3105,1,1,1,1,1,0.00575,0.48675,0,0,0,0,0,0,0,0,0,0,1
30,0,1,0,3.6402,0,1,0,0,7,0,0,0.0,0,0,0,0,0.5,0,0,0,0.0,0,1,1,0,0,1.0,1,1,1,1,0,88.0,0,0.2228,0,0,0,0,0,0.0035,0.00275,0,1,0,0,0,0,0,0,0,0,0
34,0,2,3,3.8441,1,0,0,0,0,0,0,0.0833,1,0,1,0,0.35,1,0,0,0.0,0,1,2,0,0,-1.0,0,0,0,1,0,55.0,0,0.2152,1,1,0,0,0,0.08025,0.48675,1,0,0,0,0,0,0,0,0,0,0
40,0,2,0,3.5033,1,0,0,0,14,0,0,0.0,0,0,0,0,0.28,1,0,0,0.0,0,1,4,0,0,-1.0,0,0,0,1,0,31.0,0,0.1541,1,1,0,0,0,0.0545,0.48675,0,1,0,0,0,0,0,0,0,0,0
34,0,1,0,3.2516,0,1,0,0,14,0,0,0.0,0,0,0,0,0.15,1,0,0,0.0,0,1,2,0,1,7666.0,0,0,1,1,0,39.0,0,0.11,0,0,0,0,0,0.35225,0.058,1,0,0,0,0,0,0,0,0,0,0
29,0,2,0,3.3464,1,1,0,0,0,0,0,0.0,0,0,0,0,0.1,1,0,0,0.0,0,1,2,0,0,7080.0,0,0,1,1,0,81.0,0,0.0969,0,0,0,0,0,0.02775,0.004,1,0,0,0,0,0,0,0,0,0,0
42,0,1,0,3.4548,0,1,0,0,17,0,0,0.0,0,0,0,0,0.15,1,0,0,0.0,0,0,0,0,1,6111.0,0,0,1,0,0,-1.0,-1,0.1141,0,0,1,1,1,0.35225,0.058,0,0,0,0,0,0,0,0,0,0,1
25,0,1,0,3.4548,0,1,0,0,0,0,0,0.0,0,0,0,0,0.15,1,0,0,0.0,0,1,2,0,1,9385.0,0,1,1,1,0,60.0,0,0.1141,0,0,0,0,0,0.35225,0.01575,1,0,0,0,0,0,0,0,0,0,0
23,0,2,2,3.182,1,1,0,0,0,0,0,0.0,0,0,0,0,0.5,0,0,0,0.0,0,1,3,0,0,-1.0,0,0,0,1,0,62.0,0,0.2136,1,1,0,0,0,0.00025,0.48675,1,0,0,0,0,0,0,0,0,0,0
48,0,2,2,3.7721,1,1,0,0,15,0,0,0.0,0,0,0,0,0.28,1,0,0,0.0,0,1,4,0,0,-1.0,0,0,0,1,0,31.0,0,0.1594,1,1,0,0,0,0.0545,0.48675,0,1,0,0,0,0,0,0,0,0,0
35,0,3,0,3.7343,2,1,0,0,0,0,0,0.0,0,0,0,1,0.1,1,0,0,0.0,0,0,0,0,0,506.0,0,0,1,0,0,-1.0,-1,0.1047,0,0,1,1,1,0.02775,0.00175,0,0,0,0,0,0,0,0,0,0,1
22,0,1,0,3.0,0,1,0,0,6,0,0,0.0,0,0,0,0,0.5,0,0,0,0.0,0,0,0,0,1,-1.0,0,0,0,0,0,-1.0,-1,0.21,1,1,1,1,1,0.00025,0.48675,0,0,0,0,0,0,0,0,0,0,1
37,1,2,5,3.9161,1,1,0,0,8,0,0,0.0,0,0,0,0,0.15,1,0,0,0.0,0,1,2,0,0,402.0,0,0,1,1,0,41.0,0,0.1233,0,0,0,0,0,0.35225,0.00475,1,0,0,0,0,0,0,0,0,0,0
27,0,2,0,3.2391,1,1,0,0,0,0,0,0.0,0,0,0,0,0.15,1,0,0,0.0,0,1,4,0,0,4524.0,0,0,1,1,0,84.0,0,0.1098,0,0,0,0,0,0.35225,0.058,0,0,0,1,0,0,0,0,0,0,0
13,0,1,0,2.3219,0,1,0,0,0,0,0,0.0,0,0,0,0,0.5,0,0,0,0.0,0,1,5,0,0,2516.0,0,0,1,1,0,165.0,0,0.1964,0,0,0,0,0,0.02275,0.012,0,0,0,0,0,1,0,0,0,0,0
19,0,1,0,3.2776,0,1,0,0,0,0,0,0.0,0,0,0,0,0.5,0,0,0,0.0,0,1,2,0,1,4393.0,0,1,1,1,0,36.0,0,0.2156,0,0,0,0,0,0.00025,0.00025,1,0,0,0,0,0,0,0,0,0,0
28,0,1,1,3.1219,0,1,0,0,10,0,0,0.0,0,0,0,0,0.15,1,0,0,0.0,0,1,1,0,0,7191.0,0,1,1,0,0,-1.0,-1,0.1074,0,0,1,1,1,0.35225,0.00325,0,0,0,0,0,0,0,0,0,0,1
60,0,1,1,2.585,0,1,0,0,46,0,0,0.0833,1,0,1,0,0.2,1,0,0,0.0,0,1,2,0,1,6835.0,0,0,1,1,0,45.0,0,0.145,0,0,0,0,0,0.0055,0.00175,0,1,0,0,0,0,0,0,0,0,0
39,0,2,1,3.8314,1,1,0,0,0,0,0,0.0,0,0,0,0,0.15,1,0,0,0.0,0,1,2,0,0,-1.0,0,0,0,1,0,50.0,0,0.1216,1,1,0,0,0,0.35225,0.48675,1,0,0,0,0,0,0,0,0,0,0
20,0,1,0,3.2516,0,1,0,0,0,0,0,0.0,0,0,0,0,0.15,1,0,0,0.0,0,0,0,0,0,1156.0,0,0,1,0,0,-1.0,-1,0.11,0,0,1,1,1,0.35225,0.019,0,0,0,0,0,0,0,0,0,0,1
45,4,2,3,4.2293,1,0,0,0,0,0,0,0.0833,1,0,1,0,0.5,0,0,0,0.0,0,1,2,0,0,-1.0,0,0,0,1,0,81.0,0,0.2679,1,1,0,0,0,0.0995,0.48675,1,0,0,0,0,0,0,0,0,0,0
37,0,1,0,3.0221,0,1,0,0,17,0,0,0.0,0,0,0,0,0.22,1,0,0,0.0,0,0,0,0,0,2838.0,0,0,1,0,0,-1.0,-1,0.1264,0,0,1,1,1,0.0405,0.019,0,0,0,0,0,0,0,0,0,0,1
46,2,2,0,3.7905,1,0,0,0,0,0,0,0.0,0,0,0,0,0.5,0,0,0,0.0,0,1,2,0,0,69.0,0,1,1,1,0,79.0,0,0.2258,0,0,0,0,0,0.00025,0.00375,0,1,0,0,0,0,0,0,0,0,0
26,0,2,0,3.0575,1,1,0,0,0,0,0,0.0,0,0,0,0,0.1,1,0,0,0.0,0,1,1,0,0,4433.0,0,0,1,1,0,133.0,0,0.0912,0,0,0,0,0,0.02775,0.00175,0,0,0,0,1,0,0,0,0,0,0
17,0,1,2,3.0,0,1,0,0,0,0,0,0.0,0,0,0,0,0.9,1,0,0,0.0,0,0,0,0,0,-1.0,0,0,0,0,0,-1.0,-1,0.33,1,1,1,1,1,0.00575,0.48675,0,0,0,0,0,0,0,0,0,0,1
50,0,2,3,4.2252,1,0,0,0,0,0,0,0.0833,1,0,1,0,0.35,1,0,0,0.0,0,1,2,0,0,-1.0,0,0,0,1,0,55.0,0,0.2228,1,1,0,0,0,0.08025,0.48675,1,0,0,0,0,0,0,0,0,0,0
24,0,1,0,3.3736,0,1,0,0,0,0,0,0.0,0,0,0,0,0.55,1,0,0,0.0,0,0,0,0,0,-1.0,0,0,0,0,0,-1.0,-1,0.2325,1,1,1,1,1,0.00425,0.48675,0,0,0,0,0,0,0,0,0,0,1
27,0,2,0,3.5724,1,1,0,0,0,0,0,0.0,0,0,0,0,0.15,1,0,0,0.0,0,1,2,0,0,7689.0,0,0,1,1,0,65.0,0,0.1164,0,0,0,0,0,0.35225,0.019,1,0,0,0,0,0,0,0,0,0,0
27,0,1,0,2.2359,0,1,0,0,12,0,0,0.0,0,0,0,0,0.15,1,0,0,0.0,0,1,2,0,1,-1.0,0,0,0,1,0,103.0,0,0.0897,1,1,0,0,0,0.35225,0.48675,0,0,0,0,0,0,0,0,0,0,0
22,0,1,0,3.3927,0,1,0,0,0,0,0,0.0,0,0,0,0,0.9,1,0,0,0.0,0,0,0,0,0,-1.0,0,0,0,0,0,-1.0,-1,0.3379,1,1,1,1,1,0.00575,0.48675,0,0,0,0,0,0,0,0,0,0,1
38,0,1,0,2.8424,0,1,0,0,16,0,0,0.0,0,0,0,0,0.22,1,0,0,0.0,0,0,0,0,0,928.0,0,0,1,0,0,-1.0,-1,0.1228,0,0,1,1,1,0.0405,0.00375,0,0,0,0,0,0,0,0,0,0,1
37,0,1,0,3.6402,0,1,0,0,14,0,0,0.0,0,0,0,0,0.15,1,0,0,0.0,0,0,0,0,0,4140.0,0,0,1,0,0,-1.0,-1,0.1178,0,0,1,1,1,0.35225,0.00975,0,0,0,0,0,0,0,0,0,0,1
37,0,1,0,3.027,0,1,0,0,16,0,0,0.1667,1,0,1,0,0.7,1,0,0,0.0,0,1,2,0,0,89.0,0,0,1,1,0,59.0,0,0.3372,0,0,0,0,0,0.0095,0.03575,1,0,0,0,0,0,0,0,0,0,0
31,0,2,2,3.7888,1,1,0,0,0,0,0,0.0,0,0,0,0,0.15,1,0,0,0.0,0,1,2,0,0,7431.0,0,0,1,1,0,37.0,0,0.1208,0,0,0,0,0,0.35225,0.036,0,1,0,0,0,0,0,0,0,0,0
83,0,2,19,4.4464,1,1,0,1,0,1,3,0.0,0,0,0,0,0.15,1,0,0,0.0,0,0,0,0,0,-1.0,0,0,0,0,0,-1.0,-1,0.1339,1,1,1,1,1,0.35225,0.48675,0,0,0,0,0,0,0,0,0,0,1
25,0,1,0,2.2516,0,1,0,0,11,0,0,0.0,0,0,0,0,0.5,0,0,0,0.0,0,1,1,0,0,-1.0,0,0,1,1,0,222.0,0,0.195,0,1,0,0,0,0.002,0.00075,0,0,0,0,1,0,0,0,0,0,0
32,1,1,0,2.75,0,1,0,0,16,0,0,0.0,0,0,0,0,0.22,1,0,0,0.0,0,0,0,0,0,2984.0,0,0,1,0,0,-1.0,-1,0.121,0,0,1,1,1,0.0405,0.00975,0,0,0,0,0,0,0,0,0,0,1
51,2,2,2,4.1106,1,1,0,0,14,0,0,0.0,0,0,0,0,0.28,1,0,0,0.0,0,1,4,0,0,-1.0,0,0,0,1,0,31.0,0,0.1662,1,1,0,0,0,0.0545,0.48675,0,1,0,0,0,0,0,0,0,0,0
46,0,2,0,2.8731,1,1,0,0,25,0,0,0.0,0,0,0,0,0.5,0,0,0,0.0,0,1,1,0,0,-1.0,0,0,0,1,0,72.0,0,0.2075,1,1,0,0,0,0.0025,0.48675,0,1,0,0,0,0,0,0,0,0,0
53,0,2,3,3.9161,1,1,0,0,24,0,0,0.0,0,0,0,0,0.28,1,0,0,0.0,0,1,4,0,0,-1.0,0,0,0,1,0,31.0,0,0.1623,1,1,0,0,0,0.0545,0.48675,0,1,0,0,0,0,0,0,0,0,0
35,0,1,0,2.7322,0,1,0,0,16,0,0,0.0,0,0,0,0,0.22,1,0,0,0.0,0,0,0,0,0,4306.0,0,1,1,0,0,-1.0,-1,0.1206,0,0,1,1,1,0.0405,0.00325,0,0,0,0,0,0,0,0,0,0,1
33,0,1,4,2.2359,0,1,0,0,13,1,2,0.0,0,0,0,0,0.5,0,0,0,0.0,0,0,0,0,0,-1.0,0,0,1,0,0,-1.0,-1,0.1947,0,1,1,1,1,0.0015,0.00125,0,0,0,0,0,0,0,0,0,0,1
53,4,2,0,3.8248,1,0,0,0,0,0,0,0.2333,1,0,1,1,0.35,1,0,0,0.0,0,1,1,0,0,-1.0,0,0,0,1,0,66.0,0,0.2748,1,1,0,0,0,0.08025,0.48675,1,0,0,0,0,0,0,0,0,0,0
21,0,2,0,3.027,1,1,0,0,0,0,0,0.0,0,0,0,0,0.5,0,0,0,0.0,0,1,1,0,0,8844.0,0,0,1,1,0,176.0,0,0.2105,0,0,0,0,0,0.02275,0.012,0,0,0,0,0,1,0,0,0,0,0
45,4,2,3,4.3038,1,0,0,0,0,0,0,0.0,0,0,0,0,0.5,0,0,0,0.0,0,1,2,0,0,-1.0,0,0,0,1,0,83.0,0,0.2361,1,1,0,0,0,0.0995,0.48675,1,0,0,0,0,0,0,0,0,0,0
25,0,3,0,3.0306,2,1,0,0,0,0,0,0.0,0,0,0,0,0.5,0,0,0,0.0,0,1,2,0,0,6605.0,0,0,1,1,0,38.0,0,0.2106,0,0,0,0,0,0.009,0.00025,1,0,0,0,0,0,0,0,0,0,0
40,0,3,0,3.8431,2,0,0,0,0,0,0,0.0,0,0,0,0,0.15,1,0,0,0.0,0,1,2,0,0,-1.0,0,0,0,0,0,-1.0,0,0.1219,1,1,1,1,0,0.35225,0.48675,0,0,0,0,0,0,0,0,0,0,1
18,0,1,0,2.8074,0,1,0,0,3,0,0,0.0,0,0,0,0,0.5,0,0,0,0.0,0,1,2,0,1,10504.0,0,0,1,1,0,111.0,0,0.2061,0,0,0,0,0,0.00525,0.00025,0,0,0,0,0,0,0,0,0,1,0
38,0,3,0,3.8144,2,1,0,0,0,0,0,0.1667,2,0,2,0,0.5,0,0,0,0.0,0,0,0,0,0,-1.0,0,0,0,0,0,-1.0,-1,0.293,1,1,1,1,1,0.00975,0.48675,0,0,0,0,0,0,0,0,0,0,1
29,0,2,0,3.7219,1,1,0,0,0,0,0,0.0,0,0,0,0,0.15,1,0,0,0.0,0,1,2,0,0,7431.0,0,0,1,1,0,37.0,0,0.1194,0,0,0,0,0,0.35225,0.036,0,1,0,0,0,0,0,0,0,0,0
36,1,2,0,3.7544,1,1,0,0,5,0,0,0.0,0,0,0,0,0.28,1,0,0,0.0,0,1,4,0,0,-1.0,0,0,0,1,0,31.0,0,0.1591,1,1,0,0,0,0.0545,0.48675,0,1,0,0,0,0,0,0,0,0,0
25,0,2,0,3.4548,1,1,0,0,0,0,0,0.0,0,0,0,0,0.5,0,0,0,0.0,0,1,1,0,0,-1.0,0,0,0,1,0,73.0,0,0.2191,1,1,0,0,0,0.0005,0.48675,0,1,0,0,0,0,0,0,0,0,0
26,0,2,8,3.281,1,0,0,0,0,0,0,0.0,0,0,0,0,0.5,0,0,0,0.0,0,0,0,0,0,78.0,0,1,1,0,0,-1.0,-1,0.2156,0,0,1,1,1,0.0035,0.01225,0,0,0,0,0,0,0,0,0,0,1
21,0,1,0,2.8151,0,1,0,0,0,0,0,0.0,0,0,0,0,0.22,1,0,0,0.0,0,0,0,0,1,-1.0,0,0,0,0,0,-1.0,-1,0.1223,1,1,1,1,1,0.0405,0.48675,0,0,0,0,0,0,0,0,0,0,1
45,0,3,0,4.0039,2,1,0,0,0,1,2,0.0,0,0,0,0,0.15,1,0,0,0.0,0,1,2,0,0,-1.0,0,0,0,0,0,-1.0,0,0.1251,1,1,1,1,0,0.35225,0.48675,0,0,0,0,0,0,0,0,0,0,1
17,0,1,0,2.7255,0,1,0,0,0,0,0,0.0,0,0,0,0,0.15,1,0,0,0.0,0,1,1,0,1,-1.0,0,0,0,1,0,76.0,0,0.0995,1,1,0,0,0,0.35225,0.48675,0,1,0,0,0,0,0,0,0,0,0
29,0,2,0,3.4087,1,1,0,0,0,0,0,0.0,0,0,0,0,0.15,1,0,0,0.0,0,1,1,0,0,7160.0,0,0,1,1,0,26.0,0,0.1132,0,0,0,0,0,0.35225,0.00975,0,0,0,0,0,1,0,0,0,0,0
24,0,1,0,3.3219,0,1,0,0,6,0,0,0.0,0,0,0,0,0.15,1,0,0,0.0,0,1,2,0,0,-1.0,0,0,0,1,0,40.0,0,0.1114,1,1,0,0,0,0.35225,0.48675,1,0,0,0,0,0,0,0,0,0,0
38,1,2,0,3.4992,1,1,0,0,8,0,0,0.0,0,0,0,0,0.28,1,0,0,0.0,0,1,4,0,0,-1.0,0,0,0,1,0,31.0,0,0.154,1,1,0,0,0,0.0545,0.48675,0,1,0,0,0,0,0,0,0,0,0
20,0,2,0,3.2516,1,1,0,0,0,0,0,0.0833,1,0,1,0,0.5,0,0,0,0.0,0,1,1,0,1,-1.0,0,0,0,1,0,16.0,0,0.2484,1,1,0,0,0,0.00025,0.48675,0,1,0,0,0,0,0,0,0,0,0
33,1,2,0,3.4387,1,1,0,0,0,0,0,0.0,0,0,0,0,0.22,1,0,0,0.0,0,1,1,0,0,8414.0,0,1,1,1,0,156.0,0,0.1348,0,0,0,0,0,0.0405,0.002,0,0,0,0,0,0,0,0,0,0,0
49,4,2,2,4.4123,1,0,0,0,0,0,0,0.0,0,0,0,0,0.5,0,0,0,0.0,0,1,2,0,0,-1.0,0,0,0,1,0,78.0,0,0.2382,1,1,0,0,0,0.0995,0.48675,1,0,0,0,0,0,0,0,0,0,0
52,0,3,0,3.0131,2,1,0,0,27,0,0,0.0,0,0,0,0,0.93,1,0,0,0.0,0,1,1,0,0,-1.0,0,0,0,0,0,-1.0,0,0.3393,1,1,1,1,0,0.00375,0.48675,0,0,0,0,0,0,0,0,0,0,1
33,0,1,0,2.914,0,1,0,0,7,1,2,0.0,0,0,0,0,0.15,1,0,0,0.0,0,0,0,0,0,-1.0,0,0,0,0,0,-1.0,-1,0.1033,1,1,1,1,1,0.35225,0.48675,0,0,0,0,0,0,0,0,0,0,1
25,0,2,0,3.25,1,1,0,0,0,0,0,0.0,0,0,0,0,0.15,1,0,0,0.0,0,1,3,0,0,8930.0,0,1,1,1,0,61.0,0,0.11,0,0,0,0,0,0.35225,0.0005,1,0,0,0,0,0,0,0,0,0,0
24,0,2,0,3.1899,1,1,0,0,0,0,0,0.0,0,0,0,0,0.15,1,0,0,0.0,0,1,4,0,1,10634.0,0,0,1,1,0,223.0,0,0.1088,0,0,0,0,0,0.35225,0.036,0,0,0,1,0,0,0,0,0,0,0
37,2,2,5,4.2113,1,0,0,0,0,0,0,0.0,0,0,0,0,0.5,0,0,0,0.0,0,0,0,0,0,976.0,0,0,1,0,0,-1.0,-1,0.2342,0,0,1,1,1,0.00325,0.0015,0,0,0,0,0,0,0,0,0,0,1
27,0,2,0,3.4613,1,1,0,0,0,0,0,0.1667,2,0,2,0,0.5,0,0,0,0.0,0,1,1,0,0,-1.0,0,0,0,1,0,64.0,0,0.2859,1,1,0,0,0,0.0005,0.48675,1,0,0,0,0,0,0,0,0,0,0
52,0,3,4,4.127,2,0,0,0,0,0,0,0.0,0,0,0,0,0.15,1,0,0,0.0,0,1,2,0,0,-1.0,0,0,0,0,0,-1.0,0,0.1275,1,1,1,1,0,0.35225,0.48675,0,0,0,0,0,0,0,0,0,0,1
56,1,2,0,3.8137,1,1,0,0,22,0,0,0.0,0,0,0,0,0.28,1,0,0,0.0,0,1,4,0,0,-1.0,0,0,0,1,0,31.0,0,0.1603,1,1,0,0,0,0.0545,0.48675,0,1,0,0,0,0,0,0,0,0,0
27,1,2,2,3.7216,1,0,0,0,0,0,0,0.0,0,0,0,0,0.28,1,0,0,0.0,0,0,0,0,0,2113.0,0,0,1,0,0,-1.0,-1,0.1584,0,0,1,1,1,0.0545,0.00075,0,0,0,0,0,0,0,0,0,0,1
39,1,3,0,4.0826,2,0,0,0,0,0,0,0.0,0,0,0,0,0.5,0,0,0,0.0,0,0,0,0,0,4390.0,0,0,1,0,0,-1.0,-1,0.2317,0,0,1,1,1,0.004,0.00625,0,0,0,0,0,0,0,0,0,0,1
35,1,1,0,3.5726,0,0,0,0,5,0,0,0.0833,1,0,1,0,0.5,0,0,0,0.0,0,0,0,0,0,-1.0,0,0,0,0,0,-1.0,-1,0.2548,1,1,1,1,1,0.0025,0.48675,0,0,0,0,0,0,0,0,0,0,1
45,0,2,0,3.027,1,0,0,0,25,0,0,0.0,0,0,0,0,0.5,0,0,0,0.0,0,1,1,0,0,-1.0,0,0,0,0,0,-1.0,0,0.2105,1,1,1,1,0,0.012,0.48675,0,0,0,0,0,0,0,0,0,0,1
26,0,2,0,3.4613,1,0,0,0,0,0,0,0.0833,1,0,1,0,0.5,0,0,0,0.0,0,0,0,0,0,2242.0,0,0,1,0,0,-1.0,-1,0.2525,0,0,1,1,1,0.001,0.0015,0,0,0,0,0,0,0,0,0,0,1
31,0,1,1,3.1887,0,1,0,0,11,0,0,0.0,0,0,0,0,0.65,1,0,0,0.0,0,1,1,0,0,3508.0,0,0,1,1,0,41.0,0,0.2588,0,0,0,0,0,0.0025,0.00325,0,1,0,0,0,0,0,0,0,0,0
64,6,3,4,4.3988,2,1,0,0,0,0,0,0.0,0,0,0,1,0.5,0,0,0,0.0,0,1,2,0,0,-1.0,0,0,0,1,0,85.0,0,0.238,1,1,0,0,0,0.0995,0.48675,1,0,0,0,0,0,0,0,0,0,0
24,0,2,0,3.0566,1,1,0,0,0,0,0,0.0,0,0,0,0,0.15,1,0,0,0.0,0,1,4,0,0,2335.0,0,0,1,1,0,149.0,0,0.1061,0,0,0,0,0,0.35225,0.019,0,0,0,1,0,0,0,0,0,0,0
25,0,1,0,2.8454,0,1,0,0,6,0,0,0.0,0,0,0,0,0.87,1,0,0,0.0,0,1,2,0,0,76.0,0,1,1,1,0,73.0,0,0.3179,0,0,0,0,0,0.0005,0.058,0,1,0,0,0,0,0,0,0,0,0
32,0,1,0,3.4613,0,1,0,0,6,0,0,0.0,0,0,0,0,0.15,1,0,0,0.0,0,1,3,0,1,2418.0,0,1,1,1,0,37.0,0,0.1142,0,0,0,0,0,0.35225,0.00325,1,0,0,0,0,0,0,0,0,0,0
56,0,2,0,3.9501,1,1,0,0,21,0,0,0.0,0,0,0,0,0.28,1,0,0,0.0,0,1,4,0,0,-1.0,0,0,0,1,0,31.0,0,0.163,1,1,0,0,0,0.0545,0.48675,0,1,0,0,0,0,0,0,0,0,0
37,0,3,6,4.1106,2,1,0,0,0,0,0,0.0,0,0,0,0,0.5,0,0,0,0.0,0,1,2,0,0,-1.0,0,0,0,1,0,87.0,0,0.2322,1,1,0,0,0,0.0995,0.48675,1,0,0,0,0,0,0,0,0,0,0
25,0,2,0,3.4528,1,1,0,0,0,0,0,0.0,0,0,0,0,0.15,1,0,0,0.0,0,1,4,0,0,7500.0,0,1,1,1,0,188.0,0,0.1141,0,0,0,0,0,0.35225,0.058,0,0,0,0,1,0,0,0,0,0,0
18,0,1,0,2.6416,0,1,0,0,0,0,0,0.0,0,0,0,0,0.22,1,0,0,0.0,0,1,1,0,1,9749.0,0,1,1,1,0,60.0,0,0.1188,0,0,0,0,0,0.0405,0.00325,0,1,0,0,0,0,0,0,0,0,0
23,0,1,0,3.1069,0,1,0,0,0,0,0,0.0,0,0,0,0,0.65,1,0,0,0.0,0,1,2,0,0,81.0,0,0,1,1,0,67.0,0,0.2571,0,0,0,0,0,0.0025,0.03575,0,1,0,0,0,0,0,0,0,0,0
22,0,1,0,3.0391,0,1,0,0,0,0,0,0.0,0,0,0,0,0.65,1,0,0,0.0,0,0,0,0,0,1020.0,0,0,1,0,0,-1.0,-1,0.2558,0,0,1,1,1,0.0025,0.0045,0,0,0,0,0,0,0,0,0,0,1
48,4,2,2,4.4236,1,1,0,0,0,0,0,0.0,0,0,0,0,0.5,0,0,0,0.0,0,1,2,0,0,-1.0,0,0,0,1,0,77.0,0,0.2385,1,1,0,0,0,0.0995,0.48675,1,0,0,0,0,0,0,0,0,0,0
51,3,2,8,4.647,1,0,0,0,0,0,0,0.0,0,0,0,0,0.5,0,0,0,0.0,0,1,2,0,0,-1.0,0,0,0,1,0,78.0,0,0.2429,1,1,0,0,0,0.0995,0.48675,1,0,0,0,0,0,0,0,0,0,0
23,0,1,2,3.5899,0,1,0,0,0,0,0,0.0,0,0,0,0,0.15,1,0,0,0.0,0,0,0,0,0,1627.0,0,0,1,0,0,-1.0,-1,0.1168,0,0,1,1,1,0.35225,0.003,0,0,0,0,0,0,0,0,0,0,1
52,1,2,5,4.0566,1,1,0,0,13,0,0,0.0,0,0,0,0,0.28,1,0,0,0.0,0,1,4,0,0,-1.0,0,0,0,1,0,31.0,0,0.1651,1,1,0,0,0,0.0545,0.48675,0,1,0,0,0,0,0,0,0,0,0
47,4,2,3,4.4649,1,0,0,0,0,0,0,0.0,0,0,0,0,0.5,0,0,0,0.0,0,1,2,0,0,-1.0,0,0,0,1,0,83.0,0,0.2393,1,1,0,0,0,0.0995,0.48675,1,0,0,0,0,0,0,0,0,0,0
47,4,2,3,4.4136,1,0,0,0,0,0,0,0.0,0,0,0,0,0.5,0,0,0,0.0,0,1,2,0,0,-1.0,0,0,0,1,0,83.0,0,0.2383,1,1,0,0,0,0.0995,0.48675,1,0,0,0,0,0,0,0,0,0,0
36,2,2,0,3.7043,1,1,0,0,0,0,0,0.0,0,0,0,0,0.5,0,0,0,0.0,0,1,2,0,0,-1.0,0,0,0,1,0,79.0,0,0.2241,1,1,0,0,0,0.0995,0.48675,1,0,0,0,0,0,0,0,0,0,0
18,0,1,0,3.1219,0,1,0,0,0,0,0,0.0,0,0,0,0,0.15,1,0,0,0.0,0,1,2,0,0,734.0,0,1,1,1,0,67.0,0,0.1074,0,0,0,0,0,0.35225,0.058,1,0,0,0,0,0,0,0,0,0,0
26,0,2,0,3.1751,1,1,0,0,0,0,0,0.0,0,0,0,0,0.1,1,0,0,0.0,0,1,3,0,0,2469.0,0,0,1,1,0,82.0,0,0.0935,0,0,0,0,0,0.02775,0.0045,1,0,0,0,0,0,0,0,0,0,0
42,3,2,7,4.3738,1,0,0,0,0,0,0,0.0,0,0,0,0,0.5,0,0,0,0.0,0,1,2,0,0,-1.0,0,0,0,1,0,83.0,0,0.2375,1,1,0,0,0,0.0995,0.48675,1,0,0,0,0,0,0,0,0,0,0
43,0,2,0,3.7623,1,1,0,0,12,0,0,0.0,0,0,0,0,0.15,1,0,0,0.0,0,1,1,0,0,10617.0,0,0,1,1,0,32.0,0,0.1202,0,0,0,0,0,0.35225,0.013,0,1,0,0,0,0,0,0,0,0,0
121,0,2,2,3.9161,1,1,0,0,92,0,0,0.0,0,0,0,0,0.5,0,0,0,0.0,0,1,1,0,0,-1.0,0,0,0,0,0,-1.0,0,0.2283,1,1,1,1,0,0.00175,0.48675,0,0,0,0,0,0,0,0,0,0,1
15,0,1,0,2.8074,0,1,0,0,0,0,0,0.0833,1,0,1,0,0.22,1,0,0,0.0,0,1,2,0,1,9673.0,0,0,1,1,0,62.0,0,0.1555,0,0,0,0,0,0.0405,0.03575,0,1,0,0,0,0,0,0,0,0,0
27,0,2,0,3.027,1,1,0,0,6,0,0,0.0833,1,0,1,0,0.15,1,0,0,0.0,0,1,1,0,0,11475.0,0,0,1,1,0,78.0,0,0.1389,0,0,0,0,0,0.35225,0.00075,0,0,0,0,1,0,0,0,0,0,0
19,0,1,0,1.9219,0,0,0,0,7,0,0,0.0,0,0,0,0,0.5,0,0,0,0.0,0,1,4,0,0,-1.0,0,0,1,1,0,88.0,0,0.1884,0,1,0,0,0,0.00125,0.00075,0,1,0,0,0,0,0,0,0,0,0
18,0,1,0,3.1219,0,1,0,0,0,0,0,0.0,0,0,0,0,0.15,1,0,0,0.0,0,1,1,0,1,1619.0,0,0,1,1,0,47.0,0,0.1074,0,0,0,0,0,0.35225,0.019,0,1,0,0,0,0,0,0,0,0,0
28,0,1,0,3.3842,0,1,0,0,0,0,0,0.0,0,0,0,0,0.1,1,0,0,0.0,0,1,3,0,1,10005.0,0,0,1,1,0,47.0,0,0.0977,0,0,0,0,0,0.02775,0.013,0,1,0,0,0,0,0,0,0,0,0
109,0,3,0,3.1307,2,1,0,0,29,1,2,0.0,0,0,0,0,0.5,0,0,0,0.0,0,1,1,0,0,56.0,0,0,1,1,0,38.0,0,0.2126,0,0,0,0,0,0.004,0.0035,0,1,0,0,0,0,0,0,0,0,0
46,1,3,5,4.1522,2,1,0,0,0,0,0,0.0,0,0,0,0,0.22,1,0,0,0.0,0,1,1,0,0,3007.0,0,0,1,1,0,102.0,0,0.149,0,0,0,0,0,0.0405,0.036,0,0,0,0,0,0,0,0,0,1,0
51,0,4,0,3.1972,3,1,0,0,25,0,0,0.0,0,0,0,0,0.5,0,0,0,0.0,0,1,1,0,0,-1.0,0,0,0,0,0,-1.0,0,0.2139,1,1,1,1,0,0.003,0.48675,0,0,0,0,0,0,0,0,0,0,1
54,3,2,5,4.2334,1,1,0,0,0,0,0,0.0833,1,0,1,0,0.35,1,0,0,0.0,0,1,2,0,0,-1.0,0,0,0,1,0,55.0,0,0.223,1,1,0,0,0,0.08025,0.48675,1,0,0,0,0,0,0,0,0,0,0
33,0,2,2,3.7516,1,1,0,0,0,0,0,0.0,0,0,0,0,0.15,1,0,0,0.0,0,1,2,0,0,-1.0,0,0,0,1,0,50.0,0,0.12,1,1,0,0,0,0.35225,0.48675,1,0,0,0,0,0,0,0,0,0,0
40,0,2,0,3.575,1,1,0,0,0,0,0,0.0,0,0,0,0,0.15,1,0,0,0.0,0,1,2,0,0,7431.0,0,0,1,1,0,37.0,0,0.1165,0,0,0,0,0,0.35225,0.0155,0,1,0,0,0,0,0,0,0,0,0
47,3,3,0,4.0864,2,1,0,0,0,0,0,0.1667,2,0,2,0,0.35,1,0,0,0.0,0,1,2,0,0,-1.0,0,0,0,0,0,-1.0,0,0.2534,1,1,1,1,0,0.08025,0.48675,0,0,0,0,0,0,0,0,0,0,1
29,0,1,0,2.5216,0,1,0,0,14,0,0,0.25,2,0,2,0,0.1,1,0,0,0.0,0,1,4,0,1,10146.0,0,0,1,1,0,60.0,0,0.1804,0,0,0,0,0,0.02775,0.0055,1,0,0,0,0,0,0,0,0,0,0
40,2,2,0,3.5908,1,1,0,0,0,0,0,0.0,0,0,0,0,0.5,0,0,0,0.0,0,1,2,0,0,-1.0,0,0,0,1,0,47.0,0,0.2218,1,1,0,0,0,0.0995,0.48675,1,0,0,0,0,0,0,0,0,0,0
23,0,2,0,2.8424,1,1,0,0,0,0,0,0.0,0,0,0,0,0.15,1,0,0,0.0,0,1,8,0,0,10548.0,0,0,1,1,0,50.0,0,0.1018,0,0,0,0,0,0.35225,0.0155,1,0,0,0,0,0,0,0,0,0,0
30,0,1,0,3.0,0,1,0,0,14,0,0,0.0,0,0,0,0,0.1,1,0,0,0.0,0,1,2,0,1,11780.0,0,0,1,1,0,81.0,0,0.09,0,0,0,0,0,0.02775,0.001,1,0,0,0,0,0,0,0,0,0,0
33,0,2,2,3.7516,1,1,0,0,0,0,0,0.1667,2,0,2,0,0.55,1,0,0,0.0,0,0,0,0,0,-1.0,0,0,0,0,0,-1.0,-1,0.3067,1,1,1,1,1,0.00575,0.48675,0,0,0,0,0,0,0,0,0,0,1
28,0,1,0,3.2359,0,1,0,0,6,0,0,0.0,0,0,0,0,0.15,1,0,0,0.0,0,1,1,0,1,9230.0,0,0,1,1,0,162.0,0,0.1097,0,0,0,0,0,0.35225,0.00975,0,0,0,0,0,0,0,0,0,1,0
27,1,1,0,3.6835,0,1,0,0,0,0,0,0.0,0,0,0,0,0.15,1,0,0,0.0,0,0,0,0,0,134.0,0,0,1,0,0,-1.0,-1,0.1187,0,0,1,1,1,0.35225,0.03575,0,0,0,0,0,0,0,0,0,0,1
33,2,2,0,3.6995,1,0,0,0,0,0,0,0.0833,1,0,1,0,0.5,0,0,0,0.0,0,1,2,0,0,-1.0,0,0,0,1,0,85.0,0,0.2573,1,1,0,0,0,0.0995,0.48675,1,0,0,0,0,0,0,0,0,0,0
28,0,2,0,3.2464,1,0,0,0,0,0,0,0.0,0,0,0,0,0.5,0,0,0,0.0,0,1,2,0,0,-1.0,0,0,0,1,0,66.0,0,0.2149,1,1,0,0,0,0.0995,0.48675,1,0,0,0,0,0,0,0,0,0,0
58,1,3,0,3.8137,2,1,0,0,24,0,0,0.0,0,0,0,0,0.5,0,0,0,0.0,0,1,1,0,0,3596.0,0,0,1,1,0,55.0,0,0.2263,1,0,0,0,0,0.00925,0.48675,0,1,0,0,0,0,0,0,0,0,0
247,0,2,0,3.2391,1,1,0,0,24,2,5,0.4,2,0,2,1,0.5,0,0,0,0.0,0,0,0,0,0,26.0,1,0,1,0,0,-1.0,-1,0.3748,0,0,1,1,1,0.00175,0.00375,0,0,0,0,0,0,0,0,0,0,1
35,2,1,0,3.9501,0,1,0,0,0,0,0,0.0,0,0,0,0,0.55,1,0,0,0.0,0,1,1,0,0,-1.0,0,0,0,1,0,86.0,0,0.244,1,1,0,0,0,0.00425,0.48675,0,1,0,0,0,0,0,0,0,0,0
43,0,1,0,3.0062,0,1,0,0,20,0,0,0.0,0,0,0,0,0.15,1,0,0,0.0,0,0,0,0,0,6604.0,0,1,1,0,0,-1.0,-1,0.1051,0,0,1,1,1,0.35225,0.01125,0,0,0,0,0,0,0,0,0,0,1
24,0,2,0,3.3249,1,0,0,0,3,0,0,0.0,0,0,0,0,0.5,0,0,0,0.0,0,0,0,0,0,10520.0,0,1,1,0,0,-1.0,-1,0.2165,0,0,1,1,1,0.0085,0.01225,0,0,0,0,0,0,0,0,0,0,1
26,0,1,0,2.2359,0,1,0,0,11,0,0,0.0,0,0,0,0,0.5,0,0,0,0.0,0,1,1,0,0,-1.0,0,0,1,1,0,143.0,0,0.1947,0,1,0,0,0,0.00225,0.00025,0,0,0,0,0,0,0,0,0,0,0
37,3,2,0,3.4386,1,0,0,0,0,0,0,0.0833,1,0,1,0,0.5,0,0,0,0.0,0,1,2,0,0,-1.0,0,0,0,1,0,85.0,0,0.2521,1,1,0,0,0,0.0995,0.48675,1,0,0,0,0,0,0,0,0,0,0
18,0,1,2,2.9477,0,1,0,0,0,0,0,0.0,0,0,0,0,0.15,1,0,0,0.0,0,1,2,0,1,10744.0,0,0,1,1,0,36.0,0,0.104,0,0,0,0,0,0.35225,0.013,0,1,0,0,0,0,0,0,0,0,0
23,0,2,0,2.8424,1,1,0,0,0,0,0,0.0,0,0,0,0,0.15,1,0,0,0.0,0,1,8,0,0,10548.0,0,0,1,1,0,50.0,0,0.1018,0,0,0,0,0,0.35225,0.036,1,0,0,0,0,0,0,0,0,0,0
33,1,2,0,3.5766,1,1,0,0,5,0,0,0.0,0,0,0,0,0.5,0,0,0,0.0,0,0,0,0,0,5.0,1,0,1,0,0,-1.0,-1,0.2215,0,0,1,1,1,0.0025,0.0035,0,0,0,0,0,0,0,0,0,0,1
26,1,1,0,2.8074,0,1,0,0,11,0,0,0.0,0,0,0,0,0.5,0,0,0,0.0,0,1,1,0,1,-1.0,0,0,0,0,0,-1.0,0,0.2061,1,1,1,1,0,0.01075,0.48675,0,0,0,0,0,0,0,0,0,0,1
32,0,1,0,3.3219,0,1,0,0,14,0,0,0.0,0,0,0,0,0.15,1,0,0,0.0,0,1,4,0,1,-1.0,0,0,0,1,0,127.0,0,0.1114,1,1,0,0,0,0.35225,0.48675,0,0,0,0,1,0,0,0,0,0,0
43,4,2,7,4.1147,1,0,0,0,0,0,0,0.0,0,0,0,0,0.5,0,0,0,0.0,0,1,2,0,0,-1.0,0,0,0,1,0,77.0,0,0.2323,1,1,0,0,0,0.0995,0.48675,1,0,0,0,0,0,0,0,0,0,0
57,0,2,4,4.182,1,1,0,0,21,0,0,0.0,0,0,0,0,0.94,1,0,0,0.0,0,0,0,0,0,7.0,1,0,1,0,0,-1.0,-1,0.3656,0,0,1,1,1,0.01625,0.01125,0,0,0,0,0,0,0,0,0,0,1
29,0,1,0,3.6402,0,1,0,0,6,0,0,0.0,0,0,0,0,0.15,1,0,0,0.0,0,1,2,0,1,3215.0,0,0,1,1,0,88.0,0,0.1178,0,0,0,0,0,0.35225,0.0155,0,1,0,0,0,0,0,0,0,0,0
23,0,2,0,3.182,1,1,0,0,0,0,0,0.0,0,0,0,0,0.02,1,0,0,0.0,0,1,2,0,0,12035.0,0,0,1,1,0,57.0,0,0.0696,1,0,0,0,0,0.0075,0.48675,1,0,0,0,0,0,0,0,0,0,0
40,0,1,0,3.2028,0,1,0,0,16,0,0,0.0,0,0,0,0,0.5,0,0,0,0.0,0,1,1,0,0,-1.0,0,0,0,0,0,-1.0,-1,0.2141,1,1,1,1,1,0.02275,0.48675,0,0,0,0,0,0,0,0,0,0,1
34,2,2,0,3.7795,1,1,0,0,0,0,0,0.0,0,0,0,0,0.5,0,0,0,0.0,0,1,2,0,0,-1.0,0,0,0,1,0,47.0,0,0.2256,1,1,0,0,0,0.0995,0.48675,1,0,0,0,0,0,0,0,0,0,0
15,0,1,0,2.8074,0,1,0,0,0,0,0,0.0,0,0,0,0,0.3,1,0,0,0.0,0,1,4,0,1,5856.0,0,0,1,1,0,153.0,0,0.1461,0,0,0,0,0,0.00425,0.00975,0,0,0,1,0,0,0,0,0,0,0
41,0,2,4,3.9642,1,1,0,0,0,1,2,0.0,0,0,0,0,0.15,1,0,0,0.0,0,1,2,0,0,-1.0,0,0,0,1,0,50.0,0,0.1243,1,1,0,0,0,0.35225,0.48675,1,0,0,0,0,0,0,0,0,0,0
37,1,2,2,3.5069,1,1,0,0,14,0,0,0.0,0,0,0,0,0.5,0,0,0,0.0,0,0,0,0,0,5764.0,0,0,1,0,0,-1.0,-1,0.2201,0,0,1,1,1,0.009,0.001,0,0,0,0,0,0,0,0,0,0,1
34,3,1,3,3.6842,0,1,0,0,6,0,0,0.3333,3,0,3,0,0.5,0,0,0,0.0,0,0,0,0,0,92.0,0,1,1,0,0,-1.0,-1,0.357,0,0,1,1,1,0.0035,0.01225,0,0,0,0,0,0,0,0,0,0,1
31,0,2,0,3.654,1,1,0,0,0,0,0,0.0,0,0,0,0,0.15,1,0,0,0.0,0,1,1,0,0,6247.0,0,0,1,1,0,67.0,0,0.1181,0,0,0,0,0,0.35225,0.036,0,0,0,0,0,0,0,0,0,0,0
171,1,2,0,3.8164,1,1,0,0,130,0,4,0.0,0,0,0,1,0.15,1,0,0,0.0,0,1,4,0,1,681.0,0,0,1,1,0,192.0,0,0.1213,0,0,0,0,0,0.35225,0.058,0,0,0,1,0,0,0,0,0,0,0
24,0,2,0,2.8554,1,1,0,0,3,0,0,0.0,0,0,0,0,0.15,1,0,0,0.0,0,1,1,0,0,10580.0,0,1,1,1,0,61.0,0,0.1021,0,0,0,0,0,0.35225,0.01175,0,0,0,0,0,0,0,0,0,0,0
16,0,1,2,2.5,0,0,0,0,0,0,0,0.0,0,0,0,0,0.5,0,0,0,0.0,0,0,0,0,0,62.0,0,0,1,0,0,-1.0,-1,0.2,0,0,1,1,1,0.00375,0.00225,0,0,0,0,0,0,0,0,0,0,1
57,5,2,13,4.5715,1,0,0,0,0,0,0,0.0,0,0,0,0,0.5,0,0,0,0.0,0,1,2,0,0,-1.0,0,0,0,1,0,51.0,0,0.2414,1,1,0,0,0,0.0995,0.48675,1,0,0,0,0,0,0,0,0,0,0
57,0,2,4,4.182,1,1,0,0,21,0,0,0.0,0,0,0,0,0.94,1,0,0,0.0,0,0,0,0,0,7.0,1,0,1,0,0,-1.0,-1,0.3656,0,0,1,1,1,0.01625,0.01125,0,0,0,0,0,0,0,0,0,0,1
18,0,1,0,2.9219,0,1,0,0,0,0,0,0.0,0,0,0,0,0.85,1,0,0,0.0,0,1,1,0,1,3293.0,0,0,1,1,0,57.0,0,0.3134,0,0,0,0,0,0.0025,0.0155,1,0,0,0,0,0,0,0,0,0,0
28,0,2,0,3.4316,1,1,0,0,0,0,0,0.0,0,0,0,0,0.15,1,0,0,0.0,0,1,4,0,0,10742.0,0,0,1,1,0,170.0,0,0.1136,0,0,0,0,0,0.35225,0.013,0,0,0,1,0,0,0,0,0,0,0
32,0,1,0,2.75,0,1,0,0,16,0,0,0.0,0,0,0,0,0.5,0,0,0,0.0,0,1,8,0,0,2565.0,0,0,1,0,0,-1.0,0,0.205,0,0,1,1,0,0.01325,0.00225,0,0,0,0,0,0,0,0,0,0,1
24,0,1,0,2.8464,0,1,0,0,6,0,0,0.0,0,0,0,0,0.15,1,0,0,0.0,0,1,1,0,0,76.0,0,0,1,1,0,74.0,0,0.1019,0,0,0,0,0,0.35225,0.03575,0,1,0,0,0,0,0,0,0,0,0
26,0,1,0,3.1699,0,1,0,0,9,0,0,0.0833,1,0,1,0,0.15,1,0,0,0.0,0,0,0,0,1,9370.0,0,0,1,0,0,-1.0,-1,0.1417,0,0,1,1,1,0.35225,0.013,0,0,0,0,0,0,0,0,0,0,1
34,0,1,0,3.6169,0,1,0,0,9,0,0,0.0,0,0,0,0,0.5,0,0,0,0.0,0,1,1,0,1,6221.0,0,0,1,1,0,143.0,0,0.2223,0,0,0,0,0,0.00525,0.0015,0,0,0,0,1,0,0,0,0,0,0
47,5,2,6,4.2823,1,0,0,0,0,0,0,0.25,3,0,3,0,0.5,0,0,0,0.0,0,1,2,0,0,-1.0,0,0,0,1,0,81.0,0,0.3356,1,1,0,0,0,0.0995,0.48675,1,0,0,0,0,0,0,0,0,0,0
36,1,3,0,3.7943,2,0,0,0,0,0,0,0.0,0,0,0,0,0.5,0,0,0,0.0,0,0,0,0,0,-1.0,0,0,0,0,0,-1.0,-1,0.2259,1,1,1,1,1,0.00975,0.48675,0,0,0,0,0,0,0,0,0,0,1
37,0,2,0,3.085,1,1,0,0,17,0,0,0.0,0,0,0,0,0.5,0,0,0,0.0,0,1,1,0,1,-1.0,0,0,1,0,0,-1.0,-1,0.2117,0,1,1,1,1,0.003,0.00125,0,0,0,0,0,0,0,0,0,0,1
44,1,2,7,4.0623,1,0,0,0,0,0,0,0.0833,1,0,1,0,0.35,1,0,0,0.0,0,1,2,0,0,-1.0,0,0,0,1,0,55.0,0,0.2196,1,1,0,0,0,0.08025,0.48675,1,0,0,0,0,0,0,0,0,0,0
25,0,1,0,2.585,0,1,0,0,11,0,0,0.0,0,0,0,0,0.2,1,0,0,0.0,0,1,3,0,1,7465.0,0,0,1,1,0,227.0,0,0.1117,0,0,0,0,0,0.0055,0.0055,0,0,0,1,0,0,0,0,0,0,0
38,0,1,3,3.2776,0,1,0,0,19,0,6,0.0,0,0,0,0,0.15,1,0,0,0.0,0,1,2,0,0,139.0,0,0,1,1,0,87.0,0,0.1106,0,0,0,0,0,0.35225,0.03575,1,0,0,0,0,0,0,0,0,0,0
43,0,3,0,3.829,2,0,0,0,0,0,0,0.0,0,0,0,0,0.15,1,0,0,0.0,0,1,2,0,0,7431.0,0,0,1,0,0,-1.0,-1,0.1216,0,0,1,1,1,0.35225,0.036,0,0,0,0,0,0,0,0,0,0,1
19,0,1,2,3.4594,0,1,0,0,0,0,0,0.0,0,0,0,0,0.15,1,0,0,0.0,0,1,2,0,0,1496.0,0,0,1,1,0,70.0,0,0.1142,0,0,0,0,0,0.35225,0.00025,1,0,0,0,0,0,0,0,0,0,0
30,0,2,0,3.6069,1,0,0,0,0,0,0,0.0833,1,0,1,0,0.35,1,0,0,0.0,0,1,2,0,0,-1.0,0,0,0,1,0,229.0,0,0.2105,1,1,0,0,0,0.08025,0.48675,0,0,0,0,0,0,0,0,0,0,0
36,1,3,0,3.9233,2,0,0,0,0,0,0,0.0,0,0,0,0,0.5,0,0,0,0.0,0,0,0,0,0,-1.0,0,0,0,0,0,-1.0,-1,0.2285,1,1,1,1,1,0.00975,0.48675,0,0,0,0,0,0,0,0,0,0,1
24,0,2,0,3.3278,1,1,0,0,0,0,0,0.0,0,0,0,0,0.5,0,0,0,0.0,0,1,1,0,0,-1.0,0,0,0,1,0,190.0,0,0.2166,1,1,0,0,0,0.00175,0.48675,0,0,0,0,0,0,1,0,0,0,0
54,0,2,1,2.6464,1,1,0,0,36,0,2,0.0,0,0,0,0,0.5,0,0,0,0.0,0,1,1,0,0,-1.0,0,0,1,0,0,-1.0,0,0.2029,0,1,1,1,0,0.00175,0.0005,0,0,0,0,0,0,0,0,0,0,1
37,1,1,0,3.0851,0,1,0,0,16,0,0,0.0,0,0,0,0,0.15,1,0,0,0.0,0,1,1,0,1,9590.0,0,0,1,1,0,112.0,0,0.1067,0,0,0,0,0,0.35225,0.001,0,0,0,0,0,1,0,0,0,0,0
46,0,1,0,3.5319,0,1,0,0,11,0,0,0.0,0,0,0,0,0.15,1,0,0,0.0,0,0,0,0,0,156.0,0,0,1,0,0,-1.0,-1,0.1156,0,0,1,1,1,0.35225,0.03575,0,0,0,0,0,0,0,0,0,0,1
156,0,2,3,3.1899,1,1,0,0,9,1,2,0.0,0,0,0,0,0.5,0,0,0,0.0,0,0,0,0,0,-1.0,0,0,0,0,0,-1.0,-1,0.2138,1,1,1,1,1,0.002,0.48675,0,0,0,0,0,0,0,0,0,0,1
23,0,2,0,2.9852,1,1,0,0,0,0,0,0.0,0,0,0,0,0.1,1,0,0,0.0,0,1,3,0,0,7650.0,0,0,1,1,0,50.0,0,0.0897,0,0,0,0,0,0.02775,0.058,1,0,0,0,0,0,0,0,0,0,0
38,0,1,0,3.1699,0,1,0,0,11,0,0,0.0,0,0,0,0,0.88,1,0,0,0.0,0,1,2,0,0,2.0,1,0,1,1,0,87.0,0,0.3274,0,0,0,0,0,0.00225,0.00075,1,0,0,0,0,0,0,0,0,0,0
36,1,3,0,3.6106,2,0,0,0,0,0,0,0.0833,1,0,1,0,0.35,1,0,0,0.0,0,1,2,0,0,-1.0,0,0,0,0,0,-1.0,0,0.2105,1,1,1,1,0,0.08025,0.48675,0,0,0,0,0,0,0,0,0,0,1
15,0,1,0,2.5216,0,1,0,0,0,0,0,0.0,0,0,0,0,0.28,1,0,0,0.0,0,1,4,0,1,5382.0,0,0,1,1,0,147.0,0,0.1344,0,0,0,0,0,0.0545,0.00975,0,0,0,1,0,0,0,0,0,0,0
25,0,2,0,3.2806,1,1,0,0,0,0,0,0.0,0,0,0,0,0.15,1,0,0,0.0,0,0,0,0,0,207.0,0,0,1,0,0,-1.0,-1,0.1106,0,0,1,1,1,0.35225,0.03575,0,0,0,0,0,0,0,0,0,0,1
21,0,2,0,3.0221,1,1,0,0,0,0,0,0.0,0,0,0,0,0.15,1,0,0,0.0,0,1,5,0,0,8983.0,0,0,1,1,0,73.0,0,0.1054,0,0,0,0,0,0.35225,0.00975,1,0,0,0,0,0,0,0,0,0,0
21,0,2,0,2.8554,1,1,0,0,0,0,0,0.0,0,0,0,0,0.15,1,0,0,0.0,0,1,1,0,0,-1.0,0,0,0,1,0,77.0,0,0.1021,1,1,0,0,0,0.35225,0.48675,0,1,0,0,0,0,0,0,0,0,0
34,0,1,0,2.8074,0,1,0,0,19,0,0,0.0,0,0,0,0,0.22,1,0,0,0.0,0,1,1,0,0,10098.0,0,0,1,1,0,53.0,0,0.1221,0,0,0,0,0,0.0405,0.00025,0,0,0,0,0,0,0,0,0,1,0
32,0,2,0,3.5342,1,1,0,0,0,0,0,0.0,0,0,0,0,0.5,0,0,0,0.0,0,1,1,0,0,6283.0,0,0,1,1,0,73.0,0,0.2207,0,0,0,0,0,0.0025,0.00175,0,1,0,0,0,0,0,0,0,0,0
30,0,2,0,3.4474,1,1,0,0,0,0,0,0.0,0,0,0,0,0.5,0,0,0,0.0,0,1,1,0,0,-1.0,0,0,0,1,0,55.0,0,0.2189,1,1,0,0,0,0.002,0.48675,0,1,0,0,0,0,0,0,0,0,0
19,0,1,0,3.0958,0,1,0,0,0,0,0,0.0,0,0,0,0,0.15,1,0,0,0.0,0,1,2,0,0,11142.0,0,0,1,1,0,132.0,0,0.1069,0,0,0,0,0,0.35225,0.004,0,0,0,1,0,0,0,0,0,0,0
36,0,1,0,3.0958,0,1,0,0,17,0,0,0.0,0,0,0,0,0.15,1,0,0,0.0,0,0,0,0,0,9437.0,0,1,1,0,0,-1.0,-1,0.1069,0,0,1,1,1,0.35225,0.01175,0,0,0,0,0,0,0,0,0,0,1
36,1,3,0,3.7404,2,0,0,0,0,0,0,0.0,0,0,0,0,0.15,1,0,0,0.0,0,1,2,0,0,-1.0,0,0,0,0,0,-1.0,0,0.1198,1,1,1,1,0,0.35225,0.48675,0,0,0,0,0,0,0,0,0,0,1
28,0,3,0,3.5369,2,1,0,0,0,0,0,0.0,0,0,0,0,0.15,1,0,0,0.0,0,1,1,0,0,7495.0,0,0,1,1,0,81.0,0,0.1157,0,0,0,0,0,0.00025,0.00625,0,0,0,0,0,0,0,0,0,0,0
37,0,2,0,3.6619,1,0,0,0,3,0,0,0.0,0,0,0,0,0.5,0,0,0,0.0,0,0,0,0,0,10520.0,0,1,1,0,0,-1.0,-1,0.2232,0,0,1,1,1,0.0085,0.01225,0,0,0,0,0,0,0,0,0,0,1
52,0,2,0,3.1808,1,1,0,0,31,0,0,0.0,0,0,0,0,0.5,0,0,0,0.0,0,1,1,0,0,-1.0,0,0,0,0,0,-1.0,0,0.2136,1,1,1,1,0,0.00075,0.48675,0,0,0,0,0,0,0,0,0,0,1
36,0,1,0,3.6819,0,1,0,0,9,0,0,0.0,0,0,0,0,0.15,1,0,0,0.0,0,1,2,0,1,5938.0,0,1,1,1,0,44.0,0,0.1186,0,0,0,0,0,0.35225,0.058,0,1,0,0,0,0,0,0,0,0,0
27,0,1,0,3.5466,0,1,0,0,6,0,0,0.0,0,0,0,0,0.15,1,0,0,0.0,0,0,0,0,0,7689.0,0,0,1,0,0,-1.0,-1,0.1159,0,0,1,1,1,0.35225,0.00325,0,0,0,0,0,0,0,0,0,0,1
35,0,3,0,3.6801,2,0,0,0,0,0,0,0.0,0,0,0,1,0.5,0,0,0,0.0,0,1,2,0,0,1726.0,0,0,1,1,0,87.0,0,0.2236,0,0,0,0,0,0.009,0.00025,1,0,0,0,0,0,0,0,0,0,0
52,1,2,0,3.9401,1,1,0,0,16,0,0,0.0,0,0,0,0,0.28,1,0,0,0.0,0,1,4,0,0,-1.0,0,0,0,1,0,31.0,0,0.1628,1,1,0,0,0,0.0545,0.48675,0,1,0,0,0,0,0,0,0,0,0
28,1,2,3,3.7216,1,1,0,0,0,0,0,0.0,0,0,0,0,0.5,0,0,0,0.0,0,0,0,0,0,5.0,1,0,1,0,0,-1.0,-1,0.2244,0,0,1,1,1,0.01325,0.00175,0,0,0,0,0,0,0,0,0,0,1
68,0,2,0,3.5216,1,1,0,0,46,0,1,0.0,0,0,0,0,0.5,0,0,0,0.0,0,0,0,0,0,4267.0,0,0,1,0,0,-1.0,-1,0.2204,1,0,1,1,1,0.00925,0.48675,0,0,0,0,0,0,0,0,0,0,1
31,1,2,0,3.7951,1,0,0,0,0,0,0,0.2333,1,0,1,1,0.35,1,0,0,0.0,0,1,2,0,0,-1.0,0,0,0,1,0,229.0,0,0.2742,1,1,0,0,0,0.08025,0.48675,0,0,0,0,0,0,0,0,0,0,0
17,0,1,0,2.9477,0,1,0,0,0,0,0,0.0,0,0,0,0,0.1,1,0,0,0.0,0,1,3,0,1,6832.0,0,0,1,1,0,61.0,0,0.089,0,0,0,0,0,0.02775,0.01575,1,0,0,0,0,0,0,0,0,0,0
29,0,2,0,3.6219,1,1,0,0,0,0,0,0.0,0,0,0,0,0.15,1,0,0,0.0,0,1,2,0,0,7431.0,0,0,1,1,0,37.0,0,0.1174,0,0,0,0,0,0.35225,0.036,0,1,0,0,0,0,0,0,0,0,0
34,1,2,2,3.6402,1,1,0,0,11,0,0,0.0,0,0,0,0,0.5,0,0,0,0.0,0,0,0,0,0,5764.0,0,0,1,0,0,-1.0,-1,0.2228,0,0,1,1,1,0.009,0.001,0,0,0,0,0,0,0,0,0,0,1
34,1,2,0,3.6235,1,0,0,0,0,0,0,0.0,0,0,0,0,0.28,1,0,0,0.0,0,1,2,0,0,4834.0,0,0,1,1,0,81.0,0,0.1565,0,0,0,0,0,0.0545,0.0155,1,0,0,0,0,0,0,0,0,0,0
48,4,2,2,4.4342,1,0,0,0,0,0,0,0.0,0,0,0,0,0.5,0,0,0,0.0,0,1,2,0,0,-1.0,0,0,0,1,0,78.0,0,0.2387,1,1,0,0,0,0.0995,0.48675,1,0,0,0,0,0,0,0,0,0,0
35,0,3,0,3.708,2,0,0,0,0,0,0,0.0,0,0,0,0,0.15,1,0,0,0.0,0,1,2,0,0,7431.0,0,0,1,0,0,-1.0,-1,0.1192,0,0,1,1,1,0.35225,0.0155,0,0,0,0,0,0,0,0,0,0,1
28,0,2,0,3.7871,1,1,0,0,0,0,0,0.0,0,0,0,0,0.15,1,0,0,0.0,0,1,3,0,0,-1.0,0,0,0,1,0,43.0,0,0.1207,1,1,0,0,0,0.35225,0.48675,1,0,0,0,0,0,0,0,0,0,0
43,0,2,1,3.5585,1,1,0,0,13,0,0,0.0,0,0,0,0,0.28,1,0,0,0.0,0,1,4,0,0,-1.0,0,0,0,1,0,31.0,0,0.1552,1,1,0,0,0,0.0545,0.48675,0,1,0,0,0,0,0,0,0,0,0
26,0,1,2,3.1219,0,1,0,0,7,0,0,0.0,0,0,0,0,0.15,1,0,0,0.0,0,1,2,0,0,-1.0,0,0,0,1,0,81.0,0,0.1074,1,1,0,0,0,0.35225,0.48675,1,0,0,0,0,0,0,0,0,0,0
30,0,1,0,3.375,0,1,0,0,5,0,0,0.0,0,0,0,0,0.15,1,0,0,0.0,0,0,0,0,0,208.0,0,0,1,0,0,-1.0,-1,0.1125,0,0,1,1,1,0.35225,0.013,0,0,0,0,0,0,0,0,0,0,1
48,1,3,0,4.14,2,1,0,0,0,0,0,0.0,0,0,0,0,0.15,1,0,0,0.0,0,1,2,0,0,-1.0,0,0,0,0,0,-1.0,0,0.1278,1,1,1,1,0,0.35225,0.48675,0,0,0,0,0,0,0,0,0,0,1
20,0,1,0,3.4183,0,1,0,0,0,0,0,0.0,0,0,0,0,0.5,0,0,0,0.0,0,1,1,0,0,313.0,0,0,1,0,0,-1.0,0,0.2184,0,0,1,1,0,0.0005,0.00475,0,0,0,0,0,0,0,0,0,0,1
24,1,2,0,3.3249,1,1,0,0,0,0,0,0.0833,1,0,1,0,0.1,1,0,0,0.0,0,1,4,0,0,11990.0,0,0,1,1,0,228.0,0,0.1298,0,0,0,0,0,0.02775,0.013,0,0,0,1,0,0,0,0,0,0,0
27,0,1,0,3.3927,0,1,0,0,6,0,0,0.0,0,0,0,0,0.15,1,0,0,0.0,0,1,1,0,0,4887.0,0,0,1,0,0,-1.0,-1,0.1129,0,0,1,1,1,0.35225,0.013,0,0,0,0,0,0,0,0,0,0,1
28,1,1,0,3.625,0,1,0,0,3,0,0,0.0,0,0,0,0,0.15,1,0,0,0.0,0,1,2,0,0,1742.0,0,0,1,0,0,-1.0,-1,0.1175,0,0,1,1,1,0.35225,0.00375,0,0,0,0,0,0,0,0,0,0,1
35,0,1,0,3.2195,0,1,0,0,10,0,0,0.0,0,0,0,0,0.15,1,0,0,0.0,0,1,4,0,1,10143.0,0,0,1,1,0,172.0,0,0.1094,0,0,0,0,0,0.35225,0.00025,0,0,0,1,0,0,0,0,0,0,0
37,0,2,0,3.3232,1,1,0,0,14,0,0,0.0,0,0,0,0,0.15,1,0,0,0.0,0,1,2,0,0,8783.0,0,0,1,1,0,69.0,0,0.1115,0,0,0,0,0,0.35225,0.004,0,1,0,0,0,0,0,0,0,0,0
33,0,2,0,3.5221,1,1,0,0,0,0,0,0.0,0,0,0,0,0.15,1,0,0,0.0,0,1,2,0,0,8194.0,0,0,1,1,0,77.0,0,0.1154,0,0,0,0,0,0.35225,0.004,1,0,0,0,0,0,0,0,0,0,0
21,0,2,0,3.1808,1,1,0,0,0,0,0,0.0,0,0,0,0,0.5,0,0,0,0.0,0,1,1,0,0,-1.0,0,0,0,1,0,86.0,0,0.2136,1,1,0,0,0,0.00025,0.48675,0,1,0,0,0,0,0,0,0,0,0
47,4,2,2,4.386,1,1,0,0,0,0,0,0.0,0,0,0,0,0.5,0,0,0,0.0,0,1,2,0,0,-1.0,0,0,0,1,0,78.0,0,0.2377,1,1,0,0,0,0.0995,0.48675,1,0,0,0,0,0,0,0,0,0,0
16,0,1,0,3.0,0,1,0,0,0,0,0,0.0,0,0,0,0,0.15,1,0,0,0.0,0,1,1,0,1,-1.0,0,0,0,1,0,177.0,0,0.105,1,1,0,0,0,0.35225,0.48675,0,0,0,0,0,1,0,0,0,0,0
41,0,2,0,3.5111,1,0,0,0,14,0,0,0.0,0,0,0,0,0.15,1,0,0,0.0,0,0,0,0,0,12336.0,0,0,1,0,0,-1.0,-1,0.1152,0,0,1,1,1,0.35225,0.0005,0,0,0,0,0,0,0,0,0,0,1
29,0,1,0,2.8074,0,1,0,0,14,0,0,0.0,0,0,0,0,0.5,0,0,0,0.0,0,1,1,0,0,8477.0,0,0,1,0,0,-1.0,0,0.2061,1,0,1,1,0,0.00875,0.48675,0,0,0,0,0,0,0,0,0,0,1
42,2,2,6,4.1273,1,1,0,0,0,0,0,0.0833,1,0,1,0,0.35,1,0,0,0.0,0,1,2,0,0,-1.0,0,0,0,1,0,31.0,0,0.2209,1,1,0,0,0,0.08025,0.48675,0,1,0,0,0,0,0,0,0,0,0
48,1,3,0,4.0023,2,1,0,0,8,0,0,0.0,0,0,0,0,0.1,1,0,0,0.0,0,0,0,0,0,11.0,1,0,1,0,0,-1.0,-1,0.11,0,0,1,1,1,0.02775,0.01575,0,0,0,0,0,0,0,0,0,0,1
44,4,2,5,4.128,1,0,0,0,0,0,0,0.0833,1,0,1,0,0.5,0,0,0,0.0,0,1,2,0,0,-1.0,0,0,0,1,0,81.0,0,0.2659,1,1,0,0,0,0.0995,0.48675,1,0,0,0,0,0,0,0,0,0,0
44,2,2,6,4.036,1,1,0,0,0,0,0,0.0833,1,0,1,0,0.35,1,0,0,0.0,0,1,2,0,0,-1.0,0,0,0,1,0,31.0,0,0.219,1,1,0,0,0,0.08025,0.48675,0,1,0,0,0,0,0,0,0,0,0
35,1,3,2,3.8101,2,0,0,0,0,0,0,0.1667,2,0,2,0,0.15,1,0,0,0.0,0,1,2,0,0,-1.0,0,0,0,0,0,-1.0,0,0.1879,1,1,1,1,0,0.35225,0.48675,0,0,0,0,0,0,0,0,0,0,1
88,0,1,1,3.625,0,1,0,0,0,2,5,0.0,0,0,0,0,0.15,1,0,0,0.0,0,1,2,0,1,4746.0,0,0,1,1,0,136.0,0,0.1175,0,0,0,0,0,0.35225,0.019,0,0,0,1,0,0,0,0,0,0,0
31,1,2,0,3.7322,1,1,0,0,0,0,0,0.0,0,0,0,0,0.5,0,0,0,0.0,0,1,1,0,0,2847.0,0,0,1,1,0,28.0,0,0.2246,1,0,0,0,0,0.00175,0.48675,0,1,0,0,0,0,0,0,0,0,0
37,0,2,0,3.8424,1,1,0,0,0,0,0,0.0,0,0,0,0,0.15,1,0,0,0.0,0,1,2,0,0,7431.0,0,0,1,1,0,37.0,0,0.1218,0,0,0,0,0,0.35225,0.036,0,1,0,0,0,0,0,0,0,0,0
30,0,2,0,3.3908,1,0,0,0,0,0,0,0.0,0,0,0,0,0.15,1,0,0,0.0,0,1,2,0,0,7431.0,0,0,1,1,0,37.0,0,0.1128,0,0,0,0,0,0.35225,0.0155,0,1,0,0,0,0,0,0,0,0,0
35,0,1,0,2.8454,0,1,0,0,16,0,0,0.0,0,0,0,0,0.15,1,0,0,0.0,0,0,0,0,0,6250.0,0,0,1,0,0,-1.0,-1,0.1019,0,0,1,1,1,0.35225,0.00175,0,0,0,0,0,0,0,0,0,0,1
23,0,2,0,3.5069,1,0,0,0,0,0,0,0.0,0,0,0,0,0.5,0,0,0,0.0,0,1,2,0,0,-1.0,0,0,0,1,0,62.0,0,0.2201,1,1,0,0,0,0.0995,0.48675,1,0,0,0,0,0,0,0,0,0,0
91,6,3,27,4.5629,2,1,0,0,12,0,0,0.1667,2,0,2,0,0.5,0,0,0,0.0,0,1,1,0,0,-1.0,0,0,0,1,0,55.0,0,0.3079,1,1,0,0,0,0.0995,0.48675,0,1,0,0,0,0,0,0,0,0,0
82,0,2,1,3.6412,1,0,0,0,53,0,0,0.0,0,0,0,0,0.15,1,0,0,0.0,0,1,2,0,0,1619.0,0,1,1,1,0,81.0,0,0.1178,0,0,0,0,0,0.35225,0.00175,0,0,0,0,0,0,0,1,0,0,0
24,0,2,1,3.3232,1,1,0,0,0,0,0,0.0,0,0,0,0,0.5,0,0,0,0.0,0,1,1,0,0,11143.0,0,0,1,1,0,131.0,0,0.2165,0,0,0,0,0,0.00425,0.0005,0,0,0,0,0,0,1,0,0,0,0
52,4,2,0,3.735,1,0,0,0,0,0,0,0.2333,1,0,1,1,0.35,1,0,0,0.0,0,1,1,0,0,-1.0,0,0,0,1,0,66.0,0,0.273,1,1,0,0,0,0.08025,0.48675,1,0,0,0,0,0,0,0,0,0,0
27,0,2,0,3.1972,1,1,0,0,0,0,0,0.0,0,0,0,0,0.15,1,0,0,0.0,0,1,1,0,1,8919.0,0,1,1,1,0,35.0,0,0.1089,0,0,0,0,0,0.35225,0.058,0,1,0,0,0,0,0,0,0,0,0
45,0,3,0,3.6753,2,0,0,0,14,0,0,0.0,0,0,0,0,0.5,0,0,0,0.0,0,1,4,0,0,-1.0,0,0,0,1,0,85.0,0,0.2235,1,1,0,0,0,0.001,0.48675,0,0,0,1,0,0,0,0,0,0,0
52,0,3,0,3.1307,2,1,0,0,27,0,0,0.0,0,0,0,0,0.5,0,0,0,0.0,0,1,1,0,0,-1.0,0,0,1,1,0,67.0,0,0.2126,0,1,0,0,0,0.00225,0.002,0,1,0,0,0,0,0,0,0,0,0
28,0,1,0,3.0958,0,1,0,0,9,0,0,0.0,0,0,0,0,0.5,0,0,0,0.0,0,1,1,0,0,-1.0,0,0,0,1,0,98.0,0,0.2119,1,1,0,0,0,0.02275,0.48675,0,0,0,0,0,1,0,0,0,0,0
19,0,1,0,3.0,0,1,0,0,2,0,0,0.0,0,0,0,0,0.5,0,0,0,0.0,0,1,1,0,1,-1.0,0,0,0,1,0,86.0,0,0.21,1,1,0,0,0,0.012,0.48675,0,1,0,0,0,0,0,0,0,0,0
15,0,1,0,2.8074,0,1,0,0,0,0,0,0.0,0,0,0,0,0.28,1,0,0,0.0,0,1,1,0,1,2305.0,0,0,1,1,0,72.0,0,0.1401,0,0,0,0,0,0.0545,0.058,1,0,0,0,0,0,0,0,0,0,0
113,0,2,0,3.027,1,1,0,0,37,1,2,0.0,0,0,0,0,0.5,0,0,0,0.0,0,1,1,0,0,-1.0,0,0,0,0,0,-1.0,0,0.2105,1,1,1,1,0,0.003,0.48675,0,0,0,0,0,0,0,0,0,0,1
42,4,2,0,3.9003,1,0,0,0,0,0,0,0.0,0,0,0,0,0.5,0,0,0,0.0,0,1,2,0,0,-1.0,0,0,0,1,0,43.0,0,0.228,1,1,0,0,0,0.0995,0.48675,1,0,0,0,0,0,0,0,0,0,0
32,0,1,0,3.5739,0,0,0,0,0,0,0,0.0,0,0,0,0,0.88,1,0,0,0.0,0,0,0,0,0,9.0,1,0,1,0,0,-1.0,-1,0.3355,0,0,1,1,1,0.00225,0.00025,0,0,0,0,0,0,0,0,0,0,1
24,0,2,0,3.0566,1,1,0,0,0,0,0,0.0,0,0,0,0,0.15,1,0,0,0.0,0,1,2,0,0,10694.0,0,0,1,1,0,200.0,0,0.1061,0,0,0,0,0,0.35225,0.0035,0,0,0,0,0,0,0,0,0,0,0
34,0,1,0,3.4219,0,1,0,0,6,0,0,0.0,0,0,0,0,0.15,1,0,0,0.0,0,0,0,0,1,2760.0,0,0,1,0,0,-1.0,-1,0.1134,0,0,1,1,1,0.35225,0.058,0,0,0,0,0,0,0,0,0,0,1
33,0,1,0,3.6538,0,1,0,0,3,0,0,0.0,0,0,0,0,0.5,0,0,0,0.0,0,0,0,0,0,-1.0,0,0,0,0,0,-1.0,-1,0.2231,1,1,1,1,1,0.012,0.48675,0,0,0,0,0,0,0,0,0,0,1
43,4,2,7,4.1934,1,0,0,0,0,0,0,0.0,0,0,0,0,0.5,0,0,0,0.0,0,1,2,0,0,-1.0,0,0,0,1,0,81.0,0,0.2339,1,1,0,0,0,0.0995,0.48675,1,0,0,0,0,0,0,0,0,0,0
17,0,1,5,2.9477,0,0,0,0,0,0,0,0.0,0,0,0,0,0.94,1,0,0,0.0,0,0,0,0,0,99.0,0,1,1,0,0,-1.0,-1,0.341,0,0,1,1,1,0.01625,0.01225,0,0,0,0,0,0,0,0,0,0,1
40,2,2,6,4.1313,1,1,0,0,0,0,0,0.1667,2,0,2,0,0.35,1,0,0,0.0,0,1,2,0,0,-1.0,0,0,0,1,0,31.0,0,0.2543,1,1,0,0,0,0.08025,0.48675,0,1,0,0,0,0,0,0,0,0,0
32,0,1,1,3.5216,0,1,0,0,10,0,0,0.0,0,0,0,0,0.15,1,0,0,0.0,0,0,0,0,0,2665.0,0,0,1,0,0,-1.0,-1,0.1154,0,0,1,1,1,0.35225,0.00975,0,0,0,0,0,0,0,0,0,0,1
23,0,1,0,3.3736,0,1,0,0,0,0,0,0.0,0,0,0,0,0.5,0,0,0,0.0,0,1,2,0,0,1878.0,0,0,1,1,0,111.0,0,0.2175,0,0,0,0,0,0.001,0.058,0,0,0,0,0,0,0,0,0,1,0
29,0,1,0,3.5069,0,1,0,0,6,0,0,0.0,0,0,0,0,0.5,0,0,0,0.0,0,0,0,0,0,-1.0,0,0,0,0,0,-1.0,-1,0.2201,1,1,1,1,1,0.00025,0.48675,0,0,0,0,0,0,0,0,0,0,1
34,0,1,0,2.7255,0,1,0,0,17,0,0,0.0,0,0,0,0,0.22,1,0,0,0.0,0,1,2,0,0,9390.0,0,1,1,1,0,81.0,0,0.1205,0,0,0,0,0,0.0405,0.00075,0,0,0,0,0,0,0,0,0,0,0
24,0,1,0,2.9219,0,1,0,0,6,0,0,0.0,0,0,0,0,0.5,0,0,0,0.0,0,1,1,0,0,9620.0,0,0,1,1,0,52.0,0,0.2084,0,0,0,0,0,0.00425,0.00125,0,0,0,0,0,0,0,0,0,0,0
42,0,1,1,3.6402,0,1,0,0,8,1,2,0.0,0,0,0,0,0.5,0,0,0,0.0,0,0,0,0,0,1.0,1,1,1,0,0,-1.0,-1,0.2228,0,0,1,1,1,0.0035,0.00275,0,0,0,0,0,0,0,0,0,0,1
38,0,2,0,3.7777,1,0,0,0,0,0,0,0.0,0,0,0,0,0.68,1,0,0,0.0,0,1,2,0,0,1716.0,0,0,1,1,0,53.0,0,0.2796,0,0,0,0,0,0.002,0.0055,0,1,0,0,0,0,0,0,0,0,0
29,0,1,0,2.9219,0,1,0,0,11,0,0,0.0,0,0,0,0,0.5,0,0,0,0.0,0,1,1,0,1,-1.0,0,0,0,1,0,63.0,0,0.2084,1,1,0,0,0,0.00025,0.48675,0,0,0,0,0,0,0,0,0,1,0
40,0,1,0,3.5069,0,1,0,0,17,0,0,0.0,0,0,0,0,0.15,1,0,0,0.0,0,1,1,0,0,9936.0,0,1,1,1,0,26.0,0,0.1151,0,0,0,0,0,0.35225,0.00325,0,1,0,0,0,0,0,0,0,0,0
19,0,1,0,1.9219,0,0,0,0,7,0,0,0.0,0,0,0,0,0.5,0,0,0,0.0,0,1,4,0,0,-1.0,0,0,1,1,0,88.0,0,0.1884,0,1,0,0,0,0.00125,0.00075,0,1,0,0,0,0,0,0,0,0,0
52,0,1,0,2.2359,0,1,0,0,37,0,0,0.1667,1,0,2,0,0.5,0,0,0,0.0,0,1,2,0,1,455.0,0,1,1,1,0,49.0,0,0.2614,0,0,0,0,0,0.001,0.03575,1,0,0,0,0,0,0,0,0,0,0
34,0,2,0,2.8402,1,1,0,0,11,0,0,0.0,0,0,0,0,0.15,1,0,0,0.0,0,0,0,0,0,9627.0,0,0,1,0,0,-1.0,-1,0.1018,0,0,1,1,1,0.35225,0.00625,0,0,0,0,0,0,0,0,0,0,1
22,0,2,2,3.027,1,1,0,0,0,0,0,0.0,0,0,0,0,0.15,1,0,0,0.0,0,1,1,0,0,7071.0,0,0,1,1,0,115.0,0,0.1055,0,0,0,0,0,0.35225,0.00975,0,0,0,0,0,1,0,0,0,0,0
28,0,2,6,3.2866,1,1,0,0,0,0,0,0.0,0,0,0,0,0.5,0,0,0,0.0,0,1,2,0,0,-1.0,0,0,0,1,0,85.0,0,0.2157,1,1,0,0,0,0.0995,0.48675,1,0,0,0,0,0,0,0,0,0,0
21,0,2,2,3.027,1,1,0,0,0,0,0,0.0,0,0,0,0,0.15,1,0,0,0.0,0,1,2,0,0,9993.0,0,0,1,1,0,72.0,0,0.1055,0,0,0,0,0,0.35225,0.004,0,1,0,0,0,0,0,0,0,0,0
155,0,2,3,3.2402,1,0,0,0,9,1,3,0.0,0,0,0,0,0.5,0,0,0,0.0,0,1,1,0,0,-1.0,0,0,0,1,0,65.0,0,0.2148,1,1,0,0,0,0.002,0.48675,0,1,0,0,0,0,0,0,0,0,0
28,0,3,0,3.3264,2,1,0,0,0,0,0,0.0,0,0,0,0,0.5,0,0,0,0.0,0,1,3,0,0,10883.0,0,0,1,1,0,73.0,0,0.2165,1,0,0,0,0,0.0015,0.48675,0,0,0,0,0,1,0,0,0,0,0
30,0,1,0,3.8209,0,1,0,0,0,0,0,0.0,0,0,0,0,0.15,1,0,0,0.0,0,1,1,0,0,3.0,1,0,1,1,0,88.0,0,0.1214,0,0,0,0,0,0.35225,0.0005,1,0,0,0,0,0,0,0,0,0,0
32,0,1,0,3.455,0,1,0,0,0,0,0,0.0,0,0,0,0,0.1,1,0,0,0.0,0,1,2,0,1,6857.0,0,0,1,1,0,43.0,0,0.0991,0,0,0,0,0,0.02775,0.03575,1,0,0,0,0,0,0,0,0,0,0
34,2,1,0,3.5464,0,1,0,0,5,0,0,0.0,0,0,0,0,0.5,0,0,0,0.0,0,0,0,0,0,-1.0,0,0,0,0,0,-1.0,-1,0.2209,1,1,1,1,1,0.0025,0.48675,0,0,0,0,0,0,0,0,0,0,1
27,0,2,0,3.3502,1,1,0,0,0,0,0,0.0,0,0,0,0,0.15,1,0,0,0.0,0,1,4,0,0,-1.0,0,0,0,1,0,79.0,0,0.112,1,1,0,0,0,0.35225,0.48675,0,1,0,0,0,0,0,0,0,0,0
19,0,1,0,3.2776,0,1,0,0,0,0,0,0.0,0,0,0,0,0.15,1,0,0,0.0,0,1,1,0,0,-1.0,0,0,0,1,0,43.0,0,0.1106,1,1,0,0,0,0.35225,0.48675,0,1,0,0,0,0,0,0,0,0,0
43,4,2,6,4.2506,1,0,0,0,0,0,0,0.0,0,0,0,0,0.5,0,0,0,0.0,0,1,2,0,0,-1.0,0,0,0,1,0,81.0,0,0.235,1,1,0,0,0,0.0995,0.48675,1,0,0,0,0,0,0,0,0,0,0
56,3,2,7,4.6054,1,0,0,0,0,0,0,0.0,0,0,0,0,0.5,0,0,0,0.0,0,1,2,0,0,-1.0,0,0,0,1,0,77.0,0,0.2421,1,1,0,0,0,0.0995,0.48675,1,0,0,0,0,0,0,0,0,0,0
26,0,2,0,3.4613,1,1,0,0,0,0,0,0.0,0,0,0,0,0.22,1,0,0,0.0,0,1,3,0,0,7603.0,0,0,1,1,0,50.0,0,0.1352,0,0,0,0,0,0.0405,0.058,1,0,0,0,0,0,0,0,0,0,0
65,1,5,3,4.0182,4,0,0,0,20,0,0,0.4833,1,1,1,1,0.22,1,0,0,0.0,0,0,0,0,0,611.0,0,0,1,0,0,-1.0,-1,0.3397,0,0,1,1,1,0.0405,0.00475,0,0,0,0,0,0,0,0,0,0,1
56,0,3,0,3.1307,2,0,0,0,32,0,0,0.0,0,0,0,0,0.5,0,0,0,0.0,0,1,1,0,0,-1.0,0,0,0,0,0,-1.0,0,0.2126,1,1,1,1,0,0.012,0.48675,0,0,0,0,0,0,0,0,0,0,1
53,1,2,8,4.2445,1,1,0,0,13,0,0,0.0,0,0,0,0,0.28,1,0,0,0.0,0,1,4,0,0,-1.0,0,0,0,1,0,31.0,0,0.1689,1,1,0,0,0,0.0545,0.48675,0,1,0,0,0,0,0,0,0,0,0
40,1,3,7,4.0153,2,0,0,0,0,0,0,0.0,0,0,0,1,0.15,1,0,0,0.0,0,1,1,0,0,-1.0,0,0,0,0,0,-1.0,0,0.1253,1,1,1,1,0,0.35225,0.48675,0,0,0,0,0,0,0,0,0,0,1
33,0,1,0,3.027,0,1,0,0,12,0,0,0.0,0,0,0,0,0.15,1,0,0,0.0,0,0,0,0,0,1041.0,0,0,1,0,0,-1.0,-1,0.1055,0,0,1,1,1,0.35225,0.00375,0,0,0,0,0,0,0,0,0,0,1
41,2,2,6,4.3549,1,0,0,0,0,0,0,0.0833,1,0,1,0,0.35,1,0,0,0.0,0,1,2,0,0,-1.0,0,0,0,1,0,31.0,0,0.2254,1,1,0,0,0,0.08025,0.48675,0,1,0,0,0,0,0,0,0,0,0
33,0,1,0,2.914,0,1,0,0,14,0,0,0.0,0,0,0,0,0.15,1,0,0,0.0,0,1,1,0,0,8150.0,0,0,1,0,0,-1.0,-1,0.1033,0,0,1,1,1,0.35225,0.00975,0,0,0,0,0,0,0,0,0,0,1
38,0,1,0,3.1808,0,1,0,0,17,0,0,0.0,0,0,0,0,0.15,1,0,0,0.0,0,1,2,0,1,2452.0,0,0,1,1,0,82.0,0,0.1086,0,0,0,0,0,0.35225,0.00025,1,0,0,0,0,0,0,0,0,0,0
27,1,2,0,3.8269,1,0,0,0,0,0,0,0.0,0,0,0,0,0.5,0,0,0,0.0,0,1,2,0,0,-1.0,0,0,0,1,0,41.0,0,0.2265,1,1,0,0,0,0.0995,0.48675,1,0,0,0,0,0,0,0,0,0,0
36,0,1,0,3.0221,0,1,0,0,16,0,0,0.0,0,0,0,0,0.15,1,0,0,0.0,0,1,4,0,1,9682.0,0,0,1,1,0,57.0,0,0.1054,0,0,0,0,0,0.35225,0.013,0,1,0,0,0,0,0,0,0,0,0
39,1,2,0,3.5766,1,1,0,0,12,0,0,0.0833,1,0,1,0,0.28,1,0,0,0.0,0,1,4,0,0,-1.0,0,0,0,1,0,31.0,0,0.1889,1,1,0,0,0,0.0545,0.48675,0,1,0,0,0,0,0,0,0,0,0
25,0,1,0,2.9219,0,1,0,0,6,0,0,0.0,0,0,0,0,0.85,1,0,0,0.0,0,1,1,0,1,2304.0,0,1,1,1,0,88.0,0,0.3134,0,0,0,0,0,0.0025,0.01125,0,1,0,0,0,0,0,0,0,0,0
44,1,2,0,3.2359,1,1,0,0,21,0,0,0.0,0,0,0,0,0.15,1,0,0,0.0,0,0,0,0,0,8.0,1,0,1,0,0,-1.0,-1,0.1097,0,0,1,1,1,0.35225,0.0045,0,0,0,0,0,0,0,0,0,0,1
35,0,1,0,3.4194,0,1,0,0,9,0,0,0.0,0,0,0,0,0.15,1,0,0,0.0,0,1,6,0,1,7282.0,0,1,1,1,0,92.0,0,0.1134,0,0,0,0,0,0.35225,0.01175,0,0,0,0,0,1,0,0,0,0,0
78,2,4,5,4.2225,3,1,0,0,13,0,0,0.0,0,0,0,0,0.15,1,0,0,0.0,0,1,4,0,0,3671.0,0,1,1,1,0,41.0,0,0.1295,0,0,0,0,0,0.35225,0.01575,0,1,0,0,0,0,0,0,0,0,0
29,0,1,0,3.6163,0,0,0,0,3,0,0,0.0,0,0,0,0,0.9,1,0,0,0.0,0,0,0,0,0,-1.0,0,0,0,0,0,-1.0,-1,0.3423,1,1,1,1,1,0.00575,0.48675,0,0,0,0,0,0,0,0,0,0,1
37,2,2,0,3.7849,1,0,0,0,0,0,0,0.0833,1,0,1,0,0.5,0,0,0,0.0,0,1,2,0,0,-1.0,0,0,0,1,0,47.0,0,0.259,1,1,0,0,0,0.0995,0.48675,1,0,0,0,0,0,0,0,0,0,0
39,2,2,0,3.6537,1,1,0,0,5,0,0,0.0,0,0,0,0,0.5,0,0,0,0.0,0,0,0,0,0,-1.0,0,0,0,0,0,-1.0,-1,0.2231,1,1,1,1,1,0.0025,0.48675,0,0,0,0,0,0,0,0,0,0,1
18,0,2,0,2.4194,1,1,0,0,0,0,0,0.0,0,0,0,0,0.5,0,0,0,0.0,0,1,1,0,0,-1.0,0,0,0,1,0,43.0,0,0.1984,1,1,0,0,0,0.02275,0.48675,0,1,0,0,0,0,0,0,0,0,0
25,0,2,0,3.0286,1,1,0,0,0,0,0,0.0,0,0,0,0,0.15,1,0,0,0.0,0,1,2,0,0,3209.0,0,0,1,1,0,63.0,0,0.1056,0,0,0,0,0,0.35225,0.00175,0,1,0,0,0,0,0,0,0,0,0
37,0,1,0,3.5069,0,1,0,0,14,0,0,0.0,0,0,0,0,0.5,0,0,0,0.0,0,1,1,0,0,4951.0,0,0,1,1,0,53.0,0,0.2201,0,0,0,0,0,0.00075,0.00025,0,0,0,0,1,0,0,0,0,0,0
31,0,1,0,2.8074,0,1,0,0,16,0,0,0.0833,1,0,1,0,0.1,1,0,0,0.0,0,0,0,0,0,10548.0,0,0,1,0,0,-1.0,-1,0.1195,0,0,1,1,1,0.02775,0.00175,0,0,0,0,0,0,0,0,0,0,1
47,1,2,3,3.7623,1,0,0,0,17,0,0,0.0,0,0,0,0,0.28,1,0,0,0.0,0,1,4,0,0,-1.0,0,0,0,1,0,31.0,0,0.1592,1,1,0,0,0,0.0545,0.48675,0,1,0,0,0,0,0,0,0,0,0
43,4,2,4,4.1934,1,0,0,0,0,0,0,0.0833,1,0,1,0,0.5,0,0,0,0.0,0,1,2,0,0,-1.0,0,0,0,1,0,81.0,0,0.2672,1,1,0,0,0,0.0995,0.48675,1,0,0,0,0,0,0,0,0,0,0
26,0,1,0,2.5033,0,1,0,0,9,0,0,0.0,0,0,0,0,0.15,1,0,0,0.0,0,1,3,0,1,-1.0,0,0,0,0,0,-1.0,-1,0.0951,1,1,1,1,1,0.35225,0.48675,0,0,0,0,0,0,0,0,0,0,1
48,2,2,3,4.2276,1,0,0,0,0,0,0,0.0833,1,0,1,0,0.35,1,0,0,0.0,0,1,2,0,0,-1.0,0,0,0,1,0,229.0,0,0.2229,1,1,0,0,0,0.08025,0.48675,0,0,0,0,0,0,0,0,0,0,0
38,0,3,0,3.7883,2,1,0,0,0,0,0,0.0,0,0,0,0,0.15,1,0,0,0.0,0,1,2,0,0,-1.0,0,0,0,0,0,-1.0,0,0.1208,1,1,1,1,0,0.35225,0.48675,0,0,0,0,0,0,0,0,0,0,1
44,1,2,0,3.4591,1,1,0,0,12,0,0,0.0,0,0,0,0,0.3,1,0,0,0.0,0,0,0,0,0,37.0,0,0,1,0,0,-1.0,-1,0.1592,0,0,1,1,1,0.00425,0.00075,0,0,0,0,0,0,0,0,0,0,1
24,0,2,0,2.8994,1,0,0,0,0,0,0,0.0,0,0,0,0,0.5,0,0,0,0.0,0,1,2,0,0,-1.0,0,0,0,1,0,84.0,0,0.208,1,1,0,0,0,0.0995,0.48675,1,0,0,0,0,0,0,0,0,0,0
20,0,2,0,2.6635,1,1,0,0,0,0,0,0.0,0,0,0,0,0.5,0,0,0,0.0,0,1,6,0,0,7297.0,0,0,1,1,0,169.0,0,0.2033,0,0,0,0,0,0.01325,0.001,0,0,0,0,0,0,0,0,0,0,0
36,0,1,0,2.914,0,1,0,0,7,1,2,0.0,0,0,0,0,0.15,1,0,0,0.0,0,0,0,0,0,3409.0,0,0,1,0,0,-1.0,-1,0.1033,0,0,1,1,1,0.35225,0.00175,0,0,0,0,0,0,0,0,0,0,1
31,0,1,0,3.0221,0,1,0,0,11,0,0,0.0,0,0,0,0,0.15,1,0,0,0.0,0,1,2,0,1,7247.0,0,0,1,1,0,36.0,0,0.1054,0,0,0,0,0,0.35225,0.001,1,0,0,0,0,0,0,0,0,0,0
54,0,2,0,3.2389,1,1,0,0,33,0,0,0.0,0,0,0,0,0.22,1,0,0,0.0,0,1,1,0,1,29.0,1,1,1,1,0,75.0,0,0.1308,0,0,0,0,0,0.0405,0.00425,0,1,0,0,0,0,0,0,0,0,0
32,0,1,0,2.9689,0,1,0,0,11,0,0,0.0,0,0,0,0,0.15,1,0,0,0.0,0,1,1,0,0,3429.0,0,1,1,1,0,73.0,0,0.1044,0,0,0,0,0,0.35225,0.00425,0,1,0,0,0,0,0,0,0,0,0
26,0,2,1,3.3372,1,1,0,0,0,0,0,0.0,0,0,0,0,0.5,0,0,0,0.0,0,1,2,0,0,4100.0,0,0,1,1,0,33.0,0,0.2167,0,0,0,0,0,0.00325,0.0065,1,0,0,0,0,0,0,0,0,0,0
37,0,1,0,3.5069,0,1,0,0,14,0,0,0.0,0,0,0,0,0.28,1,0,0,0.0,0,0,0,0,1,3571.0,0,0,1,0,0,-1.0,-1,0.1541,0,0,1,1,1,0.0545,0.00975,0,0,0,0,0,0,0,0,0,0,1
32,0,2,0,2.8402,1,1,0,0,9,0,0,0.0,0,0,0,0,0.15,1,0,0,0.0,0,0,0,0,0,9627.0,0,0,1,0,0,-1.0,-1,0.1018,0,0,1,1,1,0.35225,0.00625,0,0,0,0,0,0,0,0,0,0,1
24,1,1,0,3.75,0,1,0,0,0,0,0,0.0,0,0,0,0,0.15,1,0,0,0.0,0,1,1,0,0,611.0,0,0,1,1,0,59.0,0,0.12,0,0,0,0,0,0.35225,0.00025,0,1,0,0,0,0,0,0,0,0,0
55,0,2,0,3.9133,1,1,0,0,21,0,0,0.0,0,0,0,0,0.28,1,0,0,0.0,0,1,4,0,0,-1.0,0,0,0,1,0,31.0,0,0.1623,1,1,0,0,0,0.0545,0.48675,0,1,0,0,0,0,0,0,0,0,0
95,0,2,0,3.6144,1,0,0,0,70,0,0,0.0,0,0,0,0,0.28,1,0,0,0.0,0,1,4,0,0,-1.0,0,0,0,1,0,31.0,0,0.1563,1,1,0,0,0,0.0545,0.48675,0,1,0,0,0,0,0,0,0,0,0
30,0,1,0,3.2776,0,1,0,0,11,0,0,0.0,0,0,0,0,0.5,0,0,0,0.0,0,1,1,0,0,-1.0,0,0,0,0,0,-1.0,-1,0.2156,1,1,1,1,1,0.01075,0.48675,0,0,0,0,0,0,0,0,0,0,1
54,3,2,5,4.3055,1,1,0,0,0,0,0,0.0833,1,0,1,0,0.35,1,0,0,0.0,0,1,2,0,0,-1.0,0,0,0,1,0,55.0,0,0.2244,1,1,0,0,0,0.08025,0.48675,1,0,0,0,0,0,0,0,0,0,0
42,0,2,2,3.8231,1,0,0,0,13,0,0,0.0,0,0,0,0,0.28,1,0,0,0.0,0,1,4,0,0,-1.0,0,0,0,1,0,31.0,0,0.1605,1,1,0,0,0,0.0545,0.48675,0,1,0,0,0,0,0,0,0,0,0
39,0,1,0,3.6402,0,1,0,0,16,0,0,0.0,0,0,0,0,0.15,1,0,0,0.0,0,1,3,0,1,5457.0,0,0,1,1,0,46.0,0,0.1178,0,0,0,0,0,0.35225,0.03575,1,0,0,0,0,0,0,0,0,0,0
20,0,1,0,3.585,0,1,0,0,0,0,0,0.0,0,0,0,0,0.15,1,0,0,0.0,0,1,3,0,1,-1.0,0,0,0,1,0,50.0,0,0.1167,1,1,0,0,0,0.35225,0.48675,1,0,0,0,0,0,0,0,0,0,0
49,1,3,6,4.2587,2,1,0,0,0,0,0,0.0833,1,0,1,0,0.35,1,0,0,0.0,0,1,2,0,0,-1.0,0,0,0,0,0,-1.0,-1,0.2235,1,1,1,1,1,0.08025,0.48675,0,0,0,0,0,0,0,0,0,0,1
31,0,1,0,2.5216,0,1,0,0,16,0,0,0.0,0,0,0,0,0.5,0,0,0,0.0,0,1,1,0,1,-1.0,0,0,0,0,0,-1.0,-1,0.2004,1,1,1,1,1,0.00125,0.48675,0,0,0,0,0,0,0,0,0,0,1
26,0,2,0,3.5724,1,1,0,0,0,0,0,0.0,0,0,0,0,0.15,1,0,0,0.0,0,1,2,0,0,9951.0,0,0,1,1,0,120.0,0,0.1164,0,0,0,0,0,0.35225,0.036,0,0,0,0,0,1,0,0,0,0,0
38,0,2,0,2.914,1,1,0,0,19,0,0,0.0,0,0,0,0,0.5,0,0,0,0.0,0,1,2,0,1,9708.0,0,0,1,0,0,-1.0,-1,0.2083,0,0,1,1,1,0.00025,0.00025,0,0,0,0,0,0,0,0,0,0,1
30,0,2,0,3.2321,1,1,0,0,0,0,0,0.0,0,0,0,0,0.28,1,0,0,0.0,0,1,2,0,0,-1.0,0,0,0,1,0,74.0,0,0.1486,1,1,0,0,0,0.0545,0.48675,1,0,0,0,0,0,0,0,0,0,0
105,0,3,0,3.1307,2,1,0,0,25,1,2,0.0,0,0,0,0,0.5,0,0,0,0.0,0,1,1,0,0,-1.0,0,0,0,1,0,33.0,0,0.2126,1,1,0,0,0,0.00325,0.48675,0,1,0,0,0,0,0,0,0,0,0
21,0,1,0,2.1281,0,1,0,0,6,0,0,0.0,0,0,0,0,0.15,1,0,0,0.0,0,1,2,0,0,-1.0,0,0,0,1,0,80.0,0,0.0876,1,1,0,0,0,0.35225,0.48675,0,0,0,0,0,1,0,0,0,0,0
46,4,2,5,4.4386,1,0,0,0,0,0,0,0.0,0,0,0,0,0.5,0,0,0,0.0,0,1,2,0,0,-1.0,0,0,0,0,0,-1.0,-1,0.2388,1,1,1,1,1,0.0995,0.48675,0,0,0,0,0,0,0,0,0,0,1
33,0,1,0,2.8454,0,1,0,0,14,0,0,0.0,0,0,0,0,0.22,1,0,0,0.0,0,0,0,0,0,9734.0,0,0,1,0,0,-1.0,-1,0.1229,0,0,1,1,1,0.0405,0.0025,0,0,0,0,0,0,0,0,0,0,1
43,1,1,0,3.6402,0,1,0,0,19,0,0,0.0,0,0,0,0,0.5,0,0,0,0.0,0,1,1,0,1,-1.0,0,0,0,0,0,-1.0,-1,0.2228,1,1,1,1,1,0.01075,0.48675,0,0,0,0,0,0,0,0,0,0,1
58,0,1,17,3.8482,0,1,0,0,13,0,0,0.0,0,0,0,0,0.15,1,0,0,0.0,0,0,0,0,0,-1.0,0,0,0,0,0,-1.0,-1,0.122,1,1,1,1,1,0.35225,0.48675,0,0,0,0,0,0,0,0,0,0,1
23,0,1,0,3.1899,0,1,0,0,0,0,0,0.0,0,0,0,0,0.15,1,0,0,0.0,0,1,1,0,1,-1.0,0,0,0,0,0,-1.0,-1,0.1088,1,1,1,1,1,0.35225,0.48675,0,0,0,0,0,0,0,0,0,0,1
32,0,2,0,2.7219,1,1,0,0,14,0,0,0.0833,1,0,1,0,0.5,0,0,0,0.0,0,1,1,0,0,-1.0,0,0,0,0,0,-1.0,-1,0.2378,1,1,1,1,1,0.0015,0.48675,0,0,0,0,0,0,0,0,0,0,1
19,0,2,0,2.6635,1,1,0,0,0,0,0,0.0,0,0,0,0,0.02,1,0,0,0.0,0,1,2,0,0,-1.0,0,0,0,0,0,-1.0,-1,0.0593,1,1,1,1,1,0.0075,0.48675,0,0,0,0,0,0,0,0,0,0,1
167,1,1,0,3.6901,0,1,0,0,6,1,2,0.0833,1,0,1,0,0.15,1,0,0,0.0,0,0,0,0,0,-1.0,0,0,0,0,0,-1.0,-1,0.1521,1,1,1,1,1,0.35225,0.48675,0,0,0,0,0,0,0,0,0,0,1
16,0,1,0,2.5,0,1,0,0,0,0,0,0.0,0,0,0,0,0.5,0,0,0,0.0,0,1,2,0,1,-1.0,0,0,0,1,0,40.0,0,0.2,1,1,0,0,0,0.00975,0.48675,0,1,0,0,0,0,0,0,0,0,0
23,0,2,0,3.1899,1,1,0,0,0,0,0,0.0,0,0,0,0,0.5,0,0,0,0.0,0,1,1,0,0,3915.0,0,0,1,1,0,50.0,0,0.2138,1,0,0,0,0,0.00075,0.48675,0,1,0,0,0,0,0,0,0,0,0
44,0,2,0,3.0958,1,0,0,0,26,0,0,0.1667,2,0,2,0,0.5,0,0,0,0.0,0,1,2,0,0,-1.0,0,0,0,1,0,79.0,0,0.2786,1,1,0,0,0,0.00975,0.48675,1,0,0,0,0,0,0,0,0,0,0
36,2,2,0,3.6375,1,0,0,0,0,0,0,0.1667,2,0,2,0,0.35,1,0,0,0.0,0,1,2,0,0,-1.0,0,0,0,1,0,55.0,0,0.2444,1,1,0,0,0,0.08025,0.48675,1,0,0,0,0,0,0,0,0,0,0
26,0,1,0,2.8074,0,1,0,0,11,0,0,0.0,0,0,0,0,0.5,0,0,0,0.0,0,1,2,0,0,3125.0,0,0,1,1,0,175.0,0,0.2061,0,0,0,0,0,0.02275,0.012,0,0,0,0,0,1,0,0,0,0,0
34,0,2,0,3.1808,1,1,0,0,13,0,0,0.0,0,0,0,0,0.5,0,0,0,0.0,0,0,0,0,0,7422.0,0,1,1,0,0,-1.0,-1,0.2136,0,0,1,1,1,0.0085,0.01225,0,0,0,0,0,0,0,0,0,0,1
27,0,1,0,2.6887,0,1,0,0,6,0,0,0.0,0,0,0,0,0.15,1,0,0,0.0,0,1,3,0,0,2329.0,0,0,1,1,0,82.0,0,0.0988,0,0,0,0,0,0.35225,0.058,1,0,0,0,0,0,0,0,0,0,0
34,0,3,0,3.6574,2,0,0,0,0,0,0,0.0,0,0,0,0,0.15,1,0,0,0.0,0,1,2,0,0,-1.0,0,0,0,0,0,-1.0,0,0.1181,1,1,1,1,0,0.35225,0.48675,0,0,0,0,0,0,0,0,0,0,1
22,0,1,0,3.3788,0,1,0,0,0,0,0,0.1667,1,0,1,0,0.7,1,0,0,0.0,0,0,0,0,0,-1.0,0,0,0,0,0,-1.0,-1,0.3443,1,1,1,1,1,0.0095,0.48675,0,0,0,0,0,0,0,0,0,0,1
33,0,1,0,3.0958,0,1,0,0,7,1,2,0.0,0,0,0,0,0.87,1,0,0,0.0,0,1,2,0,0,-1.0,0,0,0,1,0,45.0,0,0.3229,1,1,0,0,0,0.0005,0.48675,0,1,0,0,0,0,0,0,0,0,0
29,0,2,0,3.5945,1,0,0,0,0,0,0,0.0833,1,0,1,0,0.35,1,0,0,0.0,0,1,2,0,0,-1.0,0,0,0,0,0,-1.0,-1,0.2102,1,1,1,1,1,0.08025,0.48675,0,0,0,0,0,0,0,0,0,0,1
46,1,3,5,4.1008,2,1,0,0,0,0,0,0.0,0,0,0,0,0.22,1,0,0,0.0,0,1,1,0,0,-1.0,0,0,0,1,0,102.0,0,0.148,1,1,0,0,0,0.0405,0.48675,0,0,0,0,0,0,0,0,0,1,0
27,0,1,0,3.3347,0,1,0,0,6,0,0,0.0,0,0,0,0,0.15,1,0,0,0.0,0,0,0,0,0,-1.0,0,0,0,0,0,-1.0,-1,0.1117,1,1,1,1,1,0.35225,0.48675,0,0,0,0,0,0,0,0,0,0,1
39,0,2,0,3.4548,1,1,0,0,7,1,2,0.0,0,0,0,0,0.5,0,0,0,0.0,0,1,1,0,0,-1.0,0,0,0,0,0,-1.0,-1,0.2191,1,1,1,1,1,0.001,0.48675,0,0,0,0,0,0,0,0,0,0,1
56,0,1,0,3.1219,0,1,0,0,38,0,0,0.0,0,0,0,0,0.2,1,0,0,0.0,0,1,1,0,1,1606.0,0,0,1,1,0,26.0,0,0.1224,0,0,0,0,0,0.0055,0.00025,0,1,0,0,0,0,0,0,0,0,0
20,0,1,8,3.085,0,0,0,0,0,0,0,0.0,0,0,0,0,0.15,1,0,0,0.0,0,0,0,0,0,-1.0,0,0,0,0,0,-1.0,-1,0.1067,1,1,1,1,1,0.35225,0.48675,0,0,0,0,0,0,0,0,0,0,1
37,0,1,0,3.085,0,1,0,0,17,0,0,0.0,0,0,0,0,0.15,1,0,0,0.0,0,1,2,0,1,11128.0,0,0,1,0,0,-1.0,-1,0.1067,0,0,1,1,1,0.35225,0.058,0,0,0,0,0,0,0,0,0,0,1
31,1,3,0,3.516,2,1,0,0,0,0,0,0.0,0,0,0,0,0.5,0,0,0,0.0,0,0,0,0,0,4.0,1,0,1,0,0,-1.0,-1,0.2203,0,0,1,1,1,0.01325,0.00075,0,0,0,0,0,0,0,0,0,0,1
35,2,1,0,3.4548,0,1,0,0,10,0,0,0.0,0,0,0,0,0.22,1,0,0,0.0,0,0,0,0,0,-1.0,0,0,0,0,0,-1.0,-1,0.1351,1,1,1,1,1,0.0405,0.48675,0,0,0,0,0,0,0,0,0,0,1
39,0,1,0,2.8554,0,1,0,0,19,0,0,0.0,0,0,0,0,0.15,1,0,0,0.0,0,1,1,0,0,-1.0,0,0,0,0,0,-1.0,-1,0.1021,1,1,1,1,1,0.35225,0.48675,0,0,0,0,0,0,0,0,0,0,1
24,0,2,0,3.3232,1,1,0,0,0,0,0,0.0,0,0,0,0,0.5,0,0,0,0.0,0,1,4,0,0,10840.0,0,0,1,0,0,-1.0,-1,0.2165,0,0,1,1,1,0.00075,0.0005,0,0,0,0,0,0,0,0,0,0,1
19,0,1,0,3.0272,0,1,0,0,0,0,0,0.0,0,0,0,0,0.5,0,0,0,0.0,0,1,3,0,1,-1.0,0,0,0,1,0,57.0,0,0.2105,1,1,0,0,0,0.00025,0.48675,1,0,0,0,0,0,0,0,0,0,0
17,0,1,0,2.9477,0,1,0,0,0,0,0,0.0,0,0,0,0,0.5,0,0,0,0.0,0,1,1,0,0,-1.0,0,0,0,1,0,66.0,0,0.209,1,1,0,0,0,0.00325,0.48675,0,1,0,0,0,0,0,0,0,0,0
34,0,2,0,3.2733,1,1,0,0,0,0,0,0.0,0,0,0,0,0.15,1,0,0,0.0,0,1,2,0,0,-1.0,0,0,0,0,0,-1.0,-1,0.1105,1,1,1,1,1,0.35225,0.48675,0,0,0,0,0,0,0,0,0,0,1
37,0,2,4,3.7943,1,1,0,0,0,0,0,0.0,0,0,0,0,0.5,0,0,0,0.0,0,1,2,0,0,-1.0,0,0,0,0,0,-1.0,-1,0.2259,1,1,1,1,1,0.0035,0.48675,0,0,0,0,0,0,0,0,0,0,1
48,0,2,2,3.9737,1,1,0,0,14,0,0,0.0,0,0,0,0,0.28,1,0,0,0.0,0,1,4,0,0,-1.0,0,0,0,1,0,31.0,0,0.1635,1,1,0,0,0,0.0545,0.48675,0,1,0,0,0,0,0,0,0,0,0
46,0,2,0,3.1808,1,1,0,0,25,0,0,0.0,0,0,0,0,0.5,0,0,0,0.0,0,1,1,0,0,-1.0,0,0,0,0,0,-1.0,-1,0.2136,1,1,1,1,1,0.002,0.48675,0,0,0,0,0,0,0,0,0,0,1
15,0,1,1,2.8074,0,1,0,0,0,0,0,0.0833,1,0,1,0,0.5,0,0,0,0.0,0,1,13,0,0,-1.0,0,0,0,0,0,-1.0,-1,0.2395,1,1,1,1,1,0.02275,0.48675,0,0,0,0,0,0,0,0,0,0,1
23,0,2,0,3.3249,1,1,0,0,0,0,0,0.0,0,0,0,0,0.15,1,0,0,0.0,0,1,2,0,0,7179.0,0,0,1,0,0,-1.0,-1,0.1115,0,0,1,1,1,0.35225,0.003,0,0,0,0,0,0,0,0,0,0,1
28,2,1,0,3.4219,0,0,0,0,0,0,0,0.0,0,0,0,0,0.15,1,0,0,0.0,0,0,0,0,0,6.0,1,0,1,0,0,-1.0,-1,0.1134,0,0,1,1,1,0.35225,0.0065,0,0,0,0,0,0,0,0,0,0,1
40,0,2,0,3.2389,1,1,0,0,19,0,0,0.0,0,0,0,0,0.22,1,0,0,0.0,0,1,1,0,1,29.0,1,1,1,0,0,-1.0,-1,0.1308,0,0,1,1,1,0.0405,0.00425,0,0,0,0,0,0,0,0,0,0,1
48,0,2,4,3.7544,1,1,0,0,17,0,0,0.0,0,0,0,0,0.28,1,0,0,0.0,0,1,4,0,0,-1.0,0,0,0,0,0,-1.0,-1,0.1591,1,1,1,1,1,0.0545,0.48675,0,0,0,0,0,0,0,0,0,0,1
33,0,2,0,3.6887,1,1,0,0,0,0,0,0.0,0,0,0,0,0.15,1,0,0,0.0,0,1,4,0,0,-1.0,0,0,0,0,0,-1.0,-1,0.1188,1,1,1,1,1,0.35225,0.48675,0,0,0,0,0,0,0,0,0,0,1
23,0,1,0,2.9477,0,1,0,0,6,0,0,0.0,0,0,0,0,0.15,1,0,0,0.0,0,1,3,0,0,-1.0,0,0,0,0,0,-1.0,-1,0.104,1,1,1,1,1,0.35225,0.48675,0,0,0,0,0,0,0,0,0,0,1
31,0,1,0,3.3372,0,1,0,0,6,0,0,0.0,0,0,0,0,0.15,1,0,0,0.0,0,1,1,0,0,-1.0,0,0,0,0,0,-1.0,-1,0.1117,1,1,1,1,1,0.35225,0.48675,0,0,0,0,0,0,0,0,0,0,1
23,0,2,0,2.8963,1,1,0,0,0,0,0,0.0,0,0,0,0,0.02,1,0,0,0.0,0,1,2,0,0,-1.0,0,0,0,0,0,-1.0,-1,0.0639,1,1,1,1,1,0.0075,0.48675,0,0,0,0,0,0,0,0,0,0,1
46,4,2,8,4.4714,1,0,0,0,0,0,0,0.0,0,0,0,0,0.5,0,0,0,0.0,0,1,2,0,0,-1.0,0,0,0,0,0,-1.0,-1,0.2394,1,1,1,1,1,0.0995,0.48675,0,0,0,0,0,0,0,0,0,0,1
31,0,1,0,2.914,0,1,0,0,12,0,0,0.0,0,0,0,0,0.15,1,0,0,0.0,0,1,4,0,1,-1.0,0,0,0,0,0,-1.0,-1,0.1033,1,1,1,1,1,0.35225,0.48675,0,0,0,0,0,0,0,0,0,0,1
39,0,2,0,3.8245,1,0,0,0,0,0,0,0.0,0,0,0,0,0.15,1,0,0,0.0,0,1,2,0,0,-1.0,0,0,0,0,0,-1.0,-1,0.1215,1,1,1,1,1,0.35225,0.48675,0,0,0,0,0,0,0,0,0,0,1
25,0,2,0,3.4992,1,0,0,0,0,0,0,0.0,0,0,0,0,0.15,1,0,0,0.0,0,0,0,0,0,-1.0,0,0,0,0,0,-1.0,-1,0.115,1,1,1,1,1,0.35225,0.48675,0,0,0,0,0,0,0,0,0,0,1
29,0,1,8,3.1887,0,1,0,0,9,0,0,0.0,0,0,0,0,0.94,1,0,0,0.0,0,0,0,0,0,-1.0,0,0,0,0,0,-1.0,-1,0.3458,1,1,1,1,1,0.01625,0.48675,0,0,0,0,0,0,0,0,0,0,1
38,4,2,0,3.6947,1,0,0,0,0,0,0,0.0,0,0,0,0,0.5,0,0,0,0.0,0,1,1,0,0,-1.0,0,0,0,0,0,-1.0,-1,0.2239,1,1,1,1,1,0.004,0.48675,0,0,0,0,0,0,0,0,0,0,1
23,0,1,0,3.1699,0,1,0,0,6,0,0,0.0,0,0,0,0,0.15,1,0,0,0.0,0,1,1,0,1,-1.0,0,0,0,0,0,-1.0,-1,0.1084,1,1,1,1,1,0.35225,0.48675,0,0,0,0,0,0,0,0,0,0,1
33,0,2,0,3.027,1,0,0,0,12,0,0,0.0,0,0,0,0,0.5,0,0,0,0.0,0,1,1,0,0,-1.0,0,0,0,0,0,-1.0,-1,0.2105,1,1,1,1,1,0.00125,0.48675,0,0,0,0,0,0,0,0,0,0,1
30,0,2,0,3.182,1,1,0,0,8,0,0,0.0,0,0,0,0,0.15,1,0,0,0.0,0,1,1,0,0,-1.0,0,0,0,0,0,-1.0,-1,0.1086,1,1,1,1,1,0.35225,0.48675,0,0,0,0,0,0,0,0,0,0,1
23,0,2,0,3.182,1,1,0,0,0,0,0,0.0,0,0,0,0,0.15,1,0,0,0.0,0,1,1,0,0,-1.0,0,0,0,1,0,39.0,0,0.1086,1,1,0,0,0,0.35225,0.48675,0,1,0,0,0,0,0,0,0,0,0
36,0,1,0,3.2776,0,1,0,0,17,0,0,0.0,0,0,0,0,0.5,0,0,0,0.0,0,1,1,0,0,-1.0,0,0,0,0,0,-1.0,-1,0.2156,1,1,1,1,1,0.00325,0.48675,0,0,0,0,0,0,0,0,0,0,1
27,1,2,0,3.7216,1,0,0,0,0,0,0,0.1667,2,0,2,0,0.35,1,0,0,0.0,0,0,0,0,0,-1.0,0,0,0,0,0,-1.0,-1,0.2461,1,1,1,1,1,0.08025,0.48675,0,0,0,0,0,0,0,0,0,0,1
29,0,1,0,3.3219,0,1,0,0,11,0,0,0.0833,1,0,1,0,0.03,1,0,0,0.0,0,1,2,0,1,-1.0,0,0,0,0,0,-1.0,-1,0.1088,1,1,1,1,1,0.00325,0.48675,0,0,0,0,0,0,0,0,0,0,1
18,0,1,0,3.3219,0,1,0,0,0,0,0,0.0,0,0,0,0,0.5,0,0,0,0.0,0,0,0,0,0,4491.0,0,0,1,0,0,-1.0,-1,0.2164,0,0,1,1,1,0.02275,0.012,0,0,0,0,0,0,0,0,0,0,1
40,3,2,0,3.5755,1,0,0,0,0,0,0,0.0833,1,0,1,0,0.68,1,0,0,0.0,0,1,2,0,0,1716.0,0,0,1,1,0,53.0,0,0.3088,0,0,0,0,0,0.002,0.0055,0,1,0,0,0,0,0,0,0,0,0
22,0,2,0,3.027,1,1,0,0,0,0,0,0.0,0,0,0,0,0.15,1,0,0,0.0,0,1,2,0,1,9552.0,0,0,1,0,0,-1.0,-1,0.1055,0,0,1,1,1,0.35225,0.00975,0,0,0,0,0,0,0,0,0,0,1
16,0,1,0,3.0,0,1,0,0,0,0,0,0.0,0,0,0,0,0.5,0,0,0,0.0,0,1,3,0,1,-1.0,0,0,0,1,0,54.0,0,0.21,1,1,0,0,0,0.00025,0.48675,1,0,0,0,0,0,0,0,0,0,0
27,1,1,2,3.4194,0,1,0,0,0,0,0,0.0,0,0,0,0,0.55,1,0,0,0.0,0,0,0,0,0,-1.0,0,0,0,0,0,-1.0,-1,0.2334,1,1,1,1,1,0.00425,0.48675,0,0,0,0,0,0,0,0,0,0,1
39,0,1,9,3.3927,0,1,0,0,18,0,0,0.0,0,0,0,0,0.94,1,0,0,0.0,0,0,0,0,0,-1.0,0,0,0,0,0,-1.0,-1,0.3499,1,1,1,1,1,0.01625,0.48675,0,0,0,0,0,0,0,0,0,0,1
53,0,1,1,2.585,0,1,0,0,39,0,0,0.0833,1,0,1,0,0.2,1,0,0,0.0,0,1,2,0,1,6835.0,0,0,1,1,0,45.0,0,0.145,0,0,0,0,0,0.0055,0.058,0,1,0,0,0,0,0,0,0,0,0
43,1,2,0,3.8802,1,1,0,0,13,0,0,0.0,0,0,0,0,0.28,1,0,0,0.0,0,1,4,0,0,-1.0,0,0,0,1,0,31.0,0,0.1616,1,1,0,0,0,0.0545,0.48675,0,1,0,0,0,0,0,0,0,0,0
85,0,2,0,3.6635,1,1,0,0,27,0,1,0.0833,1,0,1,0,0.5,0,0,0,0.0,0,1,2,0,0,94.0,0,0,1,1,0,55.0,0,0.2566,0,0,0,0,0,0.0005,0.00025,0,1,0,0,0,0,0,0,0,0,0
34,1,3,0,3.6133,2,0,0,0,0,0,0,0.1667,2,0,2,0,0.35,1,0,0,0.0,0,1,2,0,0,-1.0,0,0,0,0,0,-1.0,0,0.2439,1,1,1,1,0,0.08025,0.48675,0,0,0,0,0,0,0,0,0,0,1
18,0,1,7,2.9219,0,0,0,0,0,0,0,0.0,0,0,0,0,0.5,0,0,0,0.0,0,1,3,0,0,15.0,1,0,1,1,0,74.0,0,0.2084,0,0,0,0,0,0.0085,0.00375,0,1,0,0,0,0,0,0,0,0,0
83,0,2,1,3.6412,1,1,0,0,53,0,0,0.0,0,0,0,0,0.15,1,0,0,0.0,0,1,2,0,0,1619.0,0,1,1,1,0,81.0,0,0.1178,0,0,0,0,0,0.35225,0.00175,0,0,0,0,0,0,0,1,0,0,0
23,0,2,0,3.0391,1,1,0,0,0,0,0,0.0,0,0,0,0,0.15,1,0,0,0.0,0,1,2,0,0,3174.0,0,0,1,1,0,40.0,0,0.1058,0,0,0,0,0,0.35225,0.00075,1,0,0,0,0,0,0,0,0,0,0
29,0,2,0,3.6897,1,1,0,0,0,0,0,0.0,0,0,0,0,0.15,1,0,0,0.0,0,1,1,0,1,10611.0,0,0,1,1,0,56.0,0,0.1188,0,0,0,0,0,0.35225,0.013,0,1,0,0,0,0,0,0,0,0,0
32,0,1,0,3.5216,0,1,0,0,10,0,0,0.0,0,0,0,0,0.22,1,0,0,0.0,0,0,0,0,1,5050.0,0,0,1,0,0,-1.0,-1,0.1364,0,0,1,1,1,0.0405,0.036,0,0,0,0,0,0,0,0,0,0,1
23,0,2,0,3.085,1,1,0,0,3,0,0,0.0,0,0,0,0,0.5,0,0,0,0.0,0,0,0,0,0,10520.0,0,1,1,0,0,-1.0,-1,0.2117,0,0,1,1,1,0.0085,0.01225,0,0,0,0,0,0,0,0,0,0,1
43,1,2,0,3.7899,1,1,0,0,0,1,2,0.0,0,0,0,0,0.15,1,0,0,0.0,0,1,2,0,0,-1.0,0,0,0,1,0,50.0,0,0.1208,1,1,0,0,0,0.35225,0.48675,1,0,0,0,0,0,0,0,0,0,0
34,0,2,1,3.1219,1,1,0,0,16,0,0,0.0,0,0,0,0,0.5,0,0,0,0.0,0,1,1,0,0,7607.0,0,0,1,0,0,-1.0,-1,0.2124,0,0,1,1,1,0.00175,0.00025,0,0,0,0,0,0,0,0,0,0,1
36,0,1,0,3.0958,0,1,0,0,17,0,0,0.0,0,0,0,0,0.15,1,0,0,0.0,0,0,0,0,0,-1.0,0,0,0,0,0,-1.0,-1,0.1069,1,1,1,1,1,0.35225,0.48675,0,0,0,0,0,0,0,0,0,0,1
39,0,2,0,3.6887,1,1,0,0,6,0,0,0.0,0,0,0,0,0.15,1,0,0,0.0,0,1,1,0,0,6635.0,0,0,1,1,0,33.0,0,0.1188,0,0,0,0,0,0.35225,0.0035,0,0,0,0,0,0,0,0,0,0,0
37,1,1,0,3.6054,0,1,0,0,4,0,0,0.0,0,0,0,0,0.15,1,0,0,0.0,0,0,0,0,0,-1.0,0,0,0,0,0,-1.0,-1,0.1171,1,1,1,1,1,0.35225,0.48675,0,0,0,0,0,0,0,0,0,0,1
42,0,2,4,3.9764,1,0,0,0,0,0,0,0.0,0,0,0,0,0.15,1,0,0,0.0,0,1,2,0,0,-1.0,0,0,0,0,0,-1.0,-1,0.1245,1,1,1,1,1,0.35225,0.48675,0,0,0,0,0,0,0,0,0,0,1
52,0,3,0,4.0755,2,0,0,0,0,0,0,0.0,0,0,0,0,0.15,1,0,0,0.0,0,1,2,0,0,-1.0,0,0,0,0,0,-1.0,-1,0.1265,1,1,1,1,1,0.35225,0.48675,0,0,0,0,0,0,0,0,0,0,1
44,1,2,0,4.0661,1,1,0,0,7,0,0,0.0,0,0,0,0,0.28,1,0,0,0.0,0,1,4,0,0,-1.0,0,0,0,1,0,31.0,0,0.1653,1,1,0,0,0,0.0545,0.48675,0,1,0,0,0,0,0,0,0,0,0
23,0,2,7,3.3232,1,0,0,0,0,0,0,0.0,0,0,0,0,0.5,0,0,0,0.0,0,0,0,0,0,-1.0,0,0,0,0,0,-1.0,-1,0.2165,1,1,1,1,1,0.02275,0.48675,0,0,0,0,0,0,0,0,0,0,1
24,0,2,0,3.3232,1,1,0,0,0,0,0,0.0,0,0,0,0,0.15,1,0,0,0.0,0,1,2,0,0,-1.0,0,0,0,1,0,62.0,0,0.1115,1,1,0,0,0,0.35225,0.48675,1,0,0,0,0,0,0,0,0,0,0
21,0,2,0,2.585,1,1,0,0,0,0,0,0.0,0,0,0,0,0.15,1,0,0,0.0,0,1,2,0,0,-1.0,0,0,0,1,0,18.0,0,0.0967,1,1,0,0,0,0.35225,0.48675,0,1,0,0,0,0,0,0,0,0,0
17,0,1,0,2.7255,0,1,0,0,0,0,0,0.0,0,0,0,0,0.15,1,0,0,0.0,0,1,1,0,0,-1.0,0,0,0,0,0,-1.0,-1,0.0995,1,1,1,1,1,0.35225,0.48675,0,0,0,0,0,0,0,0,0,0,1
36,0,1,0,3.3219,0,1,0,0,17,0,0,0.0,0,0,0,0,0.15,1,0,0,0.0,0,1,1,0,1,-1.0,0,0,0,0,0,-1.0,-1,0.1114,1,1,1,1,1,0.35225,0.48675,0,0,0,0,0,0,0,0,0,0,1
35,0,2,0,3.5383,1,0,0,0,5,0,0,0.1667,1,0,1,0,0.7,1,0,0,0.0,0,0,0,0,0,12.0,1,0,1,0,0,-1.0,-1,0.3474,0,0,1,1,1,0.0095,0.00175,0,0,0,0,0,0,0,0,0,0,1
42,4,2,5,4.1607,1,0,0,0,0,0,0,0.0,0,0,0,0,0.5,0,0,0,0.0,0,1,2,0,0,-1.0,0,0,0,1,0,81.0,0,0.2332,1,1,0,0,0,0.0995,0.48675,1,0,0,0,0,0,0,0,0,0,0
44,2,2,6,4.0791,1,1,0,0,0,0,0,0.0833,1,0,1,0,0.35,1,0,0,0.0,0,1,2,0,0,-1.0,0,0,0,1,0,31.0,0,0.2199,1,1,0,0,0,0.08025,0.48675,0,1,0,0,0,0,0,0,0,0,0
25,0,1,0,3.0958,0,1,0,0,6,0,0,0.0,0,0,0,0,0.15,1,0,0,0.0,0,1,2,0,0,261.0,0,0,1,1,0,88.0,0,0.1069,0,0,0,0,0,0.35225,0.03575,1,0,0,0,0,0,0,0,0,0,0
18,0,1,5,2.9477,0,1,0,0,0,0,0,0.0,0,0,0,0,0.94,1,0,0,0.0,0,0,0,0,0,132.0,0,1,1,0,0,-1.0,-1,0.341,0,0,1,1,1,0.01625,0.01225,0,0,0,0,0,0,0,0,0,0,1
59,2,2,0,3.9748,1,1,0,0,16,0,0,0.0,0,0,0,0,0.28,1,0,0,0.0,0,1,4,0,0,-1.0,0,0,0,1,0,31.0,0,0.1635,1,1,0,0,0,0.0545,0.48675,0,1,0,0,0,0,0,0,0,0,0
30,0,2,0,3.3565,1,0,0,0,0,0,0,0.0,0,0,0,0,0.15,1,0,0,0.0,0,0,0,0,0,-1.0,0,0,0,0,0,-1.0,-1,0.1121,1,1,1,1,1,0.35225,0.48675,0,0,0,0,0,0,0,0,0,0,1
23,0,2,7,3.5069,1,0,0,0,0,0,0,0.0,0,0,0,0,0.5,0,0,0,0.0,0,0,0,0,0,-1.0,0,0,0,0,0,-1.0,-1,0.2201,1,1,1,1,1,0.02275,0.48675,0,0,0,0,0,0,0,0,0,0,1
44,0,1,0,3.6842,0,1,0,0,16,0,0,0.0,0,0,0,0,0.15,1,0,0,0.0,0,1,1,0,1,-1.0,0,0,0,1,0,87.0,0,0.1187,1,1,0,0,0,0.35225,0.48675,1,0,0,0,0,0,0,0,0,0,0
27,0,1,2,3.3219,0,1,0,0,9,0,0,0.0,0,0,0,0,0.15,1,0,0,0.0,0,1,2,0,0,64.0,0,0,1,1,0,84.0,0,0.1114,0,0,0,0,0,0.35225,0.03575,0,1,0,0,0,0,0,0,0,0,0
22,0,2,0,2.8963,1,1,0,0,0,0,0,0.0,0,0,0,0,0.5,0,0,0,0.0,0,1,1,0,0,11536.0,0,0,1,1,0,246.0,0,0.2079,1,0,0,0,0,0.00925,0.48675,0,0,0,0,0,1,0,0,0,0,0
34,2,2,0,3.8543,1,0,0,0,0,0,0,0.0,0,0,0,0,0.5,0,0,0,0.0,0,1,2,0,0,-1.0,0,0,0,1,0,44.0,0,0.2271,1,1,0,0,0,0.0995,0.48675,1,0,0,0,0,0,0,0,0,0,0
30,0,1,0,2.8454,0,1,0,0,11,0,0,0.0,0,0,0,0,0.22,1,0,0,0.0,0,0,0,0,1,4462.0,0,0,1,0,0,-1.0,-1,0.1229,0,0,1,1,1,0.0405,0.036,0,0,0,0,0,0,0,0,0,0,1
31,0,1,0,3.7623,0,0,0,0,0,0,0,0.0,0,0,0,0,0.15,1,0,0,0.0,0,1,1,0,0,258.0,0,1,1,0,0,-1.0,-1,0.1202,0,0,1,1,1,0.35225,0.058,0,0,0,0,0,0,0,0,0,0,1
27,0,2,0,3.5305,1,1,0,0,0,0,0,0.0,0,0,0,0,0.15,1,0,0,0.0,0,1,2,0,0,6321.0,0,1,1,1,0,108.0,0,0.1156,0,0,0,0,0,0.35225,0.01575,0,0,0,0,1,0,0,0,0,0,0
26,0,2,0,3.4548,1,1,0,0,0,0,0,0.0,0,0,0,0,0.15,1,0,0,0.0,0,1,2,0,0,8093.0,0,0,1,1,0,7.0,0,0.1141,0,0,0,0,0,0.35225,0.00025,0,0,0,0,0,0,0,0,0,0,0
44,0,1,0,3.6903,0,1,0,0,10,0,0,0.0,0,0,0,0,0.1,1,0,0,0.0,0,1,2,0,1,8825.0,0,0,1,0,0,-1.0,0,0.1038,0,0,1,1,0,0.02775,0.058,0,0,0,0,0,0,0,0,0,0,1
33,2,1,0,3.7216,0,1,0,0,5,0,0,0.0,0,0,0,1,0.15,1,0,0,0.0,0,0,0,0,0,19.0,1,0,1,0,0,-1.0,-1,0.1194,0,0,1,1,1,0.35225,0.00175,0,0,0,0,0,0,0,0,0,0,1
33,1,1,0,3.6012,0,1,0,0,0,0,0,0.0,0,0,0,0,0.55,1,0,0,0.0,0,0,0,0,0,-1.0,0,0,0,0,0,-1.0,-1,0.237,1,1,1,1,1,0.00425,0.48675,0,0,0,0,0,0,0,0,0,0,1
22,0,1,0,3.5216,0,1,0,0,0,0,0,0.0,0,0,0,0,0.15,1,0,0,0.0,0,1,2,0,0,2608.0,0,0,1,1,0,172.0,0,0.1154,0,0,0,0,0,0.35225,0.003,0,0,0,0,0,1,0,0,0,0,0
80,1,2,0,4.0181,1,1,0,0,41,0,1,0.0,0,0,0,0,0.28,1,0,0,0.0,0,1,4,0,0,-1.0,0,0,0,1,0,31.0,0,0.1644,1,1,0,0,0,0.0545,0.48675,0,1,0,0,0,0,0,0,0,0,0
24,0,2,0,3.0566,1,1,0,0,0,0,0,0.0,0,0,0,0,0.5,0,0,0,0.0,0,1,4,0,0,-1.0,0,0,0,1,0,155.0,0,0.2111,1,1,0,0,0,0.01075,0.48675,0,0,0,1,0,0,0,0,0,0,0
17,0,1,0,2.7255,0,1,0,0,0,0,0,0.0,0,0,0,0,0.15,1,0,0,0.0,0,1,2,0,0,5229.0,0,0,1,1,0,82.0,0,0.0995,0,0,0,0,0,0.35225,0.03575,1,0,0,0,0,0,0,0,0,0,0
26,0,2,0,3.1751,1,1,0,0,0,0,0,0.0,0,0,0,0,0.15,1,0,0,0.0,0,1,1,0,0,-1.0,0,0,0,1,0,68.0,0,0.1085,1,1,0,0,0,0.35225,0.48675,0,0,0,0,0,0,0,0,0,0,0
33,0,1,0,2.6416,0,1,0,0,16,0,0,0.0,0,0,0,0,0.5,0,0,0,0.0,0,1,1,0,0,11143.0,0,0,1,1,0,115.0,0,0.2028,0,0,0,0,0,0.00425,0.0005,0,0,0,0,0,0,1,0,0,0,0
45,0,2,0,3.6097,1,1,0,0,7,1,2,0.0,0,0,0,0,0.5,0,0,0,0.0,0,1,4,0,1,-1.0,0,0,0,1,0,104.0,0,0.2222,1,1,0,0,0,0.00925,0.48675,0,0,0,1,0,0,0,0,0,0,0
35,1,2,0,4.0043,1,0,0,0,0,0,0,0.0833,1,0,1,0,0.35,1,0,0,0.0,0,0,0,0,0,-1.0,0,0,0,0,0,-1.0,-1,0.2184,1,1,1,1,1,0.08025,0.48675,0,0,0,0,0,0,0,0,0,0,1
27,0,1,0,3.1219,0,1,0,0,9,0,0,0.0,0,0,0,0,0.15,1,0,0,0.0,0,1,1,0,0,-1.0,0,0,0,0,0,-1.0,-1,0.1074,1,1,1,1,1,0.35225,0.48675,0,0,0,0,0,0,0,0,0,0,1
18,0,1,0,3.3219,0,1,0,0,0,0,0,0.0,0,0,0,0,0.15,1,0,0,0.0,0,1,1,0,1,-1.0,0,0,0,1,0,61.0,0,0.1114,1,1,0,0,0,0.35225,0.48675,0,0,0,0,1,0,0,0,0,0,0
17,0,1,0,2.4056,0,1,0,0,0,0,0,0.0,0,0,0,0,0.5,0,0,0,0.0,0,1,2,0,0,-1.0,0,0,0,0,0,-1.0,-1,0.1981,1,1,1,1,1,0.00025,0.48675,0,0,0,0,0,0,0,0,0,0,1
29,2,1,0,3.4087,0,1,0,0,0,0,0,0.0833,1,0,1,0,0.15,1,0,0,0.0,0,1,2,0,0,3694.0,0,0,1,1,0,86.0,0,0.1465,0,0,0,0,0,0.35225,0.03575,1,0,0,0,0,0,0,0,0,0,0
26,1,1,0,3.4566,0,0,0,0,4,0,0,0.0833,1,0,1,0,0.55,1,0,0,0.0,0,1,2,0,0,-1.0,0,0,0,1,0,40.0,0,0.2675,1,1,0,0,0,0.00575,0.48675,1,0,0,0,0,0,0,0,0,0,0
43,4,2,6,4.1719,1,0,0,0,0,0,0,0.0,0,0,0,0,0.5,0,0,0,0.0,0,1,2,0,0,-1.0,0,0,0,1,0,83.0,0,0.2334,1,1,0,0,0,0.0995,0.48675,1,0,0,0,0,0,0,0,0,0,0
26,0,1,0,2.8554,0,1,0,0,6,0,0,0.0,0,0,0,0,0.15,1,0,0,0.0,0,1,1,0,0,9439.0,0,1,1,1,0,76.0,0,0.1021,0,0,0,0,0,0.35225,0.01175,0,1,0,0,0,0,0,0,0,0,0
48,1,2,0,3.9791,1,1,0,0,13,0,0,0.0,0,0,0,0,0.28,1,0,0,0.0,0,1,4,0,0,-1.0,0,0,0,1,0,31.0,0,0.1636,1,1,0,0,0,0.0545,0.48675,0,1,0,0,0,0,0,0,0,0,0
33,0,1,0,3.6819,0,1,0,0,6,0,0,0.0,0,0,0,0,0.15,1,0,0,0.0,0,1,1,0,0,68.0,0,0,1,0,0,-1.0,-1,0.1186,0,0,1,1,1,0.35225,0.00375,0,0,0,0,0,0,0,0,0,0,1
31,0,1,0,2.3685,0,1,0,0,12,0,0,0.0,0,0,0,0,0.22,1,0,0,0.0,0,1,3,0,1,-1.0,0,0,0,1,0,44.0,0,0.1134,1,1,0,0,0,0.0405,0.48675,1,0,0,0,0,0,0,0,0,0,0
18,0,1,5,2.7255,0,1,0,0,0,0,0,0.0,0,0,0,0,0.94,1,0,0,0.0,0,0,0,0,0,-1.0,0,0,0,0,0,-1.0,-1,0.3365,1,1,1,1,1,0.01625,0.48675,0,0,0,0,0,0,0,0,0,0,1
29,0,1,0,3.5219,0,1,0,0,0,0,0,0.0,0,0,0,1,0.8,1,0,0,0.0,0,1,1,0,0,-1.0,0,0,0,0,0,-1.0,-1,0.3104,1,1,1,1,1,0.00075,0.48675,0,0,0,0,0,0,0,0,0,0,1
38,0,1,0,3.7216,0,1,0,0,11,0,0,0.0,0,0,0,0,0.1,1,0,0,0.0,0,1,2,0,1,10978.0,0,0,1,1,0,88.0,0,0.1044,0,0,0,0,0,0.02775,0.00025,1,0,0,0,0,0,0,0,0,0,0
18,0,1,0,2.9219,0,1,0,0,0,0,0,0.0,0,0,0,0,0.28,1,0,0,0.0,0,1,1,0,1,-1.0,0,0,0,1,0,103.0,0,0.1424,1,1,0,0,0,0.0545,0.48675,0,0,0,0,0,0,0,0,0,0,0
48,4,2,2,4.343,1,1,0,0,0,0,0,0.0,0,0,0,0,0.5,0,0,0,0.0,0,1,2,0,0,-1.0,0,0,0,1,0,77.0,0,0.2369,1,1,0,0,0,0.0995,0.48675,1,0,0,0,0,0,0,0,0,0,0
27,0,1,0,2.25,0,1,0,0,11,0,0,0.0,0,0,0,0,0.5,0,0,0,0.0,0,1,2,0,0,-1.0,0,0,0,0,0,-1.0,-1,0.195,1,1,1,1,1,0.02275,0.48675,0,0,0,0,0,0,0,0,0,0,1
37,0,2,0,3.6619,1,0,0,0,3,0,0,0.0,0,0,0,0,0.5,0,0,0,0.0,0,0,0,0,0,-1.0,0,0,0,0,0,-1.0,-1,0.2232,1,1,1,1,1,0.0085,0.48675,0,0,0,0,0,0,0,0,0,0,1
48,4,2,2,3.8751,1,0,0,0,0,0,0,0.2333,1,0,1,1,0.35,1,0,0,0.0,0,1,1,0,0,-1.0,0,0,0,1,0,66.0,0,0.2758,1,1,0,0,0,0.08025,0.48675,1,0,0,0,0,0,0,0,0,0,0
29,0,2,0,3.4464,1,1,0,0,0,0,0,0.0,0,0,0,0,0.15,1,0,0,0.0,0,1,2,0,0,-1.0,0,0,0,1,0,55.0,0,0.1139,1,1,0,0,0,0.35225,0.48675,1,0,0,0,0,0,0,0,0,0,0
41,0,3,0,3.8164,2,1,0,0,0,0,0,0.0,0,0,0,0,0.5,0,0,0,0.0,0,0,0,0,0,-1.0,0,0,0,0,0,-1.0,-1,0.2263,1,1,1,1,1,0.00975,0.48675,0,0,0,0,0,0,0,0,0,0,1
22,0,1,0,2.75,0,1,0,0,6,0,0,0.0,0,0,0,0,0.5,0,0,0,0.0,0,1,1,0,0,-1.0,0,0,0,1,0,79.0,0,0.205,1,1,0,0,0,0.02275,0.48675,0,1,0,0,0,0,0,0,0,0,0
79,9,2,5,4.1783,1,1,0,0,0,0,0,0.25,3,0,3,0,0.35,1,0,0,0.0,0,1,2,0,0,-1.0,0,0,0,1,0,55.0,0,0.2886,1,1,0,0,0,0.08025,0.48675,1,0,0,0,0,0,0,0,0,0,0
32,0,1,0,3.4183,0,1,0,0,12,0,0,0.0,0,0,0,0,0.15,1,0,0,0.0,0,1,1,0,0,-1.0,0,0,0,1,0,205.0,0,0.1134,1,1,0,0,0,0.35225,0.48675,0,0,0,0,0,0,0,0,0,1,0
16,0,1,0,3.0,0,1,0,0,0,0,0,0.0833,1,0,1,0,0.85,1,0,0,0.0,0,1,1,0,0,-1.0,0,0,0,1,0,46.0,0,0.3483,1,1,0,0,0,0.0025,0.48675,0,1,0,0,0,0,0,0,0,0,0
49,1,1,0,3.5725,0,0,0,0,25,0,0,0.0,0,0,0,0,0.15,1,0,0,0.0,0,1,1,0,0,-1.0,0,0,0,0,0,-1.0,-1,0.1164,1,1,1,1,1,0.35225,0.48675,0,0,0,0,0,0,0,0,0,0,1
30,0,2,0,3.6412,1,0,0,0,0,0,0,0.0,0,0,0,0,0.15,1,0,0,0.0,0,1,2,0,0,-1.0,0,0,0,0,0,-1.0,-1,0.1178,1,1,1,1,1,0.35225,0.48675,0,0,0,0,0,0,0,0,0,0,1
44,0,2,3,3.0391,1,1,0,0,22,0,0,0.0,0,0,0,0,0.5,0,0,0,0.0,0,1,1,0,0,-1.0,0,0,0,0,0,-1.0,-1,0.2108,1,1,1,1,1,0.002,0.48675,0,0,0,0,0,0,0,0,0,0,1
22,1,2,0,3.3249,1,1,0,0,0,0,0,0.1667,2,0,2,0,0.5,0,0,0,0.0,0,1,1,0,0,-1.0,0,0,0,0,0,-1.0,-1,0.2832,1,1,1,1,1,0.01075,0.48675,0,0,0,0,0,0,0,0,0,0,1
25,0,1,0,3.0,0,1,0,0,9,0,0,0.0,0,0,0,0,0.15,1,0,0,0.0,0,1,2,0,0,-1.0,0,0,0,0,0,-1.0,-1,0.105,1,1,1,1,1,0.35225,0.48675,0,0,0,0,0,0,0,0,0,0,1
100,4,2,0,3.8846,1,1,0,1,0,1,3,0.0833,1,0,1,0,0.35,1,0,0,0.0,0,1,1,0,0,-1.0,0,0,0,0,0,-1.0,-1,0.216,1,1,1,1,1,0.08025,0.48675,0,0,0,0,0,0,0,0,0,0,1
33,0,2,0,3.9702,1,1,0,0,0,0,0,0.0,0,0,0,0,0.5,0,0,0,0.0,0,1,2,0,0,-1.0,0,0,0,1,0,38.0,0,0.2294,1,1,0,0,0,0.0995,0.48675,1,0,0,0,0,0,0,0,0,0,0
44,1,2,0,3.6368,1,1,0,0,12,0,0,0.0,0,0,0,0,0.5,0,0,0,0.0,0,1,2,0,0,-1.0,0,0,0,1,0,88.0,0,0.2227,1,1,0,0,0,0.0995,0.48675,1,0,0,0,0,0,0,0,0,0,0
26,0,2,0,3.3921,1,1,0,0,0,0,0,0.0,0,0,0,0,0.15,1,0,0,0.0,0,1,2,0,1,-1.0,0,0,0,0,0,-1.0,-1,0.1128,1,1,1,1,1,0.35225,0.48675,0,0,0,0,0,0,0,0,0,0,1
38,0,1,0,3.0851,0,1,0,0,17,0,0,0.0,0,0,0,0,0.15,1,0,0,0.0,0,0,0,0,0,-1.0,0,0,0,0,0,-1.0,-1,0.1067,1,1,1,1,1,0.35225,0.48675,0,0,0,0,0,0,0,0,0,0,1
77,0,2,0,3.7081,1,1,0,0,46,0,3,0.0,0,0,0,0,0.5,0,0,0,0.0,0,1,1,0,1,-1.0,0,0,0,0,0,-1.0,-1,0.2242,1,1,1,1,1,0.00125,0.48675,0,0,0,0,0,0,0,0,0,0,1
34,0,3,4,3.7962,2,0,0,0,0,0,0,0.0,0,0,0,0,0.15,1,0,0,0.0,0,1,2,0,0,-1.0,0,0,0,0,0,-1.0,0,0.1209,1,1,1,1,0,0.35225,0.48675,0,0,0,0,0,0,0,0,0,0,1
26,0,2,0,3.3816,1,1,0,0,0,0,0,0.0,0,0,0,0,0.1,1,0,0,0.0,0,1,1,0,0,1868.0,0,0,1,1,0,73.0,0,0.0976,0,0,0,0,0,0.02775,0.00425,1,0,0,0,0,0,0,0,0,0,0
24,0,2,0,3.1808,1,1,0,0,3,0,0,0.0,0,0,0,0,0.5,0,0,0,0.0,0,0,0,0,0,-1.0,0,0,0,0,0,-1.0,-1,0.2136,1,1,1,1,1,0.0085,0.48675,0,0,0,0,0,0,0,0,0,0,1
34,0,1,0,2.9219,0,1,0,0,16,0,0,0.0,0,0,0,0,0.15,1,0,0,0.0,0,0,0,0,0,-1.0,0,0,0,0,0,-1.0,-1,0.1034,1,1,1,1,1,0.35225,0.48675,0,0,0,0,0,0,0,0,0,0,1
89,1,2,4,3.7865,1,1,0,0,48,0,0,0.0,0,0,0,0,0.55,1,0,0,0.0,0,0,0,0,0,-1.0,0,0,0,0,0,-1.0,-1,0.2407,1,1,1,1,1,0.00425,0.48675,0,0,0,0,0,0,0,0,0,0,1
26,0,1,0,2.9477,0,1,0,0,9,0,0,0.0,0,0,0,0,0.1,1,0,0,0.0,0,1,1,0,1,10817.0,0,0,1,0,0,-1.0,-1,0.089,0,0,1,1,1,0.02775,0.0055,0,0,0,0,0,0,0,0,0,0,1
18,0,1,0,3.3219,0,1,0,0,0,0,0,0.0,0,0,0,0,0.15,1,0,0,0.0,0,1,2,0,1,7564.0,0,0,1,1,0,57.0,0,0.1114,0,0,0,0,0,0.35225,0.03575,1,0,0,0,0,0,0,0,0,0,0
23,0,1,0,2.7255,0,1,0,0,6,0,0,0.0,0,0,0,0,0.15,1,0,0,0.0,0,0,0,0,0,-1.0,0,0,0,0,0,-1.0,-1,0.0995,1,1,1,1,1,0.35225,0.48675,0,0,0,0,0,0,0,0,0,0,1
36,0,1,0,3.1887,0,1,0,0,16,0,0,0.0,0,0,0,0,0.15,1,0,0,0.0,0,1,3,0,0,1253.0,0,0,1,1,0,87.0,0,0.1088,0,0,0,0,0,0.35225,0.03575,1,0,0,0,0,0,0,0,0,0,0
22,0,2,0,3.027,1,1,0,0,0,0,0,0.0,0,0,0,0,0.15,1,0,0,0.0,0,1,4,0,0,-1.0,0,0,0,1,0,166.0,0,0.1055,1,1,0,0,0,0.35225,0.48675,0,0,0,1,0,0,0,0,0,0,0
38,2,2,0,3.6733,1,0,0,0,5,0,0,0.0833,1,0,1,0,0.15,1,0,0,0.0,0,0,0,0,0,-1.0,0,0,0,0,0,-1.0,-1,0.1518,1,1,1,1,1,0.35225,0.48675,0,0,0,0,0,0,0,0,0,0,1
28,0,1,0,2.914,0,1,0,0,9,0,0,0.0,0,0,0,0,0.15,1,0,0,0.0,0,1,1,0,0,-1.0,0,0,0,0,0,-1.0,-1,0.1033,1,1,1,1,1,0.35225,0.48675,0,0,0,0,0,0,0,0,0,0,1
45,0,2,0,3.8635,1,1,0,0,12,0,0,0.0,0,0,0,0,0.28,1,0,0,0.0,0,1,4,0,0,-1.0,0,0,0,1,0,31.0,0,0.1613,1,1,0,0,0,0.0545,0.48675,0,1,0,0,0,0,0,0,0,0,0
34,0,1,0,3.2516,0,1,0,0,7,1,2,0.0,0,0,0,0,0.15,1,0,0,0.0,0,1,1,0,0,-1.0,0,0,0,0,0,-1.0,-1,0.11,1,1,1,1,1,0.35225,0.48675,0,0,0,0,0,0,0,0,0,0,1
17,0,1,5,3.1699,0,0,0,0,0,0,0,0.0,0,0,0,0,0.94,1,0,0,0.0,0,0,0,0,0,-1.0,0,0,0,0,0,-1.0,-1,0.3454,1,1,1,1,1,0.01625,0.48675,0,0,0,0,0,0,0,0,0,0,1
41,0,1,0,3.3278,0,1,0,0,7,1,2,0.0,0,0,0,0,0.15,1,0,0,0.0,0,0,0,0,0,5379.0,0,0,1,0,0,-1.0,-1,0.1116,0,0,1,1,1,0.35225,0.036,0,0,0,0,0,0,0,0,0,0,1
36,3,2,0,3.9408,1,0,0,0,0,0,0,0.0833,1,0,1,0,0.28,1,0,0,0.0,0,1,2,0,0,-1.0,0,0,0,1,0,81.0,0,0.1961,1,1,0,0,0,0.0545,0.48675,1,0,0,0,0,0,0,0,0,0,0
47,3,2,4,4.2211,1,1,0,0,0,0,0,0.0,0,0,0,0,0.5,0,0,0,0.0,0,1,2,0,0,-1.0,0,0,0,0,0,-1.0,-1,0.2344,1,1,1,1,1,0.0995,0.48675,0,0,0,0,0,0,0,0,0,0,1
33,1,1,0,3.6054,0,1,0,0,0,0,0,0.0,0,0,0,0,0.15,1,0,0,0.0,0,1,1,0,0,-1.0,0,0,0,0,0,-1.0,-1,0.1171,1,1,1,1,1,0.35225,0.48675,0,0,0,0,0,0,0,0,0,0,1
24,1,1,0,3.5,0,1,0,0,0,0,0,0.0,0,0,0,0,0.5,0,0,0,0.0,0,1,2,0,0,-1.0,0,0,0,1,0,50.0,0,0.22,1,1,0,0,0,0.0005,0.48675,1,0,0,0,0,0,0,0,0,0,0
18,0,1,0,2.9219,0,1,0,0,0,0,0,0.0,0,0,0,0,0.1,1,0,0,0.0,0,1,1,0,0,-1.0,0,0,0,1,0,98.0,0,0.0884,1,1,0,0,0,0.02775,0.48675,0,0,0,0,1,0,0,0,0,0,0
29,0,1,0,2.8074,0,1,0,0,14,0,0,0.0,0,0,0,0,0.5,0,0,0,0.0,0,1,1,0,1,-1.0,0,0,0,0,0,-1.0,-1,0.2061,1,1,1,1,1,0.00325,0.48675,0,0,0,0,0,0,0,0,0,0,1
25,0,2,0,2.8424,1,1,0,0,3,0,0,0.0,0,0,0,0,0.5,0,0,0,0.0,0,1,1,0,0,-1.0,0,0,0,0,0,-1.0,-1,0.2068,1,1,1,1,1,0.00325,0.48675,0,0,0,0,0,0,0,0,0,0,1
18,0,1,0,3.3219,0,1,0,0,0,0,0,0.0,0,0,0,0,0.15,1,0,0,0.0,0,1,2,0,1,-1.0,0,0,0,0,0,-1.0,-1,0.1114,1,1,1,1,1,0.35225,0.48675,0,0,0,0,0,0,0,0,0,0,1
40,0,1,0,3.3661,0,1,0,0,13,0,0,0.0,0,0,0,0,0.15,1,0,0,0.0,0,1,2,0,1,-1.0,0,0,0,0,0,-1.0,-1,0.1123,1,1,1,1,1,0.35225,0.48675,0,0,0,0,0,0,0,0,0,0,1
47,4,2,3,4.4136,1,0,0,0,0,0,0,0.0,0,0,0,0,0.5,0,0,0,0.0,0,1,2,0,0,-1.0,0,0,0,0,0,-1.0,-1,0.2383,1,1,1,1,1,0.0995,0.48675,0,0,0,0,0,0,0,0,0,0,1
21,0,2,0,2.4591,1,1,0,0,0,0,0,0.0,0,0,0,0,0.15,1,0,0,0.0,0,1,2,0,0,-1.0,0,0,0,0,0,-1.0,-1,0.0942,1,1,1,1,1,0.35225,0.48675,0,0,0,0,0,0,0,0,0,0,1
21,0,2,0,2.6887,1,1,0,0,0,0,0,0.0833,1,0,1,0,0.03,1,0,0,0.0,0,1,1,0,0,-1.0,0,0,0,0,0,-1.0,-1,0.0961,1,1,1,1,1,0.00325,0.48675,0,0,0,0,0,0,0,0,0,0,1
36,0,2,0,3.8963,1,1,0,0,0,0,0,0.0,0,0,0,0,0.15,1,0,0,0.0,0,1,1,0,0,-1.0,0,0,0,0,0,-1.0,-1,0.1229,1,1,1,1,1,0.35225,0.48675,0,0,0,0,0,0,0,0,0,0,1
21,0,2,5,3.027,1,0,0,0,0,0,0,0.0,0,0,0,0,0.94,1,0,0,0.0,0,0,0,0,0,-1.0,0,0,0,0,0,-1.0,-1,0.3425,1,1,1,1,1,0.01625,0.48675,0,0,0,0,0,0,0,0,0,0,1
61,6,2,5,4.266,1,0,0,0,0,0,0,0.25,3,0,3,0,0.35,1,0,0,0.0,0,1,2,0,0,-1.0,0,0,0,0,0,-1.0,-1,0.2903,1,1,1,1,1,0.08025,0.48675,0,0,0,0,0,0,0,0,0,0,1
46,0,2,3,3.8279,1,1,0,0,14,0,0,0.0,0,0,0,0,0.28,1,0,0,0.0,0,1,4,0,0,-1.0,0,0,0,0,0,-1.0,-1,0.1606,1,1,1,1,1,0.0545,0.48675,0,0,0,0,0,0,0,0,0,0,1
47,0,1,0,3.1699,0,1,0,0,30,0,0,0.0833,1,0,1,0,0.5,0,0,0,0.0,0,1,1,0,1,-1.0,0,0,0,0,0,-1.0,-1,0.2467,1,1,1,1,1,0.00175,0.48675,0,0,0,0,0,0,0,0,0,0,1
29,0,2,0,3.5464,1,1,0,0,0,0,0,0.0,0,0,0,0,0.5,0,0,0,0.0,0,1,2,0,0,-1.0,0,0,0,0,0,-1.0,-1,0.2209,1,1,1,1,1,0.00025,0.48675,0,0,0,0,0,0,0,0,0,0,1
150,0,3,0,3.1307,2,1,0,0,29,3,8,0.0,0,0,0,0,0.5,0,0,0,0.0,0,1,1,0,0,-1.0,0,0,0,0,0,-1.0,-1,0.2126,1,1,1,1,1,0.012,0.48675,0,0,0,0,0,0,0,0,0,0,1
61,1,2,3,4.0151,1,1,0,0,22,0,0,0.0,0,0,0,0,0.28,1,0,0,0.0,0,1,4,0,0,-1.0,0,0,0,0,0,-1.0,-1,0.1643,1,1,1,1,1,0.0545,0.48675,0,0,0,0,0,0,0,0,0,0,1
99,0,1,0,3.0062,0,1,0,1,23,1,3,0.0,0,0,0,0,0.15,1,0,0,0.0,0,1,1,0,1,-1.0,0,0,0,0,0,-1.0,-1,0.1051,1,1,1,1,1,0.35225,0.48675,0,0,0,0,0,0,0,0,0,0,1
37,0,1,1,3.027,0,1,0,0,16,0,0,0.0,0,0,0,0,0.15,1,0,0,0.0,0,1,1,0,0,5949.0,0,0,1,0,0,-1.0,-1,0.1055,0,0,1,1,1,0.35225,0.058,0,0,0,0,0,0,0,0,0,0,1
28,0,2,0,3.5766,1,1,0,0,0,0,0,0.0,0,0,0,0,0.15,1,0,0,0.0,0,1,2,0,0,7431.0,0,0,1,0,0,-1.0,-1,0.1165,0,0,1,1,1,0.35225,0.036,0,0,0,0,0,0,0,0,0,0,1
48,4,2,2,4.4068,1,1,0,0,0,0,0,0.0,0,0,0,0,0.5,0,0,0,0.0,0,1,2,0,0,-1.0,0,0,0,1,0,77.0,0,0.2381,1,1,0,0,0,0.0995,0.48675,1,0,0,0,0,0,0,0,0,0,0
35,0,2,0,3.2028,1,1,0,0,11,0,0,0.0,0,0,0,0,0.5,0,0,0,0.0,0,1,3,0,0,7451.0,0,0,1,0,0,-1.0,-1,0.2141,0,0,1,1,1,0.01325,0.00225,0,0,0,0,0,0,0,0,0,0,1
36,1,1,0,3.3788,0,1,0,0,14,0,0,0.0,0,0,0,0,0.15,1,0,0,0.0,0,0,0,0,0,1439.0,0,0,1,0,0,-1.0,-1,0.1126,0,0,1,1,1,0.35225,0.004,0,0,0,0,0,0,0,0,0,0,1
30,0,1,0,3.0,0,1,0,0,14,0,0,0.1667,2,0,2,0,0.15,1,0,0,0.0,0,1,1,0,1,10825.0,0,0,1,0,0,-1.0,-1,0.1717,0,0,1,1,1,0.35225,0.058,0,0,0,0,0,0,0,0,0,0,1
39,1,2,0,3.8231,1,1,0,0,9,0,0,0.0,0,0,0,1,0.5,0,0,0,0.0,0,1,1,0,0,729.0,0,0,1,1,0,214.0,0,0.2265,0,0,0,0,0,0.00525,0.00175,0,0,0,0,1,0,0,0,0,0,0
14,0,1,0,2.585,0,1,0,0,0,0,0,0.0,0,0,0,0,0.5,0,0,0,0.0,0,1,4,0,0,-1.0,0,0,0,1,0,46.0,0,0.2017,1,1,0,0,0,0.00025,0.48675,0,1,0,0,0,0,0,0,0,0,0
23,3,2,1,3.1396,1,1,0,0,0,0,0,0.0,0,0,0,0,0.15,1,0,0,0.0,0,1,2,0,0,493.0,0,1,1,1,0,82.0,0,0.1078,0,0,0,0,0,0.35225,0.01575,1,0,0,0,0,0,0,0,0,0,0
27,0,1,0,2.4056,0,1,0,0,11,0,0,0.0,0,0,0,0,0.5,0,0,0,0.0,0,1,2,0,1,-1.0,0,0,1,1,0,65.0,0,0.1981,0,1,0,0,0,0.00075,0.00025,1,0,0,0,0,0,0,0,0,0,0
83,0,3,8,4.7228,2,1,0,0,0,0,0,0.0833,1,0,1,0,0.85,1,0,0,0.0,0,1,2,0,0,3446.0,0,0,1,0,0,-1.0,-1,0.3828,0,0,1,1,1,0.0025,0.0055,0,0,0,0,0,0,0,0,0,0,1
30,1,1,2,3.4992,0,1,0,0,0,0,0,0.0,0,0,0,0,0.55,1,0,0,0.0,0,0,0,0,0,-1.0,0,0,0,0,0,-1.0,-1,0.235,1,1,1,1,1,0.00425,0.48675,0,0,0,0,0,0,0,0,0,0,1
34,0,1,0,3.1699,0,1,0,0,17,0,0,0.0,0,0,0,0,0.22,1,0,0,0.0,0,1,2,0,0,4204.0,0,0,1,1,0,107.0,0,0.1294,0,0,0,0,0,0.0405,0.0045,0,0,0,0,0,1,0,0,0,0,0
24,0,1,0,3.2028,0,1,0,0,0,0,0,0.0,0,0,0,0,0.15,1,0,0,0.0,0,1,2,0,1,6135.0,0,1,1,1,0,58.0,0,0.1091,0,0,0,0,0,0.35225,0.01175,0,1,0,0,0,0,0,0,0,0,0
47,2,2,5,4.1285,1,0,0,0,0,0,0,0.0833,1,0,1,0,0.35,1,0,0,0.0,0,1,2,0,0,-1.0,0,0,0,1,0,229.0,0,0.2209,1,1,0,0,0,0.08025,0.48675,0,0,0,0,0,0,0,0,0,0,0
57,0,2,4,4.182,1,1,0,0,21,0,0,0.0,0,0,0,0,0.94,1,0,0,0.0,0,0,0,0,0,7.0,1,0,1,0,0,-1.0,-1,0.3656,0,0,1,1,1,0.01625,0.01125,0,0,0,0,0,0,0,0,0,0,1
19,0,1,0,2.8454,0,1,0,0,0,0,0,0.0,0,0,0,0,0.15,1,0,0,0.0,0,1,2,0,1,1367.0,0,1,1,1,0,85.0,0,0.1019,0,0,0,0,0,0.35225,0.01575,0,1,0,0,0,0,0,0,0,0,0
52,0,3,0,3.1307,2,1,0,0,27,0,0,0.0,0,0,0,0,0.5,0,0,0,0.0,0,1,1,0,0,149.0,0,0,1,1,0,33.0,0,0.2126,0,0,0,0,0,0.00325,0.00275,0,1,0,0,0,0,0,0,0,0,0
23,0,2,0,3.3232,1,1,0,0,0,0,0,0.0,0,0,0,0,0.15,1,0,0,0.0,0,1,3,0,0,8323.0,0,1,1,1,0,94.0,0,0.1115,0,0,0,0,0,0.35225,0.00625,0,0,0,1,0,0,0,0,0,0,0
50,0,3,0,3.1307,2,0,0,0,25,0,0,0.0,0,0,0,0,0.5,0,0,0,0.0,0,1,1,0,0,56.0,0,0,1,1,0,38.0,0,0.2126,0,0,0,0,0,0.004,0.0035,0,1,0,0,0,0,0,0,0,0,0
16,0,1,0,3.0,0,1,0,0,0,0,0,0.0,0,0,0,0,0.5,0,0,0,0.0,0,1,4,0,1,6589.0,0,0,1,1,0,11.0,0,0.21,0,0,0,0,0,0.00325,0.058,0,0,0,0,0,0,0,0,0,1,0
15,0,1,0,2.5216,0,1,0,0,0,0,0,0.1667,2,0,2,0,0.02,1,0,0,0.0,0,1,1,0,0,6897.0,0,0,1,0,0,-1.0,0,0.1231,1,0,1,1,0,0.0075,0.48675,0,0,0,0,0,0,0,0,0,0,1
36,0,1,0,3.2776,0,1,0,0,17,0,0,0.0,0,0,0,0,0.15,1,0,0,0.0,0,1,4,0,0,2432.0,0,1,1,0,0,-1.0,0,0.1106,0,0,1,1,0,0.35225,0.00375,0,0,0,0,0,0,0,0,0,0,1
26,0,2,0,3.4548,1,1,0,0,0,0,0,0.0,0,0,0,0,0.15,1,0,0,0.0,0,1,2,0,0,5711.0,0,0,1,1,0,71.0,0,0.1141,0,0,0,0,0,0.35225,0.01175,1,0,0,0,0,0,0,0,0,0,0
18,0,1,0,2.8464,0,1,0,0,0,0,0,0.0,0,0,0,0,0.5,0,0,0,0.0,0,1,2,0,0,-1.0,0,0,0,1,0,52.0,0,0.2069,1,1,0,0,0,0.00025,0.48675,0,0,1,0,0,0,0,0,0,0,0
55,1,2,2,4.1792,1,1,0,0,14,0,0,0.0,0,0,0,0,0.28,1,0,0,0.0,0,1,4,0,0,-1.0,0,0,0,1,0,31.0,0,0.1676,1,1,0,0,0,0.0545,0.48675,0,1,0,0,0,0,0,0,0,0,0
53,0,2,2,3.7721,1,0,0,0,22,0,0,0.0,0,0,0,0,0.28,1,0,0,0.0,0,1,4,0,0,-1.0,0,0,0,1,0,31.0,0,0.1594,1,1,0,0,0,0.0545,0.48675,0,1,0,0,0,0,0,0,0,0,0
29,1,2,0,3.7849,1,0,0,0,0,0,0,0.0833,1,0,1,0,0.35,1,0,0,0.0,0,1,2,0,0,-1.0,0,0,0,1,0,229.0,0,0.214,1,1,0,0,0,0.08025,0.48675,0,0,0,0,0,0,0,0,0,0,0
17,0,1,0,3.1699,0,1,0,0,0,0,0,0.0,0,0,0,0,0.5,0,0,0,0.0,0,1,2,0,0,170.0,0,0,1,1,0,38.0,0,0.2134,1,0,0,0,0,0.00075,0.48675,1,0,0,0,0,0,0,0,0,0,0
33,0,1,0,3.2211,0,1,0,0,6,0,0,0.0,0,0,0,0,0.15,1,0,0,0.0,0,1,1,0,1,5810.0,0,0,1,1,0,34.0,0,0.1094,0,0,0,0,0,0.35225,0.058,0,1,0,0,0,0,0,0,0,0,0
57,0,2,4,4.182,1,1,0,0,21,0,0,0.0,0,0,0,0,0.94,1,0,0,0.0,0,0,0,0,0,7.0,1,0,1,0,0,-1.0,-1,0.3656,0,0,1,1,1,0.01625,0.01125,0,0,0,0,0,0,0,0,0,0,1
46,0,2,2,4.0235,1,1,0,0,13,0,0,0.0,0,0,0,0,0.28,1,0,0,0.0,0,1,4,0,0,-1.0,0,0,0,1,0,31.0,0,0.1645,1,1,0,0,0,0.0545,0.48675,0,1,0,0,0,0,0,0,0,0,0
36,1,3,0,3.655,2,0,0,0,0,0,0,0.1667,1,0,1,0,0.22,1,0,0,0.0,0,0,0,0,0,2179.0,0,1,1,0,0,-1.0,-1,0.2058,0,0,1,1,1,0.0405,0.00375,0,0,0,0,0,0,0,0,0,0,1
53,0,2,0,2.8731,1,1,0,0,32,0,0,0.0,0,0,0,0,0.5,0,0,0,0.0,0,0,0,0,0,709.0,0,0,1,0,0,-1.0,-1,0.2075,0,0,1,1,1,0.0025,0.004,0,0,0,0,0,0,0,0,0,0,1
23,0,2,0,3.3249,1,1,0,0,0,0,0,0.0,0,0,0,0,0.15,1,0,0,0.0,0,1,2,0,0,10713.0,0,1,1,1,0,62.0,0,0.1115,0,0,0,0,0,0.35225,0.00375,1,0,0,0,0,0,0,0,0,0,0
30,0,2,0,3.5352,1,1,0,0,0,0,0,0.0,0,0,0,0,0.5,0,0,0,0.0,0,0,0,0,0,-1.0,0,0,0,0,0,-1.0,-1,0.2207,1,1,1,1,1,0.00975,0.48675,0,0,0,0,0,0,0,0,0,0,1
29,0,2,0,3.6897,1,1,0,0,0,0,0,0.0,0,0,0,0,0.15,1,0,0,0.0,0,1,1,0,0,4433.0,0,1,1,1,0,72.0,0,0.1188,0,0,0,0,0,0.35225,0.019,1,0,0,0,0,0,0,0,0,0,0
57,0,2,4,4.182,1,1,0,0,21,0,0,0.0,0,0,0,0,0.94,1,0,0,0.0,0,0,0,0,0,7.0,1,0,1,0,0,-1.0,-1,0.3656,0,0,1,1,1,0.01625,0.01125,0,0,0,0,0,0,0,0,0,0,1
35,0,2,0,3.5176,1,1,0,0,0,0,0,0.0,0,0,0,0,0.15,1,0,0,0.0,0,1,1,0,0,10684.0,0,0,1,1,0,44.0,0,0.1154,0,0,0,0,0,0.35225,0.00175,0,1,0,0,0,0,0,0,0,0,0
33,2,1,0,3.6163,0,1,0,0,5,0,0,0.0833,1,0,1,0,0.5,0,0,0,0.0,0,0,0,0,0,2.0,1,0,1,0,0,-1.0,-1,0.2556,0,0,1,1,1,0.0025,0.0035,0,0,0,0,0,0,0,0,0,0,1
43,1,2,0,3.3927,1,1,0,0,21,0,0,0.0,0,0,0,0,0.15,1,0,0,0.0,0,1,2,0,0,2.0,1,0,1,1,0,87.0,0,0.1129,0,0,0,0,0,0.35225,0.00125,1,0,0,0,0,0,0,0,0,0,0
40,4,2,0,3.9292,1,0,0,0,0,0,0,0.1667,2,0,2,0,0.35,1,0,0,0.0,0,1,1,0,0,-1.0,0,0,0,1,0,66.0,0,0.2503,1,1,0,0,0,0.08025,0.48675,1,0,0,0,0,0,0,0,0,0,0
17,0,1,2,2.75,0,1,0,0,0,0,0,0.0,0,0,0,0,0.9,1,0,0,0.0,0,0,0,0,0,-1.0,0,0,0,0,0,-1.0,-1,0.325,1,1,1,1,1,0.00575,0.48675,0,0,0,0,0,0,0,0,0,0,1
39,0,2,0,3.7199,1,0,0,0,0,0,0,0.0,0,0,0,0,0.15,1,0,0,0.0,0,1,2,0,0,4639.0,0,0,1,1,0,160.0,0,0.1194,0,0,0,0,0,0.35225,0.058,0,0,0,0,0,0,0,0,0,1,0
17,0,1,0,3.1699,0,1,0,0,0,0,0,0.0,0,0,0,0,0.15,1,0,0,0.0,0,1,4,0,1,6953.0,0,1,1,1,0,136.0,0,0.1084,0,0,0,0,0,0.35225,0.00375,0,0,0,1,0,0,0,0,0,0,0
35,0,2,0,3.3558,1,0,0,0,0,0,0,0.0,0,0,0,0,0.5,0,0,0,0.0,0,0,0,0,0,-1.0,0,0,0,0,0,-1.0,-1,0.2171,1,1,1,1,1,0.0995,0.48675,0,0,0,0,0,0,0,0,0,0,1
31,0,2,0,3.0,1,1,0,0,6,0,0,0.0,0,0,0,0,0.5,0,0,0,0.0,0,1,2,0,0,4651.0,0,0,1,1,0,47.0,0,0.21,0,0,0,0,0,0.00525,0.0015,1,0,0,0,0,0,0,0,0,0,0
47,0,2,2,4.0061,1,1,0,0,6,0,0,0.0,0,0,0,0,0.15,1,0,0,0.0,0,1,2,0,0,65.0,0,0,1,1,0,83.0,0,0.1251,0,0,0,0,0,0.35225,0.01575,0,1,0,0,0,0,0,0,0,0,0
24,0,2,0,3.0566,1,1,0,0,0,0,0,0.0,0,0,0,0,0.15,1,0,0,0.0,0,1,4,0,0,-1.0,0,0,0,1,0,142.0,0,0.1061,1,1,0,0,0,0.35225,0.48675,0,0,0,1,0,0,0,0,0,0,0
51,0,3,0,4.0941,2,0,0,0,0,0,2,0.0,0,0,0,0,0.15,1,0,0,0.0,0,1,2,0,0,-1.0,0,0,0,0,0,-1.0,0,0.1269,1,1,1,1,0,0.35225,0.48675,0,0,0,0,0,0,0,0,0,0,1
33,0,3,0,3.7035,2,0,0,0,0,0,0,0.0,0,0,0,0,0.5,0,0,0,0.0,0,1,2,0,0,-1.0,0,0,0,0,0,-1.0,0,0.2241,1,1,1,1,0,0.004,0.48675,0,0,0,0,0,0,0,0,0,0,1
36,0,1,0,3.2776,0,1,0,0,17,0,0,0.0,0,0,0,0,0.5,0,0,0,0.0,0,1,2,0,0,2410.0,0,1,1,1,0,46.0,0,0.2156,0,0,0,0,0,0.00325,0.01575,1,0,0,0,0,0,0,0,0,0,0
23,0,2,0,2.9477,1,1,0,0,6,0,0,0.25,3,0,3,0,0.5,0,0,0,0.0,0,0,0,0,1,12052.0,0,0,1,0,0,-1.0,-1,0.309,1,0,1,1,1,0.00875,0.48675,0,0,0,0,0,0,0,0,0,0,1
48,0,2,3,3.7035,1,1,0,0,14,0,0,0.0,0,0,0,0,0.28,1,0,0,0.0,0,1,4,0,0,-1.0,0,0,0,1,0,31.0,0,0.1581,1,1,0,0,0,0.0545,0.48675,0,1,0,0,0,0,0,0,0,0,0
24,0,2,0,3.3232,1,1,0,0,0,0,0,0.0,0,0,0,0,0.15,1,0,0,0.0,0,1,1,0,0,9857.0,0,0,1,1,0,89.0,0,0.1115,0,0,0,0,0,0.35225,0.0005,0,0,0,0,0,0,0,0,0,0,0
35,3,2,0,3.8282,1,0,0,0,0,0,0,0.0,0,0,0,0,0.5,0,0,0,0.0,0,1,2,0,0,-1.0,0,0,0,1,0,85.0,0,0.2266,1,1,0,0,0,0.0995,0.48675,1,0,0,0,0,0,0,0,0,0,0
23,0,2,1,3.3249,1,1,0,0,0,0,0,0.0,0,0,0,0,0.15,1,0,0,0.0,0,1,2,0,0,-1.0,0,0,0,1,0,62.0,0,0.1115,1,1,0,0,0,0.35225,0.48675,0,1,0,0,0,0,0,0,0,0,0
30,0,1,0,3.0958,0,1,0,0,11,0,0,0.0,0,0,0,0,0.15,1,0,0,0.0,0,0,0,0,1,3051.0,0,1,1,0,0,-1.0,-1,0.1069,0,0,1,1,1,0.35225,0.019,0,0,0,0,0,0,0,0,0,0,1
36,0,2,0,3.9401,1,1,0,0,0,0,0,0.0833,1,0,1,0,0.35,1,0,0,0.0,0,1,2,0,0,-1.0,0,0,0,1,0,229.0,0,0.2171,1,1,0,0,0,0.08025,0.48675,0,0,0,0,0,0,0,0,0,0,0
21,0,1,0,2.8554,0,1,0,0,0,0,0,0.0,0,0,0,0,0.5,0,0,0,0.0,0,1,2,0,0,-1.0,0,0,0,1,0,68.0,0,0.2071,1,1,0,0,0,0.02275,0.48675,1,0,0,0,0,0,0,0,0,0,0
23,1,1,0,3.5069,0,1,0,0,0,0,0,0.0,0,0,0,0,0.15,1,0,0,0.0,0,1,1,0,1,-1.0,0,0,0,1,0,173.0,0,0.1151,1,1,0,0,0,0.35225,0.48675,0,0,0,0,1,0,0,0,0,0,0
21,0,2,0,3.0221,1,1,0,0,0,0,0,0.0,0,0,0,0,0.15,1,0,0,0.0,0,1,2,0,0,-1.0,0,0,0,1,0,64.0,0,0.1054,1,1,0,0,0,0.35225,0.48675,1,0,0,0,0,0,0,0,0,0,0
149,0,3,2,4.0398,2,1,0,0,52,1,2,0.0,0,0,0,0,0.5,0,0,0,0.0,0,1,2,0,0,3620.0,0,0,1,1,0,161.0,0,0.2308,0,0,0,0,0,0.00325,0.00075,0,0,0,1,0,0,0,0,0,0,0
37,2,1,2,3.1899,0,1,0,0,14,0,0,0.0,0,0,0,0,0.5,0,0,0,0.0,0,0,0,0,0,3090.0,0,0,1,0,0,-1.0,-1,0.2138,0,0,1,1,1,0.01325,0.001,0,0,0,0,0,0,0,0,0,0,1
36,1,1,0,3.0221,0,1,0,0,7,1,2,0.0,0,0,0,0,0.15,1,0,0,0.0,0,1,4,0,1,3180.0,0,1,1,1,0,87.0,0,0.1054,0,0,0,0,0,0.35225,0.019,0,0,0,1,0,0,0,0,0,0,0
70,2,4,5,4.3345,3,1,0,0,13,0,0,0.0,0,0,0,0,0.15,1,0,0,0.0,0,1,4,0,0,3671.0,0,1,1,1,0,41.0,0,0.1317,0,0,0,0,0,0.35225,0.01575,0,1,0,0,0,0,0,0,0,0,0
52,0,3,0,3.0131,2,1,0,0,27,0,0,0.0,0,0,0,0,0.93,1,0,0,0.0,0,1,1,0,0,-1.0,0,0,0,0,0,-1.0,0,0.3393,1,1,1,1,0,0.00375,0.48675,0,0,0,0,0,0,0,0,0,0,1
42,0,2,1,3.8539,1,1,0,0,0,1,2,0.0,0,0,0,0,0.15,1,0,0,0.0,0,1,2,0,0,-1.0,0,0,0,1,0,50.0,0,0.1221,1,1,0,0,0,0.35225,0.48675,1,0,0,0,0,0,0,0,0,0,0
119,0,2,0,3.182,1,1,0,0,0,4,13,0.0,0,0,0,0,0.2,1,0,0,0.0,0,1,1,0,0,6425.0,0,0,1,1,0,197.0,0,0.1236,0,0,0,0,0,0.0055,0.036,0,0,0,1,0,0,0,0,0,0,0
36,0,1,0,3.085,0,1,0,0,16,0,0,0.0,0,0,0,0,0.15,1,0,0,0.0,0,1,2,0,1,4099.0,0,0,1,1,0,56.0,0,0.1067,0,0,0,0,0,0.35225,0.0045,1,0,0,0,0,0,0,0,0,0,0
19,0,1,0,2.6635,0,1,0,0,0,0,0,0.0,0,0,0,0,0.15,1,0,0,0.0,0,1,1,0,0,5967.0,0,1,1,0,0,-1.0,-1,0.0983,0,0,1,1,1,0.35225,0.00075,0,0,0,0,0,0,0,0,0,0,1
37,0,1,0,3.1219,0,1,0,0,19,0,0,0.0,0,0,0,0,0.15,1,0,0,0.0,0,1,2,0,1,12730.0,0,0,1,1,0,82.0,0,0.1074,0,0,0,0,0,0.35225,0.0155,0,0,0,0,0,0,0,0,0,0,0
36,0,1,0,3.4183,0,1,0,0,16,0,0,0.0,0,0,0,0,0.15,1,0,0,0.0,0,0,0,0,0,-1.0,0,0,0,0,0,-1.0,-1,0.1134,1,1,1,1,1,0.35225,0.48675,0,0,0,0,0,0,0,0,0,0,1
19,0,2,0,2.6464,1,1,0,0,0,0,0,0.0,0,0,0,0,0.5,0,0,0,0.0,0,1,2,0,0,-1.0,0,0,0,1,0,71.0,0,0.2029,1,1,0,0,0,0.00025,0.48675,1,0,0,0,0,0,0,0,0,0,0
43,1,2,0,4.0064,1,1,0,0,0,0,0,0.0,0,0,0,0,0.5,0,0,0,0.0,0,0,0,0,0,-1.0,0,0,1,0,0,-1.0,-1,0.2301,0,1,1,1,1,0.002,0.00075,0,0,0,0,0,0,0,0,0,0,1
27,1,1,0,3.5216,0,0,0,0,5,0,0,0.0,0,0,0,0,0.5,0,0,0,0.0,0,0,0,0,0,5.0,1,0,1,0,0,-1.0,-1,0.2204,0,0,1,1,1,0.0025,0.0035,0,0,0,0,0,0,0,0,0,0,1
31,0,1,0,3.3927,0,1,0,0,10,0,2,0.0,0,0,0,0,0.5,0,0,0,0.0,0,1,1,0,0,-1.0,0,0,0,0,0,-1.0,-1,0.2179,1,1,1,1,1,0.0005,0.48675,0,0,0,0,0,0,0,0,0,0,1
21,0,1,3,3.5466,0,1,0,0,0,0,0,0.0,0,0,0,0,0.15,1,0,0,0.0,0,1,2,0,1,2361.0,0,0,1,1,0,45.0,0,0.1159,0,0,0,0,0,0.35225,0.03575,0,1,0,0,0,0,0,0,0,0,0
24,0,1,0,2.2516,0,1,0,0,10,0,0,0.0833,1,0,1,0,0.5,0,0,0,0.0,0,1,1,0,0,10806.0,0,0,1,0,0,-1.0,-1,0.2284,0,0,1,1,1,0.0015,0.00025,0,0,0,0,0,0,0,0,0,0,1
23,0,2,0,2.8424,1,1,0,0,0,0,0,0.0,0,0,0,0,0.15,1,0,0,0.0,0,1,4,0,0,11071.0,0,0,1,1,0,105.0,0,0.1018,0,0,0,0,0,0.35225,0.058,0,0,0,1,0,0,0,0,0,0,0
53,0,2,0,3.027,1,0,0,0,33,0,0,0.0,0,0,0,0,0.5,0,0,0,0.0,0,1,1,0,0,-1.0,0,0,0,0,0,-1.0,0,0.2105,1,1,1,1,0,0.012,0.48675,0,0,0,0,0,0,0,0,0,0,1
38,0,1,0,3.6819,0,1,0,0,11,0,0,0.0,0,0,0,0,0.1,1,0,0,0.0,0,1,2,0,0,-1.0,0,0,0,1,0,85.0,0,0.1036,1,1,0,0,0,0.02775,0.48675,0,1,0,0,0,0,0,0,0,0,0
18,0,1,0,3.1219,0,1,0,0,0,0,0,0.0,0,0,0,0,0.15,1,0,0,0.0,0,1,2,0,1,5669.0,0,1,1,1,0,84.0,0,0.1074,0,0,0,0,0,0.35225,0.058,1,0,0,0,0,0,0,0,0,0,0
52,0,3,0,3.2484,2,1,0,0,27,0,0,0.0,0,0,0,0,0.5,0,0,0,0.0,0,1,1,0,0,-1.0,0,0,0,0,0,-1.0,0,0.215,1,1,1,1,0,0.002,0.48675,0,0,0,0,0,0,0,0,0,0,1
33,0,1,0,3.2776,0,1,0,0,14,0,0,0.0,0,0,0,0,0.15,1,0,0,0.0,0,0,0,0,0,928.0,0,1,1,0,0,-1.0,-1,0.1106,0,0,1,1,1,0.35225,0.058,0,0,0,0,0,0,0,0,0,0,1
37,3,2,0,3.7265,1,1,0,0,0,0,0,0.0,0,0,0,0,0.5,0,0,0,0.0,0,1,2,0,0,-1.0,0,0,0,1,0,59.0,0,0.2245,1,1,0,0,0,0.0995,0.48675,1,0,0,0,0,0,0,0,0,0,0
84,0,2,1,3.5464,1,1,0,0,56,0,0,0.0,0,0,0,0,0.15,1,0,0,0.0,0,0,0,0,0,3461.0,0,1,1,0,0,-1.0,-1,0.1159,0,0,1,1,1,0.35225,0.00375,0,0,0,0,0,0,0,0,0,0,1
19,0,1,0,3.0272,0,1,0,0,0,0,0,0.0,0,0,0,0,0.5,0,0,0,0.0,0,1,1,0,0,10024.0,0,0,1,1,0,70.0,0,0.2105,1,0,0,0,0,0.00925,0.48675,0,1,0,0,0,0,0,0,0,0,0
45,1,2,7,4.2527,1,1,0,0,0,0,0,0.0833,1,0,1,0,0.35,1,0,0,0.0,0,1,2,0,0,-1.0,0,0,0,1,0,55.0,0,0.2234,1,1,0,0,0,0.08025,0.48675,1,0,0,0,0,0,0,0,0,0,0
30,0,2,0,3.5352,1,1,0,0,0,0,0,0.0,0,0,0,0,0.15,1,0,0,0.0,0,1,2,0,0,6701.0,0,1,1,1,0,36.0,0,0.1157,0,0,0,0,0,0.35225,0.058,1,0,0,0,0,0,0,0,0,0,0
18,0,1,0,3.1219,0,1,0,0,0,0,0,0.0,0,0,0,0,0.02,1,0,0,0.0,0,1,1,0,1,13121.0,0,0,1,1,0,81.0,0,0.0684,1,0,0,0,0,0.0075,0.48675,0,1,0,0,0,0,0,0,0,0,0
75,2,4,5,4.207,3,1,0,0,13,0,0,0.0,0,0,0,0,0.15,1,0,0,0.0,0,1,4,0,0,3671.0,0,1,1,1,0,41.0,0,0.1291,0,0,0,0,0,0.35225,0.01575,0,1,0,0,0,0,0,0,0,0,0
41,0,1,0,3.182,0,1,0,0,19,0,0,0.0,0,0,0,0,0.15,1,0,0,0.0,0,1,2,0,1,6052.0,0,1,1,1,0,46.0,0,0.1086,0,0,0,0,0,0.35225,0.058,1,0,0,0,0,0,0,0,0,0,0
93,0,2,0,3.8667,1,1,0,0,53,0,0,0.0,0,0,0,0,0.15,1,0,0,0.0,0,1,2,0,0,-1.0,0,0,0,1,0,50.0,0,0.1223,1,1,0,0,0,0.35225,0.48675,1,0,0,0,0,0,0,0,0,0,0
33,1,2,0,3.8333,1,0,0,0,0,0,0,0.0,0,0,0,0,0.5,0,0,0,0.0,0,1,2,0,0,3130.0,0,0,1,1,0,52.0,0,0.2267,0,0,0,0,0,0.0035,0.0055,0,1,0,0,0,0,0,0,0,0,0
23,0,2,0,3.182,1,1,0,0,0,0,0,0.0,0,0,0,0,0.15,1,0,0,0.0,0,1,3,0,0,8954.0,0,1,1,1,0,64.0,0,0.1086,0,0,0,0,0,0.35225,0.01575,1,0,0,0,0,0,0,0,0,0,0
16,0,1,2,2.75,0,0,0,0,0,0,0,0.0,0,0,0,0,0.5,0,0,0,0.0,0,1,2,0,0,62.0,0,0,1,1,0,41.0,0,0.205,0,0,0,0,0,0.00375,0.00225,0,1,0,0,0,0,0,0,0,0,0
41,0,1,0,3.6402,0,1,0,0,7,1,2,0.0,0,0,0,0,0.5,0,0,0,0.0,0,1,1,0,0,1.0,1,1,1,1,0,88.0,0,0.2228,0,0,0,0,0,0.0035,0.00275,0,1,0,0,0,0,0,0,0,0,0
49,1,1,0,3.6901,0,1,0,0,24,0,0,0.0,0,0,0,0,0.15,1,0,0,0.0,0,1,1,0,0,-1.0,0,0,0,1,0,85.0,0,0.1188,1,1,0,0,0,0.35225,0.48675,0,1,0,0,0,0,0,0,0,0,0
35,2,2,0,3.7821,1,0,0,0,0,0,0,0.0,0,0,0,0,0.5,0,0,0,0.0,0,1,2,0,0,-1.0,0,0,0,1,0,47.0,0,0.2256,1,1,0,0,0,0.0995,0.48675,1,0,0,0,0,0,0,0,0,0,0
165,0,1,0,3.3736,0,1,0,0,6,1,2,0.0,0,0,0,0,0.15,1,0,0,0.0,0,0,0,0,0,124.0,0,0,1,0,0,-1.0,-1,0.1125,0,0,1,1,1,0.35225,0.03575,0,0,0,0,0,0,0,0,0,0,1
19,0,1,0,3.2776,0,1,0,0,0,0,0,0.0,0,0,0,0,0.15,1,0,0,0.0,0,1,3,0,1,3510.0,0,1,1,1,0,32.0,0,0.1106,0,0,0,0,0,0.35225,0.01575,1,0,0,0,0,0,0,0,0,0,0
26,0,1,1,2.9477,0,1,0,0,9,0,0,0.0,0,0,0,0,0.2,1,0,0,0.0,0,1,3,0,0,2592.0,0,0,1,1,0,65.0,0,0.119,0,0,0,0,0,0.0055,0.0065,0,1,0,0,0,0,0,0,0,0,0
41,1,2,3,3.3278,1,1,0,0,17,0,0,0.0,0,0,0,0,0.5,0,0,0,0.0,0,0,0,0,0,-1.0,0,0,0,0,0,-1.0,-1,0.2166,1,1,1,1,1,0.00075,0.48675,0,0,0,0,0,0,0,0,0,0,1
24,0,2,0,3.0566,1,1,0,0,0,0,0,0.0,0,0,0,0,0.5,0,0,0,0.0,0,1,1,0,0,10786.0,0,0,1,1,0,157.0,0,0.2111,0,0,0,0,0,0.00425,0.00025,0,0,0,0,0,0,0,0,0,1,0
23,0,1,0,2.75,0,1,0,0,6,0,0,0.0,0,0,0,0,0.3,1,0,0,0.0,0,1,1,0,0,615.0,0,1,1,0,0,-1.0,0,0.145,0,0,1,1,0,0.00425,0.058,0,0,0,0,0,0,0,0,0,0,1
23,0,1,0,3.4566,0,1,0,0,0,0,0,0.0,0,0,0,0,0.5,0,0,0,0.0,0,1,2,0,1,-1.0,0,0,0,1,0,63.0,0,0.2191,1,1,0,0,0,0.0995,0.48675,1,0,0,0,0,0,0,0,0,0,0
25,0,2,0,3.4548,1,1,0,0,0,0,0,0.0,0,0,0,0,0.5,0,0,0,0.0,0,1,1,0,0,7507.0,0,0,1,1,0,195.0,0,0.2191,0,0,0,0,0,0.02275,0.012,0,0,0,0,0,1,0,0,0,0,0
36,0,3,0,3.8239,2,0,0,0,4,0,0,0.0,0,0,0,0,0.5,0,0,0,0.0,0,0,0,0,0,507.0,0,0,1,0,0,-1.0,-1,0.2265,1,0,1,1,1,0.00925,0.48675,0,0,0,0,0,0,0,0,0,0,1
31,1,1,0,3.3372,0,1,0,0,6,0,0,0.0,0,0,0,0,0.15,1,0,0,0.0,0,1,1,0,0,5174.0,0,0,1,0,0,-1.0,-1,0.1117,0,0,1,1,1,0.35225,0.00175,0,0,0,0,0,0,0,0,0,0,1
34,0,2,0,3.5933,1,1,0,0,0,0,0,0.0,0,0,0,0,0.15,1,0,0,0.0,0,1,2,0,0,7431.0,0,0,1,1,0,37.0,0,0.1169,0,0,0,0,0,0.35225,0.0155,0,1,0,0,0,0,0,0,0,0,0
37,1,2,7,4.0661,1,1,0,0,0,0,0,0.0,0,0,0,1,0.15,1,0,0,0.0,0,1,1,0,0,2445.0,0,0,1,1,0,87.0,0,0.1263,0,0,0,0,0,0.35225,0.00325,0,1,0,0,0,0,0,0,0,0,0
28,0,2,0,3.4316,1,1,0,0,0,0,0,0.0,0,0,0,0,0.5,0,0,0,0.0,0,0,0,0,0,-1.0,0,0,0,0,0,-1.0,-1,0.2186,1,1,1,1,1,0.0005,0.48675,0,0,0,0,0,0,0,0,0,0,1
30,0,1,0,3.1808,0,1,0,0,9,0,0,0.0,0,0,0,0,0.5,0,0,0,0.0,0,0,0,0,0,5144.0,0,0,1,0,0,-1.0,-1,0.2136,0,0,1,1,1,0.02275,0.012,0,0,0,0,0,0,0,0,0,0,1
30,0,1,0,2.9219,0,1,0,0,12,0,0,0.0,0,0,0,0,0.5,0,0,0,0.0,0,0,0,0,0,-1.0,0,0,0,0,0,-1.0,-1,0.2084,1,1,1,1,1,0.00025,0.48675,0,0,0,0,0,0,0,0,0,0,1
24,0,2,0,3.1899,1,1,0,0,0,0,0,0.0,0,0,0,0,0.15,1,0,0,0.0,0,1,3,0,0,6642.0,0,0,1,1,0,45.0,0,0.1088,0,0,0,0,0,0.35225,0.058,1,0,0,0,0,0,0,0,0,0,0
59,3,3,0,4.1051,2,1,0,0,0,0,0,0.0833,1,0,1,0,0.35,1,0,0,0.0,0,1,2,0,0,-1.0,0,0,0,0,0,-1.0,0,0.2204,1,1,1,1,0,0.08025,0.48675,0,0,0,0,0,0,0,0,0,0,1
57,0,2,4,4.182,1,1,0,0,21,0,0,0.0,0,0,0,0,0.94,1,0,0,0.0,0,0,0,0,0,7.0,1,0,1,0,0,-1.0,-1,0.3656,0,0,1,1,1,0.01625,0.01125,0,0,0,0,0,0,0,0,0,0,1
20,0,1,3,3.4183,0,1,0,0,0,0,0,0.0,0,0,0,0,0.15,1,0,0,0.0,0,1,3,0,1,11003.0,0,0,1,1,0,78.0,0,0.1134,0,0,0,0,0,0.35225,0.058,1,0,0,0,0,0,0,0,0,0,0
35,2,2,0,3.838,1,0,0,0,0,0,0,0.3167,2,0,2,1,0.35,1,0,0,0.0,0,0,0,0,0,-1.0,0,0,0,0,0,-1.0,-1,0.3084,1,1,1,1,1,0.08025,0.48675,0,0,0,0,0,0,0,0,0,0,1
20,0,2,0,3.2516,1,0,0,0,0,0,0,0.0,0,0,0,0,0.5,0,0,0,0.0,0,1,2,0,0,5.0,1,0,1,1,0,84.0,0,0.215,0,0,0,0,0,0.0005,0.00375,1,0,0,0,0,0,0,0,0,0,0
27,0,1,0,2.9219,0,1,0,0,9,0,0,0.0,0,0,0,0,0.5,0,0,0,0.0,0,0,0,0,1,-1.0,0,0,0,0,0,-1.0,-1,0.2084,1,1,1,1,1,0.00025,0.48675,0,0,0,0,0,0,0,0,0,0,1
21,1,1,2,3.5466,0,1,0,0,0,0,0,0.0,0,0,0,0,0.15,1,0,0,0.0,0,0,0,0,0,5763.0,0,0,1,0,0,-1.0,-1,0.1159,0,0,1,1,1,0.35225,0.036,0,0,0,0,0,0,0,0,0,0,1
38,2,2,6,3.8925,1,1,0,0,0,0,0,0.0833,1,0,1,0,0.35,1,0,0,0.0,0,1,2,0,0,-1.0,0,0,0,1,0,31.0,0,0.2162,1,1,0,0,0,0.08025,0.48675,0,1,0,0,0,0,0,0,0,0,0
43,0,2,0,3.281,1,1,0,0,17,0,0,0.0,0,0,0,0,0.5,0,0,0,0.0,0,0,0,0,0,195.0,0,1,1,0,0,-1.0,-1,0.2156,0,0,1,1,1,0.00075,0.0005,0,0,0,0,0,0,0,0,0,0,1
28,0,3,2,3.6464,2,0,0,0,0,0,0,0.0833,1,0,1,0,0.35,1,0,0,0.0,0,1,2,0,0,-1.0,0,0,0,0,0,-1.0,0,0.2112,1,1,1,1,0,0.08025,0.48675,0,0,0,0,0,0,0,0,0,0,1
24,0,1,0,3.375,0,1,0,0,0,0,0,0.0,0,0,0,0,0.5,0,0,0,0.0,0,1,1,0,0,-1.0,0,0,0,1,0,155.0,0,0.2175,1,1,0,0,0,0.01075,0.48675,0,0,0,0,0,0,0,0,0,1,0
33,0,1,0,2.914,0,1,0,0,14,0,0,0.0,0,0,0,0,0.5,0,0,0,0.0,0,0,0,0,0,3441.0,0,0,1,0,0,-1.0,-1,0.2083,0,0,1,1,1,0.00325,0.00025,0,0,0,0,0,0,0,0,0,0,1
59,0,2,0,3.182,1,1,0,0,37,0,0,0.0,0,0,0,0,0.5,0,0,0,0.0,0,0,0,0,0,-1.0,0,0,0,0,0,-1.0,-1,0.2136,1,1,1,1,1,0.00025,0.48675,0,0,0,0,0,0,0,0,0,0,1
17,0,1,0,2.9477,0,1,0,0,0,0,0,0.0,0,0,0,0,0.22,1,0,0,0.0,0,1,3,0,0,2063.0,0,1,1,1,0,75.0,0,0.125,0,0,0,0,0,0.0405,0.01175,1,0,0,0,0,0,0,0,0,0,0
22,0,2,0,3.027,1,1,0,0,0,0,0,0.0,0,0,0,0,0.15,1,0,0,0.0,0,1,1,0,0,3440.0,0,1,1,1,0,87.0,0,0.1055,0,0,0,0,0,0.35225,0.0005,1,0,0,0,0,0,0,0,0,0,0
33,0,1,0,2.914,0,1,0,0,14,0,0,0.25,2,0,2,0,0.5,0,0,0,0.0,0,0,0,0,0,26.0,1,0,1,0,0,-1.0,-1,0.3083,0,0,1,1,1,0.00175,0.00375,0,0,0,0,0,0,0,0,0,0,1
30,0,2,0,3.5945,1,1,0,0,0,0,0,0.1667,2,0,2,0,0.15,1,0,0,0.0,0,0,0,0,0,43.0,0,0,1,0,0,-1.0,-1,0.1836,0,0,1,1,1,0.35225,0.01575,0,0,0,0,0,0,0,0,0,0,1
32,0,1,1,3.0,0,1,0,0,7,1,2,0.0,0,0,0,0,0.15,1,0,0,0.0,0,0,0,0,0,656.0,0,1,1,0,0,-1.0,-1,0.105,0,0,1,1,1,0.35225,0.01225,0,0,0,0,0,0,0,0,0,0,1
38,0,1,0,3.5216,0,1,0,0,16,0,0,0.0,0,0,0,0,0.22,1,0,0,0.0,0,1,1,0,0,10005.0,0,0,1,0,0,-1.0,-1,0.1364,0,0,1,1,1,0.0405,0.00025,0,0,0,0,0,0,0,0,0,0,1
35,0,1,0,2.8731,0,1,0,0,14,0,0,0.0,0,0,0,0,0.15,1,0,0,0.0,0,1,2,0,1,-1.0,0,0,0,1,0,123.0,0,0.1025,1,1,0,0,0,0.35225,0.48675,0,0,0,0,1,0,0,0,0,0,0
