url,domain,label,url_length,hyphen_count,dot_count,digit_count,entropy,subdomain_depth,has_https,is_ip_address,has_at_symbol,path_length,query_param_count,special_char_count,brand_impersonation_score,brand_matched_count,brand_keyword_hit_count,brand_typosquat_hit_count,brand_has_action_word,tld,tld_risk_score,tld_known,idn_is_homograph,idn_confusable_count,idn_risk_score,idn_punycode_flag,dns_resolves,dns_a_record_count,dns_has_aaaa,dns_has_mx,whois_domain_age_days,whois_registrar,whois_recently_registered,whois_privacy_protected,whois_found,ssl_valid,ssl_self_signed,ssl_issuer,ssl_days_until_expiry,ssl_expired,visual_similarity_score,dom_credential_form_detected,aggregate_lexical_risk_score
http://sp5ct-lurex-biz8-vanik-forem.pages.dev/,sp5ct-lurex-biz8-vanik-forem.pages.dev,1,46,4,2,2,4.4585,1,0,0,0,1,0,0,0.0,0,0,0,0,dev,0.5,0,0,0,0.0,0,True,2,1,0,,,0,0,0,True,0,Google Trust Services,83,False,,,0.2392
http://worst-truck.pages.dev/,worst-truck.pages.dev,1,29,1,2,0,3.9161,1,0,0,0,1,0,0,0.0,0,0,0,0,dev,0.5,0,0,0,0.0,0,True,2,1,0,,,0,0,0,True,0,Google Trust Services,73,False,,,0.2283
http://sp5ct-lurem-biz8-savik-foren.pages.dev/appeals/submit-appeal-form/return,sp5ct-lurem-biz8-savik-foren.pages.dev,1,79,4,2,2,4.386,1,0,0,0,34,0,0,0.0,0,0,0,0,dev,0.5,0,0,0,0.0,0,True,2,1,0,,,0,0,0,True,0,Google Trust Services,83,False,,,0.2377
http://send-usd-31ca58.netlify.app/,send-usd-31ca58.netlify.app,1,35,2,2,4,4.1623,1,0,0,0,1,0,0,0.3333,3,0,4,0,app,0.35,1,0,0,0.0,0,True,2,1,0,,,0,0,0,True,0,DigiCert Inc,234,False,,,0.3216
https://zfnrw7a84gp-kdplykmja-8e0f4b-dfj18c.pages.dev/,zfnrw7a84gp-kdplykmja-8e0f4b-dfj18c.pages.dev,1,54,3,2,8,4.53,1,1,0,0,1,0,0,0.0,0,0,0,0,dev,0.5,0,0,0,0.0,0,True,2,1,0,,,0,0,0,True,0,Google Trust Services,82,False,,,0.2406
https://ffkipas.my.id,ffkipas.my.id,0,21,0,2,0,3.2389,1,1,0,0,0,0,0,0.0,0,0,0,0,id,0.5,0,0,0,0.0,0,True,2,1,0,,,0,0,0,True,0,Google Trust Services,42,False,,,0.2148
https://cheerful-rose-tkryjfc0.edgeone.dev/,cheerful-rose-tkryjfc0.edgeone.dev,1,43,2,2,1,4.0167,1,1,0,0,1,0,0,0.0,0,0,0,0,dev,0.5,0,0,0,0.0,0,True,2,0,0,,,0,0,0,True,0,"DigiCert, Inc.",114,False,,,0.2303
https://sp5ct-lurem-biz8-savik-foren.pages.dev/,sp5ct-lurem-biz8-savik-foren.pages.dev,1,47,4,2,2,4.386,1,1,0,0,1,0,0,0.0,0,0,0,0,dev,0.5,0,0,0,0.0,0,True,2,1,0,,,0,0,0,True,0,Google Trust Services,83,False,,,0.2377
https://nu.international/api/v1/status,nu.international,0,38,0,1,0,3.125,0,1,0,0,14,0,0,0.0,0,0,0,0,international,0.5,0,0,0,0.0,0,False,0,0,0,,,0,0,0,False,0,,,,,,0.2125
https://www.qimai.cn/,www.qimai.cn,0,21,0,2,0,2.8554,1,1,0,0,1,0,0,0.0833,1,0,1,0,cn,0.5,0,0,0,0.0,0,True,3,0,0,7071,阿里云计算有限公司（万网）,0,0,1,True,0,Asseco Data Systems S.A.,181,False,,,0.2404
http://whmx-zyq-jh2cl-9712of-2ojml.pages.dev/,whmx-zyq-jh2cl-9712of-2ojml.pages.dev,1,45,4,2,6,4.4863,1,0,0,0,1,0,0,0.0,0,0,0,0,dev,0.5,0,0,0,0.0,0,True,2,1,0,,,0,0,0,True,0,Google Trust Services,82,False,,,0.2397
http://xelnita-gld-lentora-c1m7hq86.pages.dev/appeals/submit-appeal-form/return,xelnita-gld-lentora-c1m7hq86.pages.dev,1,79,3,2,4,4.3989,1,0,0,0,34,0,0,0.0,0,0,0,0,dev,0.5,0,0,0,0.0,0,True,2,1,0,,,0,0,0,True,0,Google Trust Services,82,False,,,0.238
http://kioxcoinlogxno.godaddysites.com/,kioxcoinlogxno.godaddysites.com,1,39,0,2,0,3.76,1,0,0,0,1,0,0,0.0,0,0,0,0,com,0.15,1,0,0,0.0,0,True,2,0,0,4634,"GoDaddy.com, LLC",0,0,1,True,0,GoDaddy.com,165,False,,,0.1202
https://www.kentik.com/,www.kentik.com,0,23,0,2,0,3.182,1,1,0,0,1,0,0,0.0,0,0,0,0,com,0.15,1,0,0,0.0,0,True,2,1,0,6524,"GoDaddy.com, LLC",0,0,1,True,0,Let's Encrypt,87,False,,,0.1086
http://kuikanxllognn.godaddysites.com/,kuikanxllognn.godaddysites.com,1,38,0,2,0,3.9647,1,0,0,0,1,0,0,0.0,0,0,0,0,com,0.15,1,0,0,0.0,0,True,2,0,0,4634,"GoDaddy.com, LLC",0,0,1,True,0,GoDaddy.com,165,False,,,0.1243
http://www.come.ac/robloxcom-users-27413288247-profile/,www.come.ac,1,55,0,2,0,2.6635,1,0,0,0,37,0,0,0.0,0,0,0,0,ac,0.5,0,0,0,0.0,0,True,2,1,0,911,"Cloudflare, Inc",0,0,1,True,0,Google Trust Services,69,False,,,0.2033
https://lexology.com,lexology.com,0,20,0,1,0,3.0221,0,1,0,0,0,0,0,0.0,0,0,0,0,com,0.15,1,0,0,0.0,0,True,2,1,1,10568,"Cloudflare, Inc.",0,1,1,True,0,Google Trust Services,36,False,,,0.1054
https://hesk.com,hesk.com,0,16,0,1,0,3.0,0,1,0,0,0,0,0,0.0,0,0,0,0,com,0.15,1,0,0,0.0,0,True,1,0,1,8544,"NameSilo, LLC",0,1,1,True,0,GlobalSign nv-sa,182,False,,,0.105
https://enabiz.gov.tr/Account/Login?_st=1,enabiz.gov.tr,0,41,0,2,0,3.5466,1,1,0,0,14,1,3,0.0833,1,0,1,0,tr,0.5,0,0,0,0.0,0,True,1,0,0,4193,,0,0,1,True,0,GlobalSign nv-sa,128,False,,,0.2543
https://blogdigy.com,blogdigy.com,0,20,0,1,0,3.2516,0,1,0,0,0,0,0,0.0,0,0,0,0,com,0.15,1,0,0,0.0,0,True,2,1,1,3916,NAMECHEAP INC,0,1,1,True,0,Google Trust Services,81,False,,,0.11
http://sp3ct-varnik-biz8-pelqen-horex.pages.dev/appeals/submit-appeal-form/return,sp3ct-varnik-biz8-pelqen-horex.pages.dev,1,81,4,2,2,4.3628,1,0,0,0,34,0,0,0.0,0,0,0,0,dev,0.5,0,0,0,0.0,0,True,2,1,0,,,0,0,0,True,0,Google Trust Services,82,False,,,0.2373
https://apps.mil/docs/index.html,apps.mil,0,32,0,1,0,2.75,0,1,0,0,16,0,0,0.0,0,0,0,0,mil,0.01,1,0,0,0.0,0,False,0,0,0,,,0,0,0,False,0,,,,,,0.058
https://promotionx.io/update/index.html,promotionx.io,0,39,0,1,0,2.9312,0,1,0,0,18,0,0,0.0,0,0,0,0,io,0.28,1,0,0,0.0,0,False,0,0,0,1166,GANDI SAS,0,0,1,False,0,,,,,,0.1426
http://sp5ct-purev-biz8-talek-horin.pages.dev/appeals/submit-appeal-form/return,sp5ct-purev-biz8-talek-horin.pages.dev,1,79,4,2,2,4.3333,1,0,0,0,34,0,0,0.0,0,0,0,0,dev,0.5,0,0,0,0.0,0,True,2,1,0,,,0,0,0,True,0,Google Trust Services,83,False,,,0.2367
http://seandusddtbep20.netlify.app/,seandusddtbep20.netlify.app,1,35,0,2,2,3.8562,1,0,0,0,1,0,0,0.0833,1,0,1,0,app,0.35,1,0,0,0.0,0,True,2,1,0,,,0,0,0,True,0,DigiCert Inc,234,False,,,0.2154
https://harshiiii18.github.io/Netflix-UI/,harshiiii18.github.io,1,41,0,2,2,3.3321,1,1,0,0,12,0,0,0.0,0,0,0,0,io,0.28,1,0,0,0.0,0,True,4,1,0,,,0,0,0,True,0,Let's Encrypt,36,False,,,0.1506
https://infocyte.com,infocyte.com,0,20,0,1,0,3.2516,0,1,0,0,0,0,0,0.0,0,0,0,0,com,0.15,1,0,0,0.0,0,True,1,0,1,4718,"Amazon Registrar, Inc.",0,1,1,False,0,,,False,,,0.11
https://webglobe.sk/blog/pricing,webglobe.sk,0,32,0,1,0,3.0958,0,1,0,0,13,0,0,0.0,0,0,0,0,sk,0.5,0,0,0,0.0,0,True,1,0,1,8481,"Webglobe, a.s.",0,0,1,True,0,DigiCert Inc,35,False,,,0.2119
https://weathernews.jp,weathernews.jp,0,22,0,1,0,3.3249,0,1,0,0,0,0,0,0.0,0,0,0,0,jp,0.5,0,0,0,0.0,0,True,4,0,1,8512,,0,0,1,True,0,DigiCert Inc,213,False,,,0.2165
https://oval.id,oval.id,0,15,0,1,0,2.8074,0,1,0,0,0,0,0,0.0,0,0,0,0,id,0.5,0,0,0,0.0,0,True,2,1,1,,,0,0,0,True,0,Google Trust Services,87,False,,,0.2061
https://sp29ct-fervik-biz-kantor-hazsel.pages.dev/,sp29ct-fervik-biz-kantor-hazsel.pages.dev,1,50,4,2,2,4.3451,1,1,0,0,1,0,0,0.1667,2,0,2,0,dev,0.5,0,0,0,0.0,0,True,2,1,0,,,0,0,0,True,0,Google Trust Services,80,False,,,0.3036
https://3658yohu7200.cc/,3658yohu7200.cc,1,24,0,1,8,3.6402,0,1,0,0,1,0,0,0.0,0,0,0,0,cc,0.5,0,0,0,0.0,0,True,3,0,0,45,DYNADOT LLC,0,1,1,True,0,Let's Encrypt,44,False,,,0.2228
https://seekurhh.eu.cc/es,seekurhh.eu.cc,1,25,0,2,0,2.8963,1,1,0,0,3,0,0,0.0,0,0,0,0,cc,0.5,0,0,0,0.0,0,True,1,0,0,10515,Gname.com Pte. Ltd.,0,1,1,True,0,Let's Encrypt,82,False,,,0.2079
http://djflslfjflslfikrorie.blogspot.com/,djflslfjflslfikrorie.blogspot.com,1,41,0,2,0,3.8212,1,0,0,0,1,0,0,0.0,0,0,0,0,com,0.15,1,0,0,0.0,0,True,2,1,0,,,0,0,0,True,0,Google Trust Services,55,False,,,0.1214
https://education.gov.au/login,education.gov.au,0,30,0,2,0,3.5,1,1,0,0,6,0,0,0.0833,1,0,1,0,au,0.5,0,0,0,0.0,0,True,1,1,1,,Department of Finance,0,0,1,True,0,DigiCert Inc,143,False,,,0.2533
https://insales-cdn.com/login,insales-cdn.com,0,29,1,1,0,3.5069,0,1,0,0,6,0,0,0.0,0,0,0,0,com,0.15,1,0,0,0.0,0,False,0,0,0,1673,Registrar of Domain Names REG.RU LLC,0,0,1,False,0,,,,,,0.1151
https://ledgr-desk-io.pages.dev/,ledgr-desk-io.pages.dev,1,32,2,2,0,3.6212,1,1,0,0,1,0,0,0.0,0,0,0,0,dev,0.5,0,0,0,0.0,0,True,2,1,0,,,0,0,0,True,0,Google Trust Services,32,False,,,0.2224
https://alexistogel.ninja/en-us/home,alexistogel.ninja,0,36,0,1,0,3.4992,0,1,0,0,11,0,0,0.0,0,0,0,0,ninja,0.5,0,0,0,0.0,0,False,0,0,0,,,0,0,0,False,0,,,,,,0.22
http://fungamestech.github.io/community,fungamestech.github.io,1,39,0,2,0,3.8231,1,0,0,0,10,0,0,0.0,0,0,0,0,io,0.28,1,0,0,0.0,0,True,4,1,0,,,0,0,0,True,0,Let's Encrypt,36,False,,,0.1605
https://sp5ct-furen-biz8-korim-lavex.pages.dev/,sp5ct-furen-biz8-korim-lavex.pages.dev,1,47,4,2,2,4.4585,1,1,0,0,1,0,0,0.0,0,0,0,0,dev,0.5,0,0,0,0.0,0,True,2,1,0,,,0,0,0,True,0,Google Trust Services,83,False,,,0.2392
https://thenewstack.io,thenewstack.io,0,22,0,1,0,3.5216,0,1,0,0,0,0,0,0.0,0,0,0,0,io,0.28,1,0,0,0.0,0,True,3,1,1,4557,"Cloudflare, Inc",0,0,1,True,0,Google Trust Services,80,False,,,0.1544
https://sp4ct-ulvex-biz8-korim-daren.pages.dev/,sp4ct-ulvex-biz8-korim-daren.pages.dev,1,47,4,2,2,4.4058,1,1,0,0,1,0,0,0.0,0,0,0,0,dev,0.5,0,0,0,0.0,0,True,2,1,0,,,0,0,0,True,0,Google Trust Services,83,False,,,0.2381
https://itec.al.gov.br/search?q=news,itec.al.gov.br,0,36,0,3,0,3.4677,2,1,0,0,7,1,2,0.1667,2,0,2,0,br,0.5,0,0,0,0.0,0,False,0,0,0,11072,,0,0,1,False,0,,,,,,0.286
http://wexex3x3x.pages.dev/,wexex3x3x.pages.dev,1,27,0,2,2,3.1953,1,0,0,0,1,0,0,0.0,0,0,0,0,dev,0.5,0,0,0,0.0,0,True,2,1,0,,,0,0,0,True,0,Google Trust Services,85,False,,,0.2139
https://streetdirectory.com,streetdirectory.com,0,27,0,1,0,3.2866,0,1,0,0,0,0,0,0.0,0,0,0,0,com,0.15,1,0,0,0.0,0,True,1,1,1,9793,"Register.com - Network Solutions, LLC",0,0,1,False,0,,,False,,,0.1107
http://www.bhhgfgf.weebly.com/,www.bhhgfgf.weebly.com,1,30,0,3,0,3.4251,2,0,0,0,1,0,0,0.0,0,0,0,0,com,0.15,1,0,0,0.0,0,True,2,0,0,7426,"MarkMonitor, Inc.",0,0,1,False,0,,,,,,0.1135
http://sp5ct-marex-biz8-furem-sonik.pages.dev/,sp5ct-marex-biz8-furem-sonik.pages.dev,1,46,4,2,2,4.386,1,0,0,0,1,0,0,0.0,0,0,0,0,dev,0.5,0,0,0,0.0,0,True,2,1,0,,,0,0,0,True,0,Google Trust Services,83,False,,,0.2377
https://volcanodns.com/support/contact,volcanodns.com,0,38,0,1,0,3.182,0,1,0,0,16,0,0,0.0,0,0,0,0,com,0.15,1,0,0,0.0,0,False,0,0,0,426,"NameSilo, LLC",0,1,1,False,0,,,,,,0.1086
http://pemulihaan-akun-danaa.kll.my.id/,pemulihaan-akun-danaa.kll.my.id,1,39,2,3,0,3.6066,2,0,0,0,1,0,0,0.0,0,0,0,0,id,0.5,0,0,0,0.0,0,False,0,0,0,,,0,0,0,False,0,,,,,,0.2221
https://www.ouyifugtjk.com/de,www.ouyifugtjk.com,1,29,0,2,0,3.5724,1,1,0,0,3,0,0,0.0,0,0,0,0,com,0.15,1,0,0,0.0,0,True,1,0,0,168,"Amazon Registrar, Inc.",0,1,1,True,0,GlobalSign nv-sa,228,False,,,0.1164
https://airnow.gov,airnow.gov,0,18,0,1,0,3.1219,0,1,0,0,0,0,0,0.0833,1,0,1,0,gov,0.03,1,0,0,0.0,0,False,0,0,0,8335,get.gov,0,1,1,False,0,,,,,,0.1048
https://vsbroyal.com,vsbroyal.com,0,20,0,1,0,3.4183,0,1,0,0,0,0,0,0.0,0,0,0,0,com,0.15,1,0,0,0.0,0,True,2,0,0,187,NAMECHEAP INC,0,1,1,True,0,Google Trust Services,79,False,,,0.1134
https://simple-security-page--kelvinmartins81.replit.app/forgotpassword.html/forgotpassword.html/,simple-security-page--kelvinmartins81.replit.app,1,97,4,2,2,4.0724,1,1,0,0,41,0,0,0.0833,1,0,1,0,app,0.35,1,0,0,0.0,0,True,1,0,0,,,0,0,0,True,0,Google Trust Services,71,False,,,0.2198
http://sp3ct-keslor-biz8-mavrik-fuden.pages.dev/,sp3ct-keslor-biz8-mavrik-fuden.pages.dev,1,48,4,2,2,4.4031,1,0,0,0,1,0,0,0.0,0,0,0,0,dev,0.5,0,0,0,0.0,0,True,2,1,0,,,0,0,0,True,0,Google Trust Services,82,False,,,0.2381
https://treazore-suiite.wasmer.app/,treazore-suiite.wasmer.app,1,35,1,2,0,3.6424,1,1,0,0,1,0,0,0.0833,1,0,1,0,app,0.35,1,0,0,0.0,0,True,1,1,0,,,0,0,0,True,0,Let's Encrypt,47,False,,,0.2112
https://www.gry-online.pl/,www.gry-online.pl,0,26,1,2,0,3.4548,1,1,0,0,1,0,0,0.0833,1,0,1,0,pl,0.5,0,0,0,0.0,0,True,3,1,0,9502,nazwa.pl sp. z o.o.,0,0,1,True,0,Google Trust Services,58,False,,,0.2524
http://sp3ct-hurnor-biz8-kesqel-rudam.pages.dev/appeals/submit-appeal-form/return,sp3ct-hurnor-biz8-kesqel-rudam.pages.dev,1,81,4,2,2,4.4342,1,0,0,0,34,0,0,0.0,0,0,0,0,dev,0.5,0,0,0,0.0,0,True,2,1,0,,,0,0,0,True,0,Google Trust Services,82,False,,,0.2387
https://pub-d37b8cff4381478390372f45fa529228.r2.dev/doc_start.html?folder=bm6JLG7JQP&module=aSoqKkBvKioqKi5kZQ==,pub-d37b8cff4381478390372f45fa529228.r2.dev,1,112,1,2,25,4.1444,1,1,0,0,15,2,7,0.1667,1,0,1,0,dev,0.5,0,0,0,0.0,0,True,2,1,0,,,0,0,0,True,0,Let's Encrypt,72,False,,,0.2996
https://haecdn.com/about,haecdn.com,0,24,0,1,0,3.1219,0,1,0,0,6,0,0,0.0,0,0,0,0,com,0.15,1,0,0,0.0,0,False,0,0,0,1461,"Amazon Registrar, Inc.",0,1,1,False,0,,,,,,0.1074
https://colsanitas.com,colsanitas.com,0,22,0,1,0,3.2359,0,1,0,0,0,0,0,0.0,0,0,0,0,com,0.15,1,0,0,0.0,0,True,1,0,1,,,0,0,0,True,0,DigiCert Inc,58,False,,,0.1097
https://www.linguee.es/,www.linguee.es,0,23,0,2,0,2.9852,1,1,0,0,1,0,0,0.0,0,0,0,0,es,0.5,0,0,0,0.0,0,True,1,0,1,,,0,0,0,True,0,Let's Encrypt,84,False,,,0.2097
https://jksolapp.com/support/contact,jksolapp.com,0,36,0,1,0,3.2516,0,1,0,0,16,0,0,0.0,0,0,0,0,com,0.15,1,0,0,0.0,0,False,0,0,0,782,"Amazon Registrar, Inc.",0,1,1,False,0,,,,,,0.11
https://www.baidu.com/,www.baidu.com,0,22,0,2,0,3.1808,1,1,0,0,1,0,0,0.0,0,0,0,0,com,0.15,1,0,0,0.0,0,True,4,0,0,9786,"MarkMonitor Information Technology (Shanghai) Co., Ltd.",0,0,1,True,0,GlobalSign nv-sa,179,False,,,0.1086
https://www.roblox.com.ml/users/334543772341/profile,www.roblox.com.ml,1,52,0,3,0,3.0131,2,1,0,0,27,0,0,0.0,0,0,0,0,ml,0.93,1,0,0,0.0,0,True,1,0,0,,,0,0,0,False,0,,,,,,0.3393
https://www.daum.net/,www.daum.net,0,21,0,2,0,3.0221,1,1,0,0,1,0,0,0.0,0,0,0,0,net,0.22,1,0,0,0.0,0,True,2,0,0,11101,"Megazone Corp., dba HOSTING.KR",0,0,1,True,0,DigiCert Inc,33,False,,,0.1264
http://sp5ct-zorek-biz8-vulex-farin.pages.dev/appeals/submit-appeal-form/return,sp5ct-zorek-biz8-vulex-farin.pages.dev,1,79,4,2,2,4.4058,1,0,0,0,34,0,0,0.0,0,0,0,0,dev,0.5,0,0,0,0.0,0,True,2,1,0,,,0,0,0,True,0,Google Trust Services,83,False,,,0.2381
http://sp3ct-furnik-biz8-darsel-povad.pages.dev/appeals/submit-appeal-form/return,sp3ct-furnik-biz8-darsel-povad.pages.dev,1,81,4,2,2,4.3276,1,0,0,0,34,0,0,0.0,0,0,0,0,dev,0.5,0,0,0,0.0,0,True,2,1,0,,,0,0,0,True,0,Google Trust Services,82,False,,,0.2366
https://lums.edu.pk,lums.edu.pk,0,19,0,2,0,3.0958,1,1,0,0,0,0,0,0.0,0,0,0,0,pk,0.5,0,0,0,0.0,0,True,3,0,1,11088,,0,0,1,True,0,Sectigo Limited,11,False,,,0.2119
https://yourpayroll.com.au,yourpayroll.com.au,0,26,0,2,0,3.2391,1,1,0,0,0,0,0,0.0,0,0,0,0,au,0.5,0,0,0,0.0,0,True,2,0,1,,Domain Directors Pty Ltd trading as Instra,0,0,1,True,0,Amazon,144,False,,,0.2148
http://sancionesgobhgf.com/msg.php,sancionesgobhgf.com,1,34,0,1,0,3.5766,0,0,0,0,8,0,0,0.0,0,0,0,0,com,0.15,1,0,0,0.0,0,True,1,1,1,115,IONOS SE,0,1,1,True,0,Sectigo Limited,65,False,,,0.1165
https://cdntv.online,cdntv.online,0,20,0,1,0,3.1887,0,1,0,0,0,0,0,0.0,0,0,0,0,online,0.65,1,0,0,0.0,0,True,1,0,0,,,0,0,0,True,0,Let's Encrypt,62,False,,,0.2588
https://adobesigne9913-c589-87cb-8021-50067cafdcc.daniel-ereiramendoza-co-uk-s-account.workers.dev/,adobesigne9913-c589-87cb-8021-50067cafdcc.daniel-ereiramendoza-co-uk-s-account.workers.dev,1,99,9,3,18,4.5831,2,1,0,0,1,0,0,0.0,0,0,0,1,dev,0.5,0,0,0,0.0,0,True,2,1,0,,,0,0,0,True,0,Google Trust Services,48,False,,,0.2417
https://tower.jp,tower.jp,0,16,0,1,0,3.0,0,1,0,0,0,0,0,0.0,0,0,0,0,jp,0.5,0,0,0,0.0,0,True,2,0,1,9255,,0,0,1,True,0,"Cybertrust Japan Co., Ltd.",246,False,,,0.21
https://www.realmadrid.com/,www.realmadrid.com,0,27,0,2,0,3.3502,1,1,0,0,1,0,0,0.0,0,0,0,0,com,0.15,1,0,0,0.0,0,True,2,0,0,10169,"TUCOWS.COM, CO.",0,1,1,True,0,DigiCert Inc,172,False,,,0.112
https://suribet.sr,suribet.sr,0,18,0,1,0,2.9219,0,1,0,0,0,0,0,0.0,0,0,0,0,sr,0.5,0,0,0,0.0,0,True,2,0,1,1467,Caribbean Communication Services N.V. (Datasur),0,0,1,True,0,Google Trust Services,69,False,,,0.2084
http://sp5ct-kariv-biz8-lurem-hosek.pages.dev/,sp5ct-kariv-biz8-lurem-hosek.pages.dev,1,46,4,2,2,4.3333,1,0,0,0,1,0,0,0.0,0,0,0,0,dev,0.5,0,0,0,0.0,0,True,2,1,0,,,0,0,0,True,0,Google Trust Services,83,False,,,0.2367
https://parivahan.gov.in,parivahan.gov.in,0,24,0,2,0,3.2028,1,1,0,0,0,0,0,0.0833,1,0,1,0,gov.in,0.01,1,0,0,0.0,0,True,1,0,0,5491,National Informatics Centre,0,0,1,True,0,eMudhra Technologies Limited,68,False,,,0.1004
https://gscontxt.net/support/contact,gscontxt.net,0,36,0,1,0,3.0221,0,1,0,0,16,0,0,0.0,0,0,0,0,net,0.22,1,0,0,0.0,0,False,0,0,1,5262,"MarkMonitor, Inc.",0,0,1,False,0,,,,,,0.1264
https://ibet788.com,ibet788.com,0,19,0,1,3,3.2776,0,1,0,0,0,0,0,0.0,0,0,0,0,com,0.15,1,0,0,0.0,0,True,2,0,0,5069,NAMECHEAP INC,0,1,1,True,0,Google Trust Services,67,False,,,0.1106
http://lkwg854low-gpxonnhb-8a2c4f-kro1p.pages.dev/,lkwg854low-gpxonnhb-8a2c4f-kro1p.pages.dev,1,50,3,2,7,4.5109,1,0,0,0,1,0,0,0.0,0,0,0,0,dev,0.5,0,0,0,0.0,0,True,2,1,0,,,0,0,0,True,0,Google Trust Services,81,False,,,0.2402
http://mateladepormhub.phemayameltahub.site/monitor-library-message-mesh-reserve-io-graph,mateladepormhub.phemayameltahub.site,1,89,0,2,0,3.7608,1,0,0,0,46,0,0,0.1667,1,0,1,0,site,0.7,1,0,0,0.0,0,True,1,0,1,,,0,0,0,False,0,,,,,,0.3519
https://www.jagex.com/,www.jagex.com,0,22,0,2,0,3.1808,1,1,0,0,1,0,0,0.0,0,0,0,0,com,0.15,1,0,0,0.0,0,True,2,0,0,,,0,0,0,True,0,Let's Encrypt,61,False,,,0.1086
https://waitbutwhy.com,waitbutwhy.com,0,22,0,1,0,3.5216,0,1,0,0,0,0,0,0.0,0,0,0,0,com,0.15,1,0,0,0.0,0,True,2,1,1,4878,"GoDaddy.com, LLC",0,0,1,True,0,Google Trust Services,32,False,,,0.1154
http://sp5ct-vorem-biz8-hanix-lurek.pages.dev/appeals/submit-appeal-form/return,sp5ct-vorem-biz8-hanix-lurek.pages.dev,1,79,4,2,2,4.4585,1,0,0,0,34,0,0,0.0,0,0,0,0,dev,0.5,0,0,0,0.0,0,True,2,1,0,,,0,0,0,True,0,Google Trust Services,83,False,,,0.2392
https://sspdata.net,sspdata.net,0,19,0,1,0,2.914,0,1,0,0,0,0,0,0.0,0,0,0,0,net,0.22,1,0,0,0.0,0,True,1,0,1,9049,"TUCOWS.COM, CO.",0,1,1,False,0,,,False,,,0.1243
https://au.pinterest.com/,au.pinterest.com,0,25,0,2,0,3.625,1,1,0,0,1,0,0,0.25,1,1,0,0,com,0.15,1,0,0,0.0,0,True,2,0,0,6087,MarkMonitor Inc.,0,0,1,True,0,DigiCert Inc,26,False,,,0.2175
https://himanshu-srivastava108.github.io/Amazon-Clone/,himanshu-srivastava108.github.io,1,54,1,2,3,3.9528,1,1,0,0,14,0,0,0.0,0,0,0,0,io,0.28,1,0,0,0.0,0,True,4,1,0,,,0,0,0,True,0,Let's Encrypt,36,False,,,0.1631
https://www.xnxx-arabic.com/,www.xnxx-arabic.com,0,28,1,2,0,3.4316,1,1,0,0,1,0,0,0.0,0,0,0,0,com,0.15,1,0,0,0.0,0,True,2,0,0,784,NAMECHEAP INC,0,1,1,True,0,Google Trust Services,73,False,,,0.1136
https://ap.gov.in,ap.gov.in,0,17,0,2,0,2.9477,1,1,0,0,0,0,0,0.0833,1,0,1,0,gov.in,0.01,1,0,0,0.0,0,True,1,0,1,8550,National Informatics Centre,0,0,1,True,0,DigiCert Inc,84,False,,,0.0953
https://t5ep-vfbg3-bua-zk80fu-ib0e.pages.dev/,t5ep-vfbg3-bua-zk80fu-ib0e.pages.dev,1,45,4,2,5,4.149,1,1,0,0,1,0,0,0.0,0,0,0,0,dev,0.5,0,0,0,0.0,0,True,2,1,0,,,0,0,0,True,0,Google Trust Services,82,False,,,0.233
https://cookiedatabase.org,cookiedatabase.org,0,26,0,1,0,3.5305,0,1,0,0,0,0,0,0.0,0,0,0,0,org,0.1,1,0,0,0.0,0,True,3,1,1,2758,Key-Systems GmbH,0,1,1,True,0,Let's Encrypt,68,False,,,0.1006
https://iptvportal.ru,iptvportal.ru,0,21,0,1,0,3.2389,0,1,0,0,0,0,0,0.0,0,0,0,0,ru,0.5,0,0,0,0.0,0,True,1,0,1,5717,RU-CENTER-RU,0,0,1,True,0,Let's Encrypt,2,False,,,0.2148
https://betjili.live,betjili.live,0,20,0,1,0,2.8554,0,1,0,0,0,0,0,0.0833,1,0,1,0,live,0.6,1,0,0,0.0,0,True,2,0,0,,,0,0,0,True,0,Google Trust Services,71,False,,,0.2704
https://sp4ct-carem-biz8-folax-nerim.pages.dev/,sp4ct-carem-biz8-folax-nerim.pages.dev,1,47,4,2,2,4.3333,1,1,0,0,1,0,0,0.0,0,0,0,0,dev,0.5,0,0,0,0.0,0,True,2,1,0,,,0,0,0,True,0,Google Trust Services,82,False,,,0.2367
https://launcher365.top/docs/index.html,launcher365.top,0,39,0,1,3,3.9069,0,1,0,0,16,0,0,0.0,0,0,0,0,top,0.9,1,0,0,0.0,0,False,0,0,0,973,Alibaba Cloud Computing Ltd. d/b/a HiChina (www.net.cn),0,1,1,False,0,,,,,,0.3481
https://65.jj38175.vip/,65.jj38175.vip,1,23,0,2,7,3.3788,1,1,0,0,1,0,0,0.0,0,0,0,0,vip,0.5,0,0,0,0.0,0,True,5,0,0,5,DYNADOT LLC,1,1,1,True,0,Let's Encrypt,87,False,,,0.2176
https://alexismirana.com,alexismirana.com,0,24,0,1,0,3.4528,0,1,0,0,0,0,0,0.0,0,0,0,0,com,0.15,1,0,0,0.0,0,True,2,1,0,67,"Name.com, Inc.",0,0,1,True,0,Google Trust Services,78,False,,,0.1141
http://plixy-bfrnk-skrunt-0gl71a-tjygh-skrypn.pages.dev/,plixy-bfrnk-skrunt-0gl71a-tjygh-skrypn.pages.dev,1,56,5,2,3,4.4413,1,0,0,0,1,0,0,0.0,0,0,0,0,dev,0.5,0,0,0,0.0,0,True,2,1,0,,,0,0,0,True,0,Google Trust Services,81,False,,,0.2388
https://lovableproject.com/signup/index.html,lovableproject.com,0,44,0,1,0,3.5724,0,1,0,0,18,0,0,0.0,0,0,0,0,com,0.15,1,0,0,0.0,0,True,1,1,0,633,"Cloudflare, Inc.",0,1,1,False,0,,,,,,0.1164
https://samplicio.us,samplicio.us,0,20,0,1,0,3.2516,0,1,0,0,0,0,0,0.0,0,0,0,0,us,0.5,0,0,0,0.0,0,True,3,0,1,6000,Abion AB,0,0,1,True,0,Amazon,200,False,,,0.215
https://enot.dev,enot.dev,0,16,0,1,0,2.75,0,1,0,0,0,0,0,0.0,0,0,0,0,dev,0.5,0,0,0,0.0,0,True,1,0,1,,,0,0,0,True,0,Let's Encrypt,78,False,,,0.205
http://aglz-sr8va-m6msn-vys35g-5mytvl.pages.dev/,aglz-sr8va-m6msn-vys35g-5mytvl.pages.dev,1,48,4,2,5,4.1153,1,0,0,0,1,0,0,0.0,0,0,0,0,dev,0.5,0,0,0,0.0,0,True,2,1,0,,,0,0,0,True,0,Google Trust Services,83,False,,,0.2323
https://pltrm.net/products,pltrm.net,0,26,0,1,0,2.9477,0,1,0,0,9,0,0,0.0,0,0,0,0,net,0.22,1,0,0,0.0,0,False,0,0,1,3531,"Regional Network Information Center, JSC dba RU-CENTER",0,0,1,False,0,,,,,,0.125
https://www.roblox.com.ml/users/161954526175/profile,www.roblox.com.ml,1,52,0,3,0,3.0131,2,1,0,0,27,0,0,0.0,0,0,0,0,ml,0.93,1,0,0,0.0,0,True,1,0,0,,,0,0,0,True,0,Let's Encrypt,72,False,,,0.3393
http://skrab-qtwiz-vlypx-3b82fc-pqlm-vlasco.pages.dev/,skrab-qtwiz-vlypx-3b82fc-pqlm-vlasco.pages.dev,1,54,5,2,3,4.537,1,0,0,0,1,0,0,0.0,0,0,0,0,dev,0.5,0,0,0,0.0,0,True,2,1,0,,,0,0,0,True,0,Google Trust Services,81,False,,,0.2407
https://namecity.com/api/v1/status,namecity.com,0,34,0,1,0,3.2516,0,1,0,0,14,0,0,0.0,0,0,0,0,com,0.15,1,0,0,0.0,0,False,0,0,1,10588,Easyspace Ltd.,0,1,1,False,0,,,,,,0.11
https://www.breakingnews.ie/,www.breakingnews.ie,0,28,0,2,0,3.2608,1,1,0,0,1,0,0,0.0,0,0,0,0,ie,0.5,0,0,0,0.0,0,True,3,1,0,8603,Elive,0,0,1,True,0,Google Trust Services,50,False,,,0.2152
https://bold.co,bold.co,0,15,0,1,0,2.5216,0,1,0,0,0,0,0,0.0,0,0,0,0,co,0.3,1,0,0,0.0,0,True,4,0,1,2525,GANDI SAS,0,0,1,True,0,Amazon,177,False,,,0.1404
https://hirugdil.com,hirugdil.com,0,20,0,1,0,3.4183,0,1,0,0,0,0,0,0.0,0,0,0,0,com,0.15,1,0,0,0.0,0,True,3,0,0,89,"Amazon Registrar, Inc.",0,1,1,True,0,SSL Corporation,187,False,,,0.1134
https://dnsbox.net/support/contact,dnsbox.net,0,34,0,1,0,3.1219,0,1,0,0,16,0,0,0.0,0,0,0,0,net,0.22,1,0,0,0.0,0,False,0,0,0,10199,"TUCOWS.COM, CO.",0,1,1,False,0,,,,,,0.1284
https://www.tpbid.com/ssb/users/sign_in,www.tpbid.com,0,39,0,2,0,3.1808,1,1,0,0,18,0,1,0.0,0,0,0,0,com,0.15,1,0,0,0.0,0,True,1,0,0,4716,"Amazon Registrar, Inc.",0,0,1,True,0,Google Trust Services,34,False,,,0.1086
https://weak-jade-xwgjmbeh.edgeone.dev/?naps,weak-jade-xwgjmbeh.edgeone.dev,1,44,2,2,0,3.6933,1,1,0,0,1,1,1,0.0,0,0,0,0,dev,0.5,0,0,0,0.0,0,True,2,0,0,,,0,0,0,True,0,"DigiCert, Inc.",114,False,,,0.2239
https://segundatemtudonahavan.shop/produtos.php,segundatemtudonahavan.shop,1,47,0,1,0,3.6714,0,1,0,0,13,0,0,0.0,0,0,0,0,shop,0.55,1,0,0,0.0,0,True,2,1,0,,,0,0,0,True,0,Google Trust Services,89,False,,,0.2384
https://dnevno.hr,dnevno.hr,0,17,0,1,0,2.9477,0,1,0,0,0,0,0,0.0,0,0,0,0,hr,0.5,0,0,0,0.0,0,True,3,1,1,5409,,0,0,1,True,0,Google Trust Services,32,False,,,0.209
https://www.jacobs.com/,www.jacobs.com,0,23,0,2,0,3.0391,1,1,0,0,1,0,0,0.0,0,0,0,0,com,0.15,1,0,0,0.0,0,True,2,0,0,,,0,0,0,True,0,Let's Encrypt,85,False,,,0.1058
https://www.ng88f.com/,www.ng88f.com,0,22,0,2,2,3.027,1,1,0,0,1,0,0,0.0,0,0,0,0,com,0.15,1,0,0,0.0,0,True,2,1,0,29,"NameCheap, Inc.",1,0,1,True,0,Google Trust Services,83,False,,,0.1055
https://onetarget.ru,onetarget.ru,0,20,0,1,0,3.085,0,1,0,0,0,0,0,0.0,0,0,0,0,ru,0.5,0,0,0,0.0,0,True,1,0,1,2658,RU-CENTER-RU,0,0,1,True,0,Let's Encrypt,74,False,,,0.2117
https://kingofshojo.com,kingofshojo.com,0,23,0,1,0,3.3736,0,1,0,0,0,0,0,0.0,0,0,0,0,com,0.15,1,0,0,0.0,0,True,2,1,0,1015,"TUCOWS.COM, CO.",0,1,1,True,0,Google Trust Services,47,False,,,0.1125
https://leaktube.net,leaktube.net,0,20,0,1,0,3.0221,0,1,0,0,0,0,0,0.0,0,0,0,0,net,0.22,1,0,0,0.0,0,True,1,0,1,2802,NAMECHEAP INC,0,1,1,True,0,Let's Encrypt,46,False,,,0.1264
https://videocardz.com,videocardz.com,0,22,0,1,0,3.3788,0,1,0,0,0,0,0,0.0,0,0,0,0,com,0.15,1,0,0,0.0,0,True,3,1,1,6657,"NameSilo, LLC",0,1,1,True,0,Google Trust Services,72,False,,,0.1126
https://rp5.ru,rp5.ru,0,14,0,1,1,2.2516,0,1,0,0,0,0,0,0.0833,1,0,1,0,ru,0.5,0,0,0,0.0,0,True,6,0,1,8181,RU-CENTER-RU,0,0,1,True,0,GlobalSign nv-sa,87,False,,,0.2284
https://www.passportindex.org/,www.passportindex.org,0,30,0,2,0,3.6897,1,1,0,0,1,0,0,0.0833,1,0,1,0,org,0.1,1,0,0,0.0,0,True,3,1,0,4411,"GoDaddy.com, LLC",0,0,1,True,0,Google Trust Services,86,False,,,0.1371
http://www.grtqtgf2ge1.com/msg.php,www.grtqtgf2ge1.com,1,34,0,2,2,3.5369,1,0,0,0,8,0,0,0.0,0,0,0,0,com,0.15,1,0,0,0.0,0,True,1,1,0,47,IONOS SE,0,1,1,True,0,Sectigo Limited,132,False,,,0.1157
https://tyson095.github.io/Amazon-clone/,tyson095.github.io,1,40,0,2,3,3.7255,1,1,0,0,14,0,0,0.0,0,0,0,0,io,0.28,1,0,0,0.0,0,True,4,1,0,,,0,0,0,True,0,Let's Encrypt,36,False,,,0.1585
http://sp6ct-tremak-biz8-folvex-rindan.pages.dev/appeals/submit-appeal-form/return,sp6ct-tremak-biz8-folvex-rindan.pages.dev,1,82,4,2,2,4.4123,1,0,0,0,34,0,0,0.0,0,0,0,0,dev,0.5,0,0,0,0.0,0,True,2,1,0,,,0,0,0,True,0,Google Trust Services,83,False,,,0.2382
http://xn--le-registre-des-societes-franaises-37c.fr/,xn--le-registre-des-societes-franaises-37c.fr,1,53,7,1,2,3.7681,0,0,0,0,1,0,0,0.0,0,0,0,0,fr,0.5,0,1,0,0.6,1,True,2,1,1,23,OVH,1,0,1,True,0,Google Trust Services,66,False,,,0.3454
https://www.kwaixiaodian.com/,www.kwaixiaodian.com,0,29,0,2,0,3.2464,1,1,0,0,1,0,0,0.0,0,0,0,0,com,0.15,1,0,0,0.0,0,True,2,0,0,2467,Xin Net Technology Corporation,0,0,1,True,0,GlobalSign nv-sa,72,False,,,0.1099
https://www.sixsenses.com/en/,www.sixsenses.com,0,29,0,2,0,3.1019,1,1,0,0,4,0,0,0.0,0,0,0,0,com,0.15,1,0,0,0.0,0,True,4,1,0,9602,"MarkMonitor, Inc.",0,0,1,True,0,DigiCert Inc,62,False,,,0.107
https://mp4moviez.bot/blog/news,mp4moviez.bot,0,31,0,1,1,3.3927,0,1,0,0,10,0,0,0.0,0,0,0,0,bot,0.5,0,0,0,0.0,0,True,2,1,0,,,0,0,0,True,0,Let's Encrypt,71,False,,,0.2179
https://gammaplatform.com,gammaplatform.com,0,25,0,1,0,3.2195,0,1,0,0,0,0,0,0.0,0,0,0,0,com,0.15,1,0,0,0.0,0,True,1,0,1,4507,"Amazon Registrar, Inc.",0,0,1,True,0,GoDaddy.com,163,False,,,0.1094
https://zwurd-qtwiz-vlypx-0rw71c-gblt-prentz.pages.dev/,zwurd-qtwiz-vlypx-0rw71c-gblt-prentz.pages.dev,1,55,5,2,3,4.4336,1,1,0,0,1,0,0,0.0,0,0,0,0,dev,0.5,0,0,0,0.0,0,True,2,1,0,,,0,0,0,True,0,Google Trust Services,81,False,,,0.2387
https://www.roblox.com.et/games/111810451367031/Find-Obby-Zone-NEW-POSES?privateServerLinkCode=87937092440095885504933173564581,www.roblox.com.et,1,127,0,3,0,3.2484,2,1,0,0,47,1,2,0.0,0,0,0,0,et,0.5,0,0,0,0.0,0,True,1,0,0,,,0,0,0,True,0,Let's Encrypt,65,False,,,0.215
https://uzbey.com/Login/?token=a967975fbeb3fc413dcf662a7ed6596e2f36076adc4ae450a2b9b7eba04c20eca4d1b74418bc8eca1d4bac8d942618e39317fc91598550841fdd1fad229fe60a,uzbey.com,1,159,0,1,0,3.1699,0,1,0,0,7,1,2,0.0,0,0,0,0,com,0.15,1,0,0,0.0,0,True,2,1,0,284,"NameCheap, Inc.",0,0,1,True,0,Google Trust Services,41,False,,,0.1084
https://simple-security-page--kelvinmartins81.replit.app/forgotpassword.html/forgotpassword.html,simple-security-page--kelvinmartins81.replit.app,1,96,4,2,2,4.0724,1,1,0,0,40,0,0,0.0833,1,0,1,0,app,0.35,1,0,0,0.0,0,True,1,0,0,,,0,0,0,True,0,Google Trust Services,71,False,,,0.2198
http://kontosicherung.com/,kontosicherung.com,1,26,0,1,0,3.6835,0,0,0,0,1,0,0,0.0,0,0,0,0,com,0.15,1,0,0,0.0,0,True,1,0,0,16,PDR Ltd. d/b/a PublicDomainRegistry.com,1,0,1,True,0,Let's Encrypt,74,False,,,0.1187
https://www.mylife.com/,www.mylife.com,0,23,0,2,0,3.182,1,1,0,0,1,0,0,0.0,0,0,0,0,com,0.15,1,0,0,0.0,0,True,2,1,0,10689,"Network Solutions, LLC",0,0,1,True,0,Let's Encrypt,81,False,,,0.1086
https://zub-tube.com,zub-tube.com,0,20,1,1,0,3.2516,0,1,0,0,0,0,0,0.0833,1,0,1,0,com,0.15,1,0,0,0.0,0,True,2,1,0,378,Danesco Trading Ltd.,0,1,1,True,0,Google Trust Services,65,False,,,0.1434
https://bafkreifvnqedc6oryttu7hbe6qzmkal5t6oidf56gh2ag6xpxlw3lon4oq.ipfs.dweb.link/,bafkreifvnqedc6oryttu7hbe6qzmkal5t6oidf56gh2ag6xpxlw3lon4oq.ipfs.dweb.link,1,83,0,3,11,4.8088,2,1,0,0,1,0,0,0.0833,1,0,1,0,link,0.85,1,0,0,0.0,0,True,2,1,0,3441,"CSC Corporate Domains, Inc.",0,0,1,True,0,Let's Encrypt,83,False,,,0.3845
https://targetimg1.com/blog/docs,targetimg1.com,0,32,0,1,1,3.3788,0,1,0,0,10,0,0,0.0,0,0,0,0,com,0.15,1,0,0,0.0,0,False,0,0,1,5711,"GoDaddy Corporate Domains, LLC",0,0,1,False,0,,,,,,0.1126
https://www.governmentjobs.com/,www.governmentjobs.com,0,31,0,2,0,3.6635,1,1,0,0,1,0,0,0.25,1,1,0,0,com,0.15,1,0,0,0.0,0,True,1,0,0,10315,"GoDaddy.com, LLC",0,0,1,True,0,DigiCert Inc,241,False,,,0.2183
https://mcisxasx.us.cc/5g,mcisxasx.us.cc,1,25,0,2,0,2.8424,1,1,0,0,3,0,0,0.0,0,0,0,0,cc,0.5,0,0,0,0.0,0,False,0,0,0,7416,Gname.com Pte. Ltd.,0,1,1,False,0,,,,,,0.2068
http://faq-suit-io.typedream.app/,faq-suit-io.typedream.app,1,33,2,2,0,3.8635,1,0,0,0,1,0,0,0.1667,2,0,2,0,app,0.35,1,0,0,0.0,0,True,2,0,0,,,0,0,0,True,0,Google Trust Services,88,False,,,0.249
https://www.rchsd.org/,www.rchsd.org,0,22,0,2,0,3.027,1,1,0,0,1,0,0,0.0,0,0,0,0,org,0.1,1,0,0,0.0,0,True,1,0,0,7339,Gandi SAS,0,0,1,True,0,GlobalSign nv-sa,60,False,,,0.0905
https://www.reviewed.com/,www.reviewed.com,0,25,0,2,0,3.0778,1,1,0,0,1,0,0,0.0,0,0,0,0,com,0.15,1,0,0,0.0,0,True,3,1,0,9119,"GoDaddy.com, LLC",0,0,1,True,0,Google Trust Services,62,False,,,0.1066
https://metamask-docs-45ta0ykbu-consensys-ddffed67.vercel.app/,metamask-docs-45ta0ykbu-consensys-ddffed67.vercel.app,1,62,4,2,5,4.4077,1,1,0,0,1,0,0,0.0833,1,0,1,0,app,0.35,1,0,0,0.0,0,True,2,0,0,,,0,0,0,True,0,Google Trust Services,60,False,,,0.2265
https://www.facebook-photo5.blogspot.com/,www.facebook-photo5.blogspot.com,1,41,1,3,1,3.8387,2,1,0,0,1,0,0,0.0,0,0,0,0,com,0.15,1,0,0,0.0,0,True,2,1,0,,,0,0,0,False,0,,,False,,,0.1218
https://sdmoviespoint.trade/account/settings,sdmoviespoint.trade,0,44,0,1,0,3.6163,0,1,0,0,17,0,0,0.0,0,0,0,0,trade,0.5,0,0,0,0.0,0,False,0,0,0,90,"NameCheap, Inc.",0,1,1,False,0,,,,,,0.2223
https://auth0.com,auth0.com,0,17,0,1,1,3.1699,0,1,0,0,0,0,0,0.0,0,0,0,0,com,0.15,1,0,0,0.0,0,True,2,1,1,5030,"MarkMonitor, Inc.",0,0,1,True,0,Let's Encrypt,56,False,,,0.1084
https://viralize.tv/account/settings,viralize.tv,0,36,0,1,0,3.0958,0,1,0,0,17,0,0,0.0,0,0,0,0,tv,0.5,0,0,0,0.0,0,True,1,0,1,5137,"GoDaddy.com, LLC",0,1,1,False,0,,,,,,0.2119
https://pwn.pl,pwn.pl,0,14,0,1,0,2.2516,0,1,0,0,0,0,0,0.0833,1,0,1,0,pl,0.5,0,0,0,0.0,0,True,1,0,1,10184,OVH SAS,0,0,1,True,0,Asseco Data Systems S.A.,177,False,,,0.2284
https://fancyapi.com/account/settings,fancyapi.com,0,37,0,1,0,3.2516,0,1,0,0,17,0,0,0.0,0,0,0,0,com,0.15,1,0,0,0.0,0,True,1,0,0,4107,"Alibaba Cloud Computing (Beijing) Co., Ltd.",0,0,1,True,0,DigiCert Inc,96,False,,,0.11
https://hbr.org,hbr.org,0,15,0,1,0,2.5216,0,1,0,0,0,0,0,0.0833,1,0,1,0,org,0.1,1,0,0,0.0,0,True,4,0,1,10826,"MarkMonitor, Inc.",0,0,1,True,0,Amazon,93,False,,,0.1138
https://xmdh.link/account/settings,xmdh.link,0,34,0,1,0,3.1699,0,1,0,0,17,0,0,0.0,0,0,0,0,link,0.85,1,0,0,0.0,0,False,0,0,0,1230,"Amazon Registrar, Inc.",0,0,1,False,0,,,,,,0.3184
https://www.opensubtitles.com/,www.opensubtitles.com,0,30,0,2,0,3.6897,1,1,0,0,1,0,0,0.0,0,0,0,0,com,0.15,1,0,0,0.0,0,True,2,1,0,7541,"GoDaddy.com, LLC",0,0,1,True,0,Google Trust Services,68,False,,,0.1188
https://trs-dns.com/products,trs-dns.com,0,28,1,1,0,3.2776,0,1,0,0,9,0,0,0.0833,1,0,1,0,com,0.15,1,0,0,0.0,0,False,0,0,1,1524,"TUCOWS.COM, CO.",0,1,1,False,0,,,,,,0.1439
https://juspay.io/in,juspay.io,0,20,0,1,0,3.1699,0,1,0,0,3,0,0,0.0,0,0,0,0,io,0.28,1,0,0,0.0,0,True,4,1,1,3835,"GoDaddy.com, LLC",0,0,1,True,0,Amazon,108,False,,,0.1474
http://ig-auth.apps.prov.cx/,ig-auth.apps.prov.cx,1,28,1,3,0,3.7464,2,0,0,0,1,0,0,0.0,0,0,0,0,cx,0.5,0,0,0,0.0,0,True,1,0,0,20,CentralNic Ltd,1,0,1,True,0,Let's Encrypt,88,False,,,0.2249
https://machinelearningmastery.com,machinelearningmastery.com,0,34,0,1,0,3.7381,0,1,0,0,0,0,0,0.0,0,0,0,0,com,0.15,1,0,0,0.0,0,True,3,1,1,4644,"GoDaddy.com, LLC",0,0,1,True,0,Google Trust Services,44,False,,,0.1198
http://moonpay-commerce-o8bjttdzi-heliofi.vercel.app/,moonpay-commerce-o8bjttdzi-heliofi.vercel.app,1,53,3,2,1,4.2253,1,0,0,0,1,0,0,0.0833,1,0,1,0,app,0.35,1,0,0,0.0,0,True,2,0,0,,,0,0,0,True,0,Google Trust Services,60,False,,,0.2228
https://fnskin.pro/,fnskin.pro,1,19,0,1,0,3.1219,0,1,0,0,1,0,0,0.1667,2,0,2,0,pro,0.5,0,0,0,0.0,0,False,0,0,0,,,0,0,0,False,0,,,,,,0.2791
http://mofezz.netlify.app/,mofezz.netlify.app,1,26,0,2,0,3.6144,1,0,0,0,1,0,0,0.0833,1,0,1,0,app,0.35,1,0,0,0.0,0,True,2,1,0,,,0,0,0,True,0,DigiCert Inc,234,False,,,0.2106
https://ledgerr-live-login-start.wasmer.app/,ledgerr-live-login-start.wasmer.app,1,44,3,2,0,3.9217,1,1,0,0,1,0,0,0.3167,2,0,2,1,app,0.35,1,0,0,0.0,0,True,1,1,0,,,0,0,0,True,0,Let's Encrypt,47,False,,,0.3101
https://www.jcyl.es/web/jcyl/Portada/es/Home/1246890364336/_/_/_,www.jcyl.es,0,64,0,2,0,2.8454,1,1,0,0,45,0,3,0.0,0,0,0,0,es,0.5,0,0,0,0.0,0,True,1,0,0,,,0,0,0,False,0,,,False,,,0.2069
https://fortidyndns.com/support/contact,fortidyndns.com,0,39,0,1,0,3.5069,0,1,0,0,16,0,0,0.0,0,0,0,0,com,0.15,1,0,0,0.0,0,False,0,0,0,5218,"MarkMonitor, Inc.",0,0,1,False,0,,,,,,0.1151
http://www.wallet-trezor-login-trust-aws.vercel.app/,www.wallet-trezor-login-trust-aws.vercel.app,1,52,4,3,0,3.934,2,0,0,0,1,0,0,0.2333,1,0,1,1,app,0.35,1,0,0,0.0,0,True,2,0,0,,,0,0,0,False,0,,,False,,,0.277
https://rudra1358.github.io/spotify-clone/,rudra1358.github.io,1,42,0,2,4,3.8269,1,1,0,0,15,0,0,0.0,0,0,0,0,io,0.28,1,0,0,0.0,0,True,4,1,0,,,0,0,0,True,0,Let's Encrypt,36,False,,,0.1605
https://gradle.org,gradle.org,0,18,0,1,0,2.9219,0,1,0,0,0,0,0,0.0,0,0,0,0,org,0.1,1,0,0,0.0,0,True,2,1,1,6797,1API GmbH,0,0,1,True,0,Google Trust Services,75,False,,,0.0884
https://spameatingmonkey.com/,spameatingmonkey.com,0,29,0,1,0,3.6842,0,1,0,0,1,0,0,0.0,0,0,0,0,com,0.15,1,0,0,0.0,0,True,1,1,1,7043,GANDI SAS,0,0,1,True,0,Let's Encrypt,87,False,,,0.1187
https://spaceflightnow.com,spaceflightnow.com,0,26,0,1,0,3.9477,0,1,0,0,0,0,0,0.0,0,0,0,0,com,0.15,1,0,0,0.0,0,True,1,0,1,9820,"Network Solutions, LLC",0,0,1,True,0,Google Trust Services,77,False,,,0.124
http://sp5ct-lonar-biz8-kurev-fasim.pages.dev/appeals/submit-appeal-form/return,sp5ct-lonar-biz8-kurev-fasim.pages.dev,1,79,4,2,2,4.3989,1,0,0,0,34,0,0,0.0,0,0,0,0,dev,0.5,0,0,0,0.0,0,True,2,1,0,,,0,0,0,True,0,Google Trust Services,83,False,,,0.238
https://kz.kursiv.media/,kz.kursiv.media,0,24,0,2,0,3.5069,1,1,0,0,1,0,0,0.0,0,0,0,0,media,0.5,0,0,0,0.0,0,True,1,0,0,,,0,0,0,True,0,DigiCert Inc,177,False,,,0.2201
https://www.eurogirlsescort.com/,www.eurogirlsescort.com,0,32,0,2,0,3.5555,1,1,0,0,1,0,0,0.0,0,0,0,0,com,0.15,1,0,0,0.0,0,True,2,1,0,,,0,0,0,True,0,Google Trust Services,69,False,,,0.1161
https://fox40.com,fox40.com,0,17,0,1,2,2.9477,0,1,0,0,0,0,0,0.0,0,0,0,0,com,0.15,1,0,0,0.0,0,True,4,0,1,,,0,0,0,True,0,Let's Encrypt,51,False,,,0.104
https://sp4ct-rarvulen-biz8-forem-dalon.pages.dev/,sp4ct-rarvulen-biz8-forem-dalon.pages.dev,1,50,4,2,2,4.3451,1,1,0,0,1,0,0,0.0,0,0,0,0,dev,0.5,0,0,0,0.0,0,True,2,1,0,,,0,0,0,True,0,Google Trust Services,83,False,,,0.2369
http://uuploddlldghu.godaddysites.com/,uuploddlldghu.godaddysites.com,1,38,0,2,0,3.7144,1,0,0,0,1,0,0,0.0,0,0,0,0,com,0.15,1,0,0,0.0,0,True,2,0,0,4634,"GoDaddy.com, LLC",0,0,1,True,0,GoDaddy.com,165,False,,,0.1193
http://rahulkumarchauhan1204.github.io/Amazon-website-clone,rahulkumarchauhan1204.github.io,1,59,0,2,4,3.9865,1,0,0,0,21,0,0,0.0,0,0,0,0,io,0.28,1,0,0,0.0,0,True,4,1,0,,,0,0,0,True,0,Let's Encrypt,36,False,,,0.1637
https://viettel.vn,viettel.vn,0,18,0,1,0,2.7219,0,1,0,0,0,0,0,0.0,0,0,0,0,vn,0.5,0,0,0,0.0,0,True,2,0,1,,,0,0,0,True,0,GlobalSign nv-sa,158,False,,,0.2044
http://vormela-gld-fentora-r4m9hq58.pages.dev/appeals/submit-appeal-form/return,vormela-gld-fentora-r4m9hq58.pages.dev,1,79,3,2,4,4.2936,1,0,0,0,34,0,0,0.0,0,0,0,0,dev,0.5,0,0,0,0.0,0,True,2,1,0,,,0,0,0,True,0,Google Trust Services,82,False,,,0.2359
http://sp3ct-hemlor-biz8-pirvak-coren.pages.dev/,sp3ct-hemlor-biz8-pirvak-coren.pages.dev,1,48,4,2,2,4.3342,1,0,0,0,1,0,0,0.0,0,0,0,0,dev,0.5,0,0,0,0.0,0,True,2,1,0,,,0,0,0,True,0,Google Trust Services,81,False,,,0.2367
https://sp5ct-zonik-biz8-lureq-farem.pages.dev/,sp5ct-zonik-biz8-lureq-farem.pages.dev,1,47,4,2,2,4.4585,1,1,0,0,1,0,0,0.0,0,0,0,0,dev,0.5,0,0,0,0.0,0,True,2,1,0,,,0,0,0,True,0,Google Trust Services,83,False,,,0.2392
http://sp3ct-renqem-biz8-zarnik-ludor.pages.dev/appeals/submit-appeal-form/return,sp3ct-renqem-biz8-zarnik-ludor.pages.dev,1,81,4,2,2,4.4031,1,0,0,0,34,0,0,0.0,0,0,0,0,dev,0.5,0,0,0,0.0,0,True,2,1,0,,,0,0,0,True,0,Google Trust Services,82,False,,,0.2381
http://www.grtqtgf2ge1.com/,www.grtqtgf2ge1.com,1,27,0,2,2,3.5369,1,0,0,0,1,0,0,0.0,0,0,0,0,com,0.15,1,0,0,0.0,0,True,1,1,0,47,IONOS SE,0,1,1,True,0,Sectigo Limited,132,False,,,0.1157
https://www.cybersource.com/,www.cybersource.com,0,28,0,2,0,3.3264,1,1,0,0,1,0,0,0.0,0,0,0,0,com,0.15,1,0,0,0.0,0,True,2,0,0,11149,"MarkMonitor, Inc.",0,0,1,True,0,"CLOUDFLARE, INC.",82,False,,,0.1115
https://www.utsouthwestern.edu/,www.utsouthwestern.edu,0,31,0,2,0,3.2656,1,1,0,0,1,0,0,0.0,0,0,0,0,edu,0.02,1,0,0,0.0,0,True,1,0,1,10024,,0,0,1,True,0,"InCommon, LLC",117,False,,,0.0713
https://www.wehkamp.nl/,www.wehkamp.nl,0,23,0,2,0,3.0931,1,1,0,0,1,0,0,0.0,0,0,0,0,nl,0.5,0,0,0,0.0,0,True,2,1,0,11354,team.blue nl B.V.,0,0,1,True,0,Let's Encrypt,40,False,,,0.2119
http://exodusdownload.blogspot.com/,exodusdownload.blogspot.com,1,35,0,2,0,3.7821,1,0,0,0,1,0,0,0.0,0,0,0,0,com,0.15,1,0,0,0.0,0,True,2,1,0,,,0,0,0,True,0,Google Trust Services,55,False,,,0.1206
https://www.amazon.de/,www.amazon.de,0,22,0,2,0,3.027,1,1,0,0,1,0,0,0.0833,1,0,1,0,de,0.5,0,0,0,0.0,0,True,2,1,0,,,0,0,0,True,0,Amazon,153,False,,,0.2439
https://agrohold.ru/en-us/home,agrohold.ru,0,30,0,1,0,3.0958,0,1,0,0,11,0,0,0.0,0,0,0,0,ru,0.5,0,0,0,0.0,0,False,0,0,1,7489,RU-CENTER-RU,0,0,1,False,0,,,,,,0.2119
https://afip.gov.ar/login,afip.gov.ar,0,25,0,2,0,3.0958,1,1,0,0,6,0,0,0.0833,1,0,1,0,ar,0.5,0,0,0,0.0,0,False,0,0,1,,,0,0,0,False,0,,,,,,0.2452
https://www.toro.com/en,www.toro.com,0,23,0,2,0,2.6258,1,1,0,0,3,0,0,0.0,0,0,0,0,com,0.15,1,0,0,0.0,0,True,3,0,0,11782,Key-Systems GmbH,0,1,1,True,0,DigiCert Inc,94,False,,,0.0975
https://www.roblox.com.mu/communities/2987119783/Scriptbloxian-studios,www.roblox.com.mu,1,70,0,3,0,3.1307,2,1,0,0,45,0,0,0.0,0,0,0,0,mu,0.5,0,0,0,0.0,0,True,1,0,0,51,Register.mu,0,0,1,True,0,Let's Encrypt,43,False,,,0.2126
http://skrab-bfrnk-vlypx-3b82fc-mskp-vlasco.pages.dev/,skrab-bfrnk-vlypx-3b82fc-mskp-vlasco.pages.dev,1,54,5,2,3,4.3196,1,0,0,0,1,0,0,0.0,0,0,0,0,dev,0.5,0,0,0,0.0,0,True,2,1,0,,,0,0,0,True,0,Google Trust Services,81,False,,,0.2364
https://www.comm100.com/,www.comm100.com,0,24,0,2,3,2.7396,1,1,0,0,1,0,0,0.0,0,0,0,0,com,0.15,1,0,0,0.0,0,True,8,0,0,6290,"Network Solutions, LLC",0,0,1,True,0,Amazon,168,False,,,0.0998
https://www.lacma.org/,www.lacma.org,0,22,0,2,0,3.027,1,1,0,0,1,0,0,0.0,0,0,0,0,org,0.1,1,0,0,0.0,0,True,1,1,0,11667,"GoDaddy.com, LLC",0,0,1,True,0,Let's Encrypt,45,False,,,0.0905
https://www.blogher.com/,www.blogher.com,0,24,0,2,0,3.3232,1,1,0,0,1,0,0,0.0,0,0,0,0,com,0.15,1,0,0,0.0,0,True,1,1,0,8315,"MarkMonitor, Inc.",0,0,1,True,0,Let's Encrypt,75,False,,,0.1115
https://bt.com.ve/signup/index.html,bt.com.ve,0,35,0,2,0,2.9477,1,1,0,0,18,0,0,0.0,0,0,0,0,ve,0.5,0,0,0,0.0,0,False,0,0,1,,NIC-VE,0,0,1,False,0,,,,,,0.209
https://partaitogel76.com/api/v1/status,partaitogel76.com,0,39,0,1,2,3.7345,0,1,0,0,14,0,0,0.0,0,0,0,0,com,0.15,1,0,0,0.0,0,True,0,1,0,40,"NameCheap, Inc.",0,0,1,False,0,,,,,,0.1197
http://www.paypal-secure.vercel.app/,www.paypal-secure.vercel.app,1,36,1,3,0,3.5122,2,0,0,0,1,0,0,0.2333,1,0,1,1,app,0.35,1,0,0,0.0,0,True,2,0,0,,,0,0,0,False,0,,,False,,,0.2686
http://www.ejclientemailcessdevwebsab.vercel.app/,www.ejclientemailcessdevwebsab.vercel.app,1,49,0,3,0,3.8021,2,0,0,0,1,0,0,0.0833,1,0,1,0,app,0.35,1,0,0,0.0,0,True,2,0,0,,,0,0,0,False,0,,,False,,,0.2144
https://www.facebook-trk.blogspot.com/,www.facebook-trk.blogspot.com,1,38,1,3,0,3.8539,2,1,0,0,1,0,0,0.0,0,0,0,0,com,0.15,1,0,0,0.0,0,True,2,1,0,,,0,0,0,False,0,,,False,,,0.1221
https://www.coinbase-com-wallet.vercel.app/,www.coinbase-com-wallet.vercel.app,1,43,2,3,0,3.881,2,1,0,0,1,0,0,0.0833,1,0,1,0,app,0.35,1,0,0,0.0,0,True,2,0,0,,,0,0,0,False,0,,,False,,,0.2159
https://pdauk-pnj5-fjtit-7pqdd-wgu.pages.dev/,pdauk-pnj5-fjtit-7pqdd-wgu.pages.dev,1,45,4,2,2,4.1144,1,1,0,0,1,0,0,0.0833,1,0,1,0,dev,0.5,0,0,0,0.0,0,True,2,1,0,,,0,0,0,True,0,Google Trust Services,83,False,,,0.2656
https://83463.xyz/,83463.xyz,1,18,0,1,5,2.9477,0,1,0,0,1,0,0,0.0,0,0,0,0,xyz,0.94,1,0,0,0.0,0,False,0,0,0,227,Gname.com Pte. Ltd.,0,1,1,False,0,,,,,,0.341
http://sp4ct-worexan-biz8-falim-korev.pages.dev/appeals/submit-appeal-form/return,sp4ct-worexan-biz8-falim-korev.pages.dev,1,81,4,2,2,4.4531,1,0,0,0,34,0,0,0.0,0,0,0,0,dev,0.5,0,0,0,0.0,0,True,2,1,0,,,0,0,0,True,0,Google Trust Services,83,False,,,0.2391
http://fortrow.top/,fortrow.top,1,19,0,1,0,2.6635,0,0,0,0,1,0,0,0.0,0,0,0,0,top,0.9,1,0,0,0.0,0,False,0,0,0,,,0,0,0,False,0,,,,,,0.3233
http://telvora-gld-felmita-r6t4hp36.pages.dev/appeals/submit-appeal-form/return,telvora-gld-felmita-r6t4hp36.pages.dev,1,79,3,2,4,4.1685,1,0,0,0,34,0,0,0.0,0,0,0,0,dev,0.5,0,0,0,0.0,0,True,2,1,0,,,0,0,0,True,0,Google Trust Services,82,False,,,0.2334
https://www.meteored.cl/,www.meteored.cl,0,24,0,2,0,3.1396,1,1,0,0,1,0,0,0.0,0,0,0,0,cl,0.5,0,0,0,0.0,0,True,2,1,0,,InterNetX GmbH,0,0,1,True,0,Google Trust Services,68,False,,,0.2128
https://www.consentframework.com,www.consentframework.com,0,32,0,2,0,3.5535,1,1,0,0,0,0,0,0.0,0,0,0,0,com,0.15,1,0,0,0.0,0,True,7,1,0,2292,"OVH, SAS",0,1,1,True,0,DigiCert Inc,58,False,,,0.1161
https://www.itemsatis.com/,www.itemsatis.com,0,26,0,2,0,3.2195,1,1,0,0,1,0,0,0.0,0,0,0,0,com,0.15,1,0,0,0.0,0,True,3,1,0,2985,NICS Telekomunikasyon A.S.,0,0,1,True,0,Google Trust Services,69,False,,,0.1094
https://puls.ru,puls.ru,0,15,0,1,0,2.5216,0,1,0,0,0,0,0,0.0,0,0,0,0,ru,0.5,0,0,0,0.0,0,True,1,0,1,9570,RU-CENTER-RU,0,0,1,True,0,GlobalSign nv-sa,131,False,,,0.2004
https://crex.com,crex.com,0,16,0,1,0,2.75,0,1,0,0,0,0,0,0.0,0,0,0,0,com,0.15,1,0,0,0.0,0,True,2,1,1,9980,"GoDaddy.com, LLC",0,0,1,True,0,Let's Encrypt,69,False,,,0.1
http://sso-cdn-ndax-com-auth.webflow.io/,sso-cdn-ndax-com-auth.webflow.io,1,40,4,2,0,4.0625,1,0,0,0,1,0,0,0.0833,1,0,1,0,io,0.28,1,0,0,0.0,0,True,2,1,0,4829,"MarkMonitor, Inc.",0,0,1,True,0,Google Trust Services,86,False,,,0.1986
https://en.bqsex.com/,en.bqsex.com,0,21,0,2,0,3.2516,1,1,0,0,1,0,0,0.0,0,0,0,0,com,0.15,1,0,0,0.0,0,True,1,0,0,2381,Danesco Trading Ltd.,0,1,1,True,0,Let's Encrypt,39,False,,,0.11
http://home-live-lo--x-eng.square.site/,home-live-lo--x-eng.square.site,1,39,5,2,0,3.8826,1,0,0,0,1,0,0,0.3333,2,0,3,0,site,0.7,1,0,0,0.0,0,True,2,0,0,,,0,0,0,True,0,Let's Encrypt,67,False,,,0.421
https://bookish-tribble-7jk.pages.dev/Enrollment/Login/LoginHelp/,bookish-tribble-7jk.pages.dev,1,65,2,2,1,4.1163,1,1,0,0,28,0,0,0.0,0,0,0,0,dev,0.5,0,0,0,0.0,0,True,2,1,0,,,0,0,0,True,0,Google Trust Services,41,False,,,0.2323
https://site-rsi0r1m9m.godaddysites.com/,site-rsi0r1m9m.godaddysites.com,1,40,1,2,3,3.9134,1,1,0,0,1,0,0,0.1667,1,0,1,0,com,0.15,1,0,0,0.0,0,True,2,0,0,4634,"GoDaddy.com, LLC",0,0,1,True,0,GoDaddy.com,165,False,,,0.1899
https://fms-udm.ru,fms-udm.ru,0,18,1,1,0,2.9219,0,1,0,0,0,0,0,0.0833,1,0,1,0,ru,0.5,0,0,0,0.0,0,True,2,1,0,,,0,0,0,True,0,Google Trust Services,41,False,,,0.2418
https://und.edu,und.edu,0,15,0,1,0,2.2359,0,1,0,0,0,0,0,0.1667,2,0,2,0,edu,0.02,1,0,0,0.0,0,True,1,0,1,11007,,0,0,1,True,0,GlobalSign nv-sa,73,False,,,0.1174
https://deregen.com/support/contact,deregen.com,0,35,0,1,0,3.0272,0,1,0,0,16,0,0,0.0,0,0,0,0,com,0.15,1,0,0,0.0,0,False,0,0,1,3404,"Alibaba Cloud Computing (Beijing) Co., Ltd.",0,0,1,False,0,,,,,,0.1055
http://jovial-parfait-34f9c4.netlify.app/,jovial-parfait-34f9c4.netlify.app,1,41,2,2,4,4.0667,1,0,0,0,1,0,0,0.0833,1,0,1,0,app,0.35,1,0,0,0.0,0,True,2,1,0,,,0,0,0,True,0,DigiCert Inc,234,False,,,0.2197
https://250693-max.github.io/amazon-cloe/,250693-max.github.io,1,41,1,2,6,4.1219,1,1,0,0,13,0,0,0.0,0,0,0,0,io,0.28,1,0,0,0.0,0,True,4,1,0,,,0,0,0,True,0,Let's Encrypt,36,False,,,0.1664
https://sp5ct-jurev-biz8-lameq-vorin.pages.dev/,sp5ct-jurev-biz8-lameq-vorin.pages.dev,1,47,4,2,2,4.386,1,1,0,0,1,0,0,0.0,0,0,0,0,dev,0.5,0,0,0,0.0,0,True,2,1,0,,,0,0,0,True,0,Google Trust Services,83,False,,,0.2377
https://sp5ct-purev-biz8-talek-horin.pages.dev/,sp5ct-purev-biz8-talek-horin.pages.dev,1,47,4,2,2,4.3333,1,1,0,0,1,0,0,0.0,0,0,0,0,dev,0.5,0,0,0,0.0,0,True,2,1,0,,,0,0,0,True,0,Google Trust Services,83,False,,,0.2367
https://drdrab.com,drdrab.com,0,18,0,1,0,2.9219,0,1,0,0,0,0,0,0.0,0,0,0,0,com,0.15,1,0,0,0.0,0,True,1,0,0,990,"Amazon Registrar, Inc.",0,1,1,True,0,DigiCert Inc,155,False,,,0.1034
https://jetengine.be/account/settings,jetengine.be,0,37,0,1,0,2.7516,0,1,0,0,17,0,0,0.0,0,0,0,0,be,0.5,0,0,0,0.0,0,False,0,0,0,3501,,0,0,1,False,0,,,,,,0.205
http://telzora-gld-fentavi-p4t5dw18.pages.dev/,telzora-gld-fentavi-p4t5dw18.pages.dev,1,46,3,2,4,4.2737,1,0,0,0,1,0,0,0.0,0,0,0,0,dev,0.5,0,0,0,0.0,0,True,2,1,0,,,0,0,0,True,0,Google Trust Services,83,False,,,0.2355
https://86541.s3.amazonaws.com/ekgnm0n_1tpfv2knhihkmdwyw0xjh33pa_k0bma6l9d11vlqgt.html,86541.s3.amazonaws.com,1,86,0,3,6,3.7544,2,1,0,0,56,0,2,0.0,0,0,0,0,com,0.15,1,0,0,0.0,0,True,24,0,0,7649,"MarkMonitor, Inc.",0,0,1,True,0,Amazon,101,False,,,0.1201
http://www.kucoindlugeff-io.godaddysites.com/,www.kucoindlugeff-io.godaddysites.com,1,45,1,3,0,4.0672,2,0,0,0,1,0,0,0.0,0,0,0,0,com,0.15,1,0,0,0.0,0,True,2,0,0,4634,"GoDaddy.com, LLC",0,0,1,False,0,,,False,,,0.1263
http://mkrjb641kf-pldwfpdrf-5e0a8b-vzk14n.pages.dev/,mkrjb641kf-pldwfpdrf-5e0a8b-vzk14n.pages.dev,1,52,3,2,8,4.4929,1,0,0,0,1,0,0,0.0,0,0,0,0,dev,0.5,0,0,0,0.0,0,True,2,1,0,,,0,0,0,True,0,Google Trust Services,83,False,,,0.2399
http://charming-longma-63e4df.netlify.app/,charming-longma-63e4df.netlify.app,1,42,2,2,3,4.2784,1,0,0,0,1,0,0,0.0833,1,0,1,0,app,0.35,1,0,0,0.0,0,True,2,1,0,,,0,0,0,True,0,DigiCert Inc,234,False,,,0.2239
https://xxxza.com,xxxza.com,0,17,0,1,0,2.6416,0,1,0,0,0,0,0,0.0,0,0,0,0,com,0.15,1,0,0,0.0,0,True,2,1,0,2573,DYNADOT LLC,0,1,1,True,0,Google Trust Services,47,False,,,0.0978
https://layerxsecurity.com,layerxsecurity.com,0,26,0,1,0,3.7255,0,1,0,0,0,0,0,0.0,0,0,0,0,com,0.15,1,0,0,0.0,0,True,2,1,1,1436,"Amazon Registrar, Inc.",0,0,1,True,0,Let's Encrypt,63,False,,,0.1195
https://hbnjls.cn/en-us/home,hbnjls.cn,0,28,0,1,0,2.9477,0,1,0,0,11,0,0,0.0,0,0,0,0,cn,0.5,0,0,0,0.0,0,True,1,0,0,1769,阿里云计算有限公司（万网）,0,0,1,False,0,,,,,,0.209
https://mori.hostel.town/,mori.hostel.town,1,25,0,2,0,3.4528,1,1,0,0,1,0,0,0.0,0,0,0,0,town,0.5,0,0,0,0.0,0,True,1,0,0,,,0,0,0,True,0,ZeroSSL GmbH,22,False,,,0.2191
https://rgo.ru,rgo.ru,0,14,0,1,0,2.2516,0,1,0,0,0,0,0,0.0,0,0,0,0,ru,0.5,0,0,0,0.0,0,True,1,0,1,8958,RU-CENTER-RU,0,0,1,True,0,GlobalSign nv-sa,130,False,,,0.195
http://sp3ct-vorsik-biz8-helqor-puden.pages.dev/appeals/submit-appeal-form/return,sp3ct-vorsik-biz8-helqor-puden.pages.dev,1,81,4,2,2,4.3842,1,0,0,0,34,0,0,0.0,0,0,0,0,dev,0.5,0,0,0,0.0,0,True,2,1,0,,,0,0,0,True,0,Google Trust Services,82,False,,,0.2377
https://wynncraft.com,wynncraft.com,0,21,0,1,0,3.3927,0,1,0,0,0,0,0,0.0,0,0,0,0,com,0.15,1,0,0,0.0,0,True,3,0,1,4914,"GoDaddy.com, LLC",0,0,1,True,0,Google Trust Services,38,False,,,0.1129
http://visionary-cuchufli-dc3523.netlify.app/,visionary-cuchufli-dc3523.netlify.app,1,45,2,2,4,4.3242,1,0,0,0,1,0,0,0.0833,1,0,1,0,app,0.35,1,0,0,0.0,0,True,2,1,0,,,0,0,0,True,0,DigiCert Inc,234,False,,,0.2248
http://sp3ct-zavlor-biz8-merqik-hufan.pages.dev/appeals/submit-appeal-form/return,sp3ct-zavlor-biz8-merqik-hufan.pages.dev,1,81,4,2,2,4.5342,1,0,0,0,34,0,0,0.0,0,0,0,0,dev,0.5,0,0,0,0.0,0,True,2,1,0,,,0,0,0,True,0,Google Trust Services,82,False,,,0.2407
https://maclxisx.us.cc/5g/home.html,maclxisx.us.cc,1,35,0,2,0,3.0391,1,1,0,0,13,0,0,0.0,0,0,0,0,cc,0.5,0,0,0,0.0,0,True,1,0,0,7416,Gname.com Pte. Ltd.,0,1,1,True,0,Let's Encrypt,87,False,,,0.2108
http://sp3ct-murnak-biz8-kelqas-hovem.pages.dev/appeals/submit-appeal-form/return,sp3ct-murnak-biz8-kelqas-hovem.pages.dev,1,81,4,2,2,4.4342,1,0,0,0,34,0,0,0.0,0,0,0,0,dev,0.5,0,0,0,0.0,0,True,2,1,0,,,0,0,0,True,0,Google Trust Services,82,False,,,0.2387
http://precious-plum-334631.framer.app/,precious-plum-334631.framer.app,1,39,2,2,6,4.0023,1,0,0,0,1,0,0,0.0833,1,0,1,0,app,0.35,1,0,0,0.0,0,True,2,0,0,,,0,0,0,True,0,Let's Encrypt,37,False,,,0.2184
https://sp25ct7-qorvok-biz-hemlor-fansik.pages.dev/,sp25ct7-qorvok-biz-hemlor-fansik.pages.dev,1,51,4,2,3,4.5289,1,1,0,0,1,0,0,0.1667,2,0,2,0,dev,0.5,0,0,0,0.0,0,True,2,1,0,,,0,0,0,True,0,Google Trust Services,80,False,,,0.3073
http://32rx23cr32c.pages.dev/,32rx23cr32c.pages.dev,1,29,0,2,6,3.5585,1,0,0,0,1,0,0,0.0,0,0,0,0,dev,0.5,0,0,0,0.0,0,True,2,1,0,,,0,0,0,True,0,Let's Encrypt,64,False,,,0.2212
http://sp5ct-sorik-biz8-furem-kalen.pages.dev/appeals/submit-appeal-form/return,sp5ct-sorik-biz8-furem-kalen.pages.dev,1,79,4,2,2,4.386,1,0,0,0,34,0,0,0.0,0,0,0,0,dev,0.5,0,0,0,0.0,0,True,2,1,0,,,0,0,0,True,0,Google Trust Services,83,False,,,0.2377
https://www.condor.com/eu/,www.condor.com,0,26,0,2,0,2.8424,1,1,0,0,4,0,0,0.0,0,0,0,0,com,0.15,1,0,0,0.0,0,True,2,0,0,10289,http.net Internet GmbH,0,0,1,True,0,DigiCert Inc,66,False,,,0.1018
https://freefollowerinstagram.blogspot.com/,freefollowerinstagram.blogspot.com,1,43,0,2,0,3.9147,1,1,0,0,1,0,0,0.0,0,0,0,0,com,0.15,1,0,0,0.0,0,True,2,1,0,,,0,0,0,True,0,Google Trust Services,55,False,,,0.1233
https://conversemy.today/,conversemy.today,1,25,0,1,0,3.625,0,1,0,0,1,0,0,0.0,0,0,0,0,today,0.5,0,0,0,0.0,0,True,2,1,0,,,0,0,0,True,0,Google Trust Services,35,False,,,0.2225
https://www.uralairlines.ru/,www.uralairlines.ru,0,28,0,2,0,3.2211,1,1,0,0,1,0,0,0.0,0,0,0,0,ru,0.5,0,0,0,0.0,0,True,1,0,0,9744,RU-CENTER-RU,0,0,1,True,0,Let's Encrypt,83,False,,,0.2144
https://identitymanagementcenter.com,identitymanagementcenter.com,0,36,0,1,0,3.4372,0,1,0,0,0,0,0,0.0,0,0,0,0,com,0.15,1,0,0,0.0,0,True,2,0,0,,,0,0,0,True,0,Sectigo Limited,149,False,,,0.1137
https://hotsoz.com,hotsoz.com,0,18,0,1,0,2.8464,0,1,0,0,0,0,0,0.0,0,0,0,0,com,0.15,1,0,0,0.0,0,True,7,1,0,300,Danesco Trading Ltd.,0,1,1,True,0,Let's Encrypt,28,False,,,0.1019
http://cm304030111133.xhost.live/,cm304030111133.xhost.live,1,33,0,2,12,3.7337,1,0,0,0,1,0,0,0.0833,1,0,1,0,live,0.6,1,0,0,0.0,0,True,2,1,0,,,0,0,0,True,0,Google Trust Services,53,False,,,0.288
https://www.auctionzip.com/,www.auctionzip.com,0,27,0,2,0,3.4613,1,1,0,0,1,0,0,0.0,0,0,0,0,com,0.15,1,0,0,0.0,0,True,2,1,0,8420,"GoDaddy.com, LLC",0,0,1,True,0,Google Trust Services,57,False,,,0.1142
https://autodeskplm360.net/blog/team,autodeskplm360.net,0,36,0,1,3,3.9477,0,1,0,0,10,0,0,0.0,0,0,0,0,net,0.22,1,0,0,0.0,0,False,0,0,0,,,0,0,0,False,0,,,,,,0.145
https://sex100.co,sex100.co,0,17,0,1,3,2.9477,0,1,0,0,0,0,0,0.0,0,0,0,0,co,0.3,1,0,0,0.0,0,True,2,1,0,3019,"GoDaddy.com, LLC",0,0,1,True,0,Google Trust Services,61,False,,,0.149
https://doubledowncasino2.com,doubledowncasino2.com,0,29,0,1,1,3.7257,0,1,0,0,0,0,0,0.0,0,0,0,0,com,0.15,1,0,0,0.0,0,True,2,0,1,3176,"Amazon Registrar, Inc.",0,0,1,False,0,,,False,,,0.1195
https://strip-chat.direct,strip-chat.direct,0,25,1,1,0,3.4548,0,1,0,0,0,0,0,0.0,0,0,0,0,direct,0.5,0,0,0,0.0,0,True,3,0,0,,,0,0,0,True,0,Let's Encrypt,49,False,,,0.2191
https://www.arcgis.com/index.html,www.arcgis.com,0,33,0,2,0,3.182,1,1,0,0,11,0,0,0.0,0,0,0,0,com,0.15,1,0,0,0.0,0,True,4,0,0,9910,MarkMonitor Inc.,0,0,1,True,0,Amazon,113,False,,,0.1086
https://amazon-clone-rukhaam.vercel.app/forgot-password,amazon-clone-rukhaam.vercel.app,1,55,2,2,0,3.8457,1,1,0,0,16,0,0,0.1667,2,0,2,0,app,0.35,1,0,0,0.0,0,True,2,0,0,,,0,0,0,True,0,Google Trust Services,60,False,,,0.2486
http://tur-nnb.global.ssl.fastly.net/index,tur-nnb.global.ssl.fastly.net,1,42,1,4,0,3.6764,3,0,0,0,6,0,0,0.4167,4,0,4,0,net,0.22,1,0,0,0.0,0,True,4,0,0,5579,"MarkMonitor, Inc.",0,0,1,True,0,GlobalSign nv-sa,173,False,,,0.3062
http://sp29ct-malrik-biz-zortel-qemvak.pages.dev/,sp29ct-malrik-biz-zortel-qemvak.pages.dev,1,49,4,2,2,4.3147,1,0,0,0,1,0,0,0.25,3,0,3,0,dev,0.5,0,0,0,0.0,0,True,2,1,0,,,0,0,0,True,0,Google Trust Services,80,False,,,0.3363
http://www.facebook-benjamin.blogspot.com/,www.facebook-benjamin.blogspot.com,1,42,1,3,0,4.0323,2,0,0,0,1,0,0,0.0,0,0,0,0,com,0.15,1,0,0,0.0,0,True,2,1,0,,,0,0,0,False,0,,,False,,,0.1256
https://www.easynews.com/,www.easynews.com,0,25,0,2,0,3.125,1,1,0,0,1,0,0,0.0,0,0,0,0,com,0.15,1,0,0,0.0,0,True,1,0,0,10861,"GoDaddy.com, LLC",0,0,1,False,0,,,False,,,0.1075
https://5513-o7.sumsubio.com/sumsub2,5513-o7.sumsubio.com,1,36,1,2,5,3.5842,1,1,0,0,8,0,0,0.0,0,0,0,0,com,0.15,1,0,0,0.0,0,True,2,1,0,397,"Spaceship, Inc.",0,0,1,True,0,Google Trust Services,46,False,,,0.1167
https://3658yohu1000.cc/,3658yohu1000.cc,1,24,0,1,8,3.4566,0,1,0,0,1,0,0,0.0,0,0,0,0,cc,0.5,0,0,0,0.0,0,True,3,0,0,45,DYNADOT LLC,0,1,1,True,0,Let's Encrypt,44,False,,,0.2191
https://robinhood-loginu.gitbook.io/,robinhood-loginu.gitbook.io,1,36,1,2,0,3.4345,1,1,0,0,1,0,0,0.0,0,0,0,0,io,0.28,1,0,0,0.0,0,True,2,1,0,4502,"Cloudflare, Inc",0,0,1,True,0,Google Trust Services,79,False,,,0.1527
http://aktiffkan-paylater.cll.my.id/,aktiffkan-paylater.cll.my.id,1,36,1,3,0,3.8249,2,0,0,0,1,0,0,0.0,0,0,0,0,id,0.5,0,0,0,0.0,0,False,0,0,0,,,0,0,0,False,0,,,,,,0.2265
https://www.wish.com/,www.wish.com,0,21,0,2,0,2.7516,1,1,0,0,1,0,0,0.0,0,0,0,0,com,0.15,1,0,0,0.0,0,True,2,1,0,11528,"MarkMonitor, Inc.",0,0,1,True,0,Google Trust Services,52,False,,,0.1
https://identity.digital/,identity.digital,0,25,0,1,0,3.0778,0,1,0,0,1,0,0,0.0,0,0,0,0,digital,0.5,0,0,0,0.0,0,True,1,0,1,,,0,0,0,True,0,Google Trust Services,71,False,,,0.2116
https://samsung-news.com,samsung-news.com,0,24,1,1,0,3.4528,0,1,0,0,0,0,0,0.0,0,0,0,0,com,0.15,1,0,0,0.0,0,True,4,0,0,733,Whois Corp.,0,0,1,True,0,Sectigo Limited,66,False,,,0.1141
http://www.me-ta-ma-sk-log-in.godaddysites.com/,www.me-ta-ma-sk-log-in.godaddysites.com,1,47,5,3,0,3.9291,2,0,0,0,1,0,0,0.0,0,0,0,0,com,0.15,1,0,0,0.0,0,True,2,0,0,4634,"GoDaddy.com, LLC",0,0,1,False,0,,,False,,,0.1236
https://midasplayer.com/blog/profile,midasplayer.com,0,36,0,1,0,3.6402,0,1,0,0,13,0,0,0.0,0,0,0,0,com,0.15,1,0,0,0.0,0,False,0,0,1,8536,NOM-IQ Ltd dba Com Laude,0,0,1,False,0,,,,,,0.1178
https://followers-free-instagram.blogspot.com/?m=1,followers-free-instagram.blogspot.com,1,50,2,2,0,4.0033,1,1,0,0,1,1,2,0.0,0,0,0,1,com,0.15,1,0,0,0.0,0,True,2,1,0,,,0,0,0,True,0,Google Trust Services,55,False,,,0.1251
https://secure-index-editor--lorenaadelaidav.replit.app/forgotpassword.html/forgotpassword.html/,secure-index-editor--lorenaadelaidav.replit.app,1,96,4,2,0,3.8361,1,1,0,0,41,0,0,0.2333,1,0,1,1,app,0.35,1,0,0,0.0,0,True,1,0,0,,,0,0,0,True,0,Google Trust Services,71,False,,,0.275
https://www.birminghammail.co.uk/,www.birminghammail.co.uk,0,33,0,3,0,3.7091,2,1,0,0,1,0,0,0.0,0,0,0,0,uk,0.5,0,0,0,0.0,0,True,4,0,0,7591,"CSC Corporate Domains, Inc [Tag = CSC-CORP-DOMAINS]",0,0,1,True,0,Amazon,158,False,,,0.2242
https://instagram-login21.blogspot.com/?m=1,instagram-login21.blogspot.com,1,43,1,2,2,3.9484,1,1,0,0,1,1,2,0.0,0,0,0,0,com,0.15,1,0,0,0.0,0,True,2,1,0,,,0,0,0,True,0,Google Trust Services,55,False,,,0.124
https://spr.exzyu.biz.id/,spr.exzyu.biz.id,1,25,0,3,0,3.4528,2,1,0,0,1,0,0,0.3333,2,0,4,0,id,0.5,0,0,0,0.0,0,True,2,1,0,,,0,0,0,True,0,Google Trust Services,85,False,,,0.3524
http://sp3ct-renvak-biz8-folqor-mudam.pages.dev/appeals/submit-appeal-form/return,sp3ct-renvak-biz8-folqor-mudam.pages.dev,1,81,4,2,2,4.4842,1,0,0,0,34,0,0,0.0,0,0,0,0,dev,0.5,0,0,0,0.0,0,True,2,1,0,,,0,0,0,True,0,Google Trust Services,82,False,,,0.2397
https://ex3434x3x.pages.dev/,ex3434x3x.pages.dev,1,28,0,2,5,3.2866,1,1,0,0,1,0,0,0.0,0,0,0,0,dev,0.5,0,0,0,0.0,0,True,2,1,0,,,0,0,0,True,0,Google Trust Services,86,False,,,0.2157
http://www.6freeinstagramfollowers.blogspot.com/,www.6freeinstagramfollowers.blogspot.com,1,48,0,3,1,3.9873,2,0,0,0,1,0,0,0.0,0,0,0,0,com,0.15,1,0,0,0.0,0,True,2,1,0,,,0,0,0,False,0,,,False,,,0.1247
https://11bb-fccee8babmhpc0e6.z02.azurefd.net/,11bb-fccee8babmhpc0e6.z02.azurefd.net,1,46,1,3,7,4.1522,2,1,0,0,1,0,0,0.0,0,0,0,0,net,0.22,1,0,0,0.0,0,True,2,1,0,3002,"MarkMonitor, Inc.",0,0,1,True,0,Microsoft Corporation,107,False,,,0.149
https://danaa-indonesiaz.resmi-soc2.my.id/,danaa-indonesiaz.resmi-soc2.my.id,1,42,2,3,1,3.7408,2,1,0,0,1,0,0,0.0,0,0,0,0,id,0.5,0,0,0,0.0,0,False,0,0,0,,,0,0,0,False,0,,,,,,0.2248
http://vormora-gld-fentixa-r1p7dw25.pages.dev/appeals/submit-appeal-form/return,vormora-gld-fentixa-r1p7dw25.pages.dev,1,79,3,2,4,4.3591,1,0,0,0,34,0,0,0.0,0,0,0,0,dev,0.5,0,0,0,0.0,0,True,2,1,0,,,0,0,0,True,0,Google Trust Services,82,False,,,0.2372
http://xelzavi-gld-belxora-c2x6hp45.pages.dev/appeals/submit-appeal-form/return,xelzavi-gld-belxora-c2x6hp45.pages.dev,1,79,3,2,4,4.2737,1,0,0,0,34,0,0,0.0,0,0,0,0,dev,0.5,0,0,0,0.0,0,True,2,1,0,,,0,0,0,True,0,Google Trust Services,82,False,,,0.2355
https://www.m-facebook-web.blogspot.com/,www.m-facebook-web.blogspot.com,1,40,2,3,0,3.7568,2,1,0,0,1,0,0,0.1667,2,0,2,0,com,0.15,1,0,0,0.0,0,True,2,1,0,,,0,0,0,False,0,,,False,,,0.1868
https://twoday.net,twoday.net,0,18,0,1,0,3.1219,0,1,0,0,0,0,0,0.0,0,0,0,0,net,0.22,1,0,0,0.0,0,True,1,1,1,8663,Hetzner Online GmbH,0,1,1,True,0,Let's Encrypt,43,False,,,0.1284
https://www.doctissimo.fr/,www.doctissimo.fr,0,26,0,2,0,3.3372,1,1,0,0,1,0,0,0.0,0,0,0,0,fr,0.5,0,0,0,0.0,0,True,3,1,0,9582,GANDI,0,0,1,True,0,Let's Encrypt,80,False,,,0.2167
http://www.x36n.top/,www.x36n.top,1,20,0,2,2,3.0221,1,0,0,0,1,0,0,0.0,0,0,0,0,top,0.9,1,0,0,0.0,0,True,2,0,0,,,0,0,0,False,0,,,False,,,0.3304
https://www.europeantour.com/,www.europeantour.com,0,29,0,2,0,3.4464,1,1,0,0,1,0,0,0.0,0,0,0,0,com,0.15,1,0,0,0.0,0,True,4,0,0,,,0,0,0,True,0,Let's Encrypt,78,False,,,0.1139
https://bartamanpatrika.com,bartamanpatrika.com,0,27,0,1,0,3.3211,0,1,0,0,0,0,0,0.0,0,0,0,0,com,0.15,1,0,0,0.0,0,True,3,1,1,9357,Squarespace Domains LLC,0,0,1,True,0,Google Trust Services,43,False,,,0.1114
https://bytelb.com/profile/index.html,bytelb.com,0,37,0,1,0,3.1219,0,1,0,0,19,0,0,0.0,0,0,0,0,com,0.15,1,0,0,0.0,0,False,0,0,0,1908,"Alibaba Cloud Computing (Beijing) Co., Ltd.",0,0,1,False,0,,,,,,0.1074
https://wyo.gov/blog/news,wyo.gov,0,25,0,1,0,2.5216,0,1,0,0,10,0,0,0.0833,1,0,1,0,gov,0.03,1,0,0,0.0,0,True,1,0,1,8392,get.gov,0,1,1,False,0,,,,,,0.0928
https://textrepeater.com,textrepeater.com,0,24,0,1,0,3.0778,0,1,0,0,0,0,0,0.0,0,0,0,0,com,0.15,1,0,0,0.0,0,True,2,1,1,3171,"NameCheap, Inc.",0,0,1,True,0,Google Trust Services,86,False,,,0.1066
http://sp3ct-qesnik-biz8-harnel-fudam.pages.dev/appeals/submit-appeal-form/return,sp3ct-qesnik-biz8-harnel-fudam.pages.dev,1,81,4,2,2,4.4342,1,0,0,0,34,0,0,0.0,0,0,0,0,dev,0.5,0,0,0,0.0,0,True,2,1,0,,,0,0,0,True,0,Google Trust Services,82,False,,,0.2387
https://www.vanderbilt.edu/,www.vanderbilt.edu,0,27,0,2,0,3.5724,1,1,0,0,1,0,0,0.0,0,0,0,0,edu,0.02,1,0,0,0.0,0,True,4,0,0,14246,,0,0,1,True,0,Amazon,87,False,,,0.0774
http://starttrejor-io-usa.wasmer.app/,starttrejor-io-usa.wasmer.app,1,37,2,2,0,3.6335,1,0,0,0,1,0,0,0.1667,1,0,2,0,app,0.35,1,0,0,0.0,0,True,1,1,0,,,0,0,0,True,0,Let's Encrypt,47,False,,,0.2444
http://monetary.coin999.vip/,monetary.coin999.vip,1,28,0,2,3,3.6842,1,0,0,0,1,0,0,0.0,0,0,0,0,vip,0.5,0,0,0,0.0,0,True,2,1,0,11,"NameSilo, LLC",1,1,1,True,0,Google Trust Services,78,False,,,0.2237
https://flightclub.com,flightclub.com,0,22,0,1,0,3.5216,0,1,0,0,0,0,0,0.0,0,0,0,0,com,0.15,1,0,0,0.0,0,True,2,0,1,8893,"Cloudflare, Inc.",0,1,1,True,0,Let's Encrypt,46,False,,,0.1154
https://btg360.com.br/search?q=news,btg360.com.br,0,35,0,2,3,3.3927,1,1,0,0,7,1,2,0.0,0,0,0,0,br,0.5,0,0,0,0.0,0,True,1,0,0,5276,,0,0,1,False,0,,,,,,0.2179
https://empowerlocal.co/search?q=signup,empowerlocal.co,0,39,0,1,0,3.1899,0,1,0,0,7,1,2,0.0,0,0,0,0,co,0.3,1,0,0,0.0,0,False,0,0,0,3085,"GoDaddy.com, LLC",0,0,1,False,0,,,,,,0.1538
https://cortexbid.com,cortexbid.com,0,21,0,1,0,3.3927,0,1,0,0,0,0,0,0.0,0,0,0,0,com,0.15,1,0,0,0.0,0,True,2,1,1,,,0,0,0,True,0,Google Trust Services,39,False,,,0.1129
https://www.kosmo.com.my/,www.kosmo.com.my,0,25,0,3,0,2.8113,2,1,0,0,1,0,0,0.0,0,0,0,0,my,0.5,0,0,0,0.0,0,True,3,1,0,8044,Yeahhost Sdn Bhd,0,0,1,True,0,Google Trust Services,68,False,,,0.2062
http://coruscating-fenglisu-b6a7d3.netlify.app/,coruscating-fenglisu-b6a7d3.netlify.app,1,47,2,2,3,4.3555,1,0,0,0,1,0,0,0.0833,1,0,1,0,app,0.35,1,0,0,0.0,0,True,2,1,0,,,0,0,0,True,0,DigiCert Inc,234,False,,,0.2254
https://equinenow.com,equinenow.com,0,21,0,1,0,3.2389,0,1,0,0,0,0,0,0.0,0,0,0,0,com,0.15,1,0,0,0.0,0,True,6,0,1,7829,"GoDaddy.com, LLC",0,0,1,True,0,Amazon,88,False,,,0.1098
https://www.roblox-get-card19.blogspot.com/,www.roblox-get-card19.blogspot.com,1,43,2,3,2,4.0545,2,1,0,0,1,0,0,0.0833,1,0,1,0,com,0.15,1,0,0,0.0,0,True,2,1,0,,,0,0,0,False,0,,,False,,,0.1594
https://www.britishmuseum.org/,www.britishmuseum.org,0,30,0,2,0,3.5945,1,1,0,0,1,0,0,0.0,0,0,0,0,org,0.1,1,0,0,0.0,0,True,2,1,0,8978,"CSC Corporate Domains, Inc.",0,0,1,True,0,Google Trust Services,57,False,,,0.1019
https://www.tpgtelecom.com.au/,www.tpgtelecom.com.au,0,30,0,3,0,3.4633,2,1,0,0,1,0,0,0.0,0,0,0,0,au,0.5,0,0,0,0.0,0,True,2,0,0,,Corporation Service Company (Aust) Pty Ltd,0,0,1,True,0,Amazon,192,False,,,0.2193
https://www.mail3outlook.vercel.app/,www.mail3outlook.vercel.app,1,36,0,3,1,3.8282,2,1,0,0,1,0,0,0.0833,1,0,1,0,app,0.35,1,0,0,0.0,0,True,2,0,0,,,0,0,0,False,0,,,False,,,0.2149
https://65.jj38142.vip/,65.jj38142.vip,1,23,0,2,7,3.5216,1,1,0,0,1,0,0,0.0,0,0,0,0,vip,0.5,0,0,0,0.0,0,True,1,0,0,5,DYNADOT LLC,1,1,1,True,0,"TrustAsia Technologies, Inc.",87,False,,,0.2204
https://web54.net,web54.net,0,17,0,1,2,2.9477,0,1,0,0,0,0,0,0.0,0,0,0,0,net,0.22,1,0,0,0.0,0,False,0,0,0,,,0,0,0,False,0,,,,,,0.125
http://goo.su/mdacxls,goo.su,1,21,0,1,0,2.2516,0,0,0,0,8,0,0,0.0,0,0,0,0,su,0.5,0,0,0,0.0,0,True,1,0,1,,,0,0,0,True,0,GlobalSign nv-sa,168,False,,,0.195
http://chocolate-advantage-077384.framer.app/,chocolate-advantage-077384.framer.app,1,45,2,2,6,4.2293,1,0,0,0,1,0,0,0.0833,1,0,1,0,app,0.35,1,0,0,0.0,0,True,2,0,0,,,0,0,0,True,0,Let's Encrypt,37,False,,,0.2229
https://hellogenie.com,hellogenie.com,0,22,0,1,0,3.182,0,1,0,0,0,0,0,0.0,0,0,0,0,com,0.15,1,0,0,0.0,0,True,1,0,1,4756,"GoDaddy.com, LLC",0,0,1,True,0,Let's Encrypt,47,False,,,0.1086
https://honda.co.jp/blog/help,honda.co.jp,0,29,0,2,0,3.0958,1,1,0,0,10,0,0,0.0,0,0,0,0,jp,0.5,0,0,0,0.0,0,False,0,0,1,,,0,0,0,False,0,,,,,,0.2119
https://c6consig.com.br,c6consig.com.br,0,23,0,2,1,3.3232,1,1,0,0,0,0,0,0.0,0,0,0,0,br,0.5,0,0,0,0.0,0,True,2,1,1,2448,,0,0,1,True,0,Google Trust Services,78,False,,,0.2165
https://avantlink.com,avantlink.com,0,21,0,1,0,3.3927,0,1,0,0,0,0,0,0.0,0,0,0,0,com,0.15,1,0,0,0.0,0,True,4,0,1,7641,"NameCheap, Inc.",0,0,1,True,0,Amazon,150,False,,,0.1129
https://www.extra.com/ar-sa,www.extra.com,0,27,0,2,0,3.1808,1,1,0,0,6,0,0,0.0,0,0,0,0,com,0.15,1,0,0,0.0,0,True,1,0,1,11591,"GoDaddy.com, LLC",0,0,1,True,0,Google Trust Services,67,False,,,0.1086
https://privateperson.ru/docs/index.html,privateperson.ru,0,40,0,1,0,3.4528,0,1,0,0,16,0,0,0.0,0,0,0,0,ru,0.5,0,0,0,0.0,0,False,0,0,1,,,0,0,0,False,0,,,,,,0.2191
https://97ee7.catex.at/cnbcard/cardentw.php,97ee7.catex.at,1,43,0,2,3,2.8963,1,1,0,0,21,0,0,0.0,0,0,0,0,at,0.5,0,0,0,0.0,0,True,1,0,0,,,0,0,0,True,0,Let's Encrypt,70,False,,,0.2079
http://sp5ct-norek-biz8-pavin-zurex.pages.dev/appeals/submit-appeal-form/return,sp5ct-norek-biz8-pavin-zurex.pages.dev,1,79,4,2,2,4.2807,1,0,0,0,34,0,0,0.0,0,0,0,0,dev,0.5,0,0,0,0.0,0,True,2,1,0,,,0,0,0,True,0,Google Trust Services,83,False,,,0.2356
http://fortlux.top/,fortlux.top,1,19,0,1,0,3.0958,0,0,0,0,1,0,0,0.0,0,0,0,0,top,0.9,1,0,0,0.0,0,True,2,1,0,,,0,0,0,True,0,Let's Encrypt,53,False,,,0.3319
https://hitc.com,hitc.com,0,16,0,1,0,2.75,0,1,0,0,0,0,0,0.1667,2,0,2,0,com,0.15,1,0,0,0.0,0,True,3,1,1,12569,123-Reg Limited,0,0,1,True,0,Google Trust Services,38,False,,,0.1667
https://3tk5-js3w-usjf.gahasim575-kierko-com-s-account.workers.dev/,3tk5-js3w-usjf.gahasim575-kierko-com-s-account.workers.dev,1,67,6,3,6,4.3813,2,1,0,0,1,0,0,0.0,0,0,0,1,dev,0.5,0,0,0,0.0,0,True,2,1,0,,,0,0,0,True,0,Google Trust Services,86,False,,,0.2376
https://exoo-dus-web3.pages.dev/,exoo-dus-web3.pages.dev,1,32,2,2,1,3.741,1,1,0,0,1,0,0,0.1667,2,0,2,0,dev,0.5,0,0,0,0.0,0,True,2,1,0,,,0,0,0,True,0,Google Trust Services,55,False,,,0.2915
http://www.facebookloginss.blogspot.com/,www.facebookloginss.blogspot.com,1,40,0,3,0,3.8195,2,0,0,0,1,0,0,0.0,0,0,0,0,com,0.15,1,0,0,0.0,0,True,2,1,0,,,0,0,0,False,0,,,False,,,0.1214
https://ssm.codes,ssm.codes,0,17,0,1,0,2.6416,0,1,0,0,0,0,0,0.0833,1,0,1,0,codes,0.5,0,0,0,0.0,0,True,3,1,0,,,0,0,0,True,0,Google Trust Services,55,False,,,0.2362
https://macxxis.us.cc/5g/home.html,macxxis.us.cc,1,34,0,2,0,2.8731,1,1,0,0,13,0,0,0.0,0,0,0,0,cc,0.5,0,0,0,0.0,0,False,0,0,0,7416,Gname.com Pte. Ltd.,0,1,1,False,0,,,,,,0.2075
https://quilljs.com,quilljs.com,0,19,0,1,0,3.2776,0,1,0,0,0,0,0,0.0,0,0,0,0,com,0.15,1,0,0,0.0,0,True,2,1,1,4505,"Cloudflare, Inc.",0,1,1,True,0,Google Trust Services,82,False,,,0.1106
http://netflixpaymentportalsa.zite.so/,netflixpaymentportalsa.zite.so,1,38,0,2,0,3.8566,1,0,0,0,1,0,0,0.1667,1,0,1,0,so,0.5,0,0,0,0.0,0,True,2,1,0,564,NameCheap,0,0,1,True,0,Let's Encrypt,45,False,,,0.2938
https://www.freepdfconvert.com/,www.freepdfconvert.com,0,31,0,2,0,3.5726,1,1,0,0,1,0,0,0.0,0,0,0,0,com,0.15,1,0,0,0.0,0,True,2,1,0,7504,"Cloudflare, Inc.",0,1,1,True,0,Google Trust Services,47,False,,,0.1165
https://finland.fi,finland.fi,0,18,0,1,0,2.7219,0,1,0,0,0,0,0,0.0,0,0,0,0,fi,0.5,0,0,0,0.0,0,True,1,0,1,,,0,0,0,True,0,Let's Encrypt,70,False,,,0.2044
https://rnpdigital.com/help/index.html,rnpdigital.com,0,38,0,1,0,3.6645,0,1,0,0,16,0,0,0.0,0,0,0,0,com,0.15,1,0,0,0.0,0,True,1,0,1,6478,"GoDaddy.com, LLC",0,0,1,True,0,GlobalSign nv-sa,35,False,,,0.1183
https://yunjiasu360.com/news/index.html,yunjiasu360.com,0,39,0,1,3,3.7736,0,1,0,0,16,0,0,0.0,0,0,0,0,com,0.15,1,0,0,0.0,0,False,0,0,0,3023,"NameSilo, LLC",0,1,1,False,0,,,,,,0.1205
https://trust-ledger-login-patch-kubernate.vercel.app/ledger%20form/index.html,trust-ledger-login-patch-kubernate.vercel.app,1,78,4,2,0,4.0746,1,1,0,0,25,0,1,0.2333,1,0,1,1,app,0.35,1,0,0,0.0,0,True,2,0,0,,,0,0,0,True,0,Google Trust Services,60,False,,,0.2798
https://overstock.com,overstock.com,0,21,0,1,0,3.1808,0,1,0,0,0,0,0,0.0,0,0,0,0,com,0.15,1,0,0,0.0,0,True,1,1,1,10028,"MarkMonitor, Inc.",0,0,1,True,0,DigiCert Inc,183,False,,,0.1086
https://tajhotels.com,tajhotels.com,0,21,0,1,0,3.3927,0,1,0,0,0,0,0,0.0,0,0,0,0,com,0.15,1,0,0,0.0,0,True,2,1,1,11078,PDR Ltd. d/b/a PublicDomainRegistry.com,0,1,1,True,0,Let's Encrypt,22,False,,,0.1129
https://servicenowservices.com/about,servicenowservices.com,0,36,0,1,0,3.2999,0,1,0,0,6,0,0,0.0,0,0,0,0,com,0.15,1,0,0,0.0,0,True,1,0,1,,,0,0,0,False,0,,,,,,0.111
https://supercdn.ru/about,supercdn.ru,0,25,0,1,0,3.0958,0,1,0,0,6,0,0,0.0,0,0,0,0,ru,0.5,0,0,0,0.0,0,False,0,0,0,522,RU-CENTER-RU,0,0,1,False,0,,,,,,0.2119
https://www.robiox.com.ps/communities/8426132926/ARTS-CLOTHING,www.robiox.com.ps,1,62,0,3,0,3.2484,2,1,0,0,37,0,0,0.0,0,0,0,0,ps,0.5,0,0,0,0.0,0,True,1,0,0,,,0,0,0,False,0,,,False,,,0.215
https://advertising.adobe.com/auth/login,advertising.adobe.com,0,40,0,2,0,3.8209,1,1,0,0,11,0,0,0.0,0,0,0,0,com,0.15,1,0,0,0.0,0,True,4,0,0,14497,NOM-IQ Ltd dba Com Laude,0,0,1,True,0,GlobalSign nv-sa,165,False,,,0.1214
https://gbede.com,gbede.com,0,17,0,1,0,2.9477,0,1,0,0,0,0,0,0.0,0,0,0,0,com,0.15,1,0,0,0.0,0,True,1,0,0,2150,"NameCheap, Inc.",0,0,1,True,0,Let's Encrypt,80,False,,,0.104
http://zjstr6agpxonl-qcfzk65kmja-1e3f7b-kml4z.pages.dev/appeals/submit-appeal-form/return,zjstr6agpxonl-qcfzk65kmja-1e3f7b-kml4z.pages.dev,1,89,3,2,7,4.7147,1,0,0,0,34,0,0,0.0,0,0,0,0,dev,0.5,0,0,0,0.0,0,True,2,1,0,,,0,0,0,True,0,Google Trust Services,82,False,,,0.2443
https://alawar.com,alawar.com,0,18,0,1,0,2.8464,0,1,0,0,0,0,0,0.0,0,0,0,0,com,0.15,1,0,0,0.0,0,True,1,0,1,10146,"GoDaddy.com, LLC",0,0,1,True,0,Let's Encrypt,75,False,,,0.1019
https://www.marketbeat.com/,www.marketbeat.com,0,27,0,2,0,3.3502,1,1,0,0,1,0,0,0.0,0,0,0,0,com,0.15,1,0,0,0.0,0,True,2,1,0,10564,"Cloudflare, Inc.",0,0,1,True,0,Google Trust Services,32,False,,,0.112
https://securefuturepolicy.com,securefuturepolicy.com,0,30,0,1,0,3.6292,0,1,0,0,0,0,0,0.0,0,0,0,0,com,0.15,1,0,0,0.0,0,True,1,1,0,70,"HOSTINGER operations, UAB",0,0,1,True,0,Let's Encrypt,79,False,,,0.1176
http://aktiffkan-paylater.ynn.my.id/,aktiffkan-paylater.ynn.my.id,1,36,1,3,0,3.7265,2,0,0,0,1,0,0,0.0833,1,0,1,0,id,0.5,0,0,0,0.0,0,False,0,0,0,,,0,0,0,False,0,,,,,,0.2579
https://robiox.com.ps/users/3899156677/profile,robiox.com.ps,1,46,0,2,0,3.1808,1,1,0,0,25,0,0,0.0,0,0,0,0,ps,0.5,0,0,0,0.0,0,True,1,0,0,,,0,0,0,False,0,,,False,,,0.2136
http://sp5ct-hariv-biz8-vurem-kolex.pages.dev/appeals/submit-appeal-form/return,sp5ct-hariv-biz8-vurem-kolex.pages.dev,1,79,4,2,2,4.386,1,0,0,0,34,0,0,0.0,0,0,0,0,dev,0.5,0,0,0,0.0,0,True,2,1,0,,,0,0,0,True,0,Google Trust Services,83,False,,,0.2377
http://www.kucoin_loigin.godaddysites.com/,www.kucoin_loigin.godaddysites.com,1,42,0,3,0,3.962,2,0,0,0,1,0,1,0.0,0,0,0,0,com,0.15,1,0,0,0.0,0,True,2,0,0,4634,"GoDaddy.com, LLC",0,0,1,False,0,,,False,,,0.1242
https://robinhood-logint.gitbook.io/,robinhood-logint.gitbook.io,1,36,1,2,0,3.3604,1,1,0,0,1,0,0,0.0,0,0,0,0,io,0.28,1,0,0,0.0,0,True,2,1,0,4502,"Cloudflare, Inc",0,0,1,True,0,Google Trust Services,79,False,,,0.1512
http://bafkreia2pngndebebyscsmxex5zjszaf5sdg3xso2ugg63rrsv3qqgwumu.ipfs.dweb.link/,bafkreia2pngndebebyscsmxex5zjszaf5sdg3xso2ugg63rrsv3qqgwumu.ipfs.dweb.link,1,82,0,3,8,4.6632,2,0,0,0,1,0,0,0.0833,1,0,1,0,link,0.85,1,0,0,0.0,0,True,2,1,0,3441,"CSC Corporate Domains, Inc.",0,0,1,True,0,Let's Encrypt,83,False,,,0.3816
https://hibuwebsites.com/about,hibuwebsites.com,0,30,0,1,0,3.5,0,1,0,0,6,0,0,0.0,0,0,0,0,com,0.15,1,0,0,0.0,0,False,0,0,0,,,0,0,0,False,0,,,,,,0.115
https://manasvi-patidar.github.io/spotify-ui-clone/,manasvi-patidar.github.io,1,51,1,2,0,3.8439,1,1,0,0,18,0,0,0.0,0,0,0,0,io,0.28,1,0,0,0.0,0,True,4,1,0,,,0,0,0,True,0,Let's Encrypt,36,False,,,0.1609
https://harshita-narayan09.github.io/amazon_clone/,harshita-narayan09.github.io,1,50,1,2,2,3.7674,1,1,0,0,14,0,1,0.0,0,0,0,0,io,0.28,1,0,0,0.0,0,True,4,1,0,,,0,0,0,True,0,Let's Encrypt,36,False,,,0.1593
https://267cop.vip/,267cop.vip,1,19,0,1,3,3.1219,0,1,0,0,1,0,0,0.0,0,0,0,0,vip,0.5,0,0,0,0.0,0,True,1,0,0,356,DYNADOT LLC,0,1,1,False,0,,,False,,,0.2124
https://telegram.org/,telegram.org,0,21,0,1,0,3.085,0,1,0,0,1,0,0,0.0,0,0,0,0,org,0.1,1,0,0,0.0,0,True,1,1,1,8260,"GoDaddy.com, LLC",0,0,1,True,0,"GoDaddy.com, Inc.",46,False,,,0.0917
http://solicitaraq.xyz/,solicitaraq.xyz,1,23,0,1,0,3.6402,0,0,0,0,1,0,0,0.0,0,0,0,0,xyz,0.94,1,0,0,0.0,0,False,0,0,0,41,"GoDaddy.com, LLC",0,0,1,False,0,,,,,,0.3548
http://sp5ct-varel-biz8-kurem-fonix.pages.dev/appeals/submit-appeal-form/return,sp5ct-varel-biz8-kurem-fonix.pages.dev,1,79,4,2,2,4.4585,1,0,0,0,34,0,0,0.0,0,0,0,0,dev,0.5,0,0,0,0.0,0,True,2,1,0,,,0,0,0,True,0,Google Trust Services,83,False,,,0.2392
https://kmntc3ty8boq.online/support/contact,kmntc3ty8boq.online,0,43,0,1,2,3.7871,0,1,0,0,16,0,0,0.0,0,0,0,0,online,0.65,1,0,0,0.0,0,False,0,0,0,,,0,0,0,False,0,,,,,,0.2707
https://icpublic.com,icpublic.com,0,20,0,1,0,3.0221,0,1,0,0,0,0,0,0.0,0,0,0,0,com,0.15,1,0,0,0.0,0,False,0,0,0,2259,"Amazon Registrar, Inc.",0,1,1,False,0,,,,,,0.1054
https://nasahackerclay01.blogspot.com/?m=1,nasahackerclay01.blogspot.com,1,42,0,2,2,4.0473,1,1,0,0,1,1,2,0.0,0,0,0,0,com,0.15,1,0,0,0.0,0,True,2,1,0,,,0,0,0,True,0,Google Trust Services,55,False,,,0.1259
https://www.dynadot.com/,www.dynadot.com,0,24,0,2,0,3.1899,1,1,0,0,1,0,0,0.0,0,0,0,0,com,0.15,1,0,0,0.0,0,True,2,0,0,8671,DYNADOT LLC,0,0,1,True,0,Google Trust Services,70,False,,,0.1088
http://indexzip-matthieuhug.replit.app/,indexzip-matthieuhug.replit.app,1,39,1,2,0,3.8732,1,0,0,0,1,0,0,0.0833,1,0,1,0,app,0.35,1,0,0,0.0,0,True,1,0,0,,,0,0,0,True,0,Google Trust Services,71,False,,,0.2158
https://opac.sbn.it/,opac.sbn.it,0,20,0,2,0,3.2776,1,1,0,0,1,0,0,0.4167,4,0,4,0,it,0.5,0,0,0,0.0,0,True,1,0,0,11138,Consortium GARR,0,0,1,True,0,ZeroSSL GmbH,62,False,,,0.3822
https://mashood-git.github.io/amazon-clone/,mashood-git.github.io,1,43,1,2,0,3.5585,1,1,0,0,14,0,0,0.1667,2,0,2,0,io,0.28,1,0,0,0.0,0,True,4,1,0,,,0,0,0,True,0,Let's Encrypt,36,False,,,0.2218
https://donland.ru,donland.ru,0,18,0,1,0,2.9219,0,1,0,0,0,0,0,0.0,0,0,0,0,ru,0.5,0,0,0,0.0,0,True,1,0,1,9181,RU-CENTER-RU,0,0,1,True,0,GlobalSign nv-sa,217,False,,,0.2084
http://3658cherry58203.cc/,3658cherry58203.cc,1,26,0,1,9,3.4613,0,0,0,0,1,0,0,0.0,0,0,0,0,cc,0.5,0,0,0,0.0,0,True,3,0,0,39,DYNADOT LLC,0,1,1,True,0,Let's Encrypt,50,False,,,0.2192
https://sp3ct-holnar-biz8-vesqik-lutem.pages.dev/,sp3ct-holnar-biz8-vesqik-lutem.pages.dev,1,49,4,2,2,4.4531,1,1,0,0,1,0,0,0.0,0,0,0,0,dev,0.5,0,0,0,0.0,0,True,2,1,0,,,0,0,0,True,0,Google Trust Services,82,False,,,0.2391
http://sp5ct-porek-biz8-salun-firem.pages.dev/,sp5ct-porek-biz8-salun-firem.pages.dev,1,46,4,2,2,4.3661,1,0,0,0,1,0,0,0.0,0,0,0,0,dev,0.5,0,0,0,0.0,0,True,2,1,0,,,0,0,0,True,0,Google Trust Services,83,False,,,0.2373
https://eac-front.com/blog/docs,eac-front.com,0,31,1,1,0,3.3927,0,1,0,0,10,0,0,0.0,0,0,0,0,com,0.15,1,0,0,0.0,0,False,0,0,0,3692,"MarkMonitor, Inc.",0,0,1,False,0,,,,,,0.1129
https://nothingbundtcakes.com/blog/update,nothingbundtcakes.com,0,41,0,1,0,3.8802,0,1,0,0,12,0,0,0.0,0,0,0,0,com,0.15,1,0,0,0.0,0,True,1,0,1,9743,"GoDaddy.com, LLC",0,0,1,True,0,Let's Encrypt,56,False,,,0.1226
http://vatendimentosbr.shop/,vatendimentosbr.shop,1,28,0,1,0,3.8219,0,0,0,0,1,0,0,0.0,0,0,0,0,shop,0.55,1,0,0,0.0,0,True,1,0,0,,,0,0,0,True,0,Let's Encrypt,47,False,,,0.2414
https://www.thescore.bet/,www.thescore.bet,0,25,0,2,0,3.1556,1,1,0,0,1,0,0,0.0,0,0,0,0,bet,0.5,0,0,0,0.0,0,True,5,1,0,,,0,0,0,True,0,Let's Encrypt,75,False,,,0.2131
http://yfo0dw-znalzz-ot4cp-7ukf6.pages.dev/appeals/submit-appeal-form/return,yfo0dw-znalzz-ot4cp-7ukf6.pages.dev,1,76,3,2,4,4.4576,1,0,0,0,34,0,0,0.0,0,0,0,0,dev,0.5,0,0,0,0.0,0,True,2,1,0,,,0,0,0,True,0,Google Trust Services,83,False,,,0.2392
https://metacpan.org,metacpan.org,0,20,0,1,0,3.4183,0,1,0,0,0,0,0,0.0,0,0,0,0,org,0.1,1,0,0,0.0,0,True,4,1,1,5745,Pair Domains,0,0,1,True,0,GlobalSign nv-sa,137,False,,,0.0984
https://instagramlogin333.blogspot.com/,instagramlogin333.blogspot.com,1,39,0,2,3,3.7899,1,1,0,0,1,0,0,0.0,0,0,0,0,com,0.15,1,0,0,0.0,0,True,2,1,0,,,0,0,0,True,0,Google Trust Services,55,False,,,0.1208
http://koiocionlogox.godaddysites.com/,koiocionlogox.godaddysites.com,1,38,0,2,0,3.6682,1,0,0,0,1,0,0,0.0,0,0,0,0,com,0.15,1,0,0,0.0,0,True,2,0,0,4634,"GoDaddy.com, LLC",0,0,1,True,0,GoDaddy.com,165,False,,,0.1184
http://instagramhelp.whf.bz/,instagramhelp.whf.bz,1,28,0,2,0,4.0219,1,0,0,0,1,0,0,0.0,0,0,0,0,bz,0.5,0,0,0,0.0,0,True,1,0,1,,,0,0,0,True,0,Let's Encrypt,84,False,,,0.2304
http://sp3ct-jasqel-biz8-murnak-lovid.pages.dev/appeals/submit-appeal-form/return,sp3ct-jasqel-biz8-murnak-lovid.pages.dev,1,81,4,2,2,4.4653,1,0,0,0,34,0,0,0.0,0,0,0,0,dev,0.5,0,0,0,0.0,0,True,2,1,0,,,0,0,0,True,0,Google Trust Services,82,False,,,0.2393
http://roaring-jalebi-55afdb.netlify.app/,roaring-jalebi-55afdb.netlify.app,1,41,2,2,2,4.0518,1,0,0,0,1,0,0,0.0833,1,0,1,0,app,0.35,1,0,0,0.0,0,True,2,1,0,,,0,0,0,True,0,DigiCert Inc,234,False,,,0.2194
http://xelquna-gld-zormavi-a3x1hq96.pages.dev/appeals/submit-appeal-form/return,xelquna-gld-zormavi-a3x1hq96.pages.dev,1,79,3,2,4,4.4187,1,0,0,0,34,0,0,0.0,0,0,0,0,dev,0.5,0,0,0,0.0,0,True,2,1,0,,,0,0,0,True,0,Google Trust Services,83,False,,,0.2384
https://one2car.com,one2car.com,0,19,0,1,1,3.0958,0,1,0,0,0,0,0,0.0,0,0,0,0,com,0.15,1,0,0,0.0,0,True,2,1,1,8980,Instra Corporation Pty Ltd.,0,1,1,True,0,Google Trust Services,33,False,,,0.1069
https://xeric-chocolate-l77f5ovi.edgeone.dev/home,xeric-chocolate-l77f5ovi.edgeone.dev,1,49,2,2,3,3.9959,1,1,0,0,5,0,0,0.0,0,0,0,0,dev,0.5,0,0,0,0.0,0,True,2,0,0,,,0,0,0,True,0,"DigiCert, Inc.",114,False,,,0.2299
https://pcbnr.jdevcloud.com/,pcbnr.jdevcloud.com,1,28,0,2,0,3.6819,1,1,0,0,1,0,0,0.0,0,0,0,0,com,0.15,1,0,0,0.0,0,True,1,1,0,,,0,0,0,False,0,,,,,,0.1186
http://lavdalassan.netlify.app/,lavdalassan.netlify.app,1,31,0,2,0,3.4642,1,0,0,0,1,0,0,0.0833,1,0,1,0,app,0.35,1,0,0,0.0,0,True,2,1,0,,,0,0,0,True,0,DigiCert Inc,234,False,,,0.2076
https://xansrv.com/update/index.html,xansrv.com,0,36,0,1,0,3.3219,0,1,0,0,18,0,0,0.0,0,0,0,0,com,0.15,1,0,0,0.0,0,False,0,0,0,68,"NameSilo, LLC",0,1,1,False,0,,,,,,0.1114
https://cput.ac.za,cput.ac.za,0,18,0,2,0,2.7219,1,1,0,0,0,0,0,0.0,0,0,0,0,za,0.5,0,0,0,0.0,0,True,1,0,1,,,0,0,0,False,0,,,False,,,0.2044
https://www.parismatch.com/,www.parismatch.com,0,27,0,2,0,3.4613,1,1,0,0,1,0,0,0.0,0,0,0,0,com,0.15,1,0,0,0.0,0,True,4,0,0,11030,Nameshield SAS,0,0,1,True,0,Amazon,216,False,,,0.1142
http://up-holddlugun.godaddysites.com/,up-holddlugun.godaddysites.com,1,38,1,2,0,3.9362,1,0,0,0,1,0,0,0.0,0,0,0,0,com,0.15,1,0,0,0.0,0,True,2,0,0,4634,"GoDaddy.com, LLC",0,0,1,True,0,GoDaddy.com,165,False,,,0.1237
https://dairyqueen.com,dairyqueen.com,0,22,0,1,0,3.6645,0,1,0,0,0,0,0,0.0,0,0,0,0,com,0.15,1,0,0,0.0,0,True,2,1,0,11270,"MarkMonitor, Inc.",0,0,1,True,0,Google Trust Services,47,False,,,0.1183
https://stocktwits.com,stocktwits.com,0,22,0,1,0,3.0391,0,1,0,0,0,0,0,0.0,0,0,0,0,com,0.15,1,0,0,0.0,0,True,2,1,1,6633,"GoDaddy.com, LLC",0,0,1,True,0,Google Trust Services,84,False,,,0.1058
https://xhamster46.desi,xhamster46.desi,0,23,0,1,2,3.6402,0,1,0,0,0,0,0,0.0833,1,0,1,0,desi,0.5,0,0,0,0.0,0,True,2,1,0,,,0,0,0,True,0,Google Trust Services,44,False,,,0.2561
https://www.amazontrust.com/,www.amazontrust.com,0,28,0,2,0,3.4714,1,1,0,0,1,0,0,0.0,0,0,0,0,com,0.15,1,0,0,0.0,0,True,4,1,0,7017,MarkMonitor Inc.,0,0,1,True,0,Amazon,142,False,,,0.1144
https://www.abqjournal.com/,www.abqjournal.com,0,27,0,2,0,3.5724,1,1,0,0,1,0,0,0.0,0,0,0,0,com,0.15,1,0,0,0.0,0,True,4,1,0,11132,"Network Solutions, LLC",0,0,1,True,0,Amazon,107,False,,,0.1164
https://rrpproxy.net/login,rrpproxy.net,0,26,0,1,0,3.0221,0,1,0,0,6,0,0,0.0,0,0,0,0,net,0.22,1,0,0,0.0,0,True,2,0,1,9230,Key-Systems GmbH,0,1,1,False,0,,,,,,0.1264
https://www.optimizely.com/products/data-platform,www.optimizely.com,0,49,0,2,0,3.4613,1,1,0,0,23,0,0,0.0,0,0,0,0,com,0.15,1,0,0,0.0,0,True,4,0,0,6042,"GoDaddy.com, LLC",0,0,1,True,0,Let's Encrypt,53,False,,,0.1142
https://geocities.jp/support/contact,geocities.jp,0,36,0,1,0,3.2516,0,1,0,0,16,0,0,0.0,0,0,0,0,jp,0.5,0,0,0,0.0,0,False,0,0,0,9213,,0,0,1,False,0,,,,,,0.215
https://50union.com/search?q=team,50union.com,0,33,0,1,2,3.0958,0,1,0,0,7,1,2,0.0,0,0,0,0,com,0.15,1,0,0,0.0,0,False,0,0,0,7413,"GoDaddy.com, LLC",0,0,1,False,0,,,,,,0.1069
https://embed-player.space,embed-player.space,0,26,1,1,0,3.5033,0,1,0,0,0,0,0,0.0,0,0,0,0,space,0.5,0,0,0,0.0,0,True,1,0,0,,,0,0,0,True,0,Let's Encrypt,44,False,,,0.2201
https://www.whatsappidn.com/,www.whatsappidn.com,1,28,0,2,0,3.5111,1,1,0,0,1,0,0,0.0,0,0,0,0,com,0.15,1,0,0,0.0,0,True,1,0,0,,,0,0,0,True,0,Let's Encrypt,86,False,,,0.1152
https://cloudinfolibrary.com/reports/gc-realizing314form.html,cloudinfolibrary.com,1,61,0,1,0,3.6842,0,1,0,0,33,0,0,0.0,0,0,0,0,com,0.15,1,0,0,0.0,0,True,1,0,1,1742,"GoDaddy.com, LLC",0,0,1,True,0,Sectigo Limited,190,False,,,0.1187
https://mil.ru/api/v1/status,mil.ru,0,28,0,1,0,2.585,0,1,0,0,14,0,0,0.0,0,0,0,0,ru,0.5,0,0,0,0.0,0,True,1,0,1,10610,RU-CENTER-RU,0,0,1,False,0,,,,,,0.2017
https://www.cmich.edu/,www.cmich.edu,0,22,0,2,0,3.027,1,1,0,0,1,0,0,0.0,0,0,0,0,edu,0.02,1,0,0,0.0,0,True,2,1,0,12871,,0,0,1,True,0,DigiCert Inc,135,False,,,0.0665
https://ihuoshanlive.com/support/contact,ihuoshanlive.com,0,40,0,1,0,3.625,0,1,0,0,16,0,0,0.0,0,0,0,0,com,0.15,1,0,0,0.0,0,False,0,0,0,2164,"eName Technology Co.,Ltd.",0,0,1,False,0,,,,,,0.1175
https://ezgif.com,ezgif.com,0,17,0,1,0,3.1699,0,1,0,0,0,0,0,0.0,0,0,0,0,com,0.15,1,0,0,0.0,0,True,8,1,0,5046,"GoDaddy.com, LLC",0,0,1,True,0,Let's Encrypt,84,False,,,0.1084
http://sp3ct-barsel-biz8-kavqor-fudem.pages.dev/appeals/submit-appeal-form/return,sp3ct-barsel-biz8-kavqor-fudem.pages.dev,1,81,4,2,2,4.3842,1,0,0,0,34,0,0,0.0,0,0,0,0,dev,0.5,0,0,0,0.0,0,True,2,1,0,,,0,0,0,True,0,Google Trust Services,82,False,,,0.2377
https://openup.to/_twtq0zc,openup.to,1,26,0,1,0,2.7255,0,1,0,0,9,0,1,0.0,0,0,0,0,to,0.5,0,0,0,0.0,0,True,2,1,1,468,NAMECHEAP,0,0,1,True,0,Google Trust Services,38,False,,,0.2045
https://www.5movierulz.vote/,www.5movierulz.vote,0,28,0,2,1,3.5766,1,1,0,0,1,0,0,0.0833,1,0,1,0,vote,0.5,0,0,0,0.0,0,True,2,1,0,,,0,0,0,True,0,Google Trust Services,71,False,,,0.2549
https://www.bitdefender.com/en-in/,www.bitdefender.com,0,34,0,2,0,3.5369,1,1,0,0,7,0,0,0.0,0,0,0,0,com,0.15,1,0,0,0.0,0,True,2,1,0,9180,Eurodns S.A.,0,0,1,True,0,DigiCert Inc,101,False,,,0.1157
https://23se02ml074-star.github.io/youtube.clone-website/,23se02ml074-star.github.io,1,57,1,2,7,4.2389,1,1,0,0,23,0,0,0.0,0,0,0,0,io,0.28,1,0,0,0.0,0,True,4,1,0,,,0,0,0,True,0,Let's Encrypt,36,False,,,0.1688
https://www.instagramclone-v1.vercel.app/,www.instagramclone-v1.vercel.app,1,41,1,3,1,4.0306,2,1,0,0,1,0,0,0.0833,1,0,1,0,app,0.35,1,0,0,0.0,0,True,2,0,0,,,0,0,0,False,0,,,False,,,0.2189
https://criterion.com,criterion.com,0,21,0,1,0,3.0851,0,1,0,0,0,0,0,0.0,0,0,0,0,com,0.15,1,0,0,0.0,0,True,2,1,1,11964,"GoDaddy.com, LLC",0,0,1,True,0,Let's Encrypt,35,False,,,0.1067
https://13tv.co.il,13tv.co.il,0,18,0,2,2,3.1219,1,1,0,0,0,0,0,0.0,0,0,0,0,il,0.5,0,0,0,0.0,0,True,2,1,1,,Domain The Net Technologies Ltd,0,0,1,True,0,Let's Encrypt,32,False,,,0.2124
https://instagram-verifications.blogspot.com/?m=1,instagram-verifications.blogspot.com,1,49,1,2,0,3.9959,1,1,0,0,1,1,2,0.0,0,0,0,0,com,0.15,1,0,0,0.0,0,True,2,1,0,,,0,0,0,True,0,Google Trust Services,55,False,,,0.1249
http://sp5ct-nirel-biz8-havron-pelix.pages.dev/,sp5ct-nirel-biz8-havron-pelix.pages.dev,1,47,4,2,2,4.2723,1,0,0,0,1,0,0,0.0833,1,0,1,0,dev,0.5,0,0,0,0.0,0,True,2,1,0,,,0,0,0,True,0,Google Trust Services,83,False,,,0.2688
https://utrsed.com/api/v1/status,utrsed.com,0,32,0,1,0,3.3219,0,1,0,0,14,0,0,0.0,0,0,0,0,com,0.15,1,0,0,0.0,0,False,0,0,0,2915,DYNADOT LLC,0,1,1,False,0,,,,,,0.1114
https://www.speedrun.com/,www.speedrun.com,0,25,0,2,0,3.4528,1,1,0,0,1,0,0,0.0,0,0,0,0,com,0.15,1,0,0,0.0,0,True,2,1,0,9246,"NameCheap, Inc.",0,0,1,True,0,Google Trust Services,74,False,,,0.1141
https://zimgs.cn/news/index.html,zimgs.cn,0,32,0,1,0,3.0,0,1,0,0,16,0,0,0.0,0,0,0,0,cn,0.5,0,0,0,0.0,0,True,1,0,0,6550,阿里云计算有限公司（万网）,0,0,1,False,0,,,,,,0.21
https://upwork.com,upwork.com,0,18,0,1,0,3.1219,0,1,0,0,0,0,0,0.0,0,0,0,0,com,0.15,1,0,0,0.0,0,True,2,0,1,8944,"MarkMonitor, Inc.",0,0,1,True,0,DigiCert Inc,95,False,,,0.1074
https://wekings.online/start,wekings.online,0,28,0,1,0,3.182,0,1,0,0,6,0,0,0.0,0,0,0,0,online,0.65,1,0,0,0.0,0,True,2,1,1,,,0,0,0,True,0,Google Trust Services,46,False,,,0.2586
http://zfnrw4b52pz-kdplyplsi-8e1f2a-dfj79c.pages.dev/appeals/submit-appeal-form/return,zfnrw4b52pz-kdplyplsi-8e1f2a-dfj79c.pages.dev,1,86,3,2,8,4.6248,1,0,0,0,34,0,0,0.0,0,0,0,0,dev,0.5,0,0,0,0.0,0,True,2,1,0,,,0,0,0,True,0,Google Trust Services,82,False,,,0.2425
https://novelpia.com,novelpia.com,0,20,0,1,0,3.4183,0,1,0,0,0,0,0,0.0,0,0,0,0,com,0.15,1,0,0,0.0,0,True,2,0,1,,,0,0,0,True,0,Amazon,229,False,,,0.1134
http://roblox.com.am/users/389642827257/profile,roblox.com.am,1,47,0,2,0,3.027,1,0,0,0,27,0,0,0.0,0,0,0,0,am,0.5,0,0,0,0.0,0,True,1,0,0,,name (NAME LLC),0,0,1,True,0,Let's Encrypt,72,False,,,0.2105
https://www.pushbullet.com/,www.pushbullet.com,0,27,0,2,0,3.5724,1,1,0,0,1,0,0,0.0,0,0,0,0,com,0.15,1,0,0,0.0,0,True,3,1,0,5057,"NameCheap, Inc.",0,0,1,True,0,Google Trust Services,69,False,,,0.1164
http://sp4ct-sarvurin-biz8-lurem-fakon.pages.dev/,sp4ct-sarvurin-biz8-lurem-fakon.pages.dev,1,49,4,2,2,4.4059,1,0,0,0,1,0,0,0.0,0,0,0,0,dev,0.5,0,0,0,0.0,0,True,2,1,0,,,0,0,0,True,0,Google Trust Services,83,False,,,0.2381
http://sp3ct-zemlar-biz8-korvex-finul.pages.dev/appeals/submit-appeal-form/return,sp3ct-zemlar-biz8-korvex-finul.pages.dev,1,81,4,2,2,4.4719,1,0,0,0,34,0,0,0.0,0,0,0,0,dev,0.5,0,0,0,0.0,0,True,2,1,0,,,0,0,0,True,0,Google Trust Services,82,False,,,0.2394
https://feb.ltd/search?q=profile,feb.ltd,0,32,0,1,0,2.8074,0,1,0,0,7,1,2,0.1667,2,0,2,0,ltd,0.5,0,0,0,0.0,0,True,1,0,1,,,0,0,0,False,0,,,,,,0.2728
https://offeroasis.cfd/,offeroasis.cfd,1,23,0,1,0,3.182,0,1,0,0,1,0,0,0.0,0,0,0,0,cfd,0.5,0,0,0,0.0,0,False,0,0,0,,,0,0,0,False,0,,,,,,0.2136
https://spotify.okta.com/app/spotifyprod_spotifynet_1/exk6vfwgijPqP7VZg1t7/sso/saml?SAMLRequest=hZLdTsJAEIVfpdl72FKxpRsgKT8mJGgIqBfekE0dcLXdrTtT0Ld3WtRoNHq1m5k5mfOdzBB1WVQqq%2BnBruG5BqTgpSwsqrYxErW3ymk0qKwuARXlapNdLlXUDVXlHbncFeKL5G%2BFRgRPxlkRLGYjsY2ieS%2BOs2maDrLBPEnjs0l/HqdZ1ksn02xyLoJb8MjzI8FyFiHWsLBI2hKXwijuhEknGlyHfRUl6jy8E8GMGYzV1KoeiCpUUmLlyOxeu%2B6JdDd3pdRV9VFkjPvt%2B98CbXsSXp7iw%2B64N4%2Br51Vye7fvUSIRnWwIRTB1FqEx8BdqfhpSee09vx1TVoXJDYngwvkc2sRHYqcLhIZrxdGYA3xWso%2BkmmV1CX4D/mByuFkvf1Kxa1lCUTgrK4e0Bm7wdjEeNoZVm5of/6Yayq8Tw9M1XDHMYrZy7Pe1cVvqf1ibirnv7NpRRV5bNMzMFOzpOPWgicnI1yDk%2BLTy%2B82N3wA%3D&RelayState=https://spotify.net/&SigAlg=http://www.w3.org/2001/04/xmldsig-more%23rsa-sha256&Signature=lJp%2BsWkKSWod%2B3PnV3ILxkySclMn23Le/k0%2BqfYonALlmmb3u7ypQDvluIkQfNOH1YRF%2BRCH5J6hJizSNVS/rGM1bf22nDpiiZz/T3UKS0ZQhJsh/xu03j18P7oBjc17gWTxfg9J7sS0tH55e005OJDepCMS4rDMxU1BrdCBbu8pdGJnUO6qffH7cHyXPhH0cSQ0YideuSE4xc15FEPEEuwnSIPQTJs1ZfAhVQvql2QEId%2BN9yLJyiKLtcVEcADjAXTrWHkjxwHTRCW4P6hiB%2BQZJqG4ndqsZZ1Gu5C3efwEQMeVLJz7cwpyL9OaO0Z1M6K3rUqohOBYLN7vLLQqgg%3D%3D,spotify.okta.com,0,1072,0,2,0,3.4528,1,1,0,0,59,4,30,0.0,0,0,0,0,com,0.15,1,0,0,0.0,0,True,2,0,0,8081,"MarkMonitor, Inc.",0,0,1,True,0,DigiCert Inc,171,False,,,0.1141
https://sexmotrjem.com/account/settings,sexmotrjem.com,0,39,0,1,0,3.182,0,1,0,0,17,0,0,0.0,0,0,0,0,com,0.15,1,0,0,0.0,0,False,0,0,0,49,"Spaceship, Inc.",0,0,1,False,0,,,,,,0.1086
https://www.aecf.org/,www.aecf.org,0,21,0,2,0,3.0221,1,1,0,0,1,0,0,0.0,0,0,0,0,org,0.1,1,0,0,0.0,0,True,2,1,0,11343,"Network Solutions, LLC",0,0,1,True,0,Google Trust Services,69,False,,,0.0904
https://zeta-facebook.blogspot.com/,zeta-facebook.blogspot.com,1,35,1,2,0,3.7924,1,1,0,0,1,0,0,0.0,0,0,0,0,com,0.15,1,0,0,0.0,0,True,2,1,0,,,0,0,0,True,0,Google Trust Services,55,False,,,0.1208
https://maxcxis.us.cc/5g,maxcxis.us.cc,1,24,0,2,0,2.8731,1,1,0,0,3,0,0,0.0,0,0,0,0,cc,0.5,0,0,0,0.0,0,True,1,0,0,7416,Gname.com Pte. Ltd.,0,1,1,True,0,Let's Encrypt,86,False,,,0.2075
http://forstash.lol/,forstash.lol,1,20,0,1,0,3.085,0,0,0,0,1,0,0,0.0,0,0,0,0,lol,0.5,0,0,0,0.0,0,False,0,0,0,,,0,0,0,False,0,,,,,,0.2117
http://tr.ee/o5ac4yG32F,tr.ee,1,23,0,1,0,1.9219,0,0,0,0,11,0,0,0.0,0,0,0,0,ee,0.5,0,0,0,0.0,0,True,4,0,0,,Zone Media OÜ,0,0,1,True,0,Let's Encrypt,33,False,,,0.1884
https://astralane.io,astralane.io,0,20,0,1,0,3.1887,0,1,0,0,0,0,0,0.0,0,0,0,0,io,0.28,1,0,0,0.0,0,True,2,1,1,803,"NameCheap, Inc.",0,0,1,True,0,Google Trust Services,75,False,,,0.1478
https://identity.digital/,identity.digital,0,25,0,1,0,3.0778,0,1,0,0,1,0,0,0.0,0,0,0,0,digital,0.5,0,0,0,0.0,0,True,1,0,1,,,0,0,0,True,0,Google Trust Services,71,False,,,0.2116
https://optimise.net,optimise.net,0,20,0,1,0,3.085,0,1,0,0,0,0,0,0.0,0,0,0,0,net,0.22,1,0,0,0.0,0,True,1,0,0,8425,Squarespace Domains II LLC,0,0,1,True,0,Google Trust Services,84,False,,,0.1277
https://openshiftapps.com/api/v1/status,openshiftapps.com,0,39,0,1,0,3.5725,0,1,0,0,14,0,0,0.0,0,0,0,0,com,0.15,1,0,0,0.0,0,False,0,0,0,4109,NOM-IQ Ltd dba Com Laude,0,0,1,False,0,,,,,,0.1164
http://94x22-uvhhtz-hg9-bs70-pcp.pages.dev/,94x22-uvhhtz-hg9-bs70-pcp.pages.dev,1,43,4,2,7,4.229,1,0,0,0,1,0,0,0.25,3,0,3,0,dev,0.5,0,0,0,0.0,0,True,2,1,0,,,0,0,0,True,0,Google Trust Services,76,False,,,0.3346
https://leavenworth-net.com/,leavenworth-net.com,0,28,1,1,0,3.6819,0,1,0,0,1,0,0,0.0,0,0,0,0,com,0.15,1,0,0,0.0,0,True,2,1,0,11070,"NameCheap, Inc.",0,0,1,True,0,Google Trust Services,68,False,,,0.1186
https://awsdns-cn-16.biz/search?q=pricing,awsdns-cn-16.biz,0,41,2,1,2,3.625,0,1,0,0,7,1,2,0.1667,2,0,2,0,biz,0.5,1,0,0,0.0,0,False,0,0,0,3085,"eName Technology Co., Ltd.",0,0,1,False,0,,,,,,0.2892
https://gobranded.com,gobranded.com,0,21,0,1,0,3.3927,0,1,0,0,0,0,0,0.0,0,0,0,0,com,0.15,1,0,0,0.0,0,True,1,0,1,4142,"GoDaddy.com, LLC",0,0,1,True,0,Let's Encrypt,53,False,,,0.1129
https://sp3ct-polvek-biz8-renqil-havon.pages.dev/,sp3ct-polvek-biz8-renqil-havon.pages.dev,1,49,4,2,2,4.3342,1,1,0,0,1,0,0,0.0,0,0,0,0,dev,0.5,0,0,0,0.0,0,True,2,1,0,,,0,0,0,True,0,Google Trust Services,81,False,,,0.2367
http://sp3ct-forqen-biz8-zemrak-lotiv.pages.dev/,sp3ct-forqen-biz8-zemrak-lotiv.pages.dev,1,48,4,2,2,4.4219,1,0,0,0,1,0,0,0.0,0,0,0,0,dev,0.5,0,0,0,0.0,0,True,2,1,0,,,0,0,0,True,0,Google Trust Services,81,False,,,0.2384
https://awsdns-cn-50.com/blog/profile,awsdns-cn-50.com,0,37,2,1,2,3.5,0,1,0,0,13,0,0,0.0,0,0,0,0,com,0.15,1,0,0,0.0,0,False,0,0,0,3085,"eName Technology Co., Ltd.",0,0,1,False,0,,,,,,0.115
http://www.x17p.top/,www.x17p.top,1,20,0,2,2,2.8554,1,0,0,0,1,0,0,0.0,0,0,0,0,top,0.9,1,0,0,0.0,0,True,2,0,0,,,0,0,0,True,0,Let's Encrypt,46,False,,,0.3271
https://www.mbl.is/,www.mbl.is,0,19,0,2,0,2.6464,1,1,0,0,1,0,0,0.0833,1,0,1,0,is,0.5,0,0,0,0.0,0,True,2,0,0,11191,,0,0,1,True,0,Google Trust Services,37,False,,,0.2362
https://www.allhomes.com.au/,www.allhomes.com.au,0,28,0,3,0,3.3264,2,1,0,0,1,0,0,0.0,0,0,0,0,au,0.5,0,0,0,0.0,0,True,2,1,0,,Corporation Service Company (Aust) Pty Ltd,0,0,1,True,0,Let's Encrypt,39,False,,,0.2165
https://www.baidu.com/,www.baidu.com,0,22,0,2,0,3.1808,1,1,0,0,1,0,0,0.0,0,0,0,0,com,0.15,1,0,0,0.0,0,True,4,0,0,9786,"MarkMonitor Information Technology (Shanghai) Co., Ltd.",0,0,1,False,0,,,,,,0.1086
https://www.motorradonline.de/,www.motorradonline.de,0,30,0,2,0,3.4633,1,1,0,0,1,0,0,0.0,0,0,0,0,de,0.5,0,0,0,0.0,0,True,3,1,0,,,0,0,0,True,0,Let's Encrypt,53,False,,,0.2193
https://pbservers.ru/account/settings,pbservers.ru,0,37,0,1,0,2.8554,0,1,0,0,17,0,0,0.0,0,0,0,0,ru,0.5,0,0,0,0.0,0,False,0,0,0,,,0,0,0,False,0,,,,,,0.2071
https://web-web-embed-iframe-test-harness-uniswap.vercel.app/explore/tokens/robinhood/0x020bfC650A365f8BB26819deAAbF3E21291018b4?chain=multichain,web-web-embed-iframe-test-harness-uniswap.vercel.app,1,145,6,2,0,3.9878,1,1,0,0,68,1,2,0.4167,3,0,5,0,app,0.35,1,0,0,0.0,0,True,2,0,0,,,0,0,0,True,0,Google Trust Services,60,False,,,0.3514
https://cmeradeseguranalentedupla.lovable.app/,cmeradeseguranalentedupla.lovable.app,1,46,0,2,0,3.7561,1,1,0,0,1,0,0,0.0833,1,0,1,0,app,0.35,1,0,0,0.0,0,True,2,1,0,,,0,0,0,True,0,Google Trust Services,46,False,,,0.2134
http://sp5ct-zorel-biz8-vantor-lemiq.pages.dev/appeals/submit-appeal-form/return,sp5ct-zorel-biz8-vantor-lemiq.pages.dev,1,80,4,2,2,4.311,1,0,0,0,34,0,0,0.0,0,0,0,0,dev,0.5,0,0,0,0.0,0,True,2,1,0,,,0,0,0,True,0,Google Trust Services,83,False,,,0.2362
http://devices.com.tr/73w7,devices.com.tr,1,26,0,2,0,3.3788,1,0,0,0,5,0,0,0.0,0,0,0,0,tr,0.5,0,0,0,0.0,0,True,2,1,0,3,,1,0,1,True,0,Google Trust Services,87,False,,,0.2176
https://bellmedia.ca/support/contact,bellmedia.ca,0,36,0,1,0,3.085,0,1,0,0,16,0,0,0.0,0,0,0,0,ca,0.5,0,0,0,0.0,0,True,1,0,1,5689,MarkMonitor International Canada Ltd.,0,0,1,False,0,,,,,,0.2117
http://sp6ct-brenix-biz8-solven-karut.pages.dev/appeals/submit-appeal-form/return,sp6ct-brenix-biz8-solven-karut.pages.dev,1,81,4,2,2,4.3531,1,0,0,0,34,0,0,0.0,0,0,0,0,dev,0.5,0,0,0,0.0,0,True,2,1,0,,,0,0,0,True,0,Google Trust Services,83,False,,,0.2371
https://vineethayerramsetti-hub.github.io/Netflix/,vineethayerramsetti-hub.github.io,1,50,1,2,0,3.87,1,1,0,0,9,0,0,0.0833,1,0,1,0,io,0.28,1,0,0,0.0,0,True,4,1,0,,,0,0,0,True,0,Let's Encrypt,36,False,,,0.1947
http://sp6ct-jorvik-biz8-plevon-rastik.pages.dev/appeals/submit-appeal-form/return,sp6ct-jorvik-biz8-plevon-rastik.pages.dev,1,82,4,2,2,4.2899,1,0,0,0,34,0,0,0.0,0,0,0,0,dev,0.5,0,0,0,0.0,0,True,2,1,0,,,0,0,0,True,0,Google Trust Services,83,False,,,0.2358
https://dravani-gld-belxora-r1m6fc97.pages.dev/send_appeal_request,dravani-gld-belxora-r1m6fc97.pages.dev,1,66,3,2,4,4.3264,1,1,0,0,20,0,2,0.0,0,0,0,0,dev,0.5,0,0,0,0.0,0,True,2,1,0,,,0,0,0,True,0,Google Trust Services,83,False,,,0.2365
https://my-xfinity.me/x/,my-xfinity.me,1,24,1,1,0,3.2389,0,1,0,0,3,0,0,0.0,0,0,0,0,me,0.5,0,0,0,0.0,0,False,0,0,0,,,0,0,0,False,0,,,,,,0.2148
https://monopost.com/search?q=profile,monopost.com,0,37,0,1,0,2.7516,0,1,0,0,7,1,2,0.0,0,0,0,0,com,0.15,1,0,0,0.0,0,True,1,0,1,7551,"MarkMonitor, Inc.",0,0,1,True,0,Let's Encrypt,43,False,,,0.1
http://tt-facebook.blogspot.com/,tt-facebook.blogspot.com,1,32,1,2,0,3.6531,1,0,0,0,1,0,0,0.0,0,0,0,0,com,0.15,1,0,0,0.0,0,True,2,1,0,,,0,0,0,True,0,Google Trust Services,55,False,,,0.1181
https://whimsical.com,whimsical.com,0,21,0,1,0,3.2389,0,1,0,0,0,0,0,0.0,0,0,0,0,com,0.15,1,0,0,0.0,0,True,2,1,1,10167,"NameCheap, Inc.",0,0,1,True,0,Let's Encrypt,88,False,,,0.1098
https://wfxs.tw,wfxs.tw,0,15,0,1,0,2.5216,0,1,0,0,0,0,0,0.0,0,0,0,0,tw,0.5,0,0,0,0.0,0,True,3,1,0,2893,Dynadot LLC,0,0,1,True,0,Google Trust Services,72,False,,,0.2004
http://www.facebook-login-facebook.blogspot.com/,www.facebook-login-facebook.blogspot.com,1,48,2,3,0,3.8964,2,0,0,0,1,0,0,0.0,0,0,0,1,com,0.15,1,0,0,0.0,0,True,2,1,0,,,0,0,0,False,0,,,False,,,0.1229
http://barclays-bank.vercel.app/,barclays-bank.vercel.app,1,32,1,2,0,3.6683,1,0,0,0,1,0,0,0.3167,2,0,2,1,app,0.35,1,0,0,0.0,0,True,2,0,0,,,0,0,0,True,0,Google Trust Services,60,False,,,0.305
https://gurufocus.com,gurufocus.com,0,21,0,1,0,3.027,0,1,0,0,0,0,0,0.0,0,0,0,0,com,0.15,1,0,0,0.0,0,True,2,1,1,7898,"TUCOWS.COM, CO.",0,1,1,True,0,Google Trust Services,89,False,,,0.1055
http://zfnrw7a84gp-kdplykmja-8e0f4b-dfj18c.pages.dev/appeals/submit-appeal-form/return,zfnrw7a84gp-kdplykmja-8e0f4b-dfj18c.pages.dev,1,86,3,2,8,4.53,1,0,0,0,34,0,0,0.0,0,0,0,0,dev,0.5,0,0,0,0.0,0,True,2,1,0,,,0,0,0,True,0,Google Trust Services,82,False,,,0.2406
https://www.hss.edu/,www.hss.edu,0,20,0,2,0,2.6635,1,1,0,0,1,0,0,0.0,0,0,0,0,edu,0.02,1,0,0,0.0,0,True,2,1,0,11856,,0,0,1,True,0,Google Trust Services,62,False,,,0.0593
https://www.booklooker.de/,www.booklooker.de,0,26,0,2,0,2.9842,1,1,0,0,1,0,0,0.0,0,0,0,0,de,0.5,0,0,0,0.0,0,True,1,0,0,,,0,0,0,True,0,Sectigo Limited,250,False,,,0.2097
https://www.mlbstatic.com/,www.mlbstatic.com,0,26,0,2,0,3.3372,1,1,0,0,1,0,0,0.0,0,0,0,0,com,0.15,1,0,0,0.0,0,True,2,0,0,3972,"GoDaddy Corporate Domains, LLC",0,0,1,True,0,Let's Encrypt,38,False,,,0.1117
https://disneylandparis.com/en-us/home,disneylandparis.com,0,38,0,1,0,3.7216,0,1,0,0,11,0,0,0.0,0,0,0,0,com,0.15,1,0,0,0.0,0,True,4,0,1,,,0,0,0,True,0,Amazon,71,False,,,0.1194
https://rqjuvheylyd.top/system/configuration/environment/production/application/services,rqjuvheylyd.top,1,88,0,1,0,3.7736,0,1,0,0,65,0,0,0.0,0,0,0,0,top,0.9,1,0,0,0.0,0,False,0,0,0,,,0,0,0,False,0,,,,,,0.3455
http://www.facebookloginsignub.blogspot.com/,www.facebookloginsignub.blogspot.com,1,44,0,3,0,3.933,2,0,0,0,1,0,0,0.0,0,0,0,0,com,0.15,1,0,0,0.0,0,True,2,1,0,,,0,0,0,False,0,,,False,,,0.1237
http://join-server.netlify.app/,join-server.netlify.app,1,31,1,2,0,3.882,1,0,0,0,1,0,0,0.0833,1,0,1,0,app,0.35,1,0,0,0.0,0,True,2,1,0,,,0,0,0,True,0,DigiCert Inc,234,False,,,0.216
https://instagramlikescheap.blogspot.com/?m=1,instagramlikescheap.blogspot.com,1,45,0,2,0,3.9917,1,1,0,0,1,1,2,0.0,0,0,0,0,com,0.15,1,0,0,0.0,0,True,2,1,0,,,0,0,0,True,0,Google Trust Services,55,False,,,0.1248
https://awsdns-53.org/account/settings,awsdns-53.org,0,38,1,1,2,3.5466,0,1,0,0,17,0,0,0.0,0,0,0,0,org,0.1,1,0,0,0.0,0,False,0,0,0,5758,"MarkMonitor, Inc.",0,0,1,False,0,,,,,,0.1009
https://offers-codanews.mpayz.biz.id/,offers-codanews.mpayz.biz.id,1,37,1,3,0,4.0661,2,1,0,0,1,0,0,0.25,3,0,3,0,id,0.5,0,0,0,0.0,0,False,0,0,0,,,0,0,0,False,0,,,,,,0.3313
http://sp6ct-zarnel-biz8-quasik-torven.pages.dev/,sp6ct-zarnel-biz8-quasik-torven.pages.dev,1,49,4,2,2,4.3451,1,0,0,0,1,0,0,0.0,0,0,0,0,dev,0.5,0,0,0,0.0,0,True,2,1,0,,,0,0,0,True,0,Google Trust Services,83,False,,,0.2369
https://www.taylorfrancis.com/,www.taylorfrancis.com,0,30,0,2,0,3.6897,1,1,0,0,1,0,0,0.0,0,0,0,0,com,0.15,1,0,0,0.0,0,True,2,0,0,,,0,0,0,True,0,Google Trust Services,53,False,,,0.1188
https://yamaha-motor.eu/search?q=docs,yamaha-motor.eu,0,37,1,1,0,3.3232,0,1,0,0,7,1,2,0.0,0,0,0,0,eu,0.5,0,0,0,0.0,0,True,2,0,1,,CSC CORPORATE DOMAINS INC.,0,0,1,True,0,Sectigo Limited,128,False,,,0.2165
https://secure-index-editor--lorenaadelaidav.replit.app/forgotpassword.html/forgotpassword.html,secure-index-editor--lorenaadelaidav.replit.app,1,95,4,2,0,3.8361,1,1,0,0,40,0,0,0.2333,1,0,1,1,app,0.35,1,0,0,0.0,0,True,1,0,0,,,0,0,0,True,0,Google Trust Services,71,False,,,0.275
http://sp3ct-dolqer-biz8-varnik-pesul.pages.dev/,sp3ct-dolqer-biz8-varnik-pesul.pages.dev,1,48,4,2,2,4.3342,1,0,0,0,1,0,0,0.0,0,0,0,0,dev,0.5,0,0,0,0.0,0,True,2,1,0,,,0,0,0,True,0,Google Trust Services,81,False,,,0.2367
https://xxyzdna-log-co.effiel.web.id/,xxyzdna-log-co.effiel.web.id,1,37,2,3,0,3.9677,2,1,0,0,1,0,0,0.1667,2,0,2,0,id,0.5,0,0,0,0.0,0,True,2,1,0,,,0,0,0,True,0,Google Trust Services,79,False,,,0.296
https://palmmerchant.com/support/contact,palmmerchant.com,0,40,0,1,0,3.4528,0,1,0,0,16,0,0,0.0,0,0,0,0,com,0.15,1,0,0,0.0,0,False,0,0,1,2779,"Amazon Registrar, Inc.",0,0,1,False,0,,,,,,0.1141
https://taipower.com.tw/account/settings,taipower.com.tw,0,40,0,2,0,3.3736,1,1,0,0,17,0,0,0.0,0,0,0,0,tw,0.5,0,0,0,0.0,0,False,0,0,1,10679,TWNIC,0,0,1,False,0,,,,,,0.2175
https://macaxis.us.cc/5g/home.html,macaxis.us.cc,1,34,0,2,0,2.8731,1,1,0,0,13,0,0,0.0,0,0,0,0,cc,0.5,0,0,0,0.0,0,True,1,0,0,7416,Gname.com Pte. Ltd.,0,1,1,True,0,Let's Encrypt,86,False,,,0.2075
https://olajirebasit100-creator.github.io/My-amazone-project/checkout.html,olajirebasit100-creator.github.io,1,74,1,2,3,3.9832,1,1,0,0,33,0,0,0.0,0,0,0,0,io,0.28,1,0,0,0.0,0,True,4,1,0,,,0,0,0,True,0,Let's Encrypt,36,False,,,0.1637
https://www.fctv33hd.work/,www.fctv33hd.work,0,26,0,2,2,3.3816,1,1,0,0,1,0,0,0.0,0,0,0,0,work,0.75,1,0,0,0.0,0,True,2,1,0,,,0,0,0,True,0,Google Trust Services,43,False,,,0.2926
https://www.oycntgafcx.me/de,www.oycntgafcx.me,1,28,0,2,0,3.5725,1,1,0,0,3,0,0,0.0,0,0,0,0,me,0.5,0,0,0,0.0,0,True,1,0,0,67,GANDI SAS,0,0,1,True,0,"Aliyun Computing Co, Ltd.",117,False,,,0.2214
http://mateladepormhub.phemayameltahub.site/scope-benchmark-resolve-restore-config-backend,mateladepormhub.phemayameltahub.site,1,90,0,2,0,3.7608,1,0,0,0,47,0,0,0.1667,1,0,1,0,site,0.7,1,0,0,0.0,0,True,1,0,1,,,0,0,0,False,0,,,,,,0.3519
http://sp3ct-korvik-biz8-zarnel-mudok.pages.dev/appeals/submit-appeal-form/return,sp3ct-korvik-biz8-zarnel-mudok.pages.dev,1,81,4,2,2,4.3842,1,0,0,0,34,0,0,0.0,0,0,0,0,dev,0.5,0,0,0,0.0,0,True,2,1,0,,,0,0,0,True,0,Google Trust Services,82,False,,,0.2377
https://clixsight.com/blog/update,clixsight.com,0,33,0,1,0,3.3927,0,1,0,0,12,0,0,0.0,0,0,0,0,com,0.15,1,0,0,0.0,0,False,0,0,0,3052,"Amazon Registrar, Inc.",0,1,1,False,0,,,,,,0.1129
https://www.neda-facebook.blogspot.com/,www.neda-facebook.blogspot.com,1,39,1,3,0,3.9362,2,1,0,0,1,0,0,0.0833,1,0,1,0,com,0.15,1,0,0,0.0,0,True,2,1,0,,,0,0,0,False,0,,,False,,,0.157
http://telzora-gld-fentora-r9t6hk55.pages.dev/appeals/submit-appeal-form/return,telzora-gld-fentora-r9t6hk55.pages.dev,1,79,3,2,4,4.2211,1,0,0,0,34,0,0,0.0,0,0,0,0,dev,0.5,0,0,0,0.0,0,True,2,1,0,,,0,0,0,True,0,Google Trust Services,82,False,,,0.2344
https://www.austrian.com/,www.austrian.com,0,25,0,2,0,3.4528,1,1,0,0,1,0,0,0.0,0,0,0,0,com,0.15,1,0,0,0.0,0,True,2,1,0,,,0,0,0,True,0,Sectigo Limited,76,False,,,0.1141
http://portal-ndax--cdn-xm-auth.webflow.io/,portal-ndax--cdn-xm-auth.webflow.io,1,43,5,2,0,4.1259,1,0,0,0,1,0,0,0.0,0,0,0,0,io,0.28,1,0,0,0.0,0,True,2,1,0,4829,"MarkMonitor, Inc.",0,0,1,True,0,Google Trust Services,86,False,,,0.1665
https://en.macromicro.me/,en.macromicro.me,0,25,0,2,0,3.0778,1,1,0,0,1,0,0,0.0,0,0,0,0,me,0.5,0,0,0,0.0,0,True,3,1,0,4012,"NameCheap, Inc.",0,0,1,True,0,Google Trust Services,81,False,,,0.2116
https://mkrjb2dqtwil-qtzxvnnx-5b0c7d-vzk00a.pages.dev/,mkrjb2dqtwil-qtzxvnnx-5b0c7d-vzk00a.pages.dev,1,54,3,2,6,4.6248,1,1,0,0,1,0,0,0.0,0,0,0,0,dev,0.5,0,0,0,0.0,0,True,2,1,0,,,0,0,0,True,0,Google Trust Services,83,False,,,0.2425
http://sp5ct-varel-biz8-kurem-fonix.pages.dev/,sp5ct-varel-biz8-kurem-fonix.pages.dev,1,46,4,2,2,4.4585,1,0,0,0,1,0,0,0.0,0,0,0,0,dev,0.5,0,0,0,0.0,0,True,2,1,0,,,0,0,0,True,0,Google Trust Services,83,False,,,0.2392
https://www.tappx.com/,www.tappx.com,0,22,0,2,0,3.027,1,1,0,0,1,0,0,0.0,0,0,0,0,com,0.15,1,0,0,0.0,0,True,2,0,0,4638,"GoDaddy.com, LLC",0,0,1,True,0,Google Trust Services,47,False,,,0.1055
http://lkwg952low-gpxonnhb-9a3c5f-kro7p.pages.dev/,lkwg952low-gpxonnhb-9a3c5f-kro7p.pages.dev,1,50,3,2,7,4.5109,1,0,0,0,1,0,0,0.0,0,0,0,0,dev,0.5,0,0,0,0.0,0,True,2,1,0,,,0,0,0,True,0,Google Trust Services,81,False,,,0.2402
https://tghn.org,tghn.org,0,16,0,1,0,2.75,0,1,0,0,0,0,0,0.0,0,0,0,0,org,0.1,1,0,0,0.0,0,True,1,0,1,5375,IONOS SE,0,0,1,True,0,Sectigo Limited,184,False,,,0.085
https://www.roblox.com.bi/users/971999892083/profile,www.roblox.com.bi,1,52,0,3,0,3.1307,2,1,0,0,27,0,0,0.0,0,0,0,0,bi,0.5,0,0,0,0.0,0,True,1,0,0,144,Afriregister1,0,0,1,True,0,Let's Encrypt,38,False,,,0.2126
http://sp3ct-kornel-biz8-ravqem-fudor.pages.dev/appeals/submit-appeal-form/return,sp3ct-kornel-biz8-ravqem-fudor.pages.dev,1,81,4,2,2,4.4531,1,0,0,0,34,0,0,0.0,0,0,0,0,dev,0.5,0,0,0,0.0,0,True,2,1,0,,,0,0,0,True,0,Google Trust Services,82,False,,,0.2391
https://setcache.com/api/v1/status,setcache.com,0,34,0,1,0,3.0221,0,1,0,0,14,0,0,0.0,0,0,0,0,com,0.15,1,0,0,0.0,0,False,0,0,0,166,"NameCheap, Inc.",0,0,1,False,0,,,,,,0.1054
https://web-web-embed-iframe-test-harness-uniswap.vercel.app/explore/tokens/ethereum/0xA0b86991c6218b36c1d19D4a2e9Eb0cE3606eB48?chain=multichain,web-web-embed-iframe-test-harness-uniswap.vercel.app,1,144,6,2,0,3.9878,1,1,0,0,67,1,2,0.4167,3,0,5,0,app,0.35,1,0,0,0.0,0,True,2,0,0,,,0,0,0,True,0,Google Trust Services,60,False,,,0.3514
http://moonpay-commerce-61iaa4ldn-heliofi.vercel.app/,moonpay-commerce-61iaa4ldn-heliofi.vercel.app,1,53,3,2,3,4.111,1,0,0,0,1,0,0,0.0833,1,0,1,0,app,0.35,1,0,0,0.0,0,True,2,0,0,,,0,0,0,True,0,Google Trust Services,60,False,,,0.2205
https://www.snparking.ru/,www.snparking.ru,0,25,0,2,0,3.3278,1,1,0,0,1,0,0,0.0,0,0,0,0,ru,0.5,0,0,0,0.0,0,True,2,1,0,,,0,0,0,True,0,Google Trust Services,61,False,,,0.2166
https://65.jj37899.vip/,65.jj37899.vip,1,23,0,2,7,3.3788,1,1,0,0,1,0,0,0.0,0,0,0,0,vip,0.5,0,0,0,0.0,0,True,1,0,0,10,DYNADOT LLC,1,1,1,True,0,Let's Encrypt,87,False,,,0.2176
https://bgm.tv,bgm.tv,0,14,0,1,0,2.585,0,1,0,0,0,0,0,0.0833,1,0,1,0,tv,0.5,0,0,0,0.0,0,True,3,1,1,5936,"Name.com, Inc.",0,0,1,True,0,Let's Encrypt,45,False,,,0.235
https://pagalnew.com,pagalnew.com,0,20,0,1,0,3.4183,0,1,0,0,0,0,0,0.0,0,0,0,0,com,0.15,1,0,0,0.0,0,True,2,1,0,1959,"NameCheap, Inc.",0,0,1,True,0,Google Trust Services,71,False,,,0.1134
https://www.nanz.rumahsakit.de/,www.nanz.rumahsakit.de,1,31,0,3,0,3.7201,2,1,0,0,1,0,0,0.0,0,0,0,0,de,0.5,0,0,0,0.0,0,True,1,0,0,,,0,0,0,True,0,Let's Encrypt,81,False,,,0.2244
https://t3xtx3t.pages.dev/,t3xtx3t.pages.dev,1,26,0,2,2,3.3372,1,1,0,0,1,0,0,0.0,0,0,0,0,dev,0.5,0,0,0,0.0,0,True,2,1,0,,,0,0,0,True,0,Google Trust Services,61,False,,,0.2167
http://sp29ct-kelsan-biz-fovrik-zarnel.pages.dev/,sp29ct-kelsan-biz-fovrik-zarnel.pages.dev,1,49,4,2,2,4.2963,1,0,0,0,1,0,0,0.1667,2,0,2,0,dev,0.5,0,0,0,0.0,0,True,2,1,0,,,0,0,0,True,0,Google Trust Services,80,False,,,0.3026
https://pearsonprd.tech/about,pearsonprd.tech,0,29,0,1,0,3.5069,0,1,0,0,6,0,0,0.0,0,0,0,0,tech,0.5,0,0,0,0.0,0,False,0,0,0,,,0,0,0,False,0,,,,,,0.2201
http://sp3ct-qovsak-biz8-harnik-mufed.pages.dev/appeals/submit-appeal-form/return,sp3ct-qovsak-biz8-harnik-mufed.pages.dev,1,81,4,2,2,4.4653,1,0,0,0,34,0,0,0.0,0,0,0,0,dev,0.5,0,0,0,0.0,0,True,2,1,0,,,0,0,0,True,0,Google Trust Services,82,False,,,0.2393
https://www.nsd.ru/,www.nsd.ru,0,19,0,2,0,2.6464,1,1,0,0,1,0,0,0.1667,1,0,1,0,ru,0.5,0,0,0,0.0,0,True,1,0,0,6909,RU-CENTER-RU,0,0,1,True,0,GlobalSign nv-sa,81,False,,,0.2696
https://ashwin-here01.github.io/Amazon_Clone/,ashwin-here01.github.io,1,45,1,2,2,3.9362,1,1,0,0,14,0,1,0.0,0,0,0,0,io,0.28,1,0,0,0.0,0,True,4,1,0,,,0,0,0,True,0,Let's Encrypt,36,False,,,0.1627
https://www.coolblue.de/,www.coolblue.de,0,24,0,2,0,3.0566,1,1,0,0,1,0,0,0.0,0,0,0,0,de,0.5,0,0,0,0.0,0,True,4,0,0,,,0,0,0,True,0,Amazon,197,False,,,0.2111
http://friendly-begonia-f88ae0docspdfx.netlify.app/,friendly-begonia-f88ae0docspdfx.netlify.app,1,51,2,2,3,4.2222,1,0,0,0,1,0,0,0.0833,1,0,1,0,app,0.35,1,0,0,0.0,0,True,2,1,0,,,0,0,0,True,0,DigiCert Inc,234,False,,,0.2228
http://sp4ct-delnor-biz8-jorem-vakil.pages.dev/,sp4ct-delnor-biz8-jorem-vakil.pages.dev,1,47,4,2,2,4.3623,1,0,0,0,1,0,0,0.0,0,0,0,0,dev,0.5,0,0,0,0.0,0,True,2,1,0,,,0,0,0,True,0,Google Trust Services,82,False,,,0.2372
http://appfinanciamentoo.fun/,appfinanciamentoo.fun,1,29,0,1,0,3.404,0,0,0,0,1,0,0,0.0,0,0,0,0,fun,0.5,0,0,0,0.0,0,True,1,0,1,,,0,0,0,True,0,Let's Encrypt,68,False,,,0.2181
https://cyberfolks.pl/?source=lx,cyberfolks.pl,0,32,0,1,0,3.5466,0,1,0,0,1,1,2,0.0,0,0,0,0,pl,0.5,0,0,0,0.0,0,True,1,0,1,2681,cyber_Folks S.A.,0,0,1,True,0,DigiCert Inc,175,False,,,0.2209
https://instagramclone-v1.vercel.app/,instagramclone-v1.vercel.app,1,37,1,2,1,3.9677,1,1,0,0,1,0,0,0.0833,1,0,1,0,app,0.35,1,0,0,0.0,0,True,2,0,0,,,0,0,0,True,0,Google Trust Services,60,False,,,0.2177
https://bergfex.at,bergfex.at,0,18,0,1,0,3.1219,0,1,0,0,0,0,0,0.0,0,0,0,0,at,0.5,0,0,0,0.0,0,True,1,0,1,,T-Mobile Austria GmbH ( https://nic.at/registrar/60 ),0,0,1,True,0,Let's Encrypt,70,False,,,0.2124
http://skrab-zclod-bfrnk-3b82fc-wjkv-vlasco.pages.dev/,skrab-zclod-bfrnk-3b82fc-wjkv-vlasco.pages.dev,1,54,5,2,3,4.3466,1,0,0,0,1,0,0,0.0,0,0,0,0,dev,0.5,0,0,0,0.0,0,True,2,1,0,,,0,0,0,True,0,Google Trust Services,81,False,,,0.2369
https://adzestocp.com,adzestocp.com,0,21,0,1,0,3.3927,0,1,0,0,0,0,0,0.0,0,0,0,0,com,0.15,1,0,0,0.0,0,True,1,0,1,2744,DYNADOT LLC,0,1,1,True,0,Let's Encrypt,33,False,,,0.1129
https://sp5ct-jonex-biz8-lurev-famik.pages.dev/,sp5ct-jonex-biz8-lurev-famik.pages.dev,1,47,4,2,2,4.5111,1,1,0,0,1,0,0,0.0,0,0,0,0,dev,0.5,0,0,0,0.0,0,True,2,1,0,,,0,0,0,True,0,Google Trust Services,83,False,,,0.2402
https://swimoutlet.com,swimoutlet.com,0,22,0,1,0,3.3788,0,1,0,0,0,0,0,0.0,0,0,0,0,com,0.15,1,0,0,0.0,0,True,1,0,1,8887,"GoDaddy.com, LLC",0,0,1,True,0,Let's Encrypt,37,False,,,0.1126
http://sp29ct-kazvik-biz-prensel-folqor.pages.dev/,sp29ct-kazvik-biz-prensel-folqor.pages.dev,1,50,4,2,2,4.3564,1,0,0,0,1,0,0,0.1667,2,0,2,0,dev,0.5,0,0,0,0.0,0,True,2,1,0,,,0,0,0,True,0,Google Trust Services,80,False,,,0.3038
https://www.ratgeberrecht.eu/,www.ratgeberrecht.eu,0,29,0,2,0,3.2464,1,1,0,0,1,0,0,0.0,0,0,0,0,eu,0.5,0,0,0,0.0,0,True,1,0,0,,InterNetX GmbH,0,0,1,True,0,Let's Encrypt,64,False,,,0.2149
https://mzsakha.ru/support/contact,mzsakha.ru,0,34,0,1,0,3.1219,0,1,0,0,16,0,0,0.0,0,0,0,0,ru,0.5,0,0,0,0.0,0,False,0,0,1,5757,RU-CENTER-RU,0,0,1,False,0,,,,,,0.2124
http://instagramlogin99.blogspot.com/?m=1,instagramlogin99.blogspot.com,1,41,0,2,2,3.7975,1,0,0,0,1,1,2,0.0,0,0,0,0,com,0.15,1,0,0,0.0,0,True,2,1,0,,,0,0,0,True,0,Google Trust Services,55,False,,,0.121
http://ukyjgfrewgfd.eu.cc/es,ukyjgfrewgfd.eu.cc,1,28,0,2,0,3.5033,1,0,0,0,3,0,0,0.0,0,0,0,0,cc,0.5,0,0,0,0.0,0,True,1,0,0,10515,Gname.com Pte. Ltd.,0,1,1,True,0,Let's Encrypt,86,False,,,0.2201
http://goo.su/macaxis,goo.su,1,21,0,1,0,2.2516,0,0,0,0,8,0,0,0.0,0,0,0,0,su,0.5,0,0,0,0.0,0,True,1,0,1,,,0,0,0,True,0,GlobalSign nv-sa,168,False,,,0.195
https://zprk.io/en-us/home,zprk.io,0,26,0,1,0,2.8074,0,1,0,0,11,0,0,0.0,0,0,0,0,io,0.28,1,0,0,0.0,0,False,0,0,0,4171,"GoDaddy.com, LLC",0,0,1,False,0,,,,,,0.1401
https://fly.dev/en-us/home,fly.dev,0,26,0,1,0,2.8074,0,1,0,0,11,0,0,0.0,0,0,0,0,dev,0.5,0,0,0,0.0,0,True,1,1,0,,,0,0,0,False,0,,,,,,0.2061
http://ssim-guadalajara-gob.xyz/,ssim-guadalajara-gob.xyz,1,32,2,1,0,3.8512,0,0,0,0,1,0,0,0.25,3,0,3,0,xyz,0.94,1,0,0,0.0,0,True,1,0,0,26,DYNADOT LLC,1,1,1,True,0,Let's Encrypt,63,False,,,0.459
https://art-sanife.ru/Krr/alldomain1.html,art-sanife.ru,1,41,1,1,0,3.3927,0,1,0,0,20,0,0,0.0,0,0,0,0,ru,0.5,0,0,0,0.0,0,True,1,0,1,,,0,0,0,True,0,Let's Encrypt,63,False,,,0.2179
http://berlona-gld-fenquza-p9v7fc34.pages.dev/,berlona-gld-fenquza-p9v7fc34.pages.dev,1,46,3,2,4,4.3661,1,0,0,0,1,0,0,0.0,0,0,0,0,dev,0.5,0,0,0,0.0,0,True,2,1,0,,,0,0,0,True,0,Google Trust Services,83,False,,,0.2373
https://ybetscasino.net,ybetscasino.net,0,23,0,1,0,3.3736,0,1,0,0,0,0,0,0.0,0,0,0,0,net,0.22,1,0,0,0.0,0,True,2,1,0,530,"NameCheap, Inc.",0,0,1,True,0,Google Trust Services,75,False,,,0.1335
http://sp5ct-purek-biz8-lonar-vesiq.pages.dev/appeals/submit-appeal-form/return,sp5ct-purek-biz8-lonar-vesiq.pages.dev,1,79,4,2,2,4.3135,1,0,0,0,34,0,0,0.0,0,0,0,0,dev,0.5,0,0,0,0.0,0,True,2,1,0,,,0,0,0,True,0,Google Trust Services,83,False,,,0.2363
https://4jh5-0byym-8hrh-taslj-q04k.pages.dev/,4jh5-0byym-8hrh-taslj-q04k.pages.dev,1,45,4,2,6,4.3712,1,1,0,0,1,0,0,0.0,0,0,0,0,dev,0.5,0,0,0,0.0,0,True,2,1,0,,,0,0,0,True,0,Google Trust Services,83,False,,,0.2374
https://awsdns-32.net/api/v1/status,awsdns-32.net,0,35,1,1,2,3.3927,0,1,0,0,14,0,0,0.0,0,0,0,0,net,0.22,1,0,0,0.0,0,False,0,0,0,5758,"MarkMonitor, Inc.",0,0,1,False,0,,,,,,0.1339
https://dknadmin.be/search?q=profile,dknadmin.be,0,36,0,1,0,3.0958,0,1,0,0,7,1,2,0.0,0,0,0,0,be,0.5,0,0,0,0.0,0,False,0,0,0,8954,,0,0,1,False,0,,,,,,0.2119
https://ibytedapm.com/search?q=profile,ibytedapm.com,0,38,0,1,0,3.5466,0,1,0,0,7,1,2,0.0,0,0,0,0,com,0.15,1,0,0,0.0,0,False,0,0,0,1692,Alibaba Cloud Computing Ltd. d/b/a HiChina (www.net.cn),0,0,1,False,0,,,,,,0.1159
https://new-trck3.euromilion.info/ga/click/2-111466314-1510-15148-29529-16384-b6258923f5-430c0b3a68,new-trck3.euromilion.info,1,99,1,2,1,3.8333,1,1,0,0,66,0,0,0.0833,1,0,1,0,info,0.55,1,0,0,0.0,0,False,0,0,0,,,0,0,0,False,0,,,,,,0.275
http://sp5ct-varex-biz8-lunoq-festri.pages.dev/,sp5ct-varex-biz8-lunoq-festri.pages.dev,1,47,4,2,2,4.3943,1,0,0,0,1,0,0,0.0,0,0,0,0,dev,0.5,0,0,0,0.0,0,True,2,1,0,,,0,0,0,True,0,Google Trust Services,83,False,,,0.2379
https://www.childrenshospital.org/,www.childrenshospital.org,0,34,0,2,0,3.8937,1,1,0,0,1,0,0,0.0,0,0,0,0,org,0.1,1,0,0,0.0,0,True,1,0,0,,,0,0,0,True,0,GlobalSign nv-sa,11,False,,,0.1079
https://claro.com.ec/about,claro.com.ec,0,26,0,2,0,2.8554,1,1,0,0,6,0,0,0.0,0,0,0,0,ec,0.5,0,0,0,0.0,0,True,2,0,1,7594,NOM-IQ Ltd (trading as Com Laude),0,0,1,True,0,Let's Encrypt,76,False,,,0.2071
http://www.bqnbsix.rumahsakit.de/,www.bqnbsix.rumahsakit.de,1,33,0,3,0,3.9435,2,0,0,0,1,0,0,0.0,0,0,0,0,de,0.5,0,0,0,0.0,0,True,1,0,0,,,0,0,0,True,0,Let's Encrypt,78,False,,,0.2289
https://swip.net/about,swip.net,0,22,0,1,0,3.0,0,1,0,0,6,0,0,0.0833,1,0,1,0,net,0.22,1,0,0,0.0,0,False,0,0,1,12774,"Ascio Technologies, Inc",0,0,1,False,0,,,,,,0.1593
https://yts.gg/,yts.gg,0,15,0,1,0,2.2516,0,1,0,0,1,0,0,0.0,0,0,0,0,gg,0.5,0,0,0,0.0,0,True,3,1,1,,epag (http://www.epag.de),0,0,1,True,0,Google Trust Services,75,False,,,0.195
https://manhwaread.com,manhwaread.com,0,22,0,1,0,3.3249,0,1,0,0,0,0,0,0.0,0,0,0,0,com,0.15,1,0,0,0.0,0,True,2,1,1,968,"TUCOWS.COM, CO.",0,1,1,True,0,Google Trust Services,85,False,,,0.1115
http://formulariodesolicitudbhdexpress--allaym02.replit.app/,formulariodesolicitudbhdexpress--allaym02.replit.app,1,60,2,2,2,4.2413,1,0,0,0,1,0,0,0.0833,1,0,1,0,app,0.35,1,0,0,0.0,0,True,1,0,0,,,0,0,0,True,0,Google Trust Services,71,False,,,0.2231
https://www.mail2world.com/,www.mail2world.com,0,27,0,2,1,3.281,1,1,0,0,1,0,0,0.0,0,0,0,0,com,0.15,1,0,0,0.0,0,True,1,0,0,9781,"GoDaddy.com, LLC",0,0,1,True,0,DigiCert Inc,3,False,,,0.1106
https://www.roblox.et/users/367604723/profile,www.roblox.et,1,45,0,2,0,3.027,1,1,0,0,24,0,0,0.0,0,0,0,0,et,0.5,0,0,0,0.0,0,True,1,0,0,,,0,0,0,False,0,,,False,,,0.2105
https://aliyunga0019.com/api/v1/status,aliyunga0019.com,0,38,0,1,4,3.75,0,1,0,0,14,0,0,0.0,0,0,0,0,com,0.15,1,0,0,0.0,0,False,0,0,0,2294,"Alibaba Cloud Computing (Beijing) Co., Ltd.",0,0,1,False,0,,,,,,0.12
https://afgr1.com,afgr1.com,0,17,0,1,1,3.1699,0,1,0,0,0,0,0,0.0,0,0,0,0,com,0.15,1,0,0,0.0,0,True,6,0,1,3517,"GoDaddy.com, LLC",0,0,1,False,0,,,,,,0.1084
https://ay4431.craftum.io/,ay4431.craftum.io,1,26,0,2,4,3.7345,1,1,0,0,1,0,0,0.0,0,0,0,0,io,0.28,1,0,0,0.0,0,True,1,0,0,1937,"Regional Network Information Center, JSC dba RU-CENTER",0,0,1,True,0,GlobalSign nv-sa,144,False,,,0.1587
https://www.gamma.nl/,www.gamma.nl,0,21,0,2,0,2.6887,1,1,0,0,1,0,0,0.0,0,0,0,0,nl,0.5,0,0,0,0.0,0,True,2,0,0,10884,KPN B.V.,0,0,1,True,0,Let's Encrypt,59,False,,,0.2038
https://epicstats.live/,epicstats.live,1,23,0,1,0,3.2359,0,1,0,0,1,0,0,0.0833,1,0,1,0,live,0.6,1,0,0,0.0,0,False,0,0,0,,,0,0,0,False,0,,,,,,0.278
https://fangbian.shop/,fangbian.shop,1,22,0,1,0,3.3927,0,1,0,0,1,0,0,0.0,0,0,0,0,shop,0.55,1,0,0,0.0,0,True,2,1,0,,,0,0,0,True,0,Google Trust Services,86,False,,,0.2329
https://atruvia.de,atruvia.de,0,18,0,1,0,3.1219,0,1,0,0,0,0,0,0.0,0,0,0,0,de,0.5,0,0,0,0.0,0,True,1,0,1,,,0,0,0,True,0,D-Trust GmbH,86,False,,,0.2124
http://id-3453.shop/,id-3453.shop,1,20,1,1,4,3.4183,0,0,0,0,1,0,0,0.0,0,0,0,0,shop,0.55,1,0,0,0.0,0,False,0,0,0,,,0,0,0,False,0,,,,,,0.2334
http://sp3ct-horsel-biz8-qavrik-fudem.pages.dev/appeals/submit-appeal-form/return,sp3ct-horsel-biz8-qavrik-fudem.pages.dev,1,81,4,2,2,4.4531,1,0,0,0,34,0,0,0.0,0,0,0,0,dev,0.5,0,0,0,0.0,0,True,2,1,0,,,0,0,0,True,0,Google Trust Services,82,False,,,0.2391
https://bernavi-gld-lentora-p4t6fq97.pages.dev/...,bernavi-gld-lentora-p4t6fq97.pages.dev,1,50,3,2,4,4.3135,1,1,0,0,4,0,0,0.0,0,0,0,0,dev,0.5,0,0,0,0.0,0,True,2,1,0,,,0,0,0,True,0,Google Trust Services,72,False,,,0.2363
https://robinhood-loginr.gitbook.io/,robinhood-loginr.gitbook.io,1,36,1,2,0,3.3604,1,1,0,0,1,0,0,0.0,0,0,0,0,io,0.28,1,0,0,0.0,0,True,2,1,0,4502,"Cloudflare, Inc",0,0,1,True,0,Google Trust Services,79,False,,,0.1512
http://sp5ct-surex-biz8-morik-talun.pages.dev/appeals/submit-appeal-form/return,sp5ct-surex-biz8-morik-talun.pages.dev,1,79,4,2,2,4.4187,1,0,0,0,34,0,0,0.0,0,0,0,0,dev,0.5,0,0,0,0.0,0,True,2,1,0,,,0,0,0,True,0,Google Trust Services,83,False,,,0.2384
http://stellular-liger-f08bea.netlify.app/,stellular-liger-f08bea.netlify.app,1,42,2,2,2,3.9591,1,0,0,0,1,0,0,0.0833,1,0,1,0,app,0.35,1,0,0,0.0,0,True,2,1,0,,,0,0,0,True,0,DigiCert Inc,234,False,,,0.2175
http://wlruvr-bu2h-4hu3n-6ag9-ipc7b.pages.dev/appeals/submit-appeal-form/return,wlruvr-bu2h-4hu3n-6ag9-ipc7b.pages.dev,1,79,4,2,6,4.4386,1,0,0,0,34,0,0,0.0,0,0,0,0,dev,0.5,0,0,0,0.0,0,True,2,1,0,,,0,0,0,True,0,Google Trust Services,83,False,,,0.2388
https://hbwrapper.com,hbwrapper.com,0,21,0,1,0,3.3927,0,1,0,0,0,0,0,0.0,0,0,0,0,com,0.15,1,0,0,0.0,0,True,1,0,1,2370,"NameCheap, Inc.",0,0,1,True,0,Let's Encrypt,76,False,,,0.1129
https://mailchimp.com/,mailchimp.com,0,22,0,1,0,3.027,0,1,0,0,1,0,0,0.0,0,0,0,0,com,0.15,1,0,0,0.0,0,True,1,0,1,9159,"MarkMonitor, Inc.",0,0,1,True,0,DigiCert Inc,172,False,,,0.1055
https://www.kurzy.cz/,www.kurzy.cz,0,21,0,2,0,2.8554,1,1,0,0,1,0,0,0.0,0,0,0,0,cz,0.5,0,0,0,0.0,0,True,1,0,0,10321,REG-WEBGLOBE,0,0,1,True,0,Sectigo Limited,57,False,,,0.2071
https://n1info.ba,n1info.ba,0,17,0,1,1,2.9477,0,1,0,0,0,0,0,0.0,0,0,0,0,ba,0.5,0,0,0,0.0,0,True,2,1,0,,,0,0,0,True,0,Google Trust Services,72,False,,,0.209
https://www.bps.org.uk/,www.bps.org.uk,0,23,0,3,0,3.1281,2,1,0,0,1,0,0,0.0833,1,0,1,0,uk,0.5,0,0,0,0.0,0,True,2,0,0,10953,Fasthosts Internet Ltd [Tag = LIVEDOMAINS],0,0,1,True,0,Google Trust Services,37,False,,,0.2459
http://majestic-eclair-0dd7a8.netlify.app/,majestic-eclair-0dd7a8.netlify.app,1,42,2,2,3,4.1607,1,0,0,0,1,0,0,0.0833,1,0,1,0,app,0.35,1,0,0,0.0,0,True,2,1,0,,,0,0,0,True,0,DigiCert Inc,234,False,,,0.2215
https://badge-free-lifetime-verified.surge.sh/,badge-free-lifetime-verified.surge.sh,1,46,3,2,0,3.7428,1,1,0,0,1,0,0,0.0,0,0,0,1,sh,0.5,0,0,0,0.0,0,True,1,0,0,,,0,0,0,True,0,Sectigo Limited,141,False,,,0.2249
https://www.ocado.com/,www.ocado.com,0,22,0,2,0,2.6612,1,1,0,0,1,0,0,0.0,0,0,0,0,com,0.15,1,0,0,0.0,0,True,4,0,0,,,0,0,0,True,0,Amazon,133,False,,,0.0982
https://www.awi.de/,www.awi.de,0,19,0,2,0,2.3219,1,1,0,0,1,0,0,0.1667,2,0,2,0,de,0.5,0,0,0,0.0,0,True,1,0,0,,,0,0,0,True,0,Hellenic Academic and Research Institutions CA,38,False,,,0.2631
https://kontosicherung.com/unavailable,kontosicherung.com,1,38,0,1,0,3.6835,0,1,0,0,12,0,0,0.0,0,0,0,0,com,0.15,1,0,0,0.0,0,True,1,0,0,16,PDR Ltd. d/b/a PublicDomainRegistry.com,1,0,1,True,0,Let's Encrypt,74,False,,,0.1187
https://aged-union-2448.joeawoodward815.workers.dev/,aged-union-2448.joeawoodward815.workers.dev,1,52,2,3,7,4.1558,2,1,0,0,1,0,0,0.0,0,0,0,0,dev,0.5,0,0,0,0.0,0,True,2,1,0,,,0,0,0,True,0,Google Trust Services,86,False,,,0.2331
https://wordpress.org,wordpress.org,0,21,0,1,0,3.027,0,1,0,0,0,0,0,0.0,0,0,0,0,org,0.1,1,0,0,0.0,0,True,1,1,1,8523,"MarkMonitor, Inc.",0,0,1,True,0,Let's Encrypt,87,False,,,0.0905
https://ancorathemes.com,ancorathemes.com,0,24,0,1,0,3.375,0,1,0,0,0,0,0,0.0,0,0,0,0,com,0.15,1,0,0,0.0,0,True,2,1,1,4116,"GoDaddy.com, LLC",0,0,1,True,0,Google Trust Services,87,False,,,0.1125
https://maximstaffingdns.com/login,maximstaffingdns.com,0,34,0,1,0,3.5842,0,1,0,0,6,0,0,0.0,0,0,0,0,com,0.15,1,0,0,0.0,0,False,0,0,0,1084,"Amazon Registrar, Inc.",0,0,1,False,0,,,,,,0.1167
https://www.ntp.org/,www.ntp.org,0,20,0,2,0,2.8454,1,1,0,0,1,0,0,0.0,0,0,0,0,org,0.1,1,0,0,0.0,0,True,2,1,1,10782,"TUCOWS.COM, CO.",0,1,1,True,0,Let's Encrypt,68,False,,,0.0869
https://action.com,action.com,0,18,0,1,0,2.9219,0,1,0,0,0,0,0,0.0,0,0,0,0,com,0.15,1,0,0,0.0,0,True,2,1,1,10955,"Ascio Technologies, Inc",0,0,1,True,0,Google Trust Services,65,False,,,0.1034
http://crypto-com-logiin.webflow.io/,crypto-com-logiin.webflow.io,1,36,2,2,0,3.8658,1,0,0,0,1,0,0,0.0,0,0,0,0,io,0.28,1,0,0,0.0,0,True,2,1,0,4829,"MarkMonitor, Inc.",0,0,1,True,0,Google Trust Services,86,False,,,0.1613
https://www.cevalogistics.com/,www.cevalogistics.com,0,30,0,2,0,3.5585,1,1,0,0,1,0,0,0.0,0,0,0,0,com,0.15,1,0,0,0.0,0,True,2,1,0,7220,Eurodns S.A.,0,0,1,True,0,DigiCert Inc,116,False,,,0.1162
https://yhnuj634mjw-gfvcdrel-0b3d8e-xj611a.pages.dev/,yhnuj634mjw-gfvcdrel-0b3d8e-xj611a.pages.dev,1,53,3,2,9,4.6352,1,1,0,0,1,0,0,0.0,0,0,0,0,dev,0.5,0,0,0,0.0,0,True,2,1,0,,,0,0,0,True,0,Google Trust Services,83,False,,,0.2427
http://sp25ct7-benlix-biz-zomrik-dafsen.pages.dev/,sp25ct7-benlix-biz-zomrik-dafsen.pages.dev,1,50,4,2,3,4.4516,1,0,0,0,1,0,0,0.1667,2,0,2,0,dev,0.5,0,0,0,0.0,0,True,2,1,0,,,0,0,0,True,0,Google Trust Services,80,False,,,0.3057
https://support-uphold-auths-secure.typedream.app/,support-uphold-auths-secure.typedream.app,1,50,3,2,0,3.814,1,1,0,0,1,0,0,0.2333,1,0,1,1,app,0.35,1,0,0,0.0,0,True,2,0,0,,,0,0,0,True,0,Google Trust Services,88,False,,,0.2746
https://chadd.org,chadd.org,0,17,0,1,0,2.9477,0,1,0,0,0,0,0,0.0,0,0,0,0,org,0.1,1,0,0,0.0,0,True,1,0,1,11327,"Network Solutions, LLC",0,0,1,True,0,Let's Encrypt,11,False,,,0.089
https://7cjw-hlnc-asoi-5bw0b.b-cdn.net/,7cjw-hlnc-asoi-5bw0b.b-cdn.net,1,39,4,2,3,4.0314,1,1,0,0,1,0,0,0.1667,2,0,2,0,net,0.22,1,0,0,0.0,0,True,1,1,0,3745,"Name.com, Inc.",0,0,1,True,0,Sectigo Limited,106,False,,,0.2133
https://faqi-trust-tools.pages.dev/favicon.ico/,faqi-trust-tools.pages.dev,1,47,2,2,0,3.9501,1,1,0,0,13,0,0,0.0,0,0,0,0,dev,0.5,0,0,0,0.0,0,True,2,1,0,,,0,0,0,True,0,Google Trust Services,68,False,,,0.229
https://gslbjpmchase.com/about,gslbjpmchase.com,0,30,0,1,0,3.625,0,1,0,0,6,0,0,0.0,0,0,0,0,com,0.15,1,0,0,0.0,0,False,0,0,0,6324,"MarkMonitor, Inc.",0,0,1,False,0,,,,,,0.1175
http://sp5ct-sonik-biz8-hurek-falem.pages.dev/,sp5ct-sonik-biz8-hurek-falem.pages.dev,1,46,4,2,2,4.4386,1,0,0,0,1,0,0,0.0,0,0,0,0,dev,0.5,0,0,0,0.0,0,True,2,1,0,,,0,0,0,True,0,Google Trust Services,83,False,,,0.2388
https://www.lenovo.com/in/en/,www.lenovo.com,0,29,0,2,0,2.9852,1,1,0,0,7,0,0,0.0,0,0,0,0,com,0.15,1,0,0,0.0,0,True,2,0,0,8726,MarkMonitor Inc.,0,0,1,True,0,DigiCert Inc,93,False,,,0.1047
https://www.interdomain.es,www.interdomain.es,0,26,0,2,0,3.4613,1,1,0,0,0,0,0,0.0,0,0,0,0,es,0.5,0,0,0,0.0,0,True,1,0,0,,,0,0,0,True,0,DigiCert Inc,196,False,,,0.2192
https://syncthing.net,syncthing.net,0,21,0,1,0,3.1808,0,1,0,0,0,0,0,0.0,0,0,0,0,net,0.22,1,0,0,0.0,0,True,4,1,1,4530,"Ascio Technologies, Inc",0,0,1,True,0,Let's Encrypt,63,False,,,0.1296
http://telvora-gld-felquro-r1t2hq56.pages.dev/appeals/submit-appeal-form/return,telvora-gld-felquro-r1t2hq56.pages.dev,1,79,3,2,4,4.241,1,0,0,0,34,0,0,0.0,0,0,0,0,dev,0.5,0,0,0,0.0,0,True,2,1,0,,,0,0,0,True,0,Google Trust Services,82,False,,,0.2348
https://yulorepages.com/support/contact,yulorepages.com,0,39,0,1,0,3.6402,0,1,0,0,16,0,0,0.0,0,0,0,0,com,0.15,1,0,0,0.0,0,True,1,0,1,4451,"Alibaba Cloud Computing (Beijing) Co., Ltd.",0,0,1,False,0,,,,,,0.1178
https://www.e-i.com/fr/index.html,www.e-i.com,0,33,1,2,0,2.8454,1,1,0,0,14,0,0,0.0,0,0,0,0,com,0.15,1,0,0,0.0,0,True,1,0,0,10899,GANDI SAS,0,0,1,True,0,GlobalSign nv-sa,122,False,,,0.1019
http://sp3ct-torvak-biz8-helqik-pusen.pages.dev/appeals/submit-appeal-form/return,sp3ct-torvak-biz8-helqik-pusen.pages.dev,1,81,4,2,2,4.3842,1,0,0,0,34,0,0,0.0,0,0,0,0,dev,0.5,0,0,0,0.0,0,True,2,1,0,,,0,0,0,True,0,Google Trust Services,82,False,,,0.2377
https://guard-spare.pages.dev/,guard-spare.pages.dev,1,30,1,2,0,3.368,1,1,0,0,1,0,0,0.0,0,0,0,0,dev,0.5,0,0,0,0.0,0,True,2,1,0,,,0,0,0,True,0,Google Trust Services,73,False,,,0.2174
https://adtidy.org,adtidy.org,0,18,0,1,0,3.1219,0,1,0,0,0,0,0,0.0,0,0,0,0,org,0.1,1,0,0,0.0,0,True,1,0,0,,,0,0,0,True,0,ZeroSSL GmbH,46,False,,,0.0924
https://srafx.com,srafx.com,0,17,0,1,0,3.1699,0,1,0,0,0,0,0,0.0,0,0,0,0,com,0.15,1,0,0,0.0,0,True,1,0,0,582,"Amazon Registrar, Inc.",0,1,1,False,0,,,False,,,0.1084
https://fortvl.live/,fortvl.live,1,20,0,1,0,3.0958,0,1,0,0,1,0,0,0.0833,1,0,1,0,live,0.6,1,0,0,0.0,0,True,2,1,0,,,0,0,0,True,0,Let's Encrypt,89,False,,,0.2752
http://pentlowe-health-au.kosteradredging.workers.dev/,pentlowe-health-au.kosteradredging.workers.dev,1,54,2,3,0,4.0578,2,0,0,0,1,0,0,0.0,0,0,0,0,dev,0.5,0,0,0,0.0,0,True,2,1,0,,,0,0,0,True,0,Google Trust Services,87,False,,,0.2312
https://berxavi-gld-belmora-a2x7hq61.pages.dev/send_appeal_request,berxavi-gld-belmora-a2x7hq61.pages.dev,1,66,3,2,4,4.2807,1,1,0,0,20,0,2,0.0,0,0,0,0,dev,0.5,0,0,0,0.0,0,True,2,1,0,,,0,0,0,True,0,Google Trust Services,83,False,,,0.2356
https://www.vpnmentor.com/,www.vpnmentor.com,0,26,0,2,0,3.3372,1,1,0,0,1,0,0,0.0,0,0,0,0,com,0.15,1,0,0,0.0,0,True,2,1,0,3899,"GoDaddy.com, LLC",0,0,1,True,0,Google Trust Services,54,False,,,0.1117
http://mateladepormhub.phemayameltahub.site/window-facade-flow-redundant-hardening,mateladepormhub.phemayameltahub.site,1,82,0,2,0,3.7608,1,0,0,0,39,0,0,0.1667,1,0,1,0,site,0.7,1,0,0,0.0,0,True,1,0,1,,,0,0,0,False,0,,,,,,0.3519
https://smile.io,smile.io,0,16,0,1,0,2.75,0,1,0,0,0,0,0,0.0,0,0,0,0,io,0.28,1,0,0,0.0,0,True,4,0,1,4939,1API GmbH,0,0,1,True,0,Amazon,209,False,,,0.139
https://suppa.fr/,suppa.fr,0,17,0,1,0,2.75,0,1,0,0,1,0,0,0.0,0,0,0,0,fr,0.5,0,0,0,0.0,0,True,2,1,0,,,0,0,0,True,0,Google Trust Services,85,False,,,0.205
http://www.instagramlogin24.blogspot.com/,www.instagramlogin24.blogspot.com,1,41,0,3,2,3.9455,2,0,0,0,1,0,0,0.0,0,0,0,0,com,0.15,1,0,0,0.0,0,True,2,1,0,,,0,0,0,False,0,,,False,,,0.1239
https://adaptytech.com/blog/team,adaptytech.com,0,32,0,1,0,3.3788,0,1,0,0,10,0,0,0.0,0,0,0,0,com,0.15,1,0,0,0.0,0,True,2,1,0,279,"Cloudflare, Inc.",0,1,1,True,0,Google Trust Services,46,False,,,0.1126
http://creat-ledgerliveappp.pages.dev/,creat-ledgerliveappp.pages.dev,1,38,1,2,0,3.5647,1,0,0,0,1,0,0,0.0,0,0,0,0,dev,0.5,0,0,0,0.0,0,True,2,1,0,,,0,0,0,True,0,Google Trust Services,50,False,,,0.2213
https://www.seroundtable.com/,www.seroundtable.com,0,29,0,2,0,3.7842,1,1,0,0,1,0,0,0.0,0,0,0,0,com,0.15,1,0,0,0.0,0,True,3,1,0,8271,Moniker Online Services LLC,0,1,1,True,0,Google Trust Services,72,False,,,0.1207
http://link.quantum-financialsystems.com/,link.quantum-financialsystems.com,1,41,1,2,0,3.9226,1,0,0,0,1,0,0,0.0,0,0,0,0,com,0.15,1,0,0,0.0,0,True,1,0,0,,,0,0,0,True,0,Let's Encrypt,56,False,,,0.1235
https://web-web-embed-iframe-test-harness-uniswap.vercel.app/explore/tokens/ethereum/0xdC035D45d973E3EC169d2276DDab16f1e407384F?chain=multichain,web-web-embed-iframe-test-harness-uniswap.vercel.app,1,144,6,2,0,3.9878,1,1,0,0,67,1,2,0.4167,3,0,5,0,app,0.35,1,0,0,0.0,0,True,2,0,0,,,0,0,0,True,0,Google Trust Services,60,False,,,0.3514
https://pi-hole.net,pi-hole.net,0,19,1,1,0,3.2776,0,1,0,0,0,0,0,0.0,0,0,0,0,net,0.22,1,0,0,0.0,0,True,1,0,1,,,0,0,0,True,0,Let's Encrypt,70,False,,,0.1316
https://www.facebook-login-be.blogspot.com/,www.facebook-login-be.blogspot.com,1,43,2,3,0,3.9176,2,1,0,0,1,0,0,0.0,0,0,0,1,com,0.15,1,0,0,0.0,0,True,2,1,0,,,0,0,0,False,0,,,False,,,0.1234
https://www.vodafone.cz/,www.vodafone.cz,0,24,0,2,0,3.3232,1,1,0,0,1,0,0,0.0,0,0,0,0,cz,0.5,0,0,0,0.0,0,True,1,1,0,,,0,0,0,True,0,DigiCert Inc,165,False,,,0.2165
https://moveplay.me/blog/profile,moveplay.me,0,32,0,1,0,3.0958,0,1,0,0,13,0,0,0.0,0,0,0,0,me,0.5,0,0,0,0.0,0,True,2,1,0,2659,"GoDaddy.com, LLC",0,0,1,True,0,Google Trust Services,66,False,,,0.2119
https://www.roblox.com.ml/users/345425673702/profile,www.roblox.com.ml,1,52,0,3,0,3.0131,2,1,0,0,27,0,0,0.0,0,0,0,0,ml,0.93,1,0,0,0.0,0,True,1,0,0,,,0,0,0,True,0,Let's Encrypt,72,False,,,0.3393
https://roockmobile.com,roockmobile.com,0,23,0,1,0,3.1069,0,1,0,0,0,0,0,0.0,0,0,0,0,com,0.15,1,0,0,0.0,0,True,1,0,1,2909,"Alibaba Cloud Computing (Beijing) Co., Ltd.",0,0,1,True,0,DigiCert Inc,23,False,,,0.1071
https://asahi-net.jp/,asahi-net.jp,0,21,1,1,0,3.4183,0,1,0,0,1,0,0,0.0,0,0,0,0,jp,0.5,0,0,0,0.0,0,True,4,1,1,9255,,0,0,1,True,0,Amazon,102,False,,,0.2184
https://ably.com/,ably.com,0,17,0,1,0,3.0,0,1,0,0,1,0,0,0.0,0,0,0,0,com,0.15,1,0,0,0.0,0,True,2,1,1,8744,"Amazon Registrar, Inc.",0,0,1,True,0,Google Trust Services,45,False,,,0.105
https://www.amazon.com/,www.amazon.com,0,23,0,2,0,2.8963,1,1,0,0,1,0,0,0.0833,1,0,1,0,com,0.15,1,0,0,0.0,0,True,1,1,0,,,0,0,0,True,0,Amazon,167,False,,,0.1362
https://rum-ingress-coralogix.com/products,rum-ingress-coralogix.com,0,42,2,1,0,3.7835,0,1,0,0,9,0,0,0.0,0,0,0,0,com,0.15,1,0,0,0.0,0,False,0,0,0,980,"Amazon Registrar, Inc.",0,0,1,False,0,,,,,,0.1207
https://epark.jp,epark.jp,0,16,0,1,0,2.75,0,1,0,0,0,0,0,0.0,0,0,0,0,jp,0.5,0,0,0,0.0,0,True,1,0,1,6139,,0,0,1,True,0,"Cybertrust Japan Co., Ltd.",211,False,,,0.205
https://xvideo.vlog.br,xvideo.vlog.br,0,22,0,2,0,3.3788,1,1,0,0,0,0,0,0.0,0,0,0,0,br,0.5,0,0,0,0.0,0,True,2,1,0,,,0,0,0,True,0,Google Trust Services,69,False,,,0.2176
https://sp3ct-pelqor-biz8-harnik-soved.pages.dev/,sp3ct-pelqor-biz8-harnik-soved.pages.dev,1,49,4,2,2,4.3342,1,1,0,0,1,0,0,0.0,0,0,0,0,dev,0.5,0,0,0,0.0,0,True,2,1,0,,,0,0,0,True,0,Google Trust Services,81,False,,,0.2367
https://www.estranky.cz/,www.estranky.cz,0,24,0,2,0,3.4566,1,1,0,0,1,0,0,0.0,0,0,0,0,cz,0.5,0,0,0,0.0,0,True,1,0,0,8265,REG-MEDIA4WEB,0,0,1,True,0,DigiCert Inc,197,False,,,0.2191
https://rituverse.github.io/weather-app/,rituverse.github.io,1,40,0,2,0,3.4714,1,1,0,0,13,0,0,0.0,0,0,0,0,io,0.28,1,0,0,0.0,0,True,4,1,0,,,0,0,0,True,0,Let's Encrypt,36,False,,,0.1534
http://qtwiz65bfrn-vlypx65skru-2d9c4f-fyn4t.pages.dev/,qtwiz65bfrn-vlypx65skru-2d9c4f-fyn4t.pages.dev,1,54,3,2,8,4.7516,1,0,0,0,1,0,0,0.0,0,0,0,0,dev,0.5,0,0,0,0.0,0,True,2,1,0,,,0,0,0,True,0,Google Trust Services,81,False,,,0.245
http://www.x36m.top/,www.x36m.top,1,20,0,2,2,3.0221,1,0,0,0,1,0,0,0.0,0,0,0,0,top,0.9,1,0,0,0.0,0,True,2,0,0,,,0,0,0,False,0,,,False,,,0.3304
https://instag-ram.com.cn/,instag-ram.com.cn,1,26,1,2,0,3.4992,1,1,0,0,1,0,0,0.0,0,0,0,0,cn,0.5,0,0,0,0.0,0,True,1,0,0,6,北京新网数码信息技术有限公司,1,0,1,True,0,Let's Encrypt,83,False,,,0.22
https://lucrativehiring.com/2513501.doc/18a80a/fad0f483-81b2-45c6-ad47-7272058d9cb6/,lucrativehiring.com,1,84,0,1,0,3.7871,0,1,0,0,57,0,0,0.0,0,0,0,0,com,0.15,1,0,0,0.0,0,True,2,0,1,3909,"MarkMonitor, Inc.",0,0,1,True,0,Let's Encrypt,15,False,,,0.1207
http://www.morcosit.com/,www.morcosit.com,1,24,0,2,0,3.0306,1,0,0,0,1,0,0,0.0,0,0,0,0,com,0.15,1,0,0,0.0,0,False,0,0,0,64,Name SRS AB,0,0,1,False,0,,,,,,0.1056
https://www.nature.org/en-us/,www.nature.org,0,29,0,2,0,3.182,1,1,0,0,7,0,0,0.0,0,0,0,0,org,0.1,1,0,0,0.0,0,True,4,0,0,11031,"Amazon Registrar, Inc.",0,0,1,True,0,Let's Encrypt,53,False,,,0.0936
http://sp25ct7-orvax-biz-porsen-famlek.pages.dev/,sp25ct7-orvax-biz-porsen-famlek.pages.dev,1,49,4,2,3,4.4243,1,0,0,0,1,0,0,0.1667,2,0,2,0,dev,0.5,0,0,0,0.0,0,True,2,1,0,,,0,0,0,True,0,Google Trust Services,80,False,,,0.3052
https://www.amazon.se/,www.amazon.se,0,22,0,2,0,3.027,1,1,0,0,1,0,0,0.0833,1,0,1,0,se,0.5,0,0,0,0.0,0,True,4,1,0,10617,Nom-IQ Limited,0,0,1,True,0,Amazon,76,False,,,0.2439
https://asterisk.org,asterisk.org,0,20,0,1,0,3.2516,0,1,0,0,0,0,0,0.0,0,0,0,0,org,0.1,1,0,0,0.0,0,True,1,0,1,10000,"Amazon Registrar, Inc.",0,0,1,True,0,Google Trust Services,38,False,,,0.095
https://zzazz.com,zzazz.com,0,17,0,1,0,2.281,0,1,0,0,0,0,0,0.0,0,0,0,0,com,0.15,1,0,0,0.0,0,True,3,1,0,4283,"GoDaddy.com, LLC",0,0,1,True,0,Google Trust Services,84,False,,,0.0906
http://xelzavi-gld-belquna-c2x6hp46.pages.dev/appeals/submit-appeal-form/return,xelzavi-gld-belquna-c2x6hp46.pages.dev,1,79,3,2,4,4.2936,1,0,0,0,34,0,0,0.0,0,0,0,0,dev,0.5,0,0,0,0.0,0,True,2,1,0,,,0,0,0,True,0,Google Trust Services,83,False,,,0.2359
http://goo.su/mascixs,goo.su,1,21,0,1,0,2.2516,0,0,0,0,8,0,0,0.0,0,0,0,0,su,0.5,0,0,0,0.0,0,True,1,0,1,,,0,0,0,True,0,GlobalSign nv-sa,168,False,,,0.195
https://www.roblox.com.ml/users/142483888837/profile,www.roblox.com.ml,1,52,0,3,0,3.0131,2,1,0,0,27,0,0,0.0,0,0,0,0,ml,0.93,1,0,0,0.0,0,True,1,0,0,,,0,0,0,True,0,Let's Encrypt,72,False,,,0.3393
https://sp5ct-surex-biz8-morik-talun.pages.dev/,sp5ct-surex-biz8-morik-talun.pages.dev,1,47,4,2,2,4.4187,1,1,0,0,1,0,0,0.0,0,0,0,0,dev,0.5,0,0,0,0.0,0,True,2,1,0,,,0,0,0,True,0,Google Trust Services,83,False,,,0.2384
https://www.tiket.com/,www.tiket.com,0,22,0,2,0,3.027,1,1,0,0,1,0,0,0.0,0,0,0,0,com,0.15,1,0,0,0.0,0,True,2,1,0,,,0,0,0,True,0,DigiCert Inc,79,False,,,0.1055
https://com-ledgerr-start-dsd.pages.dev/,com-ledgerr-start-dsd.pages.dev,1,40,3,2,0,3.7199,1,1,0,0,1,0,0,0.0833,1,0,1,0,dev,0.5,0,0,0,0.0,0,True,2,1,0,,,0,0,0,True,0,Google Trust Services,50,False,,,0.2577
https://adplatform.io,adplatform.io,0,21,0,1,0,3.3927,0,1,0,0,0,0,0,0.0,0,0,0,0,io,0.28,1,0,0,0.0,0,True,1,0,1,4113,GANDI SAS,0,0,1,True,0,Let's Encrypt,52,False,,,0.1519
http://brelka-zomir-2f5d61-rh1504rr-hf2406zrn.pages.dev/,brelka-zomir-2f5d61-rh1504rr-hf2406zrn.pages.dev,1,56,4,2,12,4.4961,1,0,0,0,1,0,0,0.0,0,0,0,0,dev,0.5,0,0,0,0.0,0,True,2,1,0,,,0,0,0,True,0,Google Trust Services,56,False,,,0.2399
https://webzidns.ir,webzidns.ir,0,19,0,1,0,3.2776,0,1,0,0,0,0,0,0.0,0,0,0,0,ir,0.5,0,0,0,0.0,0,True,1,0,1,,,0,0,0,False,0,,,False,,,0.2156
https://ugwdevice.net/support/contact,ugwdevice.net,0,37,0,1,0,3.3347,0,1,0,0,16,0,0,0.0,0,0,0,0,net,0.22,1,0,0,0.0,0,False,0,0,0,8183,"Japan Registry Services Co.,Ltd.(JPRS)",0,0,1,False,0,,,,,,0.1327
http://usenumsupp.com/,usenumsupp.com,1,22,0,1,0,3.0391,0,0,0,0,1,0,0,0.0,0,0,0,0,com,0.15,1,0,0,0.0,0,True,1,1,1,,,0,0,0,False,0,,,,,,0.1058
http://ledger-com-stariit.webflow.io/,ledger-com-stariit.webflow.io,1,37,2,2,0,3.9523,1,0,0,0,1,0,0,0.0,0,0,0,0,io,0.28,1,0,0,0.0,0,True,2,1,0,4829,MarkMonitor Inc.,0,0,1,True,0,Google Trust Services,86,False,,,0.163
https://mail.yahoo.com/,mail.yahoo.com,0,23,0,2,0,3.0391,1,1,0,0,1,0,0,0.0,0,0,0,0,com,0.15,1,0,0,0.0,0,True,4,1,0,11513,"MarkMonitor, Inc.",0,0,1,True,0,DigiCert Inc,29,False,,,0.1058
http://dravani-gld-belxora-r1m6fc97.pages.dev/,dravani-gld-belxora-r1m6fc97.pages.dev,1,46,3,2,4,4.3264,1,0,0,0,1,0,0,0.0,0,0,0,0,dev,0.5,0,0,0,0.0,0,True,2,1,0,,,0,0,0,True,0,Google Trust Services,83,False,,,0.2365
https://oke.zone,oke.zone,0,16,0,1,0,2.5,0,1,0,0,0,0,0,0.0,0,0,0,0,zone,0.5,0,0,0,0.0,0,True,2,1,0,,,0,0,0,True,0,Google Trust Services,82,False,,,0.2
https://site.adform.com/,site.adform.com,0,24,0,2,0,3.5069,1,1,0,0,1,0,0,0.1667,1,0,1,0,com,0.15,1,0,0,0.0,0,True,2,1,0,8412,"DNC Holdings, Inc",0,1,1,True,0,DigiCert Inc,31,False,,,0.1818
https://ebay-kleinanzeigen.de,ebay-kleinanzeigen.de,0,29,1,1,0,3.4226,0,1,0,0,0,0,0,0.0833,1,0,1,0,de,0.5,0,0,0,0.0,0,True,2,1,0,,,0,0,0,True,0,DigiCert Inc,80,False,,,0.2518
https://www.suruga-ya.jp/,www.suruga-ya.jp,0,25,1,2,0,3.3278,1,1,0,0,1,0,0,0.0,0,0,0,0,jp,0.5,0,0,0,0.0,0,True,2,0,0,7375,,0,0,1,True,0,Google Trust Services,52,False,,,0.2166
http://sp3ct-yorsak-biz8-pelqik-rumen.pages.dev/appeals/submit-appeal-form/return,sp3ct-yorsak-biz8-pelqik-rumen.pages.dev,1,81,4,2,2,4.4342,1,0,0,0,34,0,0,0.0,0,0,0,0,dev,0.5,0,0,0,0.0,0,True,2,1,0,,,0,0,0,True,0,Google Trust Services,82,False,,,0.2387
https://facebooklogin123123.blogspot.com/,facebooklogin123123.blogspot.com,1,41,0,2,6,4.0153,1,1,0,0,1,0,0,0.0,0,0,0,0,com,0.15,1,0,0,0.0,0,True,2,1,0,,,0,0,0,True,0,Google Trust Services,55,False,,,0.1253
https://www.app102-facebook.blogspot.com/,www.app102-facebook.blogspot.com,1,41,1,3,3,4.0039,2,1,0,0,1,0,0,0.0,0,0,0,0,com,0.15,1,0,0,0.0,0,True,2,1,0,,,0,0,0,False,0,,,False,,,0.1251
https://hntuji.com,hntuji.com,0,18,0,1,0,3.3219,0,1,0,0,0,0,0,0.0,0,0,0,0,com,0.15,1,0,0,0.0,0,True,1,0,0,2905,"Alibaba Cloud Computing (Beijing) Co., Ltd.",0,0,1,True,0,DigiCert Inc,143,False,,,0.1114
https://www.logmein.com/,www.logmein.com,0,24,0,2,0,3.1899,1,1,0,0,1,0,0,0.0,0,0,0,0,com,0.15,1,0,0,0.0,0,True,4,0,0,8323,NOM-IQ Ltd dba Com Laude,0,0,1,True,0,DigiCert Inc,95,False,,,0.1088
https://www.dishanywhere.com/,www.dishanywhere.com,0,29,0,2,0,3.6219,1,1,0,0,1,0,0,0.0,0,0,0,0,com,0.15,1,0,0,0.0,0,True,2,0,0,,,0,0,0,True,0,Amazon,175,False,,,0.1174
https://www.analdin.com/,www.analdin.com,0,24,0,2,0,3.1899,1,1,0,0,1,0,0,0.0,0,0,0,0,com,0.15,1,0,0,0.0,0,True,1,1,0,6465,Danesco Trading Ltd.,0,1,1,True,0,Sectigo Limited,132,False,,,0.1088
https://casaos.app,casaos.app,0,18,0,1,0,2.4464,0,1,0,0,0,0,0,0.0833,1,0,1,0,app,0.35,1,0,0,0.0,0,True,4,1,0,,,0,0,0,True,0,Let's Encrypt,75,False,,,0.1872
https://facebookbfacebook.blogspot.com/?m=1,facebookbfacebook.blogspot.com,1,43,0,2,0,3.4933,1,1,0,0,1,1,2,0.0,0,0,0,0,com,0.15,1,0,0,0.0,0,True,2,1,0,,,0,0,0,True,0,Google Trust Services,55,False,,,0.1149
https://www.interempresas.net/,www.interempresas.net,0,30,0,2,0,3.3088,1,1,0,0,1,0,0,0.0,0,0,0,0,net,0.22,1,0,0,0.0,0,True,1,0,1,10078,"Network Solutions, LLC",0,0,1,True,0,Let's Encrypt,59,False,,,0.1322
https://marphezis.com/blog/pricing,marphezis.com,0,34,0,1,0,3.5466,0,1,0,0,13,0,0,0.0,0,0,0,0,com,0.15,1,0,0,0.0,0,False,0,0,1,4031,"GoDaddy.com, LLC",0,0,1,False,0,,,,,,0.1159
https://www.davidgf.net/,www.davidgf.net,0,24,0,2,0,3.3232,1,1,0,0,1,0,0,0.0,0,0,0,0,net,0.22,1,0,0,0.0,0,True,2,1,0,6978,"Cloudflare, Inc.",0,1,1,True,0,Google Trust Services,87,False,,,0.1325
http://www.facebookuseraccount.blogspot.com/,www.facebookuseraccount.blogspot.com,1,44,0,3,0,3.9194,2,0,0,0,1,0,0,0.0,0,0,0,0,com,0.15,1,0,0,0.0,0,True,2,1,0,,,0,0,0,False,0,,,False,,,0.1234
https://mcas-gov.ms/api/v1/status,mcas-gov.ms,0,33,1,1,0,3.0958,0,1,0,0,14,0,0,0.0833,1,0,1,0,ms,0.5,0,0,0,0.0,0,False,0,0,0,1977,MarkMonitor,0,0,1,False,0,,,,,,0.2452
https://lovehoney.co.uk,lovehoney.co.uk,0,23,0,2,0,3.3232,1,1,0,0,0,0,0,0.0,0,0,0,0,uk,0.5,0,0,0,0.0,0,True,1,1,1,9001,Abion AB [Tag = ABION],0,0,1,True,0,DigiCert Inc,163,False,,,0.2165
https://dotaplabs.net/account/settings,dotaplabs.net,0,38,0,1,0,3.3927,0,1,0,0,17,0,0,0.0,0,0,0,0,net,0.22,1,0,0,0.0,0,False,0,0,0,1866,"GoDaddy.com, LLC",0,0,1,False,0,,,,,,0.1339
http://sp5ct-xonik-biz8-fureq-lamor.pages.dev/appeals/submit-appeal-form/return,sp5ct-xonik-biz8-fureq-lamor.pages.dev,1,79,4,2,2,4.5439,1,0,0,0,34,0,0,0.0,0,0,0,0,dev,0.5,0,0,0,0.0,0,True,2,1,0,,,0,0,0,True,0,Google Trust Services,83,False,,,0.2409
https://metromax.ru,metromax.ru,0,19,0,1,0,3.0958,0,1,0,0,0,0,0,0.0,0,0,0,0,ru,0.5,0,0,0,0.0,0,True,1,1,1,7708,RU-CENTER-RU,0,0,1,True,0,GlobalSign nv-sa,88,False,,,0.2119
https://linkmake.in,linkmake.in,0,19,0,1,0,2.914,0,1,0,0,0,0,0,0.0,0,0,0,0,in,0.2,1,0,0,0.0,0,True,2,1,1,1279,NAMECHEAP,0,0,1,True,0,Google Trust Services,50,False,,,0.1183
https://roshansonawane021.github.io/amazondemo-shopping-website/,roshansonawane021.github.io,1,64,0,2,3,3.9303,1,1,0,0,29,0,0,0.0,0,0,0,0,io,0.28,1,0,0,0.0,0,True,4,1,0,,,0,0,0,True,0,Let's Encrypt,36,False,,,0.1626
http://www.bpay.blogspot.com/,www.bpay.blogspot.com,1,29,0,3,0,3.5226,2,0,0,0,1,0,0,0.1667,1,0,1,0,com,0.15,1,0,0,0.0,0,True,2,1,0,,,0,0,0,False,0,,,False,,,0.1821
http://sp5ct-gonik-biz8-rulex-panor.pages.dev/appeals/submit-appeal-form/return,sp5ct-gonik-biz8-rulex-panor.pages.dev,1,79,4,2,2,4.3661,1,0,0,0,34,0,0,0.0,0,0,0,0,dev,0.5,0,0,0,0.0,0,True,2,1,0,,,0,0,0,True,0,Google Trust Services,83,False,,,0.2373
https://4free.asia/news/index.html,4free.asia,0,34,0,1,1,2.9219,0,1,0,0,16,0,0,0.0,0,0,0,0,asia,0.5,0,0,0,0.0,0,False,0,0,0,,,0,0,0,False,0,,,,,,0.2084
https://cerberlab.net,cerberlab.net,0,21,0,1,0,3.027,0,1,0,0,0,0,0,0.0,0,0,0,0,net,0.22,1,0,0,0.0,0,True,5,0,1,3502,"NameCheap, Inc.",0,0,1,True,0,Sectigo Limited,88,False,,,0.1265
http://kmnhw949mj-stilkbren-7b3e1f-vro5n.pages.dev/,kmnhw949mj-stilkbren-7b3e1f-vro5n.pages.dev,1,51,3,2,7,4.647,1,0,0,0,1,0,0,0.0,0,0,0,0,dev,0.5,0,0,0,0.0,0,True,2,1,0,,,0,0,0,True,0,Google Trust Services,81,False,,,0.2429
http://www.facebooklogincomin.blogspot.com/,www.facebooklogincomin.blogspot.com,1,43,0,3,0,3.8174,2,0,0,0,1,0,0,0.0,0,0,0,0,com,0.15,1,0,0,0.0,0,True,2,1,0,,,0,0,0,False,0,,,False,,,0.1213
https://www.rapidssl.com/,www.rapidssl.com,0,25,0,2,0,3.4528,1,1,0,0,1,0,0,0.0,0,0,0,0,com,0.15,1,0,0,0.0,0,True,1,0,0,8879,"MarkMonitor, Inc.",0,0,1,True,0,"DigiCert, Inc.",15,False,,,0.1141
https://fvbnxr.web.app/?dt=156&qr=PICS,fvbnxr.web.app,1,38,0,2,0,3.3788,1,1,0,0,1,2,4,0.25,3,0,3,0,app,0.35,1,0,0,0.0,0,True,1,1,0,,,0,0,0,True,0,Google Trust Services,82,False,,,0.2726
https://telmora-gld-felmora-r2t3hp51.pages.dev/thn-yjm-uio-lkh?welcome=1437569073145374&stt=1437569073145374&name_stt=Mehta%20Publishing%20House,telmora-gld-felmora-r2t3hp51.pages.dev,1,144,3,2,4,4.1685,1,1,0,0,16,3,9,0.0,0,0,0,0,dev,0.5,0,0,0,0.0,0,True,2,1,0,,,0,0,0,True,0,Google Trust Services,76,False,,,0.2334
https://sp5ct-jerok-biz8-vurex-salink.pages.dev/,sp5ct-jerok-biz8-vurex-salink.pages.dev,1,48,4,2,2,4.3943,1,1,0,0,1,0,0,0.0,0,0,0,0,dev,0.5,0,0,0,0.0,0,True,2,1,0,,,0,0,0,True,0,Google Trust Services,83,False,,,0.2379
https://transcend-cdn.com,transcend-cdn.com,0,25,1,1,0,3.4104,0,1,0,0,0,0,0,0.0,0,0,0,0,com,0.15,1,0,0,0.0,0,True,2,1,0,1273,"Cloudflare, Inc.",0,1,1,True,0,Google Trust Services,57,False,,,0.1132
http://heasrty.respay.web.id/,heasrty.respay.web.id,1,29,0,3,0,3.5585,2,0,0,0,1,0,0,0.1667,2,0,2,0,id,0.5,0,0,0,0.0,0,False,0,0,0,,,0,0,0,False,0,,,,,,0.2878
https://ycgslb.com/account/settings,ycgslb.com,0,35,0,1,0,3.1219,0,1,0,0,17,0,0,0.0,0,0,0,0,com,0.15,1,0,0,0.0,0,True,1,0,0,4777,"Alibaba Cloud Computing (Beijing) Co., Ltd.",0,0,1,False,0,,,,,,0.1074
https://www.tripadvisor.nl/,www.tripadvisor.nl,0,27,0,2,0,3.5724,1,1,0,0,1,0,0,0.0,0,0,0,0,nl,0.5,0,0,0,0.0,0,True,4,0,0,7942,"CSC Corporate Domains, Inc.",0,0,1,True,0,GlobalSign nv-sa,157,False,,,0.2214
https://pmbmonetize.live/blog/pricing,pmbmonetize.live,0,37,0,1,0,3.4528,0,1,0,0,13,0,0,0.0833,1,0,1,0,live,0.6,1,0,0,0.0,0,False,0,0,1,,,0,0,0,False,0,,,,,,0.2824
https://www.pushwoosh.com/,www.pushwoosh.com,0,26,0,2,0,2.9842,1,1,0,0,1,0,0,0.0,0,0,0,0,com,0.15,1,0,0,0.0,0,True,4,1,0,5565,PDR Ltd. d/b/a PublicDomainRegistry.com,0,1,1,True,0,Sectigo Limited,67,False,,,0.1047
https://teslatel.ru,teslatel.ru,0,19,0,1,0,2.914,0,1,0,0,0,0,0,0.0,0,0,0,0,ru,0.5,0,0,0,0.0,0,True,1,1,1,4296,RU-CENTER-RU,0,0,1,True,0,Let's Encrypt,50,False,,,0.2083
https://machance-casino.com,machance-casino.com,0,27,1,1,0,3.2608,0,1,0,0,0,0,0,0.0,0,0,0,0,com,0.15,1,0,0,0.0,0,True,2,1,0,377,"NameCheap, Inc.",0,0,1,True,0,Google Trust Services,72,False,,,0.1102
http://browser-bridge-app-auth.typedream.app/,browser-bridge-app-auth.typedream.app,1,45,3,2,0,3.9023,1,0,0,0,1,0,0,0.1667,1,0,2,0,app,0.35,1,0,0,0.0,0,True,2,0,0,,,0,0,0,True,0,Google Trust Services,88,False,,,0.2497
https://ravelin.click,ravelin.click,0,21,0,1,0,3.2389,0,1,0,0,0,0,0,0.0,0,0,0,0,click,0.88,1,0,0,0.0,0,True,2,1,0,2152,GANDI SAS,0,0,1,True,0,Google Trust Services,61,False,,,0.3288
https://blackboardcdn.com,blackboardcdn.com,0,25,0,1,0,3.3372,0,1,0,0,0,0,0,0.0,0,0,0,0,com,0.15,1,0,0,0.0,0,True,4,0,0,,,0,0,0,True,0,Amazon,65,False,,,0.1117
https://calix.ai/products,calix.ai,0,25,0,1,0,2.5,0,1,0,0,9,0,0,0.0,0,0,0,0,ai,0.5,0,0,0,0.0,0,False,0,0,1,3135,https://www.101domain.com/,0,0,1,False,0,,,,,,0.2
https://zfnrw5bpzgo-kdply98plsi-8e7f4a-dfj12c.pages.dev/,zfnrw5bpzgo-kdply98plsi-8e7f4a-dfj12c.pages.dev,1,56,3,2,8,4.6818,1,1,0,0,1,0,0,0.0,0,0,0,0,dev,0.5,0,0,0,0.0,0,True,2,1,0,,,0,0,0,True,0,Google Trust Services,82,False,,,0.2436
http://sp3ct-fovrik-biz8-parqor-dusel.pages.dev/appeals/submit-appeal-form/return,sp3ct-fovrik-biz8-parqor-dusel.pages.dev,1,81,4,2,2,4.3464,1,0,0,0,34,0,0,0.0,0,0,0,0,dev,0.5,0,0,0,0.0,0,True,2,1,0,,,0,0,0,True,0,Google Trust Services,82,False,,,0.2369
https://www.usa-hsbc.blogspot.com/,www.usa-hsbc.blogspot.com,1,34,1,3,0,3.7231,2,1,0,0,1,0,0,0.25,3,0,3,0,com,0.15,1,0,0,0.0,0,True,2,1,0,,,0,0,0,False,0,,,False,,,0.2195
https://ixdzs8.com,ixdzs8.com,0,18,0,1,1,3.3219,0,1,0,0,0,0,0,0.0,0,0,0,0,com,0.15,1,0,0,0.0,0,True,1,0,0,1013,"GoDaddy.com, LLC",0,0,1,True,0,SSL2BUY EMEA LLC,174,False,,,0.1114
https://tdr2fdranxl-drunf87olpw-9a0b6c-vro7n.pages.dev/,tdr2fdranxl-drunf87olpw-9a0b6c-vro7n.pages.dev,1,55,3,2,7,4.5178,1,1,0,0,1,0,0,0.0,0,0,0,0,dev,0.5,0,0,0,0.0,0,True,2,1,0,,,0,0,0,True,0,Google Trust Services,81,False,,,0.2404
http://2e7-60yq7-xr75u-umy-gfk-0tkx.pages.dev/,2e7-60yq7-xr75u-umy-gfk-0tkx.pages.dev,1,46,5,2,8,4.3237,1,0,0,0,1,0,0,0.0833,1,0,1,0,dev,0.5,0,0,0,0.0,0,True,2,1,0,,,0,0,0,True,0,Google Trust Services,83,False,,,0.2698
https://steamunlocked.org,steamunlocked.org,0,25,0,1,0,3.8522,0,1,0,0,0,0,0,0.0,0,0,0,0,org,0.1,1,0,0,0.0,0,True,3,1,0,2976,"NameCheap, Inc.",0,0,1,True,0,Google Trust Services,71,False,,,0.107
https://rbcode.net/v/014c1b7f84f8d6e62d5d4c3d69bf87eb,rbcode.net,1,53,0,1,0,3.1219,0,1,0,0,35,0,0,0.0,0,0,0,0,net,0.22,1,0,0,0.0,0,True,1,0,0,34,"GoDaddy.com, LLC",0,0,1,True,0,Let's Encrypt,57,False,,,0.1284
https://hwfs.ru/blog/pricing,hwfs.ru,0,28,0,1,0,2.8074,0,1,0,0,13,0,0,0.0833,1,0,1,0,ru,0.5,0,0,0,0.0,0,True,1,0,1,,,0,0,0,False,0,,,,,,0.2395
https://www.vam-sa.pt/forms/oknewwithip/,www.vam-sa.pt,1,40,1,2,0,3.027,1,1,0,0,19,0,0,0.0,0,0,0,0,pt,0.5,0,0,0,0.0,0,True,1,0,1,,,0,0,0,True,0,GlobalSign nv-sa,207,False,,,0.2105
https://qr.link/9FJOf2,qr.link,1,22,0,1,0,2.8074,0,1,0,0,7,0,0,0.0,0,0,0,0,link,0.85,1,0,0,0.0,0,True,2,1,0,2917,NAMECHEAP,0,0,1,True,0,Google Trust Services,74,False,,,0.3111
https://www.netflixcln.vercel.app/,www.netflixcln.vercel.app,1,34,0,3,0,3.6431,2,1,0,0,1,0,0,0.0833,1,0,1,0,app,0.35,1,0,0,0.0,0,True,2,0,0,,,0,0,0,False,0,,,False,,,0.2112
https://www.yesware.com/,www.yesware.com,0,24,0,2,0,3.1069,1,1,0,0,1,0,0,0.0,0,0,0,0,com,0.15,1,0,0,0.0,0,True,4,0,0,7886,"NameCheap, Inc.",0,0,1,True,0,GlobalSign nv-sa,165,False,,,0.1071
https://tenqube.com,tenqube.com,0,19,0,1,0,3.2776,0,1,0,0,0,0,0,0.0,0,0,0,0,com,0.15,1,0,0,0.0,0,True,4,0,1,,,0,0,0,True,0,Amazon,203,False,,,0.1106
https://www.turfpronos.fr/,www.turfpronos.fr,0,26,0,2,0,3.1751,1,1,0,0,1,0,0,0.0,0,0,0,0,fr,0.5,0,0,0,0.0,0,True,1,0,1,5352,OVH,0,0,1,True,0,Let's Encrypt,50,False,,,0.2135
https://www.weeblysite.com,www.weeblysite.com,0,26,0,2,0,3.3502,1,1,0,0,0,0,0,0.0,0,0,0,0,com,0.15,1,0,0,0.0,0,True,2,0,0,4969,"MarkMonitor, Inc.",0,0,1,True,0,Google Trust Services,40,False,,,0.112
https://www.html-css-peach-one.vercel.app/,www.html-css-peach-one.vercel.app,1,42,3,3,0,3.8391,2,1,0,0,1,0,0,0.1667,2,0,2,0,app,0.35,1,0,0,0.0,0,True,2,0,0,,,0,0,0,False,0,,,False,,,0.2485
https://w26ro-rik-hilm-bnq8-a8wtun.pages.dev/,w26ro-rik-hilm-bnq8-a8wtun.pages.dev,1,45,4,2,4,4.5033,1,1,0,0,1,0,0,0.0833,1,0,1,0,dev,0.5,0,0,0,0.0,0,True,2,1,0,,,0,0,0,True,0,Google Trust Services,83,False,,,0.2734
http://sp5ct-burex-biz8-falon-kirev.pages.dev/,sp5ct-burex-biz8-falon-kirev.pages.dev,1,46,4,2,2,4.4058,1,0,0,0,1,0,0,0.0833,1,0,1,0,dev,0.5,0,0,0,0.0,0,True,2,1,0,,,0,0,0,True,0,Google Trust Services,83,False,,,0.2714
http://sp29ct-krenok-biz-pravik-zelmor.pages.dev/,sp29ct-krenok-biz-pravik-zelmor.pages.dev,1,49,4,2,2,4.2779,1,0,0,0,1,0,0,0.1667,2,0,2,0,dev,0.5,0,0,0,0.0,0,True,2,1,0,,,0,0,0,True,0,Google Trust Services,80,False,,,0.3022
https://fderdgsx.eu.cc/es,fderdgsx.eu.cc,1,25,0,2,0,3.2359,1,1,0,0,3,0,0,0.0,0,0,0,0,cc,0.5,0,0,0,0.0,0,True,1,0,0,10515,Gname.com Pte. Ltd.,0,1,1,True,0,Let's Encrypt,88,False,,,0.2147
https://etrailer.com,etrailer.com,0,20,0,1,0,3.2516,0,1,0,0,0,0,0,0.0,0,0,0,0,com,0.15,1,0,0,0.0,0,True,2,0,1,10042,"Cloudflare, Inc.",0,1,1,True,0,Google Trust Services,39,False,,,0.11
http://absicherung-kontakt.com/,absicherung-kontakt.com,1,31,1,1,0,4.0018,0,0,0,0,1,0,0,0.0833,1,0,1,0,com,0.15,1,0,0,0.0,0,True,1,0,0,2,PDR Ltd. d/b/a PublicDomainRegistry.com,1,0,1,True,0,Let's Encrypt,87,False,,,0.1584
http://jfr5bpzgobk-vronz98plsi-4e5f7a-fyn3t.pages.dev/,jfr5bpzgobk-vronz98plsi-4e5f7a-fyn3t.pages.dev,1,54,3,2,7,4.6318,1,0,0,0,1,0,0,0.0,0,0,0,0,dev,0.5,0,0,0,0.0,0,True,2,1,0,,,0,0,0,True,0,Google Trust Services,81,False,,,0.2426
https://www.pew.org/,www.pew.org,0,20,0,2,0,2.5503,1,1,0,0,1,0,0,0.0833,1,0,1,0,org,0.1,1,0,0,0.0,0,True,2,1,0,10695,"eNom, LLC",0,0,1,True,0,Google Trust Services,87,False,,,0.1143
http://5cu-32w-mc7x-oaz-zn1bwx-ju6gga.pages.dev/,5cu-32w-mc7x-oaz-zn1bwx-ju6gga.pages.dev,1,48,5,2,6,4.4439,1,0,0,0,1,0,0,0.0,0,0,0,0,dev,0.5,0,0,0,0.0,0,True,2,1,0,,,0,0,0,True,0,Google Trust Services,64,False,,,0.2389
https://www.msn.com/zh-cn,www.msn.com,0,25,0,2,0,2.6635,1,1,0,0,6,0,0,0.1667,2,0,2,0,com,0.15,1,0,0,0.0,0,True,3,0,0,11582,"MarkMonitor, Inc.",0,0,1,True,0,Microsoft Corporation,191,False,,,0.1649
https://dai.ly/en-us/home,dai.ly,0,25,0,1,0,2.585,0,1,0,0,11,0,0,0.25,3,0,3,0,ly,0.5,0,0,0,0.0,0,True,1,0,0,6750,Libyan Spider Network (int),0,0,1,True,0,Let's Encrypt,81,False,,,0.3017
https://www.javrate.com/,www.javrate.com,0,24,0,2,0,3.3232,1,1,0,0,1,0,0,0.0,0,0,0,0,com,0.15,1,0,0,0.0,0,True,3,1,0,1302,"NameCheap, Inc.",0,0,1,True,0,Google Trust Services,62,False,,,0.1115
http://xfactor300.vercel.app/,xfactor300.vercel.app,1,29,0,2,3,3.7257,1,0,0,0,1,0,0,0.0833,1,0,1,0,app,0.35,1,0,0,0.0,0,True,2,0,0,,,0,0,0,True,0,Google Trust Services,60,False,,,0.2128
http://sp3ct-bornak-biz8-helqik-vured.pages.dev/appeals/submit-appeal-form/return,sp3ct-bornak-biz8-helqik-vured.pages.dev,1,81,4,2,2,4.4219,1,0,0,0,34,0,0,0.0,0,0,0,0,dev,0.5,0,0,0,0.0,0,True,2,1,0,,,0,0,0,True,0,Google Trust Services,82,False,,,0.2384
https://sp5ct-hureq-biz8-vanik-sorel.pages.dev/,sp5ct-hureq-biz8-vanik-sorel.pages.dev,1,47,4,2,2,4.386,1,1,0,0,1,0,0,0.0,0,0,0,0,dev,0.5,0,0,0,0.0,0,True,2,1,0,,,0,0,0,True,0,Google Trust Services,83,False,,,0.2377
http://www.duishalik.blogspot.com/,www.duishalik.blogspot.com,1,34,0,3,0,3.921,2,0,0,0,1,0,0,0.0,0,0,0,0,com,0.15,1,0,0,0.0,0,True,2,1,0,,,0,0,0,False,0,,,False,,,0.1234
https://marapets.com,marapets.com,0,20,0,1,0,3.2516,0,1,0,0,0,0,0,0.0,0,0,0,0,com,0.15,1,0,0,0.0,0,True,2,0,1,8048,"NameCheap, Inc.",0,0,1,True,0,Google Trust Services,79,False,,,0.11
https://mi.fptaatl.com/.well-known/vv/wmailt.html,mi.fptaatl.com,1,49,0,2,0,3.2359,1,1,0,0,27,0,0,0.0,0,0,0,0,com,0.15,1,0,0,0.0,0,True,1,0,1,58,IONOS SE,0,1,1,True,0,Let's Encrypt,32,False,,,0.1097
https://official-apple.vercel.app/,official-apple.vercel.app,1,34,1,2,0,3.4333,1,1,0,0,1,0,0,0.0833,1,0,1,0,app,0.35,1,0,0,0.0,0,True,2,0,0,,,0,0,0,True,0,Google Trust Services,60,False,,,0.207
https://increasefollowersforinstagram.blogspot.com/?m=1,increasefollowersforinstagram.blogspot.com,1,55,0,2,0,3.9215,1,1,0,0,1,1,2,0.0,0,0,0,0,com,0.15,1,0,0,0.0,0,True,2,1,0,,,0,0,0,True,0,Google Trust Services,55,False,,,0.1234
https://www.sony.de/,www.sony.de,0,20,0,2,0,2.8454,1,1,0,0,1,0,0,0.0,0,0,0,0,de,0.5,0,0,0,0.0,0,True,4,1,0,,,0,0,0,True,0,DigiCert Inc,112,False,,,0.2069
https://xelquza-gld-zentora-r8x2dw95.pages.dev/,xelquza-gld-zentora-r8x2dw95.pages.dev,1,47,3,2,4,4.3462,1,1,0,0,1,0,0,0.0,0,0,0,0,dev,0.5,0,0,0,0.0,0,True,2,1,0,,,0,0,0,True,0,Google Trust Services,83,False,,,0.2369
http://koicimlogimn.godaddysites.com/,koicimlogimn.godaddysites.com,1,37,0,2,0,3.7025,1,0,0,0,1,0,0,0.0,0,0,0,0,com,0.15,1,0,0,0.0,0,True,2,0,0,4634,"GoDaddy.com, LLC",0,0,1,True,0,GoDaddy.com,165,False,,,0.1191
https://education.ne.jp/support/contact,education.ne.jp,0,39,0,2,0,3.5069,1,1,0,0,16,0,0,0.0,0,0,0,0,jp,0.5,0,0,0,0.0,0,False,0,0,1,5075,,0,0,1,False,0,,,,,,0.2201
https://weplayer.cc/search?q=news,weplayer.cc,0,33,0,1,0,3.0958,0,1,0,0,7,1,2,0.0,0,0,0,0,cc,0.5,0,0,0,0.0,0,False,0,0,0,3660,"Alibaba Cloud Computing (Beijing) Co., Ltd.",0,0,1,False,0,,,,,,0.2119
https://naxiske.us.cc/5g/home.html,naxiske.us.cc,1,34,0,2,0,3.2389,1,1,0,0,13,0,0,0.0,0,0,0,0,cc,0.5,0,0,0,0.0,0,True,1,0,0,7416,Gname.com Pte. Ltd.,0,1,1,True,0,Let's Encrypt,87,False,,,0.2148
https://cat.com/pricing/index.html,cat.com,0,34,0,1,0,2.5216,0,1,0,0,19,0,0,0.0,0,0,0,0,com,0.15,1,0,0,0.0,0,True,1,1,1,12177,NOM-IQ Ltd dba Com Laude,0,0,1,True,0,DigiCert Inc,177,False,,,0.0954
https://vint.yjiankuny.workers.dev/auth/google/oauth?redirect_uri=/member/signup/select_type,vint.yjiankuny.workers.dev,1,92,0,3,0,3.8731,2,1,0,0,18,1,4,0.0,0,0,0,0,dev,0.5,0,0,0,0.0,0,True,2,1,0,,,0,0,0,True,0,Google Trust Services,84,False,,,0.2275
https://secure-site-editor--cleanboys2009.replit.app/forgotpassword.html/forgotpassword.html,secure-site-editor--cleanboys2009.replit.app,1,92,4,2,4,4.1121,1,1,0,0,40,0,0,0.4,2,0,2,1,app,0.35,1,0,0,0.0,0,True,1,0,0,,,0,0,0,True,0,Google Trust Services,71,False,,,0.3472
https://stellar-sherbet-1b477b.netlify.app/,stellar-sherbet-1b477b.netlify.app,1,43,2,2,4,4.0209,1,1,0,0,1,0,0,0.0833,1,0,1,0,app,0.35,1,0,0,0.0,0,True,2,1,0,,,0,0,0,True,0,DigiCert Inc,234,False,,,0.2187
https://ssnc.cloud/account/settings,ssnc.cloud,0,35,0,1,0,2.9219,0,1,0,0,17,0,0,0.0833,1,0,1,0,cloud,0.5,0,0,0,0.0,0,False,0,0,0,2735,"CSC Corporate Domains, Inc.",0,0,1,False,0,,,,,,0.2418
https://samaritanspurse.org,samaritanspurse.org,0,27,0,1,0,3.4972,0,1,0,0,0,0,0,0.0,0,0,0,0,org,0.1,1,0,0,0.0,0,True,1,0,1,9751,"NETWORK SOLUTIONS, LLC.",0,0,1,True,0,Let's Encrypt,44,False,,,0.0999
http://aktiffkan-paylater.wmm.my.id/,aktiffkan-paylater.wmm.my.id,1,36,1,3,0,3.8249,2,0,0,0,1,0,0,0.0,0,0,0,0,id,0.5,0,0,0,0.0,0,False,0,0,0,,,0,0,0,False,0,,,,,,0.2265
http://sp29ct-varnel-biz-holqik-mersor.pages.dev/,sp29ct-varnel-biz-holqik-mersor.pages.dev,1,49,4,2,2,4.3939,1,0,0,0,1,0,0,0.1667,2,0,2,0,dev,0.5,0,0,0,0.0,0,True,2,1,0,,,0,0,0,True,0,Google Trust Services,80,False,,,0.3046
https://ttarget.ru,ttarget.ru,0,18,0,1,0,2.6464,0,1,0,0,0,0,0,0.0,0,0,0,0,ru,0.5,0,0,0,0.0,0,True,1,0,1,,,0,0,0,True,0,Let's Encrypt,63,False,,,0.2029
http://bluebird33.autoseniorsguide.com/landers/ios_php_copy_(3)/index.php?bcid=d9h2clo1p96s738b3b00&utm_camp=2bb59407bfe54d6ba3aeff242df239d3,bluebird33.autoseniorsguide.com,1,141,0,2,2,3.9536,1,0,0,0,35,2,10,0.0,0,0,0,0,com,0.15,1,0,0,0.0,0,True,1,0,0,432,"NameCheap, Inc.",0,0,1,True,0,Let's Encrypt,85,False,,,0.1241
http://sp5ct-lunex-biz8-korev-farik.pages.dev/appeals/submit-appeal-form/return,sp5ct-lunex-biz8-korev-farik.pages.dev,1,79,4,2,2,4.4058,1,0,0,0,34,0,0,0.0,0,0,0,0,dev,0.5,0,0,0,0.0,0,True,2,1,0,,,0,0,0,True,0,Google Trust Services,83,False,,,0.2381
http://skrab-bvark-jmudz-3b82fc-txrn-vlasco.pages.dev/,skrab-bvark-jmudz-3b82fc-txrn-vlasco.pages.dev,1,54,5,2,3,4.4664,1,0,0,0,1,0,0,0.0,0,0,0,0,dev,0.5,0,0,0,0.0,0,True,2,1,0,,,0,0,0,True,0,Google Trust Services,81,False,,,0.2393
https://sp3ct-nivqor-biz8-talrek-mosun.pages.dev/,sp3ct-nivqor-biz8-talrek-mosun.pages.dev,1,49,4,2,2,4.4342,1,1,0,0,1,0,0,0.0,0,0,0,0,dev,0.5,0,0,0,0.0,0,True,2,1,0,,,0,0,0,True,0,Google Trust Services,81,False,,,0.2387
http://mjwy25nhwus-vstry98fynt-3d7e9f-dru8n.pages.dev/,mjwy25nhwus-vstry98fynt-3d7e9f-dru8n.pages.dev,1,54,3,2,8,4.5121,1,0,0,0,1,0,0,0.0,0,0,0,0,dev,0.5,0,0,0,0.0,0,True,2,1,0,,,0,0,0,True,0,Google Trust Services,81,False,,,0.2402
https://podimo.com/en,podimo.com,0,21,0,1,0,2.6464,0,1,0,0,3,0,0,0.0,0,0,0,0,com,0.15,1,0,0,0.0,0,True,2,1,1,4428,"Name.com, Inc.",0,1,1,True,0,Google Trust Services,74,False,,,0.0979
https://media-imdb.com/search?q=docs,media-imdb.com,0,36,1,1,0,3.182,0,1,0,0,7,1,2,0.0,0,0,0,0,com,0.15,1,0,0,0.0,0,False,0,0,0,7045,"MarkMonitor, Inc.",0,0,1,False,0,,,,,,0.1086
https://3658katli5243.cc/,3658katli5243.cc,1,25,0,1,8,3.625,0,1,0,0,1,0,0,0.0,0,0,0,0,cc,0.5,0,0,0,0.0,0,True,3,0,0,34,DYNADOT LLC,0,1,1,True,0,Let's Encrypt,55,False,,,0.2225
https://bnbstatic.com/en-us/home,bnbstatic.com,0,32,0,1,0,3.2389,0,1,0,0,11,0,0,0.0,0,0,0,0,com,0.15,1,0,0,0.0,0,False,0,0,1,3044,"Name.com, Inc.",0,0,1,False,0,,,,,,0.1098
https://www.covers.com/,www.covers.com,0,23,0,2,0,3.0391,1,1,0,0,1,0,0,0.0,0,0,0,0,com,0.15,1,0,0,0.0,0,True,4,0,0,11283,"Amazon Registrar, Inc.",0,0,1,True,0,Amazon,129,False,,,0.1058
https://bloggerchest.com,bloggerchest.com,0,24,0,1,0,3.5,0,1,0,0,0,0,0,0.0,0,0,0,0,com,0.15,1,0,0,0.0,0,True,2,1,0,2117,"NameCheap, Inc.",0,0,1,True,0,Google Trust Services,63,False,,,0.115
https://www.winknews.com/,www.winknews.com,0,25,0,2,0,3.0244,1,1,0,0,1,0,0,0.0,0,0,0,0,com,0.15,1,0,0,0.0,0,True,1,0,1,9463,"GoDaddy.com, LLC",0,0,1,True,0,Google Trust Services,61,False,,,0.1055
http://www.koiinen-logiin.godaddysites.com/,www.koiinen-logiin.godaddysites.com,1,43,1,3,0,3.8542,2,0,0,0,1,0,0,0.0,0,0,0,0,com,0.15,1,0,0,0.0,0,True,2,0,0,4634,"GoDaddy.com, LLC",0,0,1,False,0,,,False,,,0.1221
http://sp3ct-zorlin-biz8-fesqor-dunel.pages.dev/,sp3ct-zorlin-biz8-fesqor-dunel.pages.dev,1,48,4,2,2,4.3531,1,0,0,0,1,0,0,0.0,0,0,0,0,dev,0.5,0,0,0,0.0,0,True,2,1,0,,,0,0,0,True,0,Google Trust Services,81,False,,,0.2371
https://www.gayporno.fm/,www.gayporno.fm,0,24,0,2,0,3.3232,1,1,0,0,1,0,0,0.0,0,0,0,0,fm,0.5,0,0,0,0.0,0,True,1,0,1,4903,DYNADOT LLC,0,0,1,True,0,Let's Encrypt,30,False,,,0.2165
http://zda1-2p9ysz-tvdzg-6atm1o.pages.dev/appeals/submit-appeal-form/return,zda1-2p9ysz-tvdzg-6atm1o.pages.dev,1,75,3,2,5,4.0575,1,0,0,0,34,0,0,0.0,0,0,0,0,dev,0.5,0,0,0,0.0,0,True,2,1,0,,,0,0,0,True,0,Google Trust Services,83,False,,,0.2311
https://discountasp.net,discountasp.net,0,23,0,1,0,3.5069,0,1,0,0,0,0,0,0.0,0,0,0,0,net,0.22,1,0,0,0.0,0,True,3,1,1,8690,"GoDaddy.com, LLC",0,0,1,True,0,Google Trust Services,78,False,,,0.1361
https://rdcv1.com/login,rdcv1.com,0,23,0,1,1,2.9477,0,1,0,0,6,0,0,0.0,0,0,0,0,com,0.15,1,0,0,0.0,0,False,0,0,0,1963,Xin Net Technology Corporation,0,0,1,False,0,,,,,,0.104
https://www.roblox.com.ml/users/363414735497/profile,www.roblox.com.ml,1,52,0,3,0,3.0131,2,1,0,0,27,0,0,0.0,0,0,0,0,ml,0.93,1,0,0,0.0,0,True,1,0,0,,,0,0,0,True,0,Let's Encrypt,72,False,,,0.3393
http://facebook-in.blogspot.com/,facebook-in.blogspot.com,1,32,1,2,0,3.8512,1,0,0,0,1,0,0,0.0,0,0,0,0,com,0.15,1,0,0,0.0,0,True,2,1,0,,,0,0,0,True,0,Google Trust Services,55,False,,,0.122
http://galabetbet.com/,galabetbet.com,1,22,0,1,0,3.2359,0,0,0,0,1,0,0,0.0,0,0,0,0,com,0.15,1,0,0,0.0,0,True,2,1,1,117,"Spaceship, Inc.",0,0,1,True,0,Google Trust Services,40,False,,,0.1097
https://fastvanya.com,fastvanya.com,0,21,0,1,0,3.3347,0,1,0,0,0,0,0,0.0,0,0,0,0,com,0.15,1,0,0,0.0,0,True,4,1,0,1153,"Cloudflare, Inc.",0,1,1,True,0,Amazon,81,False,,,0.1117
https://toponepp.com,toponepp.com,0,20,0,1,0,2.7925,0,1,0,0,0,0,0,0.0,0,0,0,0,com,0.15,1,0,0,0.0,0,False,0,0,0,684,"Cloudflare, Inc.",0,1,1,False,0,,,,,,0.1008
https://www.simozo.net/,www.simozo.net,0,23,0,2,0,3.182,1,1,0,0,1,0,0,0.0,0,0,0,0,net,0.22,1,0,0,0.0,0,True,2,1,0,3129,Danesco Trading Ltd.,0,1,1,True,0,Google Trust Services,67,False,,,0.1296
https://ishansingla-coder-creater.github.io/Amazon-clone/,ishansingla-coder-creater.github.io,1,57,2,2,0,3.9789,1,1,0,0,14,0,0,0.0,0,0,0,0,io,0.28,1,0,0,0.0,0,True,4,1,0,,,0,0,0,True,0,Let's Encrypt,36,False,,,0.1636
https://callbomberz.in/blog/profile,callbomberz.in,0,35,0,1,0,3.5216,0,1,0,0,13,0,0,0.0,0,0,0,0,in,0.2,1,0,0,0.0,0,True,2,1,1,1985,NAMECHEAP,0,0,1,True,0,Google Trust Services,44,False,,,0.1304
https://w27-5yl-ki6-7b9gst-oh1ez.pages.dev/,w27-5yl-ki6-7b9gst-oh1ez.pages.dev,1,43,4,2,7,4.477,1,1,0,0,1,0,0,0.0833,1,0,1,0,dev,0.5,0,0,0,0.0,0,True,2,1,0,,,0,0,0,True,0,Google Trust Services,83,False,,,0.2729
https://ledger.check-tx.com/,ledger.check-tx.com,1,28,1,2,0,3.6421,1,1,0,0,1,0,0,0.0,0,0,0,0,com,0.15,1,0,0,0.0,0,True,2,1,0,4,"OwnRegistrar, Inc.",1,0,1,True,0,Google Trust Services,85,False,,,0.1178
https://dailygalaxy.com,dailygalaxy.com,0,23,0,1,0,3.3232,0,1,0,0,0,0,0,0.0,0,0,0,0,com,0.15,1,0,0,0.0,0,True,2,1,1,7147,"HOSTINGER operations, UAB",0,0,1,True,0,Google Trust Services,35,False,,,0.1115
http://sp29ct-fesqor-biz-lentik-zormel.pages.dev/,sp29ct-fesqor-biz-lentik-zormel.pages.dev,1,49,4,2,2,4.3731,1,0,0,0,1,0,0,0.1667,2,0,2,0,dev,0.5,0,0,0,0.0,0,True,2,1,0,,,0,0,0,True,0,Google Trust Services,80,False,,,0.3041
https://enter-system.com,enter-system.com,0,24,1,1,0,3.3278,0,1,0,0,0,0,0,0.0,0,0,0,0,com,0.15,1,0,0,0.0,0,True,1,0,1,7557,"GoDaddy.com, LLC",0,0,1,False,0,,,False,,,0.1116
https://wtnh.com,wtnh.com,0,16,0,1,0,3.0,0,1,0,0,0,0,0,0.0,0,0,0,0,com,0.15,1,0,0,0.0,0,True,4,0,1,,,0,0,0,True,0,Let's Encrypt,51,False,,,0.105
https://topnotchs.site/blog/signup,topnotchs.site,0,34,0,1,0,3.182,0,1,0,0,12,0,0,0.1667,1,0,1,0,site,0.7,1,0,0,0.0,0,False,0,0,0,,,0,0,0,False,0,,,,,,0.3403
https://wargaming.net/en,wargaming.net,0,24,0,1,0,3.2389,0,1,0,0,3,0,0,0.0,0,0,0,0,net,0.22,1,0,0,0.0,0,True,2,0,1,,,0,0,0,True,0,DigiCert Inc,164,False,,,0.1308
https://mediacdn.vn/products,mediacdn.vn,0,28,0,1,0,3.0958,0,1,0,0,9,0,0,0.0,0,0,0,0,vn,0.5,0,0,0,0.0,0,False,0,0,1,,,0,0,0,False,0,,,,,,0.2119
https://protechts.net,protechts.net,0,21,0,1,0,3.1808,0,1,0,0,0,0,0,0.0,0,0,0,0,net,0.22,1,0,0,0.0,0,True,1,0,0,1014,"NameCheap, Inc.",0,0,1,True,0,Google Trust Services,60,False,,,0.1296
http://sp6ct-nelquar-biz8-frosik-daven.pages.dev/,sp6ct-nelquar-biz8-frosik-daven.pages.dev,1,49,4,2,2,4.3939,1,0,0,0,1,0,0,0.0,0,0,0,0,dev,0.5,0,0,0,0.0,0,True,2,1,0,,,0,0,0,True,0,Google Trust Services,83,False,,,0.2379
https://sp4ct-grelon-biz8-nurex-kalvo.pages.dev/,sp4ct-grelon-biz8-nurex-kalvo.pages.dev,1,48,4,2,2,4.3623,1,1,0,0,1,0,0,0.0,0,0,0,0,dev,0.5,0,0,0,0.0,0,True,2,1,0,,,0,0,0,True,0,Google Trust Services,82,False,,,0.2372
http://xelzora-gld-lormeta-c2x3hp91.pages.dev/appeals/submit-appeal-form/return,xelzora-gld-lormeta-c2x3hp91.pages.dev,1,79,3,2,4,4.2936,1,0,0,0,34,0,0,0.0,0,0,0,0,dev,0.5,0,0,0,0.0,0,True,2,1,0,,,0,0,0,True,0,Google Trust Services,83,False,,,0.2359
https://radar.com,radar.com,0,17,0,1,0,2.7255,0,1,0,0,0,0,0,0.0833,1,0,1,0,com,0.15,1,0,0,0.0,0,True,1,1,1,11546,"GoDaddy.com, LLC",0,0,1,True,0,Google Trust Services,87,False,,,0.1328
https://oba.gov.tr,oba.gov.tr,0,18,0,2,0,2.9219,1,1,0,0,0,0,0,0.1667,2,0,2,0,tr,0.5,0,0,0,0.0,0,True,1,0,0,1677,,0,0,1,True,0,Sectigo Limited,143,False,,,0.2751
https://epicentrk.ua,epicentrk.ua,0,20,0,1,0,3.4183,0,1,0,0,0,0,0,0.0,0,0,0,0,ua,0.5,0,0,0,0.0,0,True,2,1,1,,"ТОВ ""Інтернет Інвест""",0,0,1,True,0,Google Trust Services,46,False,,,0.2184
https://www.moleskine.com/home/,www.moleskine.com,0,31,0,2,0,3.3372,1,1,0,0,6,0,0,0.0,0,0,0,0,com,0.15,1,0,0,0.0,0,True,1,0,0,9661,CSL Computer Service Langenbach GmbH d/b/a joker.com,0,0,1,True,0,DigiCert Inc,89,False,,,0.1117
https://www.alipay.com/,www.alipay.com,0,23,0,2,0,3.182,1,1,0,0,1,0,0,0.0,0,0,0,0,com,0.15,1,0,0,0.0,0,True,8,1,0,7962,"Alibaba Cloud Computing (Beijing) Co., Ltd.",0,0,1,False,0,,,,,,0.1086
https://auth-netfliix-mov.vercel.app/,auth-netfliix-mov.vercel.app,1,37,2,2,0,4.0661,1,1,0,0,1,0,0,0.1667,2,0,2,0,app,0.35,1,0,0,0.0,0,True,2,0,0,,,0,0,0,True,0,Google Trust Services,60,False,,,0.253
https://api-sports.io,api-sports.io,0,21,1,1,0,3.0851,0,1,0,0,0,0,0,0.3333,3,0,3,0,io,0.28,1,0,0,0.0,0,True,2,1,1,2349,IONOS SE,0,0,1,True,0,Let's Encrypt,82,False,,,0.279
http://sp3ct-borsel-biz8-qavrik-hudor.pages.dev/appeals/submit-appeal-form/return,sp3ct-borsel-biz8-qavrik-hudor.pages.dev,1,81,4,2,2,4.3653,1,0,0,0,34,0,0,0.0,0,0,0,0,dev,0.5,0,0,0,0.0,0,True,2,1,0,,,0,0,0,True,0,Google Trust Services,82,False,,,0.2373
http://moonpay-commerce-gqlf07hkp-heliofi.vercel.app/,moonpay-commerce-gqlf07hkp-heliofi.vercel.app,1,53,3,2,2,4.189,1,0,0,0,1,0,0,0.0833,1,0,1,0,app,0.35,1,0,0,0.0,0,True,2,0,0,,,0,0,0,True,0,Google Trust Services,60,False,,,0.2221
https://bcb.gov.br,bcb.gov.br,0,18,0,2,0,2.6464,1,1,0,0,0,0,0,0.1667,2,0,2,0,br,0.5,0,0,0,0.0,0,True,1,0,1,11143,,0,0,1,True,0,DigiCert Inc,155,False,,,0.2696
https://guide-ledger-desktops-com.typedream.app/,guide-ledger-desktops-com.typedream.app,1,48,3,2,0,3.9453,1,1,0,0,1,0,0,0.0833,1,0,1,0,app,0.35,1,0,0,0.0,0,True,2,0,0,,,0,0,0,True,0,Google Trust Services,88,False,,,0.2172
https://www.saic.com/,www.saic.com,0,21,0,2,0,2.8554,1,1,0,0,1,0,0,0.0833,1,0,1,0,com,0.15,1,0,0,0.0,0,True,1,0,0,,,0,0,0,True,0,DigiCert Inc,171,False,,,0.1354
https://meduza.io,meduza.io,0,17,0,1,0,3.1699,0,1,0,0,0,0,0,0.0,0,0,0,0,io,0.28,1,0,0,0.0,0,True,2,1,1,4389,"NameCheap, Inc.",0,0,1,True,0,Let's Encrypt,89,False,,,0.1474
https://odn.ad.jp,odn.ad.jp,0,17,0,2,0,2.7255,1,1,0,0,0,0,0,0.0,0,0,0,0,jp,0.5,0,0,0,0.0,0,True,1,0,1,10813,,0,0,1,False,0,,,False,,,0.2045
https://avantel.ru,avantel.ru,0,18,0,1,0,3.1219,0,1,0,0,0,0,0,0.0,0,0,0,0,ru,0.5,0,0,0,0.0,0,True,1,0,1,8673,RU-CENTER-RU,0,0,1,True,0,GlobalSign nv-sa,20,False,,,0.2124
https://laodong.vn,laodong.vn,0,18,0,1,0,2.9219,0,1,0,0,0,0,0,0.0,0,0,0,0,vn,0.5,0,0,0,0.0,0,True,1,0,1,,,0,0,0,True,0,Sectigo Limited,155,False,,,0.2084
http://tiktok-indonesia.netlify.app/,tiktok-indonesia.netlify.app,1,36,1,2,0,3.7534,1,0,0,0,1,0,0,0.0833,1,0,1,0,app,0.35,1,0,0,0.0,0,True,2,1,0,,,0,0,0,True,0,DigiCert Inc,234,False,,,0.2134
https://lesoir.be,lesoir.be,0,17,0,1,0,2.9477,0,1,0,0,0,0,0,0.0,0,0,0,0,be,0.5,0,0,0,0.0,0,True,2,1,1,11081,,0,0,1,True,0,Let's Encrypt,68,False,,,0.209
http://sp3ct-barnik-biz8-fesqor-mulad.pages.dev/appeals/submit-appeal-form/return,sp3ct-barnik-biz8-fesqor-mulad.pages.dev,1,81,4,2,2,4.4653,1,0,0,0,34,0,0,0.0,0,0,0,0,dev,0.5,0,0,0,0.0,0,True,2,1,0,,,0,0,0,True,0,Google Trust Services,82,False,,,0.2393
https://openhostingservice.com,openhostingservice.com,0,30,0,1,0,3.6635,0,1,0,0,0,0,0,0.0,0,0,0,0,com,0.15,1,0,0,0.0,0,True,2,0,1,4642,"MarkMonitor, Inc.",0,0,1,False,0,,,False,,,0.1183
https://eboblack.com,eboblack.com,0,20,0,1,0,3.085,0,1,0,0,0,0,0,0.0,0,0,0,0,com,0.15,1,0,0,0.0,0,True,2,0,0,1639,Danesco Trading Ltd.,0,1,1,True,0,Google Trust Services,45,False,,,0.1067
https://dishadaily.com,dishadaily.com,0,22,0,1,0,3.3788,0,1,0,0,0,0,0,0.0,0,0,0,0,com,0.15,1,0,0,0.0,0,True,3,1,1,2427,"GoDaddy.com, LLC",0,0,1,True,0,Google Trust Services,69,False,,,0.1126
https://wscvip.top/products,wscvip.top,0,27,0,1,0,3.1219,0,1,0,0,9,0,0,0.0,0,0,0,0,top,0.9,1,0,0,0.0,0,False,0,0,0,1698,Alibaba Cloud Computing Ltd. d/b/a HiChina (www.net.cn),0,1,1,False,0,,,,,,0.3324
https://www.softpedia.com/,www.softpedia.com,0,26,0,2,0,3.5725,1,1,0,0,1,0,0,0.0,0,0,0,0,com,0.15,1,0,0,0.0,0,True,2,1,0,8439,Instra Corporation Pty Ltd.,0,1,1,True,0,Sectigo Limited,116,False,,,0.1164
https://lyse.net/about,lyse.net,0,22,0,1,0,2.75,0,1,0,0,6,0,0,0.0,0,0,0,0,net,0.22,1,0,0,0.0,0,True,1,0,1,8799,Domeneshop AS dba domainnameshop.com,0,0,1,False,0,,,,,,0.121
https://qvdt3feo.com,qvdt3feo.com,0,20,0,1,1,3.4183,0,1,0,0,0,0,0,0.0,0,0,0,0,com,0.15,1,0,0,0.0,0,True,8,0,0,1533,"Amazon Registrar, Inc.",0,0,1,True,0,Amazon,202,False,,,0.1134
http://validate.perfdrive.com/d5bd5333eafe8b0ccd6023ba818d1aa6/?ssa=edc96ea8-52d5-4ec9-8296-c7839d781ba8&ssb=31329275741&ssc=https://mn.gov/&ssi=16e74dd6-bf56-4234-8db6-31748b90d3de&ssk=support@shieldsquare.com&ssm=11294450631336227107244374574961&ssn=859583bd809c4576b045c7e3d72c88218ac1a10a1e8f-b34d-40f2-b25055&sso=8ae3921b-5571102a21e55b62e8f905b34589333958e7670523ebfaa3&ssp=46765125231785242231178523501903873&ssq=17184361293438404240012934195975981308398&ssr=MTA0LjI4LjE2MS4yMzM=&sst=Python/3.12+aiohttp/3.9.5&ssu=&ssv=&ssw=&ssx=W10=,validate.perfdrive.com,0,540,0,2,0,3.6978,1,0,0,1,34,16,36,0.0,0,0,0,0,com,0.15,1,0,0,0.0,0,True,1,0,0,4340,"GoDaddy.com, LLC",0,0,1,True,0,"GoDaddy.com, Inc.",60,False,,,0.119
https://atom.com,atom.com,0,16,0,1,0,2.5,0,1,0,0,0,0,0,0.0,0,0,0,0,com,0.15,1,0,0,0.0,0,True,2,1,1,11359,"Cloudflare, Inc.",0,0,1,True,0,Google Trust Services,39,False,,,0.095
http://sp6ct-zarnel-biz8-quasik-torven.pages.dev/appeals/submit-appeal-form/return,sp6ct-zarnel-biz8-quasik-torven.pages.dev,1,82,4,2,2,4.3451,1,0,0,0,34,0,0,0.0,0,0,0,0,dev,0.5,0,0,0,0.0,0,True,2,1,0,,,0,0,0,True,0,Google Trust Services,83,False,,,0.2369
https://omni.se,omni.se,0,15,0,1,0,2.8074,0,1,0,0,0,0,0,0.0,0,0,0,0,se,0.5,0,0,0,0.0,0,True,2,0,1,6957,ExcedoNetworksAB,0,0,1,True,0,Let's Encrypt,56,False,,,0.2061
https://web-web-embed-iframe-test-harness-uniswap.vercel.app/explore/tokens/ethereum/0x4c9EDD5852cd905f086C759E8383e09bff1E68B3?chain=multichain,web-web-embed-iframe-test-harness-uniswap.vercel.app,1,144,6,2,0,3.9878,1,1,0,0,67,1,2,0.4167,3,0,5,0,app,0.35,1,0,0,0.0,0,True,2,0,0,,,0,0,0,True,0,Google Trust Services,60,False,,,0.3514
https://pro32connect.ru/ru/,pro32connect.ru,0,27,0,1,2,3.3736,0,1,0,0,4,0,0,0.0,0,0,0,0,ru,0.5,0,0,0,0.0,0,True,9,0,1,1006,RU-CENTER-RU,0,0,1,True,0,Let's Encrypt,53,False,,,0.2175
https://www.tupaki.com/,www.tupaki.com,0,23,0,2,0,3.3249,1,1,0,0,1,0,0,0.0,0,0,0,0,com,0.15,1,0,0,0.0,0,True,4,0,0,7015,Moniker Online Services LLC,0,1,1,True,0,Amazon,178,False,,,0.1115
https://quick-blue-tick.surge.sh/,quick-blue-tick.surge.sh,1,33,2,2,0,3.8035,1,1,0,0,1,0,0,0.0,0,0,0,0,sh,0.5,0,0,0,0.0,0,True,1,0,0,,,0,0,0,True,0,Sectigo Limited,141,False,,,0.2261
http://facebook-prime.blogspot.com/,facebook-prime.blogspot.com,1,35,1,2,0,3.8805,1,0,0,0,1,0,0,0.0,0,0,0,0,com,0.15,1,0,0,0.0,0,True,2,1,0,,,0,0,0,True,0,Google Trust Services,55,False,,,0.1226
https://www.espace-citoyens.net/,www.espace-citoyens.net,0,32,1,2,0,3.5342,1,1,0,0,1,0,0,0.0,0,0,0,0,net,0.22,1,0,0,0.0,0,True,1,0,1,,,0,0,0,True,0,DigiCert Ireland Limited,161,False,,,0.1367
https://fnstat.lol/,fnstat.lol,1,19,0,1,0,2.9219,0,1,0,0,1,0,0,0.0,0,0,0,0,lol,0.5,0,0,0,0.0,0,False,0,0,0,,,0,0,0,False,0,,,,,,0.2084
https://www.dc.crsorgi.gov.in.index.crs.certificate4.com/,www.dc.crsorgi.gov.in.index.crs.certificate4.com,1,57,0,8,1,3.8478,7,1,0,0,1,0,0,0.0833,1,0,1,0,com,0.15,1,0,0,0.0,0,True,1,0,0,37,"GoDaddy.com, LLC",0,0,1,True,0,Let's Encrypt,57,False,,,0.1553
https://xeovo.net/support/contact,xeovo.net,0,33,0,1,0,2.7255,0,1,0,0,16,0,0,0.0,0,0,0,0,net,0.22,1,0,0,0.0,0,False,0,0,0,,,0,0,0,False,0,,,,,,0.1205
https://iqxleb.github.io/Netflix-by-iq-Xleb-/,iqxleb.github.io,1,45,0,2,0,3.4528,1,1,0,0,21,0,0,0.0,0,0,0,0,io,0.28,1,0,0,0.0,0,True,4,1,0,,,0,0,0,True,0,Let's Encrypt,36,False,,,0.1531
http://sp5ct-murel-biz8-kavor-henix.pages.dev/appeals/submit-appeal-form/return,sp5ct-murel-biz8-kavor-henix.pages.dev,1,79,4,2,2,4.4585,1,0,0,0,34,0,0,0.0,0,0,0,0,dev,0.5,0,0,0,0.0,0,True,2,1,0,,,0,0,0,True,0,Google Trust Services,83,False,,,0.2392
https://baidubce.com/products,baidubce.com,0,29,0,1,0,3.2516,0,1,0,0,9,0,0,0.0,0,0,0,0,com,0.15,1,0,0,0.0,0,True,2,0,1,4413,Key-Systems GmbH,0,1,1,False,0,,,,,,0.11
https://cavelodata.com/products,cavelodata.com,0,31,0,1,0,3.182,0,1,0,0,9,0,0,0.0,0,0,0,0,com,0.15,1,0,0,0.0,0,False,0,0,1,2170,"Amazon Registrar, Inc.",0,0,1,False,0,,,,,,0.1086
https://defensacentral.com,defensacentral.com,0,26,0,1,0,3.5724,0,1,0,0,0,0,0,0.0,0,0,0,0,com,0.15,1,0,0,0.0,0,True,3,1,1,,,0,0,0,True,0,Google Trust Services,44,False,,,0.1164
https://typesense.net/en-us/home,typesense.net,0,32,0,1,0,2.6235,0,1,0,0,11,0,0,0.0,0,0,0,0,net,0.22,1,0,0,0.0,0,False,0,0,0,,,0,0,0,False,0,,,,,,0.1185
https://state.co.us/blog/team,state.co.us,0,29,0,2,0,2.914,1,1,0,0,10,0,0,0.0,0,0,0,0,us,0.5,0,0,0,0.0,0,True,1,0,1,8573,US Locality Zone Manager,0,0,1,False,0,,,,,,0.2083
https://soccer.com,soccer.com,0,18,0,1,0,2.6464,0,1,0,0,0,0,0,0.0,0,0,0,0,com,0.15,1,0,0,0.0,0,True,2,1,1,,,0,0,0,True,0,Google Trust Services,75,False,,,0.0979
https://adelaide.edu.au/,adelaide.edu.au,0,24,0,2,0,2.6892,1,1,0,0,1,0,0,0.0,0,0,0,0,au,0.5,0,0,0,0.0,0,True,4,0,1,,Education Services Australia Limited,0,0,1,True,0,Sectigo Limited,72,False,,,0.2038
http://vormora-gld-belmita-c3x4hp76.pages.dev/appeals/submit-appeal-form/return,vormora-gld-belmita-c3x4hp76.pages.dev,1,79,3,2,4,4.3989,1,0,0,0,34,0,0,0.0,0,0,0,0,dev,0.5,0,0,0,0.0,0,True,2,1,0,,,0,0,0,True,0,Google Trust Services,82,False,,,0.238
http://sp3ct-kersel-biz8-movqik-hurad.pages.dev/appeals/submit-appeal-form/return,sp3ct-kersel-biz8-movqik-hurad.pages.dev,1,81,4,2,2,4.4031,1,0,0,0,34,0,0,0.0,0,0,0,0,dev,0.5,0,0,0,0.0,0,True,2,1,0,,,0,0,0,True,0,Google Trust Services,82,False,,,0.2381
https://www.ibercaja.es,www.ibercaja.es,0,23,0,2,0,3.1899,1,1,0,0,0,0,0,0.0,0,0,0,0,es,0.5,0,0,0,0.0,0,True,1,0,0,,,0,0,0,True,0,DigiCert Inc,148,False,,,0.2138
https://xwtlj92lowi-mpyfkhb-7a1c0f-xwt11c.pages.dev/welcome_aboard?welcome=1000045790640960&token248=1000045790640960&name_token136=Adrian%20Estevez%20-%20USCCA,xwtlj92lowi-mpyfkhb-7a1c0f-xwt11c.pages.dev,1,160,3,2,7,4.6759,1,1,0,0,15,3,11,0.0,0,0,0,0,dev,0.5,0,0,0,0.0,0,True,2,1,0,,,0,0,0,True,0,Google Trust Services,86,False,,,0.2435
https://www.funkemedien.de/de/,www.funkemedien.de,0,30,0,2,0,3.128,1,1,0,0,4,0,0,0.0,0,0,0,0,de,0.5,0,0,0,0.0,0,True,1,1,1,,,0,0,0,True,0,Let's Encrypt,72,False,,,0.2126
https://trust-ledger-login-patch-docker.vercel.app/ledger%20form/verify.html/,trust-ledger-login-patch-docker.vercel.app,1,77,4,2,0,4.044,1,1,0,0,27,0,1,0.2333,1,0,1,1,app,0.35,1,0,0,0.0,0,True,2,0,0,,,0,0,0,True,0,Google Trust Services,60,False,,,0.2792
https://identity.digital/,identity.digital,0,25,0,1,0,3.0778,0,1,0,0,1,0,0,0.0,0,0,0,0,digital,0.5,0,0,0,0.0,0,True,1,0,1,,,0,0,0,True,0,Google Trust Services,71,False,,,0.2116
https://unico.app/api/v1/status,unico.app,0,31,0,1,0,2.9477,0,1,0,0,14,0,0,0.0833,1,0,1,0,app,0.35,1,0,0,0.0,0,False,0,0,0,,,0,0,0,False,0,,,,,,0.1973
https://mgjhhcvbvmik.eu.cc/es,mgjhhcvbvmik.eu.cc,1,29,0,2,0,3.4613,1,1,0,0,3,0,0,0.0,0,0,0,0,cc,0.5,0,0,0,0.0,0,True,1,0,0,10515,Gname.com Pte. Ltd.,0,1,1,True,0,Let's Encrypt,87,False,,,0.2192
https://dssott.com/login,dssott.com,0,24,0,1,0,2.7219,0,1,0,0,6,0,0,0.0,0,0,0,0,com,0.15,1,0,0,0.0,0,False,0,0,0,,,0,0,0,False,0,,,,,,0.0994
https://rack.space/update/index.html,rack.space,0,36,0,1,0,2.9219,0,1,0,0,18,0,0,0.0,0,0,0,0,space,0.5,0,0,0,0.0,0,True,1,0,0,,,0,0,0,False,0,,,,,,0.2084
https://fortcasier.com/,fortcasier.com,1,23,0,1,0,3.3788,0,1,0,0,1,0,0,0.0,0,0,0,0,com,0.15,1,0,0,0.0,0,True,2,1,0,,,0,0,0,True,0,Let's Encrypt,68,False,,,0.1126
https://job-medley.com,job-medley.com,0,22,1,1,0,3.3788,0,1,0,0,0,0,0,0.0833,1,0,1,0,com,0.15,1,0,0,0.0,0,True,3,0,1,,,0,0,0,True,0,Amazon,231,False,,,0.1459
https://www.coursehero.com/,www.coursehero.com,0,27,0,2,0,3.1972,1,1,0,0,1,0,0,0.0,0,0,0,0,com,0.15,1,0,0,0.0,0,True,2,0,0,,,0,0,0,True,0,Google Trust Services,72,False,,,0.1089
https://cbi5z-w93-sqt-xfj-7l4a-e4dngn.pages.dev/,cbi5z-w93-sqt-xfj-7l4a-e4dngn.pages.dev,1,48,5,2,6,4.5068,1,1,0,0,1,0,0,0.0833,1,0,1,0,dev,0.5,0,0,0,0.0,0,True,2,1,0,,,0,0,0,False,0,,,,,,0.2735
https://n19ssvip.top/index/user/login.html,n19ssvip.top,1,42,0,1,2,3.2516,0,1,0,0,22,0,0,0.0,0,0,0,0,top,0.9,1,0,0,0.0,0,True,2,1,0,,,0,0,0,True,0,Google Trust Services,88,False,,,0.335
https://robinhood-loginv.gitbook.io/,robinhood-loginv.gitbook.io,1,36,1,2,0,3.4345,1,1,0,0,1,0,0,0.0,0,0,0,0,io,0.28,1,0,0,0.0,0,True,2,1,0,,,0,0,0,True,0,Google Trust Services,79,False,,,0.1527
https://www.oucnyi.kim/de,www.oucnyi.kim,1,25,0,2,0,3.182,1,1,0,0,3,0,0,0.1667,2,0,2,0,kim,0.5,0,0,0,0.0,0,True,1,0,0,,,0,0,0,False,0,,,,,,0.2803
https://hkex.com.hk/search?q=pricing,hkex.com.hk,0,36,0,2,0,2.914,1,1,0,0,7,1,2,0.0,0,0,0,0,hk,0.5,0,0,0,0.0,0,True,2,0,1,9703,Hong Kong Domain Name Registration Company Limited,0,0,1,False,0,,,,,,0.2083
https://ajay09kn.github.io/Spotify-Webplayer-Clone,ajay09kn.github.io,1,50,0,2,2,3.8366,1,1,0,0,24,0,0,0.0,0,0,0,0,io,0.28,1,0,0,0.0,0,True,4,1,0,,,0,0,0,False,0,,,,,,0.1607
https://kinescope.com/,kinescope.com,0,22,0,1,0,3.2389,0,1,0,0,1,0,0,0.0,0,0,0,0,com,0.15,1,0,0,0.0,0,True,3,1,1,,,0,0,0,True,0,Google Trust Services,62,False,,,0.1098
https://www.showroomprive.com,www.showroomprive.com,0,29,0,2,0,3.3447,1,1,0,0,0,0,0,0.0,0,0,0,0,com,0.15,1,0,0,0.0,0,True,2,0,0,7396,Nameshield SAS,0,0,1,False,0,,,,,,0.1119
https://sp6ct-lomvik-biz8-freskan-vordel.pages.dev/,sp6ct-lomvik-biz8-freskan-vordel.pages.dev,1,51,4,2,2,4.3564,1,1,0,0,1,0,0,0.0,0,0,0,0,dev,0.5,0,0,0,0.0,0,True,2,1,0,,,0,0,0,True,0,Google Trust Services,83,False,,,0.2371
https://bits.media,bits.media,0,18,0,1,0,3.1219,0,1,0,0,0,0,0,0.0833,1,0,1,0,media,0.5,0,0,0,0.0,0,True,2,0,1,,,0,0,0,False,0,,,,,,0.2458
https://3rxr3xr3x.pages.dev/,3rxr3xr3x.pages.dev,1,28,0,2,3,3.2866,1,1,0,0,1,0,0,0.0,0,0,0,0,dev,0.5,0,0,0,0.0,0,True,2,1,0,,,0,0,0,True,0,Google Trust Services,62,False,,,0.2157
https://trezr-sutehlp-web.wasmer.app/,trezr-sutehlp-web.wasmer.app,1,37,2,2,0,3.7534,1,1,0,0,1,0,0,0.25,3,0,3,0,app,0.35,1,0,0,0.0,0,True,1,1,0,,,0,0,0,True,0,Let's Encrypt,47,False,,,0.2801
https://mevblocker.io,mevblocker.io,0,21,0,1,0,3.3927,0,1,0,0,0,0,0,0.0,0,0,0,0,io,0.28,1,0,0,0.0,0,True,2,1,0,1225,"Cloudflare, Inc",0,0,1,False,0,,,,,,0.1519
https://stellar-sherbet-1b477b.netlify.app/www.roblox.com/Login.html,stellar-sherbet-1b477b.netlify.app,1,68,2,2,4,4.0209,1,1,0,0,26,0,0,0.0833,1,0,1,0,app,0.35,1,0,0,0.0,0,True,2,1,0,,,0,0,0,True,0,DigiCert Inc,234,False,,,0.2187
https://smokva.com/help/index.html,smokva.com,0,34,0,1,0,2.9219,0,1,0,0,16,0,0,0.0,0,0,0,0,com,0.15,1,0,0,0.0,0,True,3,0,1,,,0,0,0,False,0,,,,,,0.1034
https://f1686s.com/about,f1686s.com,0,24,0,1,4,3.1219,0,1,0,0,6,0,0,0.0,0,0,0,0,com,0.15,1,0,0,0.0,0,False,0,0,0,,,0,0,0,False,0,,,,,,0.1074
http://sp3ct-yolvak-biz8-harsel-ludem.pages.dev/appeals/submit-appeal-form/return,sp3ct-yolvak-biz8-harsel-ludem.pages.dev,1,81,4,2,2,4.3653,1,0,0,0,34,0,0,0.0,0,0,0,0,dev,0.5,0,0,0,0.0,0,True,2,1,0,,,0,0,0,True,0,Google Trust Services,82,False,,,0.2373
https://www.nottingham.ac.uk/,www.nottingham.ac.uk,0,29,0,3,0,3.5464,2,1,0,0,1,0,0,0.0,0,0,0,0,uk,0.5,0,0,0,0.0,0,True,1,0,0,,,0,0,0,False,0,,,,,,0.2209
http://sp25ct7-lornix-biz-farsik-kavtor.pages.dev/,sp25ct7-lornix-biz-farsik-kavtor.pages.dev,1,50,4,2,3,4.4157,1,0,0,0,1,0,0,0.1667,2,0,2,0,dev,0.5,0,0,0,0.0,0,True,2,1,0,,,0,0,0,True,0,Google Trust Services,80,False,,,0.305
http://www.facebook-services-login.blogspot.com/,www.facebook-services-login.blogspot.com,1,48,2,3,0,4.0898,2,0,0,0,1,0,0,0.0,0,0,0,1,com,0.15,1,0,0,0.0,0,True,2,1,0,,,0,0,0,False,0,,,False,,,0.1268
https://simplybook.me/en/,simplybook.me,0,25,0,1,0,3.3927,0,1,0,0,4,0,0,0.0,0,0,0,0,me,0.5,0,0,0,0.0,0,True,1,0,1,5610,"GoDaddy.com, LLC",0,0,1,False,0,,,,,,0.2179
http://sp4ct-zardevon-biz8-kurel-fasim.pages.dev/appeals/submit-appeal-form/return,sp4ct-zardevon-biz8-kurel-fasim.pages.dev,1,82,4,2,2,4.3939,1,0,0,0,34,0,0,0.0,0,0,0,0,dev,0.5,0,0,0,0.0,0,True,2,1,0,,,0,0,0,True,0,Google Trust Services,83,False,,,0.2379
https://www.lyricalhost.com/,www.lyricalhost.com,0,28,0,2,0,3.5766,1,1,0,0,1,0,0,0.0,0,0,0,0,com,0.15,1,0,0,0.0,0,True,1,0,0,,,0,0,0,False,0,,,,,,0.1165
https://www.rottentomatoes.com/,www.rottentomatoes.com,0,31,0,2,0,3.2433,1,1,0,0,1,0,0,0.0,0,0,0,0,com,0.15,1,0,0,0.0,0,True,4,1,0,9936,"MarkMonitor, Inc.",0,0,1,True,0,DigiCert Inc,82,False,,,0.1099
http://kropt-skrunt-qtwiz-8pu59a-hrjx-zbytor.pages.dev/,kropt-skrunt-qtwiz-8pu59a-hrjx-zbytor.pages.dev,1,55,5,2,3,4.5256,1,0,0,0,1,0,0,0.0,0,0,0,0,dev,0.5,0,0,0,0.0,0,True,2,1,0,,,0,0,0,True,0,Google Trust Services,81,False,,,0.2405
https://mood-posting-graph-cnet.trycloudflare.com/,mood-posting-graph-cnet.trycloudflare.com,1,50,3,2,0,4.1715,1,1,0,0,1,0,0,0.0,0,0,0,0,com,0.15,1,0,0,0.0,0,False,0,0,0,,,0,0,0,False,0,,,,,,0.1284
http://ccguydelivery.netlify.app/,ccguydelivery.netlify.app,1,33,0,2,0,3.8635,1,0,0,0,1,0,0,0.0833,1,0,1,0,app,0.35,1,0,0,0.0,0,True,2,1,0,,,0,0,0,True,0,DigiCert Inc,234,False,,,0.2156
https://amazon-ae-relay.apps.prov.cx/,amazon-ae-relay.apps.prov.cx,1,37,2,3,0,3.7674,2,1,0,0,1,0,0,0.0833,1,0,1,0,cx,0.5,0,0,0,0.0,0,True,1,0,0,20,CentralNic Ltd,1,0,1,True,0,Let's Encrypt,88,False,,,0.2587
http://qvp2dqtwilw-plixy208nnx-2b3c6d-gre7l.pages.dev/,qvp2dqtwilw-plixy208nnx-2b3c6d-gre7l.pages.dev,1,54,3,2,8,4.5555,1,0,0,0,1,0,0,0.0,0,0,0,0,dev,0.5,0,0,0,0.0,0,True,2,1,0,,,0,0,0,True,0,Google Trust Services,81,False,,,0.2411
http://landing3-web-lcgz.vercel.app/,landing3-web-lcgz.vercel.app,1,36,2,2,1,3.9677,1,0,0,0,1,0,0,0.25,3,0,3,0,app,0.35,1,0,0,0.0,0,True,2,0,0,,,0,0,0,True,0,Google Trust Services,60,False,,,0.2844
http://zy7tgo-1mziw-86tb2-vshk8t.pages.dev/appeals/submit-appeal-form/return,zy7tgo-1mziw-86tb2-vshk8t.pages.dev,1,76,3,2,6,4.4576,1,0,0,0,34,0,0,0.0,0,0,0,0,dev,0.5,0,0,0,0.0,0,True,2,1,0,,,0,0,0,True,0,Google Trust Services,83,False,,,0.2392
https://helply.com/,helply.com,0,19,0,1,0,3.1219,0,1,0,0,1,0,0,0.0,0,0,0,0,com,0.15,1,0,0,0.0,0,True,1,0,1,6962,"GoDaddy.com, LLC",0,0,1,True,0,Let's Encrypt,31,False,,,0.1074
https://tocb-fij8nt-d7i8l2-38nz-7znz3t.pages.dev/,tocb-fij8nt-d7i8l2-38nz-7znz3t.pages.dev,1,49,4,2,8,4.3464,1,1,0,0,1,0,0,0.0,0,0,0,0,dev,0.5,0,0,0,0.0,0,True,2,1,0,,,0,0,0,True,0,Google Trust Services,83,False,,,0.2369
http://sp6ct-wernik-biz8-caskor-luvren.pages.dev/appeals/submit-appeal-form/return,sp6ct-wernik-biz8-caskor-luvren.pages.dev,1,82,4,2,2,4.3451,1,0,0,0,34,0,0,0.0,0,0,0,0,dev,0.5,0,0,0,0.0,0,True,2,1,0,,,0,0,0,True,0,Google Trust Services,83,False,,,0.2369
https://facebook-mark.blogspot.com/,facebook-mark.blogspot.com,1,35,1,2,0,3.7924,1,1,0,0,1,0,0,0.0,0,0,0,0,com,0.15,1,0,0,0.0,0,True,2,1,0,,,0,0,0,True,0,Google Trust Services,55,False,,,0.1208
http://dulcet-gnome-53755c.netlify.app/,dulcet-gnome-53755c.netlify.app,1,39,2,2,5,4.1958,1,0,0,0,1,0,0,0.0833,1,0,1,0,app,0.35,1,0,0,0.0,0,True,2,1,0,,,0,0,0,True,0,DigiCert Inc,234,False,,,0.2222
https://www.riu.com/en,www.riu.com,0,22,0,2,0,2.8454,1,1,0,0,3,0,0,0.0,0,0,0,0,com,0.15,1,0,0,0.0,0,True,2,0,0,10114,Eurodns S.A.,0,0,1,True,0,Google Trust Services,74,False,,,0.1019
https://jayendra4pratap-collab.github.io/NetflixPage/,jayendra4pratap-collab.github.io,1,53,1,2,1,4.1372,1,1,0,0,13,0,0,0.0,0,0,0,0,io,0.28,1,0,0,0.0,0,True,4,1,0,,,0,0,0,True,0,Let's Encrypt,36,False,,,0.1667
https://f-cdn.com/login,f-cdn.com,0,23,1,1,0,2.9477,0,1,0,0,6,0,0,0.0,0,0,0,0,com,0.15,1,0,0,0.0,0,False,0,0,1,5103,"eNom, LLC",0,0,1,False,0,,,,,,0.104
https://thrillshare.com/,thrillshare.com,0,24,0,1,0,3.5069,0,1,0,0,1,0,0,0.0,0,0,0,0,com,0.15,1,0,0,0.0,0,True,4,0,1,5766,"GoDaddy.com, LLC",0,0,1,True,0,Amazon,83,False,,,0.1151
http://sp6ct-renvok-biz8-dralek-sovrin.pages.dev/appeals/submit-appeal-form/return,sp6ct-renvok-biz8-dralek-sovrin.pages.dev,1,82,4,2,2,4.2291,1,0,0,0,34,0,0,0.0,0,0,0,0,dev,0.5,0,0,0,0.0,0,True,2,1,0,,,0,0,0,True,0,Google Trust Services,83,False,,,0.2346
https://www.seikowatches.com/,www.seikowatches.com,0,29,0,2,0,3.4219,1,1,0,0,1,0,0,0.0,0,0,0,0,com,0.15,1,0,0,0.0,0,True,2,1,0,10321,"MarkMonitor, Inc.",0,0,1,True,0,"GoDaddy.com, Inc.",53,False,,,0.1134
https://maczixs.us.cc/5g/home.html,maczixs.us.cc,1,34,0,2,0,3.027,1,1,0,0,13,0,0,0.0,0,0,0,0,cc,0.5,0,0,0,0.0,0,True,1,0,0,7416,Gname.com Pte. Ltd.,0,1,1,True,0,Let's Encrypt,87,False,,,0.2105
https://urlshort-linkms1sdpdqm4sl.1njwmg0zbt.workers.dev/f6gdju,urlshort-linkms1sdpdqm4sl.1njwmg0zbt.workers.dev,1,63,1,3,4,4.4885,2,1,0,0,7,0,0,0.0,0,0,0,0,dev,0.5,0,0,0,0.0,0,True,2,1,0,,,0,0,0,True,0,Google Trust Services,87,False,,,0.2398
https://lynk.id,lynk.id,0,15,0,1,0,2.8074,0,1,0,0,0,0,0,0.0,0,0,0,0,id,0.5,0,0,0,0.0,0,True,2,1,1,,,0,0,0,True,0,DigiCert Inc,210,False,,,0.2061
https://dns-expired.com/docs/index.html,dns-expired.com,0,39,1,1,0,3.6402,0,1,0,0,16,0,0,0.0833,1,0,1,0,com,0.15,1,0,0,0.0,0,False,0,0,0,971,"HOSTINGER operations, UAB",0,0,1,False,0,,,,,,0.1511
https://www.loginmyfacebook.blogspot.com/,www.loginmyfacebook.blogspot.com,1,41,0,3,0,3.9056,2,1,0,0,1,0,0,0.0,0,0,0,0,com,0.15,1,0,0,0.0,0,True,2,1,0,,,0,0,0,False,0,,,False,,,0.1231
http://fcss54lkwg-zbyrk65spli-3ce41c-zby9q.pages.dev/,fcss54lkwg-zbyrk65spli-3ce41c-zby9q.pages.dev,1,53,3,2,8,4.5526,1,0,0,0,1,0,0,0.0,0,0,0,0,dev,0.5,0,0,0,0.0,0,True,2,1,0,,,0,0,0,True,0,Google Trust Services,81,False,,,0.2411
https://desktop-ledger-start.pages.dev/,desktop-ledger-start.pages.dev,1,39,2,2,0,3.6444,1,1,0,0,1,0,0,0.0,0,0,0,0,dev,0.5,0,0,0,0.0,0,True,2,1,0,,,0,0,0,True,0,Google Trust Services,53,False,,,0.2229
http://maxispointsredemption.us.cc/4g/,maxispointsredemption.us.cc,1,38,0,2,0,3.8101,1,0,0,0,4,0,0,0.0,0,0,0,0,cc,0.5,0,0,0,0.0,0,True,1,0,0,7416,Gname.com Pte. Ltd.,0,1,1,True,0,Let's Encrypt,64,False,,,0.2262
https://staticfile-sntandre.wasmer.app/,staticfile-sntandre.wasmer.app,1,39,1,2,0,3.8314,1,1,0,0,1,0,0,0.0833,1,0,1,0,app,0.35,1,0,0,0.0,0,True,1,1,0,,,0,0,0,True,0,Let's Encrypt,47,False,,,0.2149
http://sp3ct-kavrik-biz8-morsel-huden.pages.dev/appeals/submit-appeal-form/return,sp3ct-kavrik-biz8-morsel-huden.pages.dev,1,81,4,2,2,4.4031,1,0,0,0,34,0,0,0.0,0,0,0,0,dev,0.5,0,0,0,0.0,0,True,2,1,0,,,0,0,0,True,0,Google Trust Services,82,False,,,0.2381
https://go2cloud.org,go2cloud.org,0,20,0,1,1,3.0221,0,1,0,0,0,0,0,0.0,0,0,0,0,org,0.1,1,0,0,0.0,0,True,3,0,0,5751,"NameCheap, Inc.",0,0,1,False,0,,,False,,,0.0904
http://sp29ct-lomqak-biz-hentor-prasvik.pages.dev/,sp29ct-lomqak-biz-hentor-prasvik.pages.dev,1,50,4,2,2,4.4157,1,0,0,0,1,0,0,0.1667,2,0,2,0,dev,0.5,0,0,0,0.0,0,True,2,1,0,,,0,0,0,True,0,Google Trust Services,80,False,,,0.305
https://yerepayidr.com/products,yerepayidr.com,0,31,0,1,0,3.3788,0,1,0,0,9,0,0,0.0,0,0,0,0,com,0.15,1,0,0,0.0,0,False,0,0,0,582,Dominet (HK) Limited,0,0,1,False,0,,,,,,0.1126
http://sp5ct-vurek-biz8-halem-jorix.pages.dev/appeals/submit-appeal-form/return,sp5ct-vurek-biz8-halem-jorix.pages.dev,1,79,4,2,2,4.4585,1,0,0,0,34,0,0,0.0,0,0,0,0,dev,0.5,0,0,0,0.0,0,True,2,1,0,,,0,0,0,True,0,Google Trust Services,83,False,,,0.2392
https://www.google.com/,www.google.com,0,23,0,2,0,2.8424,1,1,0,0,1,0,0,0.0,0,0,0,0,com,0.15,1,0,0,0.0,0,True,8,1,0,10543,"MarkMonitor, Inc.",0,0,1,True,0,Google Trust Services,55,False,,,0.1018
http://blpqr65mjwr-wjnhf98grel-2b7d4e-dfj61w.pages.dev/,blpqr65mjwr-wjnhf98grel-2b7d4e-dfj61w.pages.dev,1,55,3,2,9,4.5807,1,0,0,0,1,0,0,0.0,0,0,0,0,dev,0.5,0,0,0,0.0,0,True,2,1,0,,,0,0,0,True,0,Google Trust Services,82,False,,,0.2416
http://sp5ct-gurem-biz8-lonik-varex.pages.dev/appeals/submit-appeal-form/return,sp5ct-gurem-biz8-lonik-varex.pages.dev,1,79,4,2,2,4.4058,1,0,0,0,34,0,0,0.0,0,0,0,0,dev,0.5,0,0,0,0.0,0,True,2,1,0,,,0,0,0,True,0,Google Trust Services,83,False,,,0.2381
http://sp5ct-hurex-biz8-vonel-farik.pages.dev/appeals/submit-appeal-form/return,sp5ct-hurex-biz8-vonel-farik.pages.dev,1,79,4,2,2,4.4585,1,0,0,0,34,0,0,0.0,0,0,0,0,dev,0.5,0,0,0,0.0,0,True,2,1,0,,,0,0,0,True,0,Google Trust Services,83,False,,,0.2392
http://fxe9m-20b8o-nhkcs-xf0i0-2z1.pages.dev/,fxe9m-20b8o-nhkcs-xf0i0-2z1.pages.dev,1,45,4,2,8,4.4659,1,0,0,0,1,0,0,0.0,0,0,0,0,dev,0.5,0,0,0,0.0,0,True,2,1,0,,,0,0,0,True,0,Google Trust Services,83,False,,,0.2393
https://heroiclabs.com/,heroiclabs.com,0,23,0,1,0,3.5216,0,1,0,0,1,0,0,0.0,0,0,0,0,com,0.15,1,0,0,0.0,0,True,1,0,1,5576,Squarespace Domains II LLC,0,0,1,True,0,Sectigo Limited,94,False,,,0.1154
https://formulariodesolicitudbhdexpress--allaym02.replit.app/formulario.html,formulariodesolicitudbhdexpress--allaym02.replit.app,1,76,2,2,2,4.2413,1,1,0,0,16,0,0,0.0833,1,0,1,0,app,0.35,1,0,0,0.0,0,True,1,0,0,,,0,0,0,True,0,Google Trust Services,71,False,,,0.2231
https://www.klaviyo.com/uk/,www.klaviyo.com,0,27,0,2,0,3.3232,1,1,0,0,4,0,0,0.0,0,0,0,0,com,0.15,1,0,0,0.0,0,True,2,1,0,5233,"NameCheap, Inc.",0,0,1,True,0,Google Trust Services,52,False,,,0.1115
https://mamalocheck.top/,mamalocheck.top,1,24,0,1,0,3.3736,0,1,0,0,1,0,0,0.0,0,0,0,0,top,0.9,1,0,0,0.0,0,False,0,0,0,169,PDR Ltd. d/b/a PublicDomainRegistry.com,0,1,1,False,0,,,,,,0.3375
http://www.borderclick.com/BC/media/Borderclick/Files/robuxx026hstas.html?at,www.borderclick.com,1,76,0,2,0,3.4316,1,0,0,0,47,1,1,0.0,0,0,0,0,com,0.15,1,0,0,0.0,0,True,2,1,0,3495,"Cloudflare, Inc.",0,1,1,True,0,Google Trust Services,45,False,,,0.1136
https://ruangomesdemorais.github.io/Netflix/,ruangomesdemorais.github.io,1,44,0,2,0,3.8101,1,1,0,0,9,0,0,0.0,0,0,0,0,io,0.28,1,0,0,0.0,0,True,4,1,0,,,0,0,0,True,0,Let's Encrypt,36,False,,,0.1602
https://rio.cloud/de/,rio.cloud,0,21,0,1,0,2.9477,0,1,0,0,4,0,0,0.0,0,0,0,0,cloud,0.5,0,0,0,0.0,0,True,1,0,1,3422,"COREhub, S.R.L.",0,0,1,True,0,Let's Encrypt,59,False,,,0.209
https://apple-dns.cn/login,apple-dns.cn,0,26,1,1,0,3.2516,0,1,0,0,6,0,0,0.0833,1,0,1,0,cn,0.5,0,0,0,0.0,0,False,0,0,0,3230,"Nom-IQ Limited, dba Com Laude",0,0,1,False,0,,,,,,0.2484
https://www.roblox.com.ml/users/241383722534/profile,www.roblox.com.ml,1,52,0,3,0,3.0131,2,1,0,0,27,0,0,0.0,0,0,0,0,ml,0.93,1,0,0,0.0,0,True,1,0,0,,,0,0,0,True,0,Let's Encrypt,72,False,,,0.3393
https://interiorconceptoman.com/alaskanenergy/alaskanenergy.htm,interiorconceptoman.com,1,63,0,1,0,3.3275,0,1,0,0,32,0,0,0.0,0,0,0,0,com,0.15,1,0,0,0.0,0,True,1,0,1,2072,PDR Ltd. d/b/a PublicDomainRegistry.com,0,0,1,True,0,Let's Encrypt,66,False,,,0.1115
http://www.hockeytalkontario.ca/,www.hockeytalkontario.ca,1,32,0,2,0,3.6573,1,0,0,0,1,0,0,0.0,0,0,0,0,ca,0.5,0,0,0,0.0,0,True,2,1,0,222,Go Get Canada Domain Registrar Ltd.,0,0,1,True,0,Google Trust Services,45,False,,,0.2231
https://paypal-secure.vercel.app/,paypal-secure.vercel.app,1,33,1,2,0,3.3868,1,1,0,0,1,0,0,0.2333,1,0,1,1,app,0.35,1,0,0,0.0,0,True,2,0,0,,,0,0,0,True,0,Google Trust Services,60,False,,,0.2661
http://sp3ct-lernak-biz8-polqor-fudem.pages.dev/appeals/submit-appeal-form/return,sp3ct-lernak-biz8-polqor-fudem.pages.dev,1,81,4,2,2,4.4531,1,0,0,0,34,0,0,0.0,0,0,0,0,dev,0.5,0,0,0,0.0,0,True,2,1,0,,,0,0,0,True,0,Google Trust Services,82,False,,,0.2391
http://facebooklogin123.blogspot.com/2010/10/blog-post_446.html,facebooklogin123.blogspot.com,1,63,0,2,3,3.9783,1,0,0,0,27,0,1,0.0,0,0,0,0,com,0.15,1,0,0,0.0,0,True,2,1,0,,,0,0,0,True,0,Google Trust Services,55,False,,,0.1246
https://expireddomains.com,expireddomains.com,0,26,0,1,0,3.6144,0,1,0,0,0,0,0,0.0,0,0,0,0,com,0.15,1,0,0,0.0,0,True,3,1,1,9756,"GoDaddy.com, LLC",0,0,1,True,0,Google Trust Services,64,False,,,0.1173
https://mybestjobs.co.ke/app/general.htm,mybestjobs.co.ke,1,40,0,2,0,3.375,1,1,0,0,16,0,0,0.0,0,0,0,0,ke,0.5,0,0,0,0.0,0,True,1,0,1,514,MYBEST TEAMS LIMITED,0,0,1,True,0,Let's Encrypt,67,False,,,0.2175
http://started-dekstop.pages.dev/,started-dekstop.pages.dev,1,33,1,2,0,3.5133,1,0,0,0,1,0,0,0.0,0,0,0,0,dev,0.5,0,0,0,0.0,0,True,2,1,0,,,0,0,0,True,0,Google Trust Services,49,False,,,0.2203
http://sp5ct-hurex-biz8-vonel-farik.pages.dev/,sp5ct-hurex-biz8-vonel-farik.pages.dev,1,46,4,2,2,4.4585,1,0,0,0,1,0,0,0.0,0,0,0,0,dev,0.5,0,0,0,0.0,0,True,2,1,0,,,0,0,0,True,0,Google Trust Services,83,False,,,0.2392
https://nict.go.jp,nict.go.jp,0,18,0,2,0,3.1219,1,1,0,0,0,0,0,0.0833,1,0,1,0,jp,0.5,0,0,0,0.0,0,True,1,1,1,8266,,0,0,1,True,0,DigiCert Inc,46,False,,,0.2458
https://js.org,js.org,0,14,0,1,0,2.585,0,1,0,0,0,0,0,0.0,0,0,0,0,org,0.1,1,0,0,0.0,0,True,3,1,1,10989,"NameCheap, Inc.",0,0,1,True,0,Let's Encrypt,63,False,,,0.0817
http://www.login-murex-sigma.vercel.app/,www.login-murex-sigma.vercel.app,1,40,2,3,0,4.0542,2,0,0,0,1,0,0,0.2333,1,0,1,1,app,0.35,1,0,0,0.0,0,True,2,0,0,,,0,0,0,False,0,,,False,,,0.2794
https://nic.kw,nic.kw,0,14,0,1,0,2.585,0,1,0,0,0,0,0,0.0833,1,0,1,0,kw,0.5,0,0,0,0.0,0,True,1,0,1,,,0,0,0,True,0,DigiCert Inc,170,False,,,0.235
https://757cd1be-caf3-4f80-a41c-cce6f5c7cf14-00-n6g9vgcw7z72.spock.replit.dev/,757cd1be-caf3-4f80-a41c-cce6f5c7cf14-00-n6g9vgcw7z72.spock.replit.dev,1,78,6,3,22,4.5916,2,1,0,0,1,0,0,0.0,0,0,0,0,dev,0.5,0,0,0,0.0,0,True,1,0,0,,,0,0,0,True,0,Let's Encrypt,61,False,,,0.2418
http://x4ri3o-m26vjq-z9bf-ptav58.pages.dev/appeals/submit-appeal-form/return,x4ri3o-m26vjq-z9bf-ptav58.pages.dev,1,76,3,2,7,4.629,1,0,0,0,34,0,0,0.0,0,0,0,0,dev,0.5,0,0,0,0.0,0,True,2,1,0,,,0,0,0,True,0,Google Trust Services,82,False,,,0.2426
https://terzor-hrdware-wallt.pages.dev/,terzor-hrdware-wallt.pages.dev,1,39,2,2,0,3.8151,1,1,0,0,1,0,0,0.0,0,0,0,0,dev,0.5,0,0,0,0.0,0,True,2,1,0,,,0,0,0,True,0,Google Trust Services,46,False,,,0.2263
http://comforting-salmiakki-c0f492.netlify.app/,comforting-salmiakki-c0f492.netlify.app,1,47,2,2,4,4.3236,1,0,0,0,1,0,0,0.0833,1,0,1,0,app,0.35,1,0,0,0.0,0,True,2,1,0,,,0,0,0,True,0,DigiCert Inc,234,False,,,0.2248
http://authentication-login-page.duckdns.org/,authentication-login-page.duckdns.org,1,45,2,2,0,4.0264,1,0,0,0,1,0,0,0.0,0,0,0,1,org,0.1,1,0,0,0.0,0,True,1,0,1,,,0,0,0,True,0,Let's Encrypt,87,False,,,0.1105
https://www.roblox.com.bi/games/2753915549/Blox-Fruits?privateServerLinkCode=42257976310618320302056609497921,www.roblox.com.bi,1,109,0,3,0,3.1307,2,1,0,0,29,1,2,0.0,0,0,0,0,bi,0.5,0,0,0,0.0,0,True,1,0,0,144,Afriregister1,0,0,1,True,0,Let's Encrypt,38,False,,,0.2126
http://www.facebook-247-support.blogspot.com/,www.facebook-247-support.blogspot.com,1,45,2,3,3,4.1345,2,0,0,0,1,0,0,0.0,0,0,0,1,com,0.15,1,0,0,0.0,0,True,2,1,0,,,0,0,0,False,0,,,False,,,0.1277
https://zensi-sukhadiya-amazon-clone.vercel.app/,zensi-sukhadiya-amazon-clone.vercel.app,1,48,3,2,0,4.1285,1,1,0,0,1,0,0,0.1667,2,0,2,0,app,0.35,1,0,0,0.0,0,True,2,0,0,,,0,0,0,True,0,Google Trust Services,60,False,,,0.2542
https://iconpln.net.id,iconpln.net.id,0,22,0,2,0,3.182,1,1,0,0,0,0,0,0.0,0,0,0,0,id,0.5,0,0,0,0.0,0,True,1,0,1,,,0,0,0,False,0,,,,,,0.2136
https://www.hawaiianairlines.com/,www.hawaiianairlines.com,0,33,0,2,0,3.4183,1,1,0,0,1,0,0,0.0,0,0,0,0,com,0.15,1,0,0,0.0,0,True,2,0,0,9697,"Network Solutions, LLC",0,0,1,True,0,DigiCert Inc,56,False,,,0.1134
https://www.codedetrichelattaquedeszombieroblox.blogspot.com/,www.codedetrichelattaquedeszombieroblox.blogspot.com,1,61,0,3,0,4.1295,2,1,0,0,1,0,0,0.0,0,0,0,0,com,0.15,1,0,0,0.0,0,True,2,1,0,,,0,0,0,False,0,,,False,,,0.1276
https://www.paddle.com,www.paddle.com,0,22,0,2,0,3.182,1,1,0,0,0,0,0,0.0,0,0,0,0,com,0.15,1,0,0,0.0,0,True,2,1,0,10294,"MarkMonitor, Inc.",0,0,1,True,0,Let's Encrypt,45,False,,,0.1086
https://adeptmind.ai,adeptmind.ai,0,20,0,1,0,3.085,0,1,0,0,0,0,0,0.0,0,0,0,0,ai,0.5,0,0,0,0.0,0,True,4,0,1,3145,https://www.101domain.com/,0,0,1,True,0,Amazon,133,False,,,0.2117
http://indonnsianz-formdnaa.vircoco.biz.id/,indonnsianz-formdnaa.vircoco.biz.id,1,43,1,3,0,3.6583,2,0,0,0,1,0,0,0.1667,2,0,2,0,id,0.5,0,0,0,0.0,0,False,0,0,0,,,0,0,0,False,0,,,,,,0.2898
https://jwpcdn.com/account/settings,jwpcdn.com,0,35,0,1,0,3.1219,0,1,0,0,17,0,0,0.0,0,0,0,0,com,0.15,1,0,0,0.0,0,False,0,0,0,5102,"GoDaddy.com, LLC",0,0,1,False,0,,,,,,0.1074
https://recipes14-1ea430a53c1f.herokuapp.com/,recipes14-1ea430a53c1f.herokuapp.com,1,45,1,2,9,4.1416,1,1,0,0,1,0,0,0.0,0,0,0,0,com,0.15,1,0,0,0.0,0,True,3,0,0,,,0,0,0,True,0,Amazon,185,False,,,0.1278
https://pepperstone.com/en/,pepperstone.com,0,27,0,1,0,3.1396,0,1,0,0,4,0,0,0.0,0,0,0,0,com,0.15,1,0,0,0.0,0,True,4,0,1,8954,"Amazon Registrar, Inc.",0,0,1,True,0,Amazon,128,False,,,0.1078
https://sdf.org,sdf.org,0,15,0,1,0,2.8074,0,1,0,0,0,0,0,0.25,3,0,3,0,org,0.1,1,0,0,0.0,0,True,1,0,1,10881,"NameCheap, Inc.",0,0,1,True,0,Let's Encrypt,71,False,,,0.1861
https://fortytrack.top/,fortytrack.top,1,23,0,1,0,3.182,0,1,0,0,1,0,0,0.0,0,0,0,0,top,0.9,1,0,0,0.0,0,False,0,0,0,122,PDR Ltd. d/b/a PublicDomainRegistry.com,0,1,1,False,0,,,,,,0.3336
https://www.rakuten-card.co.jp/,www.rakuten-card.co.jp,0,31,1,3,0,3.7544,2,1,0,0,1,0,0,0.0,0,0,0,0,jp,0.5,0,0,0,0.0,0,True,4,0,0,5444,,0,0,1,True,0,DigiCert Inc,46,False,,,0.2251
https://insta-web-wj98.vercel.app/,insta-web-wj98.vercel.app,1,34,2,2,2,4.0537,1,1,0,0,1,0,0,0.25,3,0,3,0,app,0.35,1,0,0,0.0,0,True,2,0,0,,,0,0,0,True,0,Google Trust Services,60,False,,,0.2861
http://sp3ct-dorsak-biz8-felqor-luden.pages.dev/appeals/submit-appeal-form/return,sp3ct-dorsak-biz8-felqor-luden.pages.dev,1,81,4,2,2,4.3842,1,0,0,0,34,0,0,0.0,0,0,0,0,dev,0.5,0,0,0,0.0,0,True,2,1,0,,,0,0,0,True,0,Google Trust Services,82,False,,,0.2377
https://sephora.me,sephora.me,0,18,0,1,0,3.1219,0,1,0,0,0,0,0,0.0,0,0,0,0,me,0.5,0,0,0,0.0,0,True,2,1,1,5597,"Ascio Technologies, Inc. Danmark - Filial af Ascio technologies, Inc. USA",0,0,1,True,0,Let's Encrypt,22,False,,,0.2124
http://m.62255.co/,m.62255.co,1,18,0,2,5,2.7219,1,0,0,0,1,0,0,0.0,0,0,0,0,co,0.3,1,0,0,0.0,0,False,0,0,0,,,0,0,0,False,0,,,,,,0.1444
https://dspx.tv,dspx.tv,0,15,0,1,0,2.8074,0,1,0,0,0,0,0,0.0,0,0,0,0,tv,0.5,0,0,0,0.0,0,True,2,1,1,3485,OVH sas,0,0,1,True,0,Google Trust Services,66,False,,,0.2061
https://mail.beleberdon.com/,mail.beleberdon.com,1,28,0,2,0,3.4714,1,1,0,0,1,0,0,0.0,0,0,0,0,com,0.15,1,0,0,0.0,0,True,1,0,0,28,"NameCheap, Inc.",1,0,1,True,0,Let's Encrypt,85,False,,,0.1144
https://getsitecontrol.com,getsitecontrol.com,0,26,0,1,0,3.4194,0,1,0,0,0,0,0,0.0,0,0,0,0,com,0.15,1,0,0,0.0,0,True,3,1,1,4651,"GoDaddy.com, LLC",0,0,1,True,0,Google Trust Services,39,False,,,0.1134
http://silly-cannoli-f9521c.netlify.app/,silly-cannoli-f9521c.netlify.app,1,40,2,2,4,4.0153,1,0,0,0,1,0,0,0.0833,1,0,1,0,app,0.35,1,0,0,0.0,0,True,2,1,0,,,0,0,0,True,0,DigiCert Inc,234,False,,,0.2186
https://ig.do/Blox-Fruits-private-Server-Code-8554334331232317323432370930,ig.do,1,74,0,1,0,2.3219,0,1,0,0,61,0,0,0.0,0,0,0,0,do,0.5,0,0,0,0.0,0,True,1,0,1,,,0,0,0,True,0,Let's Encrypt,66,False,,,0.1964
https://www.reddit.com/r/DataRecoveryHelp/,www.reddit.com,0,42,0,2,0,3.182,1,1,0,0,20,0,0,0.0,0,0,0,0,com,0.15,1,0,0,0.0,0,True,4,0,0,7759,"MarkMonitor, Inc.",0,0,1,True,0,DigiCert Inc,68,False,,,0.1086
https://mitsui-shopping-park.com,mitsui-shopping-park.com,0,32,2,1,0,3.8554,0,1,0,0,0,0,0,0.0,0,0,0,0,com,0.15,1,0,0,0.0,0,True,2,0,0,3399,"Japan Registry Services Co.,Ltd.(JPRS)",0,0,1,True,0,DigiCert Inc,103,False,,,0.1221
https://www.everway.com/,www.everway.com,0,24,0,2,0,3.1069,1,1,0,0,1,0,0,0.0,0,0,0,0,com,0.15,1,0,0,0.0,0,True,4,1,0,9800,"Amazon Registrar, Inc.",0,0,1,True,0,Amazon,213,False,,,0.1071
https://peerj.com,peerj.com,0,17,0,1,0,2.9477,0,1,0,0,0,0,0,0.0,0,0,0,0,com,0.15,1,0,0,0.0,0,True,2,1,1,5274,"Amazon Registrar, Inc.",0,1,1,True,0,Google Trust Services,35,False,,,0.104
http://sp5ct-sorel-biz8-hanik-vurex.pages.dev/appeals/submit-appeal-form/return,sp5ct-sorel-biz8-hanik-vurex.pages.dev,1,79,4,2,2,4.386,1,0,0,0,34,0,0,0.0,0,0,0,0,dev,0.5,0,0,0,0.0,0,True,2,1,0,,,0,0,0,True,0,Google Trust Services,83,False,,,0.2377
https://ntesgsght.com/blog/news,ntesgsght.com,0,31,0,1,0,3.2389,0,1,0,0,10,0,0,0.0,0,0,0,0,com,0.15,1,0,0,0.0,0,False,0,0,0,230,MarkMonitor Inc.,0,0,1,False,0,,,,,,0.1098
https://cbx-rtb.com,cbx-rtb.com,0,19,1,1,0,3.0958,0,1,0,0,0,0,0,0.1667,2,0,2,0,com,0.15,1,0,0,0.0,0,True,9,0,0,1568,"Name.com, Inc.",0,0,1,True,0,Sectigo Limited,64,False,,,0.1736
https://xn--l3caaa5iqc3a.com,xn--l3caaa5iqc3a.com,0,28,2,1,3,3.4842,0,1,0,0,0,0,0,0.0,0,0,0,0,com,0.15,1,1,0,0.6,1,True,2,1,1,236,"NameCheap, Inc.",0,0,1,True,0,Let's Encrypt,31,False,,,0.2347
https://phys.org,phys.org,0,16,0,1,0,3.0,0,1,0,0,0,0,0,0.0,0,0,0,0,org,0.1,1,0,0,0.0,0,True,1,1,1,8858,"GoDaddy.com, LLC",0,0,1,True,0,Sectigo Limited,152,False,,,0.09
https://accessdomain.com/about,accessdomain.com,0,30,0,1,0,3.2028,0,1,0,0,6,0,0,0.0,0,0,0,0,com,0.15,1,0,0,0.0,0,True,2,0,0,8135,"GoDaddy.com, LLC",0,0,1,False,0,,,,,,0.1091
https://pitch.com,pitch.com,0,17,0,1,0,2.9477,0,1,0,0,0,0,0,0.0,0,0,0,0,com,0.15,1,0,0,0.0,0,True,4,0,1,11093,"Name.com, Inc.",0,0,1,True,0,Amazon,129,False,,,0.104
https://worldpay.vercel.app/,worldpay.vercel.app,1,28,0,2,0,3.4714,1,1,0,0,1,0,0,0.0833,1,0,1,0,app,0.35,1,0,0,0.0,0,True,2,0,0,,,0,0,0,True,0,Google Trust Services,60,False,,,0.2077
http://sp3ct-nexvor-biz8-kirsal-povun.pages.dev/,sp3ct-nexvor-biz8-kirsal-povun.pages.dev,1,48,4,2,2,4.3464,1,0,0,0,1,0,0,0.0,0,0,0,0,dev,0.5,0,0,0,0.0,0,True,2,1,0,,,0,0,0,True,0,Google Trust Services,81,False,,,0.2369
https://ci360.marketing/blog/profile,ci360.marketing,0,36,0,1,3,3.7736,0,1,0,0,13,0,0,0.0,0,0,0,0,marketing,0.5,0,0,0,0.0,0,False,0,0,0,,,0,0,0,False,0,,,,,,0.2255
http://sp3ct-lemqor-biz8-durnak-hovel.pages.dev/appeals/submit-appeal-form/return,sp3ct-lemqor-biz8-durnak-hovel.pages.dev,1,81,4,2,2,4.4719,1,0,0,0,34,0,0,0.0,0,0,0,0,dev,0.5,0,0,0,0.0,0,True,2,1,0,,,0,0,0,True,0,Google Trust Services,82,False,,,0.2394
http://dandumalleswari7-beep.github.io/NETFLIX,dandumalleswari7-beep.github.io,1,46,1,2,1,4.1715,1,0,0,0,8,0,0,0.0,0,0,0,0,io,0.28,1,0,0,0.0,0,True,4,1,0,,,0,0,0,True,0,Let's Encrypt,36,False,,,0.1674
https://securestudies.com,securestudies.com,0,25,0,1,0,3.2928,0,1,0,0,0,0,0,0.0,0,0,0,0,com,0.15,1,0,0,0.0,0,True,1,0,1,7649,"MarkMonitor, Inc.",0,0,1,True,0,Sectigo Limited,164,False,,,0.1109
https://machsupport.com/products,machsupport.com,0,32,0,1,0,3.3736,0,1,0,0,9,0,0,0.0,0,0,0,0,com,0.15,1,0,0,0.0,0,True,1,0,1,7618,Bluehost Inc.,0,0,1,True,0,Let's Encrypt,46,False,,,0.1125
https://mascixs.us.cc/5g/home.html,mascixs.us.cc,1,34,0,2,0,2.8151,1,1,0,0,13,0,0,0.0,0,0,0,0,cc,0.5,0,0,0,0.0,0,False,0,0,0,7416,Gname.com Pte. Ltd.,0,1,1,False,0,,,,,,0.2063
http://tangerine-torte-862199.netlify.app/,tangerine-torte-862199.netlify.app,1,42,2,2,6,4.0653,1,0,0,0,1,0,0,0.0833,1,0,1,0,app,0.35,1,0,0,0.0,0,True,2,1,0,,,0,0,0,True,0,DigiCert Inc,234,False,,,0.2196
http://sp3ct-harsik-biz8-pelqor-muden.pages.dev/appeals/submit-appeal-form/return,sp3ct-harsik-biz8-pelqor-muden.pages.dev,1,81,4,2,2,4.4342,1,0,0,0,34,0,0,0.0,0,0,0,0,dev,0.5,0,0,0,0.0,0,True,2,1,0,,,0,0,0,True,0,Google Trust Services,82,False,,,0.2387
https://www.gwoyexafcx.com/de,www.gwoyexafcx.com,1,29,0,2,0,3.281,1,1,0,0,3,0,0,0.0,0,0,0,0,com,0.15,1,0,0,0.0,0,True,1,0,0,67,"Amazon Registrar, Inc.",0,0,1,True,0,"Aliyun Computing Co, Ltd.",117,False,,,0.1106
https://freebrflow.shop/,freebrflow.shop,1,24,0,1,0,3.3736,0,1,0,0,1,0,0,0.0,0,0,0,0,shop,0.55,1,0,0,0.0,0,True,1,0,0,,,0,0,0,True,0,Let's Encrypt,62,False,,,0.2325
https://gamma.site,gamma.site,0,18,0,1,0,2.9219,0,1,0,0,0,0,0,0.1667,1,0,1,0,site,0.7,1,0,0,0.0,0,True,2,1,0,,,0,0,0,True,0,Google Trust Services,73,False,,,0.3351
https://fortwz.lol/,fortwz.lol,1,19,0,1,0,2.9219,0,1,0,0,1,0,0,0.0,0,0,0,0,lol,0.5,0,0,0,0.0,0,False,0,0,0,,,0,0,0,False,0,,,,,,0.2084
https://sp25ct7-ulnok-biz-harsen-fomvik.pages.dev/,sp25ct7-ulnok-biz-harsen-fomvik.pages.dev,1,50,4,2,3,4.5402,1,1,0,0,1,0,0,0.1667,2,0,2,0,dev,0.5,0,0,0,0.0,0,True,2,1,0,,,0,0,0,True,0,Google Trust Services,80,False,,,0.3075
http://apps-uhold-cdn.square.site/,apps-uhold-cdn.square.site,1,34,2,2,0,3.9791,1,0,0,0,1,0,0,0.1667,1,0,1,0,site,0.7,1,0,0,0.0,0,True,2,0,0,,,0,0,0,True,0,Let's Encrypt,67,False,,,0.3563
https://homeconnecthca.com/search?q=help,homeconnecthca.com,0,40,0,1,0,3.0169,0,1,0,0,7,1,2,0.0,0,0,0,0,com,0.15,1,0,0,0.0,0,False,0,0,0,,,0,0,0,False,0,,,,,,0.1053
https://www.archdaily.com/,www.archdaily.com,0,26,0,2,0,3.4548,1,1,0,0,1,0,0,0.0,0,0,0,0,com,0.15,1,0,0,0.0,0,True,4,1,0,6824,DREAMHOST,0,1,1,True,0,Amazon,176,False,,,0.1141
https://ytshop.cn,ytshop.cn,0,17,0,1,0,3.1699,0,1,0,0,0,0,0,0.0,0,0,0,0,cn,0.5,0,0,0,0.0,0,True,1,0,0,3070,阿里云计算有限公司（万网）,0,0,1,False,0,,,,,,0.2134
https://islamibankbd.com,islamibankbd.com,0,24,0,1,0,3.5,0,1,0,0,0,0,0,0.0,0,0,0,0,com,0.15,1,0,0,0.0,0,True,1,0,1,9679,"GKG.NET, INC.",0,0,1,True,0,GlobalSign nv-sa,89,False,,,0.115
http://vormita-gld-zentela-a8x9fq13.pages.dev/appeals/submit-appeal-form/return,vormita-gld-zentela-a8x9fq13.pages.dev,1,79,3,2,4,4.386,1,0,0,0,34,0,0,0.0,0,0,0,0,dev,0.5,0,0,0,0.0,0,True,2,1,0,,,0,0,0,True,0,Google Trust Services,83,False,,,0.2377
https://www.idc.com/,www.idc.com,0,20,0,2,0,2.6635,1,1,0,0,1,0,0,0.0833,1,0,1,0,com,0.15,1,0,0,0.0,0,True,1,0,0,10612,"MarkMonitor, Inc.",0,0,1,True,0,Let's Encrypt,53,False,,,0.1316
https://discourse.cloud/team/index.html,discourse.cloud,0,39,0,1,0,3.2402,0,1,0,0,16,0,0,0.0,0,0,0,0,cloud,0.5,0,0,0,0.0,0,False,0,0,1,3289,GANDI SAS,0,0,1,False,0,,,,,,0.2148
https://secure-page-builder-1--dinolcre.replit.app/forgotpassword.html/forgotpassword.html,secure-page-builder-1--dinolcre.replit.app,1,90,5,2,1,3.9011,1,1,0,0,40,0,0,0.2333,1,0,1,1,app,0.35,1,0,0,0.0,0,True,1,0,0,,,0,0,0,True,0,Google Trust Services,71,False,,,0.2763
http://sp3ct-meslor-biz8-varnex-pisol.pages.dev/,sp3ct-meslor-biz8-varnex-pisol.pages.dev,1,48,4,2,2,4.2531,1,0,0,0,1,0,0,0.0,0,0,0,0,dev,0.5,0,0,0,0.0,0,True,2,1,0,,,0,0,0,True,0,Google Trust Services,81,False,,,0.2351
https://www.albertsons.com/,www.albertsons.com,0,27,0,2,0,3.5724,1,1,0,0,1,0,0,0.0,0,0,0,0,com,0.15,1,0,0,0.0,0,True,1,0,0,11633,"Network Solutions, LLC",0,0,1,True,0,GlobalSign nv-sa,43,False,,,0.1164
http://www.specmaiil.vercel.app/,www.specmaiil.vercel.app,1,32,0,3,0,3.4591,2,0,0,0,1,0,0,0.0833,1,0,1,0,app,0.35,1,0,0,0.0,0,True,2,0,0,,,0,0,0,False,0,,,False,,,0.2075
https://court.gov.ua,court.gov.ua,0,20,0,2,0,3.085,1,1,0,0,0,0,0,0.0833,1,0,1,0,ua,0.5,0,0,0,0.0,0,True,1,0,1,,,0,0,1,True,0,Sectigo Limited,101,False,,,0.245
https://3rf3x34x.pages.dev/,3rf3x34x.pages.dev,1,27,0,2,4,3.5724,1,1,0,0,1,0,0,0.0,0,0,0,0,dev,0.5,0,0,0,0.0,0,True,2,1,0,,,0,0,0,True,0,Google Trust Services,35,False,,,0.2214
https://manga-oni.com,manga-oni.com,0,21,1,1,0,3.0851,0,1,0,0,0,0,0,0.25,3,0,3,0,com,0.15,1,0,0,0.0,0,True,2,1,1,2262,"NameCheap, Inc.",0,0,1,True,0,Google Trust Services,43,False,,,0.2067
https://unsw.edu.au/team/index.html,unsw.edu.au,0,35,0,2,0,2.8454,1,1,0,0,16,0,0,0.0,0,0,0,0,au,0.5,0,0,0,0.0,0,True,4,0,1,,Education Services Australia Limited,0,0,1,True,0,DigiCert Inc,44,False,,,0.2069
https://russights.ru,russights.ru,0,20,0,1,0,2.8554,0,1,0,0,0,0,0,0.0,0,0,0,0,ru,0.5,0,0,0,0.0,0,True,2,1,0,,,0,0,0,True,0,Google Trust Services,73,False,,,0.2071
https://www.visa.com/en-us/solutions/visa-protect,www.visa.com,0,49,0,2,0,3.0221,1,1,0,0,29,0,0,0.0,0,0,0,0,com,0.15,1,0,0,0.0,0,True,2,0,0,11829,"MarkMonitor, Inc.",0,0,1,True,0,"CLOUDFLARE, INC.",82,False,,,0.1054
https://consequence.net/,consequence.net,0,24,0,1,0,2.9232,0,1,0,0,1,0,0,0.0,0,0,0,0,net,0.22,1,0,0,0.0,0,True,1,0,1,9625,"GoDaddy.com, LLC",0,0,1,True,0,Let's Encrypt,72,False,,,0.1245
https://www.iog.io/,www.iog.io,0,19,0,2,0,2.2464,1,1,0,0,1,0,0,0.0,0,0,0,0,io,0.28,1,0,0,0.0,0,True,2,0,0,4144,"NameCheap, Inc.",0,0,1,True,0,Let's Encrypt,39,False,,,0.1289
http://berxavi-gld-belmora-a2x7hq61.pages.dev/,berxavi-gld-belmora-a2x7hq61.pages.dev,1,46,3,2,4,4.2807,1,0,0,0,1,0,0,0.0,0,0,0,0,dev,0.5,0,0,0,0.0,0,True,2,1,0,,,0,0,0,True,0,Google Trust Services,83,False,,,0.2356
https://www.facebookbfacebook.blogspot.com/,www.facebookbfacebook.blogspot.com,1,43,0,3,0,3.6193,2,1,0,0,1,0,0,0.0,0,0,0,0,com,0.15,1,0,0,0.0,0,True,2,1,0,,,0,0,0,False,0,,,False,,,0.1174
https://www.gardenersworld.com/,www.gardenersworld.com,0,31,0,2,0,3.516,1,1,0,0,1,0,0,0.0,0,0,0,0,com,0.15,1,0,0,0.0,0,True,4,0,0,10266,NOM-IQ Ltd dba Com Laude,0,0,1,True,0,GlobalSign nv-sa,184,False,,,0.1153
https://www.getmailbird.com/,www.getmailbird.com,0,28,0,2,0,3.6819,1,1,0,0,1,0,0,0.0,0,0,0,0,com,0.15,1,0,0,0.0,0,True,3,1,0,5201,Key-Systems GmbH,0,1,1,True,0,Google Trust Services,51,False,,,0.1186
http://sp4ct-qardorin-biz8-korel-safon.pages.dev/,sp4ct-qardorin-biz8-korel-safon.pages.dev,1,49,4,2,2,4.3387,1,0,0,0,1,0,0,0.0,0,0,0,0,dev,0.5,0,0,0,0.0,0,True,2,1,0,,,0,0,0,True,0,Google Trust Services,83,False,,,0.2368
https://gridhost.com/support/contact,gridhost.com,0,36,0,1,0,3.4183,0,1,0,0,16,0,0,0.0,0,0,0,0,com,0.15,1,0,0,0.0,0,False,0,0,0,9585,DYNADOT LLC,0,0,1,False,0,,,,,,0.1134
https://yethoro.xyz,yethoro.xyz,0,19,0,1,0,3.0958,0,1,0,0,0,0,0,0.0,0,0,0,0,xyz,0.94,1,0,0,0.0,0,False,0,0,1,893,Registrar of Domain Names REG.RU LLC,0,0,1,False,0,,,,,,0.3439
http://sp5ct-surek-biz8-jonar-vemix.pages.dev/appeals/submit-appeal-form/return,sp5ct-surek-biz8-jonar-vemix.pages.dev,1,79,4,2,2,4.386,1,0,0,0,34,0,0,0.0,0,0,0,0,dev,0.5,0,0,0,0.0,0,True,2,1,0,,,0,0,0,True,0,Google Trust Services,83,False,,,0.2377
https://ultradns2.com/search?q=news,ultradns2.com,0,35,0,1,1,3.7004,0,1,0,0,7,1,2,0.0,0,0,0,0,com,0.15,1,0,0,0.0,0,False,0,0,0,,,0,0,0,False,0,,,,,,0.119
https://3658fry58213.cc/,3658fry58213.cc,1,24,0,1,9,3.3736,0,1,0,0,1,0,0,0.0,0,0,0,0,cc,0.5,0,0,0,0.0,0,True,3,0,0,38,DYNADOT LLC,0,1,1,True,0,Let's Encrypt,51,False,,,0.2175
https://sp5ct-kureq-biz8-hamev-solin.pages.dev/,sp5ct-kureq-biz8-hamev-solin.pages.dev,1,47,4,2,2,4.4386,1,1,0,0,1,0,0,0.0,0,0,0,0,dev,0.5,0,0,0,0.0,0,True,2,1,0,,,0,0,0,True,0,Google Trust Services,83,False,,,0.2388
https://www.bycs.de/index.html,www.bycs.de,0,30,0,2,0,2.8454,1,1,0,0,11,0,0,0.0,0,0,0,0,de,0.5,0,0,0,0.0,0,True,1,0,0,,,0,0,0,True,0,Let's Encrypt,39,False,,,0.2069
https://www.b92.net/,www.b92.net,0,20,0,2,2,2.8454,1,1,0,0,1,0,0,0.0,0,0,0,0,net,0.22,1,0,0,0.0,0,True,3,0,0,10190,"Network Solutions, LLC",0,0,1,True,0,Let's Encrypt,41,False,,,0.1229
https://www.pluralsight.com/,www.pluralsight.com,0,28,0,2,0,3.7871,1,1,0,0,1,0,0,0.0,0,0,0,0,com,0.15,1,0,0,0.0,0,True,2,1,0,8130,"MarkMonitor, Inc.",0,0,1,True,0,Google Trust Services,73,False,,,0.1207
http://www.xam6d.cc/,www.xam6d.cc,1,20,0,2,1,2.8554,1,0,0,0,1,0,0,0.0,0,0,0,0,cc,0.5,0,0,0,0.0,0,True,2,0,0,8,DYNADOT LLC,1,1,1,True,0,Let's Encrypt,87,False,,,0.2071
https://www.ouzhyi.blue/de,www.ouzhyi.blue,1,26,0,2,0,3.3232,1,1,0,0,3,0,0,0.0,0,0,0,0,blue,0.5,0,0,0,0.0,0,True,1,0,0,,,0,0,0,True,0,"Aliyun Computing Co, Ltd.",163,False,,,0.2165
https://pubpowerplatform.io/about,pubpowerplatform.io,0,33,0,1,0,3.6421,0,1,0,0,6,0,0,0.0,0,0,0,0,io,0.28,1,0,0,0.0,0,False,0,0,0,1691,"NameCheap, Inc.",0,0,1,False,0,,,,,,0.1568
http://zjstr7a84gpx-qcfzkkmja-0e4f8b-skr5c.pages.dev/,zjstr7a84gpx-qcfzkkmja-0e4f8b-skr5c.pages.dev,1,53,3,2,7,4.5191,1,0,0,0,1,0,0,0.0,0,0,0,0,dev,0.5,0,0,0,0.0,0,True,2,1,0,,,0,0,0,True,0,Google Trust Services,83,False,,,0.2404
https://www.263.net/,www.263.net,0,20,0,2,3,2.8454,1,1,0,0,1,0,0,0.0,0,0,0,0,net,0.22,1,0,0,0.0,0,True,1,0,0,10302,"Xiamen 35.com Information Co., Ltd.",0,1,1,True,0,GlobalSign nv-sa,193,False,,,0.1229
http://blunp-skrunt-qtwiz-3e92ac-kthn-flomax.pages.dev/,blunp-skrunt-qtwiz-3e92ac-kthn-flomax.pages.dev,1,55,5,2,3,4.6476,1,0,0,0,1,0,0,0.0,0,0,0,0,dev,0.5,0,0,0,0.0,0,True,2,1,0,,,0,0,0,True,0,Google Trust Services,81,False,,,0.243
http://xelquni-gld-belquza-c5x8dp69.pages.dev/,xelquni-gld-belquza-c5x8dp69.pages.dev,1,46,3,2,4,4.2936,1,0,0,0,1,0,0,0.0,0,0,0,0,dev,0.5,0,0,0,0.0,0,True,2,1,0,,,0,0,0,True,0,Google Trust Services,83,False,,,0.2359
http://sp5ct-turem-biz8-koniv-larex.pages.dev/appeals/submit-appeal-form/return,sp5ct-turem-biz8-koniv-larex.pages.dev,1,79,4,2,2,4.4058,1,0,0,0,34,0,0,0.0,0,0,0,0,dev,0.5,0,0,0,0.0,0,True,2,1,0,,,0,0,0,True,0,Google Trust Services,83,False,,,0.2381
https://towebs.com/argentina/hosting/,towebs.com,0,37,0,1,0,3.1219,0,1,0,0,19,0,0,0.0,0,0,0,0,com,0.15,1,0,0,0.0,0,True,1,0,1,10027,"TUCOWS.COM, CO.",0,1,1,True,0,DigiCert Inc,148,False,,,0.1074
https://emu-dns.com/docs/index.html,emu-dns.com,0,35,1,1,0,3.2776,0,1,0,0,16,0,0,0.0833,1,0,1,0,com,0.15,1,0,0,0.0,0,False,0,0,0,1862,Internet Domain Service BS Corp.,0,1,1,False,0,,,,,,0.1439
https://profound-sprinkles-ef78d2.netlify.app/index_.html/,profound-sprinkles-ef78d2.netlify.app,1,58,2,2,3,4.1753,1,1,0,0,13,0,1,0.0833,1,0,1,0,app,0.35,1,0,0,0.0,0,True,2,1,0,,,0,0,0,True,0,DigiCert Inc,234,False,,,0.2218
https://advangelists.com,advangelists.com,0,24,0,1,0,3.75,0,1,0,0,0,0,0,0.0,0,0,0,0,com,0.15,1,0,0,0.0,0,True,1,0,1,3899,"GoDaddy.com, LLC",0,0,1,True,0,"GoDaddy.com, Inc.",222,False,,,0.12
https://www.deraktionaer.de/,www.deraktionaer.de,0,28,0,2,0,3.3264,1,1,0,0,1,0,0,0.0,0,0,0,0,de,0.5,0,0,0,0.0,0,True,1,0,0,,,0,0,0,True,0,DigiCert Inc,154,False,,,0.2165
http://mateladepormhub.phemayameltahub.site/wrapper-forward-keychain-fullstack-valid-modem-incident,mateladepormhub.phemayameltahub.site,1,99,0,2,0,3.7608,1,0,0,0,56,0,0,0.1667,1,0,1,0,site,0.7,1,0,0,0.0,0,True,1,0,1,,,0,0,0,False,0,,,,,,0.3519
https://www.athome.co.jp/,www.athome.co.jp,0,25,0,3,0,3.2806,2,1,0,0,1,0,0,0.0,0,0,0,0,jp,0.5,0,0,0,0.0,0,True,4,0,0,11045,,0,0,1,True,0,"Cybertrust Japan Co., Ltd.",125,False,,,0.2156
http://sp3ct-vesqor-biz8-darnik-polam.pages.dev/appeals/submit-appeal-form/return,sp3ct-vesqor-biz8-darnik-polam.pages.dev,1,81,4,2,2,4.3464,1,0,0,0,34,0,0,0.0,0,0,0,0,dev,0.5,0,0,0,0.0,0,True,2,1,0,,,0,0,0,True,0,Google Trust Services,82,False,,,0.2369
https://gamenyelugin.webflow.io/,gamenyelugin.webflow.io,1,32,0,2,0,3.7081,1,1,0,0,1,0,0,0.0,0,0,0,0,io,0.28,1,0,0,0.0,0,True,2,1,0,4829,"MarkMonitor, Inc.",0,0,1,True,0,Google Trust Services,86,False,,,0.1582
https://310s309s.cn/support/contact,310s309s.cn,0,35,0,1,6,2.914,0,1,0,0,16,0,0,0.0,0,0,0,0,cn,0.5,0,0,0,0.0,0,True,1,0,0,6829,阿里云计算有限公司（万网）,0,0,1,False,0,,,,,,0.2083
http://cz-facebook.blogspot.com/,cz-facebook.blogspot.com,1,32,1,2,0,3.7364,1,0,0,0,1,0,0,0.0,0,0,0,0,com,0.15,1,0,0,0.0,0,True,2,1,0,,,0,0,0,True,0,Google Trust Services,55,False,,,0.1197
http://sp6ct-qorven-biz8-luskar-nemvik.pages.dev/appeals/submit-appeal-form/return,sp6ct-qorven-biz8-luskar-nemvik.pages.dev,1,82,4,2,2,4.3939,1,0,0,0,34,0,0,0.0,0,0,0,0,dev,0.5,0,0,0,0.0,0,True,2,1,0,,,0,0,0,True,0,Google Trust Services,83,False,,,0.2379
https://telkomhosting.com,telkomhosting.com,0,25,0,1,0,3.5725,0,1,0,0,0,0,0,0.0,0,0,0,0,com,0.15,1,0,0,0.0,0,True,1,0,1,,,0,0,0,True,0,Let's Encrypt,39,False,,,0.1164
http://facebook-calls.blogspot.com/2010/04/doctype-html-public-w3cdtd-xhtml-1.html,facebook-calls.blogspot.com,1,82,1,2,0,3.6764,1,0,0,0,48,0,0,0.0,0,0,0,0,com,0.15,1,0,0,0.0,0,True,2,1,0,,,0,0,0,True,0,Google Trust Services,55,False,,,0.1185
https://www.circle.com/,www.circle.com,0,23,0,2,0,2.9852,1,1,0,0,1,0,0,0.0,0,0,0,0,com,0.15,1,0,0,0.0,0,True,2,0,0,9972,GANDI SAS,0,0,1,True,0,DigiCert Inc,88,False,,,0.1047
https://t53x5tc.pages.dev/,t53x5tc.pages.dev,1,26,0,2,3,3.6169,1,1,0,0,1,0,0,0.0,0,0,0,0,dev,0.5,0,0,0,0.0,0,True,2,1,0,,,0,0,0,True,0,Let's Encrypt,86,False,,,0.2223
https://claims.useeisen.com/coinbase,claims.useeisen.com,1,36,0,2,0,3.3264,1,1,0,0,9,0,0,0.0,0,0,0,0,com,0.15,1,0,0,0.0,0,True,2,0,0,630,Squarespace Domains LLC,0,0,1,True,0,Amazon,188,False,,,0.1115
https://www.ull.es/,www.ull.es,0,19,0,2,0,2.4464,1,1,0,0,1,0,0,0.0833,1,0,1,0,es,0.5,0,0,0,0.0,0,True,1,0,0,,,0,0,0,True,0,Let's Encrypt,61,False,,,0.2322
https://facts.net,facts.net,0,17,0,1,0,2.9477,0,1,0,0,0,0,0,0.0,0,0,0,0,net,0.22,1,0,0,0.0,0,True,1,0,1,10650,"GoDaddy.com, LLC",0,0,1,True,0,Let's Encrypt,70,False,,,0.125
https://guim.co.uk,guim.co.uk,0,18,0,2,0,2.9219,1,1,0,0,0,0,0,0.0833,1,0,1,0,uk,0.5,0,0,0,0.0,0,True,4,0,0,7404,"GoDaddy.com, LLC. [Tag = GODADDY]",0,0,1,True,0,GlobalSign nv-sa,103,False,,,0.2418
https://www.jiomart.com/,www.jiomart.com,0,24,0,2,0,3.1899,1,1,0,0,1,0,0,0.0,0,0,0,0,com,0.15,1,0,0,0.0,0,True,2,1,0,5157,"GoDaddy.com, LLC",0,0,1,True,0,DigiCert Inc,168,False,,,0.1088
https://gradient.network,gradient.network,0,24,0,1,0,3.5,0,1,0,0,0,0,0,0.0,0,0,0,0,network,0.5,0,0,0,0.0,0,True,4,0,1,,,0,0,0,True,0,Amazon,74,False,,,0.22
https://www.servicenow.com/,www.servicenow.com,0,27,0,2,0,3.281,1,1,0,0,1,0,0,0.0,0,0,0,0,com,0.15,1,0,0,0.0,0,True,2,0,0,,,0,0,0,True,0,DigiCert Inc,93,False,,,0.1106
http://sp5ct-jarek-biz8-furem-sonil.pages.dev/appeals/submit-appeal-form/return,sp5ct-jarek-biz8-furem-sonil.pages.dev,1,79,4,2,2,4.4386,1,0,0,0,34,0,0,0.0,0,0,0,0,dev,0.5,0,0,0,0.0,0,True,2,1,0,,,0,0,0,True,0,Google Trust Services,83,False,,,0.2388
http://zfnrw2bpzgo-kdply98plsi-7e8f1a-rqv94c.pages.dev/appeals/submit-appeal-form/return,zfnrw2bpzgo-kdply98plsi-7e8f1a-rqv94c.pages.dev,1,88,3,2,8,4.6714,1,0,0,0,34,0,0,0.0,0,0,0,0,dev,0.5,0,0,0,0.0,0,True,2,1,0,,,0,0,0,True,0,Google Trust Services,82,False,,,0.2434
https://fortnice.top/,fortnice.top,1,21,0,1,0,3.2516,0,1,0,0,1,0,0,0.0,0,0,0,0,top,0.9,1,0,0,0.0,0,True,2,1,0,128,PDR Ltd,0,0,1,True,0,Let's Encrypt,79,False,,,0.335
https://sp3ct-xirel-biz8-tarnok-vesil.pages.dev/,sp3ct-xirel-biz8-tarnok-vesil.pages.dev,1,48,4,2,2,4.2723,1,1,0,0,1,0,0,0.0833,1,0,1,0,dev,0.5,0,0,0,0.0,0,True,2,1,0,,,0,0,0,True,0,Google Trust Services,81,False,,,0.2688
http://xelqumi-gld-belxeta-a5x1dk34.pages.dev/appeals/submit-appeal-form/return,xelqumi-gld-belxeta-a5x1dk34.pages.dev,1,79,3,2,4,4.2115,1,0,0,0,34,0,0,0.0,0,0,0,0,dev,0.5,0,0,0,0.0,0,True,2,1,0,,,0,0,0,True,0,Google Trust Services,83,False,,,0.2342
https://www.foxit.com/,www.foxit.com,0,22,0,2,0,3.027,1,1,0,0,1,0,0,0.0,0,0,0,0,com,0.15,1,0,0,0.0,0,True,2,1,0,8240,"GoDaddy.com, LLC",0,0,1,True,0,Google Trust Services,77,False,,,0.1055
https://www.wallet-trezor-login-trust-privacy.vercel.app/,www.wallet-trezor-login-trust-privacy.vercel.app,1,57,4,3,0,4.0459,2,1,0,0,1,0,0,0.2333,1,0,1,1,app,0.35,1,0,0,0.0,0,True,2,0,0,,,0,0,0,False,0,,,False,,,0.2792
https://www.all-set-invitaionhere.surge.sh/,www.all-set-invitaionhere.surge.sh,1,43,2,3,0,3.881,2,1,0,0,1,0,0,0.1667,2,0,2,0,sh,0.5,0,0,0,0.0,0,True,1,0,0,,,0,0,0,False,0,,,False,,,0.2943
https://wellfound.com,wellfound.com,0,21,0,1,0,3.3927,0,1,0,0,0,0,0,0.0,0,0,0,0,com,0.15,1,0,0,0.0,0,True,2,0,1,10084,"GoDaddy.com, LLC",0,0,1,True,0,Google Trust Services,34,False,,,0.1129
https://georgia.gov,georgia.gov,0,19,0,1,0,2.8454,0,1,0,0,0,0,0,0.0833,1,0,1,0,gov,0.03,1,0,0,0.0,0,True,2,0,1,9205,get.gov,0,1,1,True,0,Google Trust Services,47,False,,,0.0992
http://18438.xyz/,18438.xyz,1,17,0,1,5,2.9477,0,0,0,0,1,0,0,0.0,0,0,0,0,xyz,0.94,1,0,0,0.0,0,False,0,0,0,43,"GMO Internet, Inc.",0,1,1,False,0,,,,,,0.341
http://secure-eng-trzzr.typedream.app/,secure-eng-trzzr.typedream.app,1,38,2,2,0,3.7614,1,0,0,0,1,0,0,0.3167,2,0,2,1,app,0.35,1,0,0,0.0,0,True,2,0,0,,,0,0,0,True,0,Google Trust Services,88,False,,,0.3069
https://www.pisos.com/,www.pisos.com,0,22,0,2,0,2.8731,1,1,0,0,1,0,0,0.0,0,0,0,0,com,0.15,1,0,0,0.0,0,True,1,0,0,10811,"TECNOCRATICA CENTRO DE DATOS, S.L.",0,0,1,True,0,Sectigo Limited,92,False,,,0.1025
https://hostsevenplus.com,hostsevenplus.com,0,25,0,1,0,3.5725,0,1,0,0,0,0,0,0.0,0,0,0,0,com,0.15,1,0,0,0.0,0,True,1,0,1,5382,PDR Ltd. d/b/a PublicDomainRegistry.com,0,0,1,True,0,Sectigo Limited,176,False,,,0.1164
https://aktiifkanpaylateryy.fezu.my.id/,aktiifkanpaylateryy.fezu.my.id,1,39,0,3,0,3.7899,2,1,0,0,1,0,0,0.0,0,0,0,0,id,0.5,0,0,0,0.0,0,False,0,0,0,,,0,0,0,False,0,,,,,,0.2258
https://juicer.cc,juicer.cc,0,17,0,1,0,2.6416,0,1,0,0,0,0,0,0.0,0,0,0,0,cc,0.5,0,0,0,0.0,0,True,2,0,1,4646,GANDI SAS,0,0,1,True,0,Amazon,116,False,,,0.2028
https://gofizz.in/search?q=update,gofizz.in,0,33,0,1,0,2.7255,0,1,0,0,7,1,2,0.0,0,0,0,0,in,0.2,1,0,0,0.0,0,False,0,0,0,1006,"Spaceship, Inc.",0,0,1,False,0,,,,,,0.1145
https://dravani-gld-belxora-r1m6fc97.pages.dev/thn-yjm-uio-lkh?welcome=104416014675991&stt=104416014675991&name_stt=B&B%20punto%20v%C3%A9lo,dravani-gld-belxora-r1m6fc97.pages.dev,1,139,3,2,4,4.3264,1,1,0,0,16,4,12,0.0,0,0,0,0,dev,0.5,0,0,0,0.0,0,True,2,1,0,,,0,0,0,True,0,Google Trust Services,83,False,,,0.2365
https://sp5ct-zorel-biz8-vantor-lemiq.pages.dev/,sp5ct-zorel-biz8-vantor-lemiq.pages.dev,1,48,4,2,2,4.311,1,1,0,0,1,0,0,0.0,0,0,0,0,dev,0.5,0,0,0,0.0,0,True,2,1,0,,,0,0,0,True,0,Google Trust Services,83,False,,,0.2362
http://sp5ct-vorek-biz8-hurex-palim.pages.dev/appeals/submit-appeal-form/return,sp5ct-vorek-biz8-hurex-palim.pages.dev,1,79,4,2,2,4.386,1,0,0,0,34,0,0,0.0833,1,0,1,0,dev,0.5,0,0,0,0.0,0,True,2,1,0,,,0,0,0,True,0,Google Trust Services,83,False,,,0.271
http://marvelous-valkyrie-9d97e1.netlify.app/,marvelous-valkyrie-9d97e1.netlify.app,1,45,2,2,4,4.3038,1,0,0,0,1,0,0,0.0833,1,0,1,0,app,0.35,1,0,0,0.0,0,True,2,1,0,,,0,0,0,True,0,DigiCert Inc,234,False,,,0.2244
https://icrimewatch.net,icrimewatch.net,0,23,0,1,0,3.3736,0,1,0,0,0,0,0,0.0,0,0,0,0,net,0.22,1,0,0,0.0,0,True,2,1,1,9280,"Cloudflare, Inc.",0,1,1,True,0,Google Trust Services,52,False,,,0.1335
http://xelzora-gld-belquro-c9x7dw68.pages.dev/appeals/submit-appeal-form/return,xelzora-gld-belquro-c9x7dw68.pages.dev,1,79,3,2,4,4.3462,1,0,0,0,34,0,0,0.0,0,0,0,0,dev,0.5,0,0,0,0.0,0,True,2,1,0,,,0,0,0,True,0,Google Trust Services,83,False,,,0.2369
https://dnsip.com,dnsip.com,0,17,0,1,0,3.1699,0,1,0,0,0,0,0,0.0,0,0,0,0,com,0.15,1,0,0,0.0,0,False,0,0,0,,,0,0,0,False,0,,,,,,0.1084
https://www.siemens.com/en-us/products/insights-hub/,www.siemens.com,0,52,0,2,0,3.0566,1,1,0,0,29,0,0,0.0,0,0,0,0,com,0.15,1,0,0,0.0,0,True,4,1,0,,,0,0,0,True,0,Amazon,162,False,,,0.1061
https://strip2.co/about,strip2.co,0,23,0,1,1,3.1699,0,1,0,0,6,0,0,0.0,0,0,0,0,co,0.3,1,0,0,0.0,0,True,3,0,1,2293,"Name.com, Inc.",0,0,1,True,0,Let's Encrypt,70,False,,,0.1534
http://sp3ct-venqor-biz8-raskin-polad.pages.dev/appeals/submit-appeal-form/return,sp3ct-venqor-biz8-raskin-polad.pages.dev,1,81,4,2,2,4.2964,1,0,0,0,34,0,0,0.0,0,0,0,0,dev,0.5,0,0,0,0.0,0,True,2,1,0,,,0,0,0,True,0,Google Trust Services,82,False,,,0.2359
https://zoomgov.com,zoomgov.com,0,19,0,1,0,2.5503,0,1,0,0,0,0,0,0.0,0,0,0,0,com,0.15,1,0,0,0.0,0,True,1,0,1,3374,"MarkMonitor, Inc.",0,0,1,True,0,DigiCert Inc,40,False,,,0.096
https://www.laquadrature.net/,www.laquadrature.net,0,29,0,2,0,3.3464,1,1,0,0,1,0,0,0.0,0,0,0,0,net,0.22,1,0,0,0.0,0,True,1,1,0,6707,ONLINE SAS,0,0,1,True,0,Let's Encrypt,46,False,,,0.1329
http://sp5ct-yarek-biz8-vonel-rimak.pages.dev/,sp5ct-yarek-biz8-vonel-rimak.pages.dev,1,46,4,2,2,4.3333,1,0,0,0,1,0,0,0.0,0,0,0,0,dev,0.5,0,0,0,0.0,0,True,2,1,0,,,0,0,0,True,0,Google Trust Services,83,False,,,0.2367
https://www.chirpbooks.com/,www.chirpbooks.com,0,27,0,2,0,3.4194,1,1,0,0,1,0,0,0.0,0,0,0,0,com,0.15,1,0,0,0.0,0,True,2,1,0,2996,"GoDaddy.com, LLC",0,0,1,True,0,Google Trust Services,53,False,,,0.1134
https://cdx-edge.com/account/settings,cdx-edge.com,0,37,1,1,0,3.085,0,1,0,0,17,0,0,0.0,0,0,0,0,com,0.15,1,0,0,0.0,0,False,0,0,0,,,0,0,0,False,0,,,,,,0.1067
https://inshur.com,inshur.com,0,18,0,1,0,3.3219,0,1,0,0,0,0,0,0.0,0,0,0,0,com,0.15,1,0,0,0.0,0,True,2,0,1,3868,"GoDaddy.com, LLC",0,0,1,True,0,Google Trust Services,45,False,,,0.1114
https://wano-serix-28n11.pages.dev/form_submit_appeal,wano-serix-28n11.pages.dev,1,53,2,2,4,4.056,1,1,0,0,19,0,2,0.0833,1,0,1,0,dev,0.5,0,0,0,0.0,0,True,2,1,0,,,0,0,0,True,0,Google Trust Services,84,False,,,0.2644
https://cbdsh11lkwg-gfnzpplx-3a5d4e-cbd77w.pages.dev/welcome_aboard?welcome=1000045790640960&token248=1000045790640960&name_token136=626%20Night%20Market%20-%20Bay%20Area,cbdsh11lkwg-gfnzpplx-3a5d4e-cbd77w.pages.dev,1,170,3,2,7,4.4363,1,1,0,0,15,3,13,0.0,0,0,0,0,dev,0.5,0,0,0,0.0,0,True,2,1,0,,,0,0,0,True,0,Google Trust Services,86,False,,,0.2387
http://sp3ct-lurqas-biz8-zarnik-fodem.pages.dev/appeals/submit-appeal-form/return,sp3ct-lurqas-biz8-zarnik-fodem.pages.dev,1,81,4,2,2,4.4653,1,0,0,0,34,0,0,0.25,1,1,0,0,dev,0.5,0,0,0,0.0,0,True,2,1,0,,,0,0,0,True,0,Google Trust Services,82,False,,,0.3393
https://mlsub.net,mlsub.net,0,17,0,1,0,3.1699,0,1,0,0,0,0,0,0.0,0,0,0,0,net,0.22,1,0,0,0.0,0,True,2,1,1,2395,"DNSPod, Inc.",0,0,1,True,0,Google Trust Services,74,False,,,0.1294
https://ek.ua,ek.ua,0,13,0,1,0,2.3219,0,1,0,0,0,0,0,0.0,0,0,0,0,ua,0.5,0,0,0,0.0,0,True,1,0,1,,"ТОВ ""Інтернет Інвест""",0,0,1,True,0,Unizeto Technologies S.A.,38,False,,,0.1964
https://www.hyland.com/en,www.hyland.com,0,25,0,2,0,3.3249,1,1,0,0,3,0,0,0.0,0,0,0,0,com,0.15,1,0,0,0.0,0,True,2,1,0,11296,"MarkMonitor, Inc.",0,0,1,True,0,Let's Encrypt,40,False,,,0.1115
https://9087561.xyz/account/settings,9087561.xyz,0,36,0,1,7,3.4594,0,1,0,0,17,0,0,0.0,0,0,0,0,xyz,0.94,1,0,0,0.0,0,False,0,0,0,,,0,0,0,False,0,,,,,,0.3512
http://faq-en-start-io.typedream.app/,faq-en-start-io.typedream.app,1,37,3,2,0,3.7883,1,0,0,0,1,0,0,0.0833,1,0,1,0,app,0.35,1,0,0,0.0,0,True,2,0,0,,,0,0,0,True,0,Google Trust Services,88,False,,,0.2141
https://www.mintpressnews.com/,www.mintpressnews.com,0,30,0,2,0,3.404,1,1,0,0,1,0,0,0.0,0,0,0,0,com,0.15,1,0,0,0.0,0,True,2,0,0,5285,"GoDaddy.com, LLC",0,0,1,True,0,Google Trust Services,49,False,,,0.1131
https://bmo.com/api/v1/status,bmo.com,0,29,0,1,0,2.2359,0,1,0,0,14,0,0,0.0,0,0,0,0,com,0.15,1,0,0,0.0,0,True,1,0,1,,,0,0,0,True,0,DigiCert Inc,200,False,,,0.0897
https://www.dovessrbx.blogspot.com/,www.dovessrbx.blogspot.com,1,35,0,3,0,3.7672,2,1,0,0,1,0,0,0.0,0,0,0,0,com,0.15,1,0,0,0.0,0,True,2,1,0,,,0,0,0,False,0,,,False,,,0.1203
https://cursorapi.com/support/contact,cursorapi.com,0,37,0,1,0,3.2389,0,1,0,0,16,0,0,0.0,0,0,0,0,com,0.15,1,0,0,0.0,0,False,0,0,0,1025,"NameCheap, Inc.",0,0,1,False,0,,,,,,0.1098
https://fh-wgt.com,fh-wgt.com,0,18,1,1,0,3.3219,0,1,0,0,0,0,0,0.0,0,0,0,0,com,0.15,1,0,0,0.0,0,True,2,1,0,641,"Name.com, Inc.",0,0,1,True,0,Google Trust Services,39,False,,,0.1114
http://www.net-ledger-wallet-data-repository.vercel.app/,www.net-ledger-wallet-data-repository.vercel.app,1,56,4,3,0,3.8941,2,0,0,0,1,0,0,0.0833,1,0,1,0,app,0.35,1,0,0,0.0,0,True,2,0,0,,,0,0,0,False,0,,,False,,,0.2162
https://www.ilovepdf.com/,www.ilovepdf.com,0,25,0,2,0,3.4528,1,1,0,0,1,0,0,0.0,0,0,0,0,com,0.15,1,0,0,0.0,0,True,2,1,0,6067,"GoDaddy.com, LLC",0,0,1,True,0,DigiCert Inc,60,False,,,0.1141
https://khabar.bet,khabar.bet,0,18,0,1,0,2.9219,0,1,0,0,0,0,0,0.0,0,0,0,0,bet,0.5,0,0,0,0.0,0,True,3,1,1,,,0,0,0,True,0,Google Trust Services,45,False,,,0.2084
https://www.roblox.com.ml/users/478875133182/profile,www.roblox.com.ml,1,52,0,3,0,3.0131,2,1,0,0,27,0,0,0.0,0,0,0,0,ml,0.93,1,0,0,0.0,0,True,1,0,0,,,0,0,0,True,0,Let's Encrypt,72,False,,,0.3393
https://www.malaysiaairlines.com/in/en/home.html,www.malaysiaairlines.com,0,48,0,2,0,3.5221,1,1,0,0,16,0,0,0.0,0,0,0,0,com,0.15,1,0,0,0.0,0,True,2,0,0,,,0,0,0,True,0,Google Trust Services,72,False,,,0.1154
https://feedad.com,feedad.com,0,18,0,1,0,2.9219,0,1,0,0,0,0,0,0.0,0,0,0,0,com,0.15,1,0,0,0.0,0,True,2,0,1,6766,InterNetX GmbH,0,0,1,True,0,Google Trust Services,30,False,,,0.1034
https://seurmtgt.eu.cc/es,seurmtgt.eu.cc,1,25,0,2,0,3.0931,1,1,0,0,3,0,0,0.0,0,0,0,0,cc,0.5,0,0,0,0.0,0,True,1,0,0,10515,Gname.com Pte. Ltd.,0,1,1,True,0,Let's Encrypt,87,False,,,0.2119
https://lakshyajaiswal63.github.io/spotify-ui-clone/,lakshyajaiswal63.github.io,1,52,0,2,2,3.9022,1,1,0,0,18,0,0,0.0,0,0,0,0,io,0.28,1,0,0,0.0,0,True,4,1,0,,,0,0,0,True,0,Let's Encrypt,36,False,,,0.162
https://fark.com,fark.com,0,16,0,1,0,3.0,0,1,0,0,0,0,0,0.0,0,0,0,0,com,0.15,1,0,0,0.0,0,True,3,1,1,10535,"Cloudflare, Inc.",0,1,1,True,0,Google Trust Services,88,False,,,0.105
https://www.investing.com/,www.investing.com,0,26,0,2,0,3.4548,1,1,0,0,1,0,0,0.0,0,0,0,0,com,0.15,1,0,0,0.0,0,True,2,1,0,11477,"GoDaddy.com, LLC",0,0,1,True,0,Google Trust Services,75,False,,,0.1141
https://cloud-fdc.com/support/contact,cloud-fdc.com,0,37,1,1,0,3.027,0,1,0,0,16,0,0,0.0833,1,0,1,0,com,0.15,1,0,0,0.0,0,False,0,0,0,,,0,0,0,False,0,,,,,,0.1389
https://theliven.com,theliven.com,0,20,0,1,0,3.4183,0,1,0,0,0,0,0,0.0,0,0,0,0,com,0.15,1,0,0,0.0,0,True,3,1,1,1720,"NameCheap, Inc.",0,0,1,True,0,Google Trust Services,74,False,,,0.1134
https://www.effinity.fr,www.effinity.fr,0,23,0,2,0,3.0062,1,1,0,0,0,0,0,0.0,0,0,0,0,fr,0.5,0,0,0,0.0,0,True,1,0,0,5194,GANDI,0,0,1,True,0,Google Trust Services,40,False,,,0.2101
http://sp5ct-furen-biz8-vanok-jirex.pages.dev/appeals/submit-appeal-form/return,sp5ct-furen-biz8-vanok-jirex.pages.dev,1,79,4,2,2,4.4058,1,0,0,0,34,0,0,0.0,0,0,0,0,dev,0.5,0,0,0,0.0,0,True,2,1,0,,,0,0,0,True,0,Google Trust Services,83,False,,,0.2381
https://vxmzk0f85dr-zfnrwfolpw-2a5b0c-gtb81a.pages.dev/welcome_aboard?welcome=1000045790640960,vxmzk0f85dr-zfnrwfolpw-2a5b0c-gtb81a.pages.dev,1,94,3,2,8,4.6482,1,1,0,0,15,1,3,0.0,0,0,0,0,dev,0.5,0,0,0,0.0,0,True,2,1,0,,,0,0,0,True,0,Google Trust Services,82,False,,,0.243
https://smartmailcloud.com/search?q=profile,smartmailcloud.com,0,43,0,1,0,3.4613,0,1,0,0,7,1,2,0.0,0,0,0,0,com,0.15,1,0,0,0.0,0,False,0,0,1,4336,"Amazon Registrar, Inc.",0,0,1,False,0,,,,,,0.1142
https://viacomtech.net/api/v1/status,viacomtech.net,0,36,0,1,0,3.3788,0,1,0,0,14,0,0,0.0,0,0,0,0,net,0.22,1,0,0,0.0,0,False,0,0,0,2020,"MarkMonitor, Inc.",0,0,1,False,0,,,,,,0.1336
http://mateladepormhub.phemayameltahub.site/reboot-stress-bootstrap-maintain-tuning,mateladepormhub.phemayameltahub.site,1,83,0,2,0,3.7608,1,0,0,0,40,0,0,0.1667,1,0,1,0,site,0.7,1,0,0,0.0,0,True,1,0,1,,,0,0,0,False,0,,,,,,0.3519
http://g4educacao-google.com/,g4educacao-google.com,1,29,1,1,1,3.368,0,0,0,0,1,0,0,0.0,0,0,0,0,com,0.15,1,0,0,0.0,0,True,2,0,1,3,"GoDaddy.com, LLC",1,0,1,False,0,,,,,,0.1124
https://alexisxp.com,alexisxp.com,0,20,0,1,0,3.4183,0,1,0,0,0,0,0,0.0,0,0,0,0,com,0.15,1,0,0,0.0,0,True,2,1,0,76,"Name.com, Inc.",0,0,1,True,0,Google Trust Services,71,False,,,0.1134
https://jayendra4pratap-collab.github.io/AmazonPage/,jayendra4pratap-collab.github.io,1,52,1,2,1,4.1372,1,1,0,0,12,0,0,0.0,0,0,0,0,io,0.28,1,0,0,0.0,0,True,4,1,0,,,0,0,0,True,0,Let's Encrypt,36,False,,,0.1667
https://redvelvet.co.za,redvelvet.co.za,0,23,0,2,0,3.3232,1,1,0,0,0,0,0,0.0,0,0,0,0,za,0.5,0,0,0,0.0,0,True,2,1,1,6083,DIAMATRIX C.C.,0,0,1,True,0,Let's Encrypt,39,False,,,0.2165
http://sp5ct-surex-biz8-varem-fonik.pages.dev/appeals/submit-appeal-form/return,sp5ct-surex-biz8-varem-fonik.pages.dev,1,79,4,2,2,4.386,1,0,0,0,34,0,0,0.0,0,0,0,0,dev,0.5,0,0,0,0.0,0,True,2,1,0,,,0,0,0,True,0,Google Trust Services,83,False,,,0.2377
http://login.siginf.icu/,login.siginf.icu,1,24,0,2,0,3.125,1,0,0,0,1,0,0,0.0,0,0,0,1,icu,0.9,1,0,0,0.0,0,False,0,0,0,,,0,0,0,False,0,,,,,,0.3325
http://sp4ct-yorvulen-biz8-zorex-kalim.pages.dev/appeals/submit-appeal-form/return,sp4ct-yorvulen-biz8-zorex-kalim.pages.dev,1,82,4,2,2,4.4795,1,0,0,0,34,0,0,0.0,0,0,0,0,dev,0.5,0,0,0,0.0,0,True,2,1,0,,,0,0,0,True,0,Google Trust Services,83,False,,,0.2396
https://rackspace.net/blog/pricing,rackspace.net,0,34,0,1,0,3.2389,0,1,0,0,13,0,0,0.0,0,0,0,0,net,0.22,1,0,0,0.0,0,True,1,0,1,,,0,0,0,False,0,,,,,,0.1308
https://www.lexpress.fr/,www.lexpress.fr,0,24,0,2,0,3.0566,1,1,0,0,1,0,0,0.0,0,0,0,0,fr,0.5,0,0,0,0.0,0,True,4,1,0,10211,NAMESHIELD,0,0,1,True,0,Let's Encrypt,62,False,,,0.2111
http://wordksl.top/kkk/,wordksl.top,1,23,0,1,0,3.2776,0,0,0,0,5,0,0,0.0,0,0,0,0,top,0.9,1,0,0,0.0,0,False,0,0,0,25,"NameSilo, LLC",1,1,1,False,0,,,,,,0.3356
https://qhdsjzxzs.com/blog/help,qhdsjzxzs.com,0,31,0,1,0,3.3927,0,1,0,0,10,0,0,0.0,0,0,0,0,com,0.15,1,0,0,0.0,0,False,0,0,0,,,0,0,0,False,0,,,,,,0.1129
https://aka-ns.net/blog/profile,aka-ns.net,0,31,1,1,0,2.9219,0,1,0,0,13,0,0,0.0,0,0,0,0,net,0.22,1,0,0,0.0,0,False,0,0,0,1890,"MarkMonitor, Inc.",0,0,1,False,0,,,,,,0.1244
https://www.amiami.jp/,www.amiami.jp,0,22,0,2,0,2.7193,1,1,0,0,1,0,0,0.0,0,0,0,0,jp,0.5,0,0,0,0.0,0,True,2,1,0,6468,,0,0,1,True,0,Google Trust Services,51,False,,,0.2044
http://validarya2026.webcindario.com/,validarya2026.webcindario.com,1,37,0,2,4,4.0044,1,0,0,0,1,0,0,0.0,0,0,0,0,com,0.15,1,0,0,0.0,0,True,1,0,0,,,0,0,0,True,0,Let's Encrypt,20,False,,,0.1251
https://kuolkoola.com,kuolkoola.com,0,21,0,1,0,2.7774,0,1,0,0,0,0,0,0.0,0,0,0,0,com,0.15,1,0,0,0.0,0,True,2,0,0,,,0,0,0,True,0,Google Trust Services,68,False,,,0.1005
http://xelqumi-gld-belxeta-a5x1dk34.pages.dev/,xelqumi-gld-belxeta-a5x1dk34.pages.dev,1,46,3,2,4,4.2115,1,0,0,0,1,0,0,0.0,0,0,0,0,dev,0.5,0,0,0,0.0,0,True,2,1,0,,,0,0,0,True,0,Google Trust Services,83,False,,,0.2342
https://4c24r2rc3rc.pages.dev/,4c24r2rc3rc.pages.dev,1,30,0,2,5,3.5585,1,1,0,0,1,0,0,0.0,0,0,0,0,dev,0.5,0,0,0,0.0,0,True,2,1,0,,,0,0,0,True,0,Google Trust Services,86,False,,,0.2212
http://www.kucucoinlogeu.godaddysites.com/,www.kucucoinlogeu.godaddysites.com,1,42,0,3,0,3.9176,2,0,0,0,1,0,0,0.0,0,0,0,0,com,0.15,1,0,0,0.0,0,True,2,0,0,4634,"GoDaddy.com, LLC",0,0,1,False,0,,,False,,,0.1234
https://cirion.live/search?q=signup,cirion.live,0,35,0,1,0,3.0272,0,1,0,0,7,1,2,0.0833,1,0,1,0,live,0.6,1,0,0,0.0,0,False,0,0,1,,,0,0,0,False,0,,,,,,0.2739
https://sp5ct-jurek-biz8-ralon-femix.pages.dev/,sp5ct-jurek-biz8-ralon-femix.pages.dev,1,47,4,2,2,4.5111,1,1,0,0,1,0,0,0.0,0,0,0,0,dev,0.5,0,0,0,0.0,0,True,2,1,0,,,0,0,0,True,0,Google Trust Services,83,False,,,0.2402
https://www.ctrip.com/,www.ctrip.com,0,22,0,2,0,3.027,1,1,0,0,1,0,0,0.0,0,0,0,0,com,0.15,1,0,0,0.0,0,True,4,1,0,9850,"MarkMonitor Information Technology (Shanghai) Co., Ltd.",0,0,1,True,0,DigiCert Inc,189,False,,,0.1055
https://www4.animeflv.net/,www4.animeflv.net,0,26,0,2,1,3.4548,1,1,0,0,1,0,0,0.0,0,0,0,0,net,0.22,1,0,0,0.0,0,True,2,1,0,5917,"Name.com, Inc.",0,0,1,True,0,Google Trust Services,75,False,,,0.1351
https://imaga.net,imaga.net,0,17,0,1,0,2.9477,0,1,0,0,0,0,0,0.0,0,0,0,0,net,0.22,1,0,0,0.0,0,True,2,1,0,319,"NameCheap, Inc.",0,0,1,True,0,Google Trust Services,65,False,,,0.125
https://pldwf5362lk-qtzxvspli-9ce07c-ltp74c.pages.dev/,pldwf5362lk-qtzxvspli-9ce07c-ltp74c.pages.dev,1,54,3,2,9,4.5526,1,1,0,0,1,0,0,0.0,0,0,0,0,dev,0.5,0,0,0,0.0,0,True,2,1,0,,,0,0,0,True,0,Google Trust Services,83,False,,,0.2411
http://www.program-resmi789.blogspot.com/,www.program-resmi789.blogspot.com,1,41,1,3,3,4.0438,2,0,0,0,1,0,0,0.0,0,0,0,0,com,0.15,1,0,0,0.0,0,True,2,1,0,,,0,0,0,False,0,,,False,,,0.1259
https://roblox.com.ml/users/355116174816/profile,roblox.com.ml,1,48,0,2,0,2.8731,1,1,0,0,27,0,0,0.0,0,0,0,0,ml,0.93,1,0,0,0.0,0,True,1,0,0,,,0,0,0,True,0,Let's Encrypt,72,False,,,0.3365
https://beenurajpootfilms.com/kkd@8564596483754/page,beenurajpootfilms.com,1,52,0,1,0,3.9754,0,1,0,1,23,0,1,0.0,0,0,0,0,com,0.15,1,0,0,0.0,0,True,1,0,1,3304,"GoDaddy.com, LLC",0,0,1,True,0,Let's Encrypt,78,False,,,0.1245
https://hismarttv.com,hismarttv.com,0,21,0,1,0,3.3927,0,1,0,0,0,0,0,0.0,0,0,0,0,com,0.15,1,0,0,0.0,0,True,1,0,0,5856,"Alibaba Cloud Computing (Beijing) Co., Ltd.",0,0,1,True,0,"iTrusChina Co., Ltd.",30,False,,,0.1129
http://sp6ct-farnok-biz8-virel-naskor.pages.dev/appeals/submit-appeal-form/return,sp6ct-farnok-biz8-virel-naskor.pages.dev,1,81,4,2,2,4.2964,1,0,0,0,34,0,0,0.0833,1,0,1,0,dev,0.5,0,0,0,0.0,0,True,2,1,0,,,0,0,0,True,0,Google Trust Services,83,False,,,0.2692
https://365s5s.cc/,365s5s.cc,1,18,0,1,4,2.5033,0,1,0,0,1,0,0,0.0,0,0,0,0,cc,0.5,0,0,0,0.0,0,True,1,0,0,65,DYNADOT LLC,0,1,1,True,0,SSL Corporation,136,False,,,0.2001
https://www.hulldailymail.co.uk/,www.hulldailymail.co.uk,0,32,0,3,0,3.5014,2,1,0,0,1,0,0,0.0,0,0,0,0,uk,0.5,0,0,0,0.0,0,True,4,0,0,,,0,0,0,True,0,Amazon,158,False,,,0.22
https://ugc.ac.in/blog/team,ugc.ac.in,0,27,0,2,0,2.7255,1,1,0,0,10,0,0,0.0833,1,0,1,0,ac.in,0.02,1,0,0,0.0,0,False,0,0,0,8490,ERNET India,0,0,1,False,0,,,,,,0.0938
http://sp3ct-polrem-biz8-harnik-fovel.pages.dev/appeals/submit-appeal-form/return,sp3ct-polrem-biz8-harnik-fovel.pages.dev,1,81,4,2,2,4.4031,1,0,0,0,34,0,0,0.0,0,0,0,0,dev,0.5,0,0,0,0.0,0,True,2,1,0,,,0,0,0,True,0,Google Trust Services,82,False,,,0.2381
https://g5.lu/wyfb4,g5.lu,1,19,0,1,1,2.3219,0,1,0,0,6,0,0,0.0,0,0,0,0,lu,0.5,0,0,0,0.0,0,True,1,0,0,,WHG Hosting Services Ltd,0,0,1,True,0,Let's Encrypt,66,False,,,0.1964
https://agl003.com/api/v1/status,agl003.com,0,32,0,1,3,3.1219,0,1,0,0,14,0,0,0.0,0,0,0,0,com,0.15,1,0,0,0.0,0,False,0,0,0,,,0,0,0,False,0,,,,,,0.1074
https://inq.com/blog/update,inq.com,0,27,0,1,0,2.8074,0,1,0,0,12,0,0,0.0833,1,0,1,0,com,0.15,1,0,0,0.0,0,True,1,0,1,10110,"MarkMonitor, Inc.",0,0,1,False,0,,,,,,0.1345
https://mosyle.io/login,mosyle.io,0,23,0,1,0,2.9477,0,1,0,0,6,0,0,0.0,0,0,0,0,io,0.28,1,0,0,0.0,0,False,0,0,0,1547,"GoDaddy.com, LLC",0,0,1,False,0,,,,,,0.143
https://facebooklogincc.blogspot.com/?m=1,facebooklogincc.blogspot.com,1,41,0,2,0,3.682,1,1,0,0,1,1,2,0.0,0,0,0,0,com,0.15,1,0,0,0.0,0,True,2,1,0,,,0,0,0,True,0,Google Trust Services,55,False,,,0.1186
https://www.quince.com/,www.quince.com,0,23,0,2,0,3.182,1,1,0,0,1,0,0,0.0,0,0,0,0,com,0.15,1,0,0,0.0,0,True,8,1,0,10365,Squarespace Domains II LLC,0,0,1,True,0,Amazon,93,False,,,0.1086
http://mbq001.com/,mbq001.com,1,18,0,1,3,2.9219,0,0,0,0,1,0,0,0.0,0,0,0,0,com,0.15,1,0,0,0.0,0,True,1,0,0,,,0,0,0,False,0,,,False,,,0.1034
https://www.rsna.org/,www.rsna.org,0,21,0,2,0,2.8554,1,1,0,0,1,0,0,0.0833,1,0,1,0,org,0.1,1,0,0,0.0,0,True,1,0,0,11792,"Amazon Registrar, Inc.",0,0,1,True,0,Amazon,44,False,,,0.1204
https://lokos.dord.gov.in/,lokos.dord.gov.in,0,26,0,3,0,3.2195,2,1,0,0,1,0,0,0.0833,1,0,1,0,gov.in,0.01,1,0,0,0.0,0,True,1,0,0,454,National Informatics Centre,0,0,1,True,0,Sectigo Limited,38,False,,,0.1007
https://enlineabdv--bdv-2026.replit.app/,enlineabdv--bdv-2026.replit.app,1,40,3,2,4,3.9134,1,1,0,0,1,0,0,0.0833,1,0,1,0,app,0.35,1,0,0,0.0,0,True,1,0,0,,,0,0,0,True,0,Google Trust Services,71,False,,,0.2166
http://www.rshthfsspec.weebly.com/,www.rshthfsspec.weebly.com,1,34,0,3,0,3.6903,2,0,0,0,1,0,0,0.0,0,0,0,0,com,0.15,1,0,0,0.0,0,True,2,0,0,7426,"MarkMonitor, Inc.",0,0,1,False,0,,,,,,0.1188
https://www.atpress.ne.jp/,www.atpress.ne.jp,0,26,0,3,0,3.1751,2,1,0,0,1,0,0,0.0,0,0,0,0,jp,0.5,0,0,0,0.0,0,True,1,0,0,7047,,0,0,1,True,0,Google Trust Services,81,False,,,0.2135
https://imooc.com,imooc.com,0,17,0,1,0,2.1972,0,1,0,0,0,0,0,0.0,0,0,0,0,com,0.15,1,0,0,0.0,0,True,1,0,1,,,0,0,0,True,0,WoTrus CA Limited,122,False,,,0.0889
https://www.marchofdimes.org/,www.marchofdimes.org,0,29,0,2,0,3.6842,1,1,0,0,1,0,0,0.0,0,0,0,0,org,0.1,1,0,0,0.0,0,True,2,1,0,10500,"CSC Corporate Domains, Inc.",0,0,1,True,0,Google Trust Services,51,False,,,0.1037
https://ria.ru/,ria.ru,0,15,0,1,0,2.2516,0,1,0,0,1,0,0,0.0,0,0,0,0,ru,0.5,0,0,0,0.0,0,True,1,0,1,9346,RU-CENTER-RU,0,0,1,True,0,Let's Encrypt,85,False,,,0.195
http://sp5ct-horem-biz8-vurel-janik.pages.dev/,sp5ct-horem-biz8-vurel-janik.pages.dev,1,46,4,2,2,4.4585,1,0,0,0,1,0,0,0.0,0,0,0,0,dev,0.5,0,0,0,0.0,0,True,2,1,0,,,0,0,0,True,0,Google Trust Services,83,False,,,0.2392
http://pzx6d15pli-vronzuhy-9c2d0e-dru2n.pages.dev/,pzx6d15pli-vronzuhy-9c2d0e-dru2n.pages.dev,1,50,3,2,7,4.5289,1,0,0,0,1,0,0,0.0,0,0,0,0,dev,0.5,0,0,0,0.0,0,True,2,1,0,,,0,0,0,True,0,Google Trust Services,81,False,,,0.2406
https://janzhoutec.com,janzhoutec.com,0,22,0,1,0,3.5216,0,1,0,0,0,0,0,0.0,0,0,0,0,com,0.15,1,0,0,0.0,0,True,4,0,1,848,"Amazon Registrar, Inc.",0,0,1,True,0,Amazon,217,False,,,0.1154
https://truthfinder.com,truthfinder.com,0,23,0,1,0,3.6402,0,1,0,0,0,0,0,0.0,0,0,0,0,com,0.15,1,0,0,0.0,0,True,2,1,1,,,0,0,0,True,0,Google Trust Services,67,False,,,0.1178
https://www.thejakartapost.com/,www.thejakartapost.com,0,31,0,2,0,3.6292,1,1,0,0,1,0,0,0.0,0,0,0,0,com,0.15,1,0,0,0.0,0,True,4,0,0,10108,"Network Solutions, LLC",0,0,1,True,0,Amazon,114,False,,,0.1176
https://www.upgrade.com/,www.upgrade.com,0,24,0,2,0,3.4566,1,1,0,0,1,0,0,0.0,0,0,0,0,com,0.15,1,0,0,0.0,0,True,4,1,0,11606,"GoDaddy.com, LLC",0,0,1,True,0,DigiCert Inc,135,False,,,0.1141
https://www2.purpleair.com/,www2.purpleair.com,0,27,0,2,1,3.5724,1,1,0,0,1,0,0,0.0,0,0,0,0,com,0.15,1,0,0,0.0,0,True,1,1,0,3955,"easyDNS Technologies, Inc.",0,1,1,True,0,Let's Encrypt,30,False,,,0.1164
https://pokemongo.com/en,pokemongo.com,0,24,0,1,0,2.9312,0,1,0,0,3,0,0,0.0,0,0,0,0,com,0.15,1,0,0,0.0,0,True,1,0,0,,,0,0,0,True,0,Google Trust Services,85,False,,,0.1036
http://ig.do/roblox-users27412882473-profile,ig.do,1,44,0,1,0,2.3219,0,0,0,0,32,0,0,0.0,0,0,0,0,do,0.5,0,0,0,0.0,0,True,1,0,1,,,0,0,0,True,0,Let's Encrypt,66,False,,,0.1964
http://telvora-gld-zormela-r1x6dp47.pages.dev/appeals/submit-appeal-form/return,telvora-gld-zormela-r1x6dp47.pages.dev,1,79,3,2,4,4.1486,1,0,0,0,34,0,0,0.0,0,0,0,0,dev,0.5,0,0,0,0.0,0,True,2,1,0,,,0,0,0,True,0,Google Trust Services,82,False,,,0.233
http://boistrous-zpeony-ad0d05-nhd1204q-ff-2406lbn.pages.dev/,boistrous-zpeony-ad0d05-nhd1204q-ff-2406lbn.pages.dev,1,61,5,2,11,4.584,1,0,0,0,1,0,0,0.0,0,0,0,0,dev,0.5,0,0,0,0.0,0,True,2,1,0,,,0,0,0,True,0,Google Trust Services,56,False,,,0.2417
https://1548789459.github.io/magalu2/,1548789459.github.io,1,37,0,2,10,3.7219,1,1,0,0,9,0,0,0.0,0,0,0,0,io,0.28,1,0,0,0.0,0,True,4,1,0,,,0,0,0,True,0,Let's Encrypt,36,False,,,0.1584
https://b2bhint.com,b2bhint.com,0,19,0,1,1,3.2776,0,1,0,0,0,0,0,0.0,0,0,0,0,com,0.15,1,0,0,0.0,0,True,3,1,1,2559,"GoDaddy.com, LLC",0,0,1,True,0,Google Trust Services,46,False,,,0.1106
http://xelquna-gld-fentora-c5x2hk88.pages.dev/appeals/submit-appeal-form/return,xelquna-gld-fentora-c5x2hk88.pages.dev,1,79,3,2,4,4.4187,1,0,0,0,34,0,0,0.0,0,0,0,0,dev,0.5,0,0,0,0.0,0,True,2,1,0,,,0,0,0,True,0,Google Trust Services,83,False,,,0.2384
https://ipv64.net/login,ipv64.net,0,23,0,1,2,3.1699,0,1,0,0,6,0,0,0.0,0,0,0,0,net,0.22,1,0,0,0.0,0,True,1,1,1,1387,"Ascio Technologies, Inc",0,0,1,False,0,,,,,,0.1294
https://www.decitre.fr/,www.decitre.fr,0,23,0,2,0,3.0391,1,1,0,0,1,0,0,0.0,0,0,0,0,fr,0.5,0,0,0,0.0,0,True,3,1,0,11152,GANDI,0,0,1,True,0,Google Trust Services,78,False,,,0.2108
https://animevietsub.pl,animevietsub.pl,0,23,0,1,0,3.6402,0,1,0,0,0,0,0,0.0,0,0,0,0,pl,0.5,0,0,0,0.0,0,True,3,1,0,303,Hosting Concepts B.V.,0,0,1,True,0,Google Trust Services,43,False,,,0.2228
https://ams.org,ams.org,0,15,0,1,0,2.8074,0,1,0,0,0,0,0,0.0,0,0,0,0,org,0.1,1,0,0,0.0,0,True,2,1,1,12431,"Network Solutions, LLC",0,0,1,True,0,Google Trust Services,76,False,,,0.0861
https://ny1.com/nyc/all-boroughs,ny1.com,0,32,0,1,1,2.8074,0,1,0,0,17,0,0,0.0,0,0,0,0,com,0.15,1,0,0,0.0,0,True,4,0,1,,,0,0,0,True,0,Amazon,199,False,,,0.1011
https://fairplay24.win/en-us/home,fairplay24.win,0,33,0,1,2,3.5216,0,1,0,0,11,0,0,0.0,0,0,0,0,win,0.87,1,0,0,0.0,0,True,4,1,0,1016,"NameCheap, Inc.",0,1,1,True,0,Amazon,139,False,,,0.3314
https://sp5ct-vuren-biz8-lamek-zorin.pages.dev/,sp5ct-vuren-biz8-lamek-zorin.pages.dev,1,47,4,2,2,4.3532,1,1,0,0,1,0,0,0.0,0,0,0,0,dev,0.5,0,0,0,0.0,0,True,2,1,0,,,0,0,0,True,0,Google Trust Services,83,False,,,0.2371
https://www.gameloft.com/,www.gameloft.com,0,25,0,2,0,3.3278,1,1,0,0,1,0,0,0.0,0,0,0,0,com,0.15,1,0,0,0.0,0,True,1,0,0,9973,GANDI SAS,0,0,1,True,0,Sectigo Limited,64,False,,,0.1116
https://www.rpi.edu/,www.rpi.edu,0,20,0,2,0,2.8454,1,1,0,0,1,0,0,0.3333,3,0,3,0,edu,0.02,1,0,0,0.0,0,True,1,1,0,14735,,0,0,1,True,0,Let's Encrypt,84,False,,,0.1962
https://ralfsales.github.io/Bank-Simulation/,ralfsales.github.io,1,44,0,2,0,3.7216,1,1,0,0,17,0,0,0.0,0,0,0,0,io,0.28,1,0,0,0.0,0,True,4,1,0,,,0,0,0,True,0,Let's Encrypt,36,False,,,0.1584
https://instagramlogin24.blogspot.com/,instagramlogin24.blogspot.com,1,38,0,2,2,3.8664,1,1,0,0,1,0,0,0.0,0,0,0,0,com,0.15,1,0,0,0.0,0,True,2,1,0,,,0,0,0,True,0,Google Trust Services,55,False,,,0.1223
https://box-feat-53d1c.com/en-us/home,box-feat-53d1c.com,0,37,2,1,3,3.8366,0,1,0,0,11,0,0,0.0,0,0,0,0,com,0.15,1,0,0,0.0,0,False,0,0,0,942,"Amazon Registrar, Inc.",0,0,1,False,0,,,,,,0.1217
http://sp5ct-malix-biz8-sorek-furev.pages.dev/appeals/submit-appeal-form/return,sp5ct-malix-biz8-sorek-furev.pages.dev,1,79,4,2,2,4.386,1,0,0,0,34,0,0,0.0,0,0,0,0,dev,0.5,0,0,0,0.0,0,True,2,1,0,,,0,0,0,True,0,Google Trust Services,83,False,,,0.2377
https://atoma.cloud/help/index.html,atoma.cloud,0,35,0,1,0,3.0958,0,1,0,0,16,0,0,0.0,0,0,0,0,cloud,0.5,0,0,0,0.0,0,False,0,0,0,1414,GANDI SAS,0,0,1,False,0,,,,,,0.2119
http://90yq-laffo-o0hi-sdbre-2sc1g5.pages.dev/,90yq-laffo-o0hi-sdbre-2sc1g5.pages.dev,1,46,4,2,6,4.4187,1,0,0,0,1,0,0,0.0,0,0,0,0,dev,0.5,0,0,0,0.0,0,True,2,1,0,,,0,0,0,True,0,Google Trust Services,61,False,,,0.2384
https://awsdns-cn-58.cn/search?q=update,awsdns-cn-58.cn,0,39,2,1,2,3.1899,0,1,0,0,7,1,2,0.0,0,0,0,0,cn,0.5,0,0,0,0.0,0,False,0,0,0,3085,厦门易名科技股份有限公司,0,0,1,False,0,,,,,,0.2138
https://snapwidget.com,snapwidget.com,0,22,0,1,0,3.8074,0,1,0,0,0,0,0,0.0,0,0,0,0,com,0.15,1,0,0,0.0,0,True,3,0,1,5405,"NameCheap, Inc.",0,0,1,True,0,Google Trust Services,52,False,,,0.1211
https://recipes10-a3eae17ef5db.herokuapp.com/,recipes10-a3eae17ef5db.herokuapp.com,1,45,1,2,6,4.1972,1,1,0,0,1,0,0,0.0,0,0,0,0,com,0.15,1,0,0,0.0,0,True,4,0,0,,,0,0,0,True,0,Amazon,185,False,,,0.1289
https://awsdns-22.co.uk/search?q=profile,awsdns-22.co.uk,0,40,1,2,2,3.5069,1,1,0,0,7,1,2,0.0,0,0,0,0,uk,0.5,0,0,0,0.0,0,False,0,0,0,5759,Markmonitor Inc. [Tag = MARKMONITOR],0,0,1,False,0,,,,,,0.2201
https://cn.lumxza.com/,cn.lumxza.com,1,22,0,2,0,3.2389,1,1,0,0,1,0,0,0.0,0,0,0,0,com,0.15,1,0,0,0.0,0,True,1,0,0,2437,"GoDaddy.com, LLC",0,0,1,True,0,Sectigo Limited,161,False,,,0.1098
https://mcas-gov.us/help/index.html,mcas-gov.us,0,35,1,1,0,3.2776,0,1,0,0,16,0,0,0.0833,1,0,1,0,us,0.5,0,0,0,0.0,0,False,0,0,0,2348,"MarkMonitor, Inc.",0,0,1,False,0,,,,,,0.2489
https://whentowork.com,whentowork.com,0,22,0,1,0,3.3249,0,1,0,0,0,0,0,0.0,0,0,0,0,com,0.15,1,0,0,0.0,0,True,2,1,1,9541,"GoDaddy.com, LLC",0,0,1,True,0,Google Trust Services,38,False,,,0.1115
https://meneame.net,meneame.net,0,19,0,1,0,2.3685,0,1,0,0,0,0,0,0.0,0,0,0,0,net,0.22,1,0,0,0.0,0,True,3,1,1,7544,CSL Computer Service Langenbach GmbH d/b/a joker.com,0,0,1,True,0,Google Trust Services,49,False,,,0.1134
https://sp5ct-fonik-biz8-vurel-kameq.pages.dev/,sp5ct-fonik-biz8-vurel-kameq.pages.dev,1,47,4,2,2,4.4585,1,1,0,0,1,0,0,0.0,0,0,0,0,dev,0.5,0,0,0,0.0,0,True,2,1,0,,,0,0,0,True,0,Google Trust Services,83,False,,,0.2392
https://cdnhwcchh18.com/login,cdnhwcchh18.com,0,29,0,1,2,3.0566,0,1,0,0,6,0,0,0.0,0,0,0,0,com,0.15,1,0,0,0.0,0,False,0,0,0,1621,Xin Net Technology Corporation,0,0,1,False,0,,,,,,0.1061
http://moonpay-commerce-8nbxkcgb9-heliofi.vercel.app/,moonpay-commerce-8nbxkcgb9-heliofi.vercel.app,1,53,3,2,2,4.2502,1,0,0,0,1,0,0,0.0833,1,0,1,0,app,0.35,1,0,0,0.0,0,True,2,0,0,,,0,0,0,True,0,Google Trust Services,60,False,,,0.2233
https://www.ynvcxcv.vercel.app/,www.ynvcxcv.vercel.app,1,31,0,3,0,3.4131,2,1,0,0,1,0,0,0.0833,1,0,1,0,app,0.35,1,0,0,0.0,0,True,2,0,0,,,0,0,0,False,0,,,False,,,0.2066
https://suppor-tecni.webcindario.com/,suppor-tecni.webcindario.com,1,37,1,2,0,3.9408,1,1,0,0,1,0,0,0.0,0,0,0,0,com,0.15,1,0,0,0.0,0,True,1,0,0,9280,"TUCOWS.COM, CO.",0,1,1,True,0,Let's Encrypt,20,False,,,0.1238
https://www.helpshift.com/,www.helpshift.com,0,26,0,2,0,3.5725,1,1,0,0,1,0,0,0.0,0,0,0,0,com,0.15,1,0,0,0.0,0,True,2,1,0,5373,"NameCheap, Inc.",0,0,1,True,0,Let's Encrypt,46,False,,,0.1164
https://basitgiris2.one/,basitgiris2.one,1,24,0,1,1,3.4566,0,1,0,0,1,0,0,0.0833,1,0,1,0,one,0.5,0,0,0,0.0,0,False,0,0,0,5,DYNADOT LLC,1,1,1,False,0,,,,,,0.2525
http://frabjous-panda-f9e5d0.netlify.app/,frabjous-panda-f9e5d0.netlify.app,1,41,2,2,3,4.2108,1,0,0,0,1,0,0,0.0833,1,0,1,0,app,0.35,1,0,0,0.0,0,True,2,1,0,,,0,0,0,True,0,DigiCert Inc,234,False,,,0.2225
https://www.gazprombank.ru/,www.gazprombank.ru,0,27,0,2,0,3.5724,1,1,0,0,1,0,0,0.0,0,0,0,0,ru,0.5,0,0,0,0.0,0,True,1,0,0,10349,RU-CENTER-RU,0,0,1,True,0,"TrustAsia Technologies, Inc.",83,False,,,0.2214
https://u0jt-qxl2-zkcp.aflores-rorealty-com-s-account.workers.dev/,u0jt-qxl2-zkcp.aflores-rorealty-com-s-account.workers.dev,1,66,6,3,2,4.3855,2,1,0,0,1,0,0,0.0,0,0,0,1,dev,0.5,0,0,0,0.0,0,True,2,1,0,,,0,0,0,True,0,Google Trust Services,55,False,,,0.2377
https://cainet.ru,cainet.ru,0,17,0,1,0,3.1699,0,1,0,0,0,0,0,0.0,0,0,0,0,ru,0.5,0,0,0,0.0,0,True,1,0,1,,,0,0,0,True,0,Let's Encrypt,58,False,,,0.2134
https://makepolo.com,makepolo.com,0,20,0,1,0,3.0221,0,1,0,0,0,0,0,0.0,0,0,0,0,com,0.15,1,0,0,0.0,0,True,10,0,1,8375,Xin Net Technology Corporation,0,0,1,True,0,DigiCert Inc,52,False,,,0.1054
https://showcdnx.com/support/contact,showcdnx.com,0,36,0,1,0,3.2516,0,1,0,0,16,0,0,0.0,0,0,0,0,com,0.15,1,0,0,0.0,0,False,0,0,0,82,DYNADOT LLC,0,1,1,False,0,,,,,,0.11
http://kucein-log.godaddysites.com/,kucein-log.godaddysites.com,1,35,1,2,0,3.9582,1,0,0,0,1,0,0,0.0,0,0,0,0,com,0.15,1,0,0,0.0,0,True,2,0,0,4634,"GoDaddy.com, LLC",0,0,1,True,0,GoDaddy.com,165,False,,,0.1242
http://sp5ct-lavon-biz8-kurem-harex.pages.dev/appeals/submit-appeal-form/return,sp5ct-lavon-biz8-kurem-harex.pages.dev,1,79,4,2,2,4.4386,1,0,0,0,34,0,0,0.0,0,0,0,0,dev,0.5,0,0,0,0.0,0,True,2,1,0,,,0,0,0,True,0,Google Trust Services,83,False,,,0.2388
http://specmaiil.vercel.app/,specmaiil.vercel.app,1,28,0,2,0,3.3464,1,0,0,0,1,0,0,0.0833,1,0,1,0,app,0.35,1,0,0,0.0,0,True,2,0,0,,,0,0,0,True,0,Google Trust Services,60,False,,,0.2052
https://www.unicef.de/,www.unicef.de,0,22,0,2,0,3.027,1,1,0,0,1,0,0,0.0,0,0,0,0,de,0.5,0,0,0,0.0,0,True,3,1,0,,,0,0,0,True,0,Sectigo Limited,252,False,,,0.2105
http://logn-livre-ledxgar.pages.dev/,logn-livre-ledxgar.pages.dev,1,36,2,2,0,3.7534,1,0,0,0,1,0,0,0.0,0,0,0,0,dev,0.5,0,0,0,0.0,0,True,2,1,0,,,0,0,0,True,0,Google Trust Services,46,False,,,0.2251
https://mon-inscription-prime.com/config/pages/mobile/connexion/connexion.php,mon-inscription-prime.com,1,77,2,1,0,3.4333,0,1,0,0,44,0,0,0.0,0,0,0,0,com,0.15,1,0,0,0.0,0,True,1,0,0,5,"Name.com, Inc.",1,0,1,True,0,Let's Encrypt,84,False,,,0.1137
http://beleberdon.com/,beleberdon.com,1,22,0,1,0,3.182,0,0,0,0,1,0,0,0.0,0,0,0,0,com,0.15,1,0,0,0.0,0,True,1,0,1,28,"NameCheap, Inc.",1,0,1,True,0,Let's Encrypt,85,False,,,0.1086
https://lsu.edu,lsu.edu,0,15,0,1,0,2.5216,0,1,0,0,0,0,0,0.0,0,0,0,0,edu,0.02,1,0,0,0.0,0,True,1,0,1,14435,,0,0,1,True,0,Internet2,243,False,,,0.0564
https://facebook-ana.blogspot.com/,facebook-ana.blogspot.com,1,34,1,2,0,3.7493,1,1,0,0,1,0,0,0.0833,1,0,1,0,com,0.15,1,0,0,0.0,0,True,2,1,0,,,0,0,0,True,0,Google Trust Services,55,False,,,0.1533
https://www.hopegoo.com/en-hk,www.hopegoo.com,0,29,0,2,0,2.9232,1,1,0,0,6,0,0,0.0,0,0,0,0,com,0.15,1,0,0,0.0,0,True,4,1,0,,,0,0,0,True,0,DigiCert Inc,10,False,,,0.1035
https://www.layanan-shopee-8.blogspot.com/?m=1,www.layanan-shopee-8.blogspot.com,1,46,2,3,1,4.0061,2,1,0,0,1,1,2,0.0,0,0,0,0,com,0.15,1,0,0,0.0,0,True,2,1,0,,,0,0,0,False,0,,,False,,,0.1251
http://forthyper.com/,forthyper.com,1,21,0,1,0,3.3927,0,0,0,0,1,0,0,0.0,0,0,0,0,com,0.15,1,0,0,0.0,0,True,2,1,0,154,DYNADOT LLC,0,1,1,True,0,Let's Encrypt,53,False,,,0.1129
https://start-bridge-trezor-public.typedream.app/,start-bridge-trezor-public.typedream.app,1,49,3,2,0,3.9939,1,1,0,0,1,0,0,0.0833,1,0,1,0,app,0.35,1,0,0,0.0,0,True,2,0,0,,,0,0,0,True,0,Google Trust Services,88,False,,,0.2182
https://leon.ru,leon.ru,0,15,0,1,0,2.8074,0,1,0,0,0,0,0,0.0,0,0,0,0,ru,0.5,0,0,0,0.0,0,True,1,0,1,9301,RU-CENTER-RU,0,0,1,True,0,Let's Encrypt,29,False,,,0.2061
https://www.people.inc/,www.people.inc,0,23,0,2,0,3.0391,1,1,0,0,1,0,0,0.0833,1,0,1,0,inc,0.5,0,0,0,0.0,0,True,2,1,0,463,"MarkMonitor, Inc.",0,0,1,True,0,Let's Encrypt,80,False,,,0.2441
http://y77d3-w8qn2q-kt2j-5iz3hs.pages.dev/appeals/submit-appeal-form/return,y77d3-w8qn2q-kt2j-5iz3hs.pages.dev,1,75,3,2,8,4.477,1,0,0,0,34,0,0,0.0,0,0,0,0,dev,0.5,0,0,0,0.0,0,True,2,1,0,,,0,0,0,True,0,Google Trust Services,82,False,,,0.2395
http://www.facebooksecure.blogspot.com/,www.facebooksecure.blogspot.com,1,39,0,3,0,3.8371,2,0,0,0,1,0,0,0.0,0,0,0,0,com,0.15,1,0,0,0.0,0,True,2,1,0,,,0,0,0,False,0,,,False,,,0.1217
https://kangwon.ac.kr/ko/index.do,kangwon.ac.kr,0,33,0,2,0,3.0851,1,1,0,0,12,0,0,0.0,0,0,0,0,kr,0.5,0,0,0,0.0,0,True,4,0,1,10625,"Inames Co., Ltd.(http://www.inames.co.kr)",0,0,1,True,0,GlobalSign nv-sa,229,False,,,0.2117
https://fnlock.lol/,fnlock.lol,1,19,0,1,0,2.6464,0,1,0,0,1,0,0,0.0,0,0,0,0,lol,0.5,0,0,0,0.0,0,False,0,0,0,109,DYNADOT LLC,0,1,1,False,0,,,,,,0.2029
https://www.aktualne.cz/,www.aktualne.cz,0,24,0,2,0,3.3232,1,1,0,0,1,0,0,0.0,0,0,0,0,cz,0.5,0,0,0,0.0,0,True,3,1,0,10148,REG-CZNIC,0,0,1,True,0,Google Trust Services,47,False,,,0.2165
https://gpm-ssp.ru,gpm-ssp.ru,0,18,1,1,0,2.9219,0,1,0,0,0,0,0,0.25,3,0,3,0,ru,0.5,0,0,0,0.0,0,True,1,0,0,,,0,0,0,True,0,Let's Encrypt,29,False,,,0.3084
https://indoleads.com/support/contact,indoleads.com,0,37,0,1,0,3.3927,0,1,0,0,16,0,0,0.0,0,0,0,0,com,0.15,1,0,0,0.0,0,True,3,1,1,3261,Registrar of Domain Names REG.RU LLC,0,0,1,True,0,Google Trust Services,69,False,,,0.1129
https://www.beyondblue.org.au/,www.beyondblue.org.au,0,30,0,3,0,3.5585,2,1,0,0,1,0,0,0.0,0,0,0,0,au,0.5,0,0,0,0.0,0,True,2,0,0,,Corporation Service Company (Aust) Pty Ltd,0,0,1,True,0,Let's Encrypt,49,False,,,0.2212
https://www.roblox.com.am/users/378768172502/profile,www.roblox.com.am,1,52,0,3,0,3.1307,2,1,0,0,27,0,0,0.0,0,0,0,0,am,0.5,0,0,0,0.0,0,True,1,0,0,,name (NAME LLC),0,0,1,True,0,Let's Encrypt,72,False,,,0.2126
http://streaming-ui-react.netlify.app/,streaming-ui-react.netlify.app,1,38,2,2,0,3.9396,1,0,0,0,1,0,0,0.0833,1,0,1,0,app,0.35,1,0,0,0.0,0,True,2,1,0,,,0,0,0,True,0,DigiCert Inc,234,False,,,0.2171
https://eda1.ru,eda1.ru,0,15,0,1,1,2.8074,0,1,0,0,0,0,0,0.0,0,0,0,0,ru,0.5,0,0,0,0.0,0,True,1,0,1,6927,RU-CENTER-RU,0,0,1,True,0,Let's Encrypt,22,False,,,0.2061
https://changing-gold-oqtlt1uq.edgeone.dev/home,changing-gold-oqtlt1uq.edgeone.dev,1,47,2,2,1,3.9032,1,1,0,0,5,0,0,0.0,0,0,0,0,dev,0.5,0,0,0,0.0,0,True,2,0,0,,,0,0,0,True,0,"DigiCert, Inc.",114,False,,,0.2281
https://themarketer.com,themarketer.com,0,23,0,1,0,3.1899,0,1,0,0,0,0,0,0.0,0,0,0,0,com,0.15,1,0,0,0.0,0,True,1,0,1,8891,"GoDaddy.com, LLC",0,0,1,True,0,Let's Encrypt,88,False,,,0.1088
https://knack.be/about,knack.be,0,22,0,1,0,2.75,0,1,0,0,6,0,0,0.0,0,0,0,0,be,0.5,0,0,0,0.0,0,True,1,0,1,11100,,0,0,1,False,0,,,,,,0.205
http://super-starburst-f65f7e.netlify.app/,super-starburst-f65f7e.netlify.app,1,42,2,2,3,4.0131,1,0,0,0,1,0,0,0.0833,1,0,1,0,app,0.35,1,0,0,0.0,0,True,2,1,0,,,0,0,0,True,0,DigiCert Inc,234,False,,,0.2186
https://usa-hsbc.blogspot.com/,usa-hsbc.blogspot.com,1,30,1,2,0,3.6538,1,1,0,0,1,0,0,0.25,3,0,3,0,com,0.15,1,0,0,0.0,0,True,2,1,0,,,0,0,0,True,0,Google Trust Services,55,False,,,0.2181
https://rwth-aachen.de,rwth-aachen.de,0,22,1,1,0,3.3788,0,1,0,0,0,0,0,0.0,0,0,0,0,de,0.5,0,0,0,0.0,0,True,1,1,1,,,0,0,0,True,0,Hellenic Academic and Research Institutions CA,72,False,,,0.2176
https://trust-ledger-login-patch-docker.vercel.app/ledger%20form/verify.html,trust-ledger-login-patch-docker.vercel.app,1,76,4,2,0,4.044,1,1,0,0,26,0,1,0.2333,1,0,1,1,app,0.35,1,0,0,0.0,0,True,2,0,0,,,0,0,0,True,0,Google Trust Services,60,False,,,0.2792
http://sp3ct-kavlor-biz8-mesqor-pufem.pages.dev/appeals/submit-appeal-form/return,sp3ct-kavlor-biz8-mesqor-pufem.pages.dev,1,81,4,2,2,4.3842,1,0,0,0,34,0,0,0.0,0,0,0,0,dev,0.5,0,0,0,0.0,0,True,2,1,0,,,0,0,0,True,0,Google Trust Services,82,False,,,0.2377
http://sp5ct-fonex-biz8-raluk-semiv.pages.dev/appeals/submit-appeal-form/return,sp5ct-fonex-biz8-raluk-semiv.pages.dev,1,79,4,2,2,4.4386,1,0,0,0,34,0,0,0.0833,1,0,1,0,dev,0.5,0,0,0,0.0,0,True,2,1,0,,,0,0,0,True,0,Google Trust Services,83,False,,,0.2721
https://www.lessentiel.lu/fr,www.lessentiel.lu,0,28,0,2,0,3.0131,1,1,0,0,3,0,0,0.0,0,0,0,0,lu,0.5,0,0,0,0.0,0,True,8,1,0,,COREhub S.R.L.U,0,0,1,True,0,Amazon,122,False,,,0.2103
https://tempmail.lol,tempmail.lol,0,20,0,1,0,3.0221,0,1,0,0,0,0,0,0.0,0,0,0,0,lol,0.5,0,0,0,0.0,0,True,2,1,0,1546,"NameCheap, Inc.",0,0,1,True,0,Google Trust Services,84,False,,,0.2104
https://vodafone-staging-alt.voltsystems.de/,vodafone-staging-alt.voltsystems.de,1,44,2,2,0,3.8646,1,1,0,0,1,0,0,0.0,0,0,0,0,de,0.5,0,0,0,0.0,0,True,1,0,0,,,0,0,0,True,0,Let's Encrypt,83,False,,,0.2273
https://www.cqc.org.uk/,www.cqc.org.uk,0,23,0,3,0,2.9852,2,1,0,0,1,0,0,0.0,0,0,0,0,uk,0.5,0,0,0,0.0,0,True,4,0,0,7691,Vodafone Limited t/a Vodafone.co.uk [Tag = VODAFONE],0,0,1,True,0,GlobalSign nv-sa,118,False,,,0.2097
https://pinup3559.com,pinup3559.com,0,21,0,1,4,3.3927,0,1,0,0,0,0,0,0.0,0,0,0,0,com,0.15,1,0,0,0.0,0,True,1,0,1,146,"NameCheap, Inc.",0,0,1,True,0,Let's Encrypt,34,False,,,0.1129
https://polycom.com/account/settings,polycom.com,0,36,0,1,0,2.6635,0,1,0,0,17,0,0,0.0,0,0,0,0,com,0.15,1,0,0,0.0,0,True,1,0,1,11913,"MarkMonitor, Inc.",0,0,1,False,0,,,,,,0.0983
http://plixy-vlypx-zclod-8ej59e-rjygh-skrypn.pages.dev/,plixy-vlypx-zclod-8ej59e-rjygh-skrypn.pages.dev,1,55,5,2,3,4.3553,1,0,0,0,1,0,0,0.0,0,0,0,0,dev,0.5,0,0,0,0.0,0,True,2,1,0,,,0,0,0,True,0,Google Trust Services,81,False,,,0.2371
http://luxury-baklava-7a9991.netlify.app/,luxury-baklava-7a9991.netlify.app,1,41,2,2,5,4.1014,1,0,0,0,1,0,0,0.0833,1,0,1,0,app,0.35,1,0,0,0.0,0,True,2,1,0,,,0,0,0,True,0,DigiCert Inc,234,False,,,0.2203
https://www.jax.org/,www.jax.org,0,20,0,2,0,2.8454,1,1,0,0,1,0,0,0.0,0,0,0,0,org,0.1,1,0,0,0.0,0,True,2,1,0,13711,"CSC Corporate Domains, Inc.",0,0,1,True,0,Sectigo Limited,103,False,,,0.0869
http://sp5ct-gorun-biz8-furel-kanex.pages.dev/appeals/submit-appeal-form/return,sp5ct-gorun-biz8-furel-kanex.pages.dev,1,79,4,2,2,4.4058,1,0,0,0,34,0,0,0.0,0,0,0,0,dev,0.5,0,0,0,0.0,0,True,2,1,0,,,0,0,0,True,0,Google Trust Services,83,False,,,0.2381
http://www.login-fcebook.blogspot.com/,www.login-fcebook.blogspot.com,1,38,1,3,0,3.8062,2,0,0,0,1,0,0,0.0,0,0,0,1,com,0.15,1,0,0,0.0,0,True,2,1,0,,,0,0,0,False,0,,,False,,,0.1211
https://facebook-login-it.blogspot.com/?m=1,facebook-login-it.blogspot.com,1,43,2,2,0,3.8566,1,1,0,0,1,1,2,0.0,0,0,0,1,com,0.15,1,0,0,0.0,0,True,2,1,0,,,0,0,0,True,0,Google Trust Services,55,False,,,0.1221
https://plitv.tv/api/v1/status,plitv.tv,0,30,0,1,0,2.5,0,1,0,0,14,0,0,0.0,0,0,0,0,tv,0.5,0,0,0,0.0,0,True,2,1,1,5054,Internet Domain Service BS Corp,0,1,1,True,0,Google Trust Services,44,False,,,0.2
https://www.csulb.edu,www.csulb.edu,0,21,0,2,0,3.027,1,1,0,0,0,0,0,0.0,0,0,0,0,edu,0.02,1,0,0,0.0,0,True,4,0,0,13431,,0,0,1,True,0,Let's Encrypt,24,False,,,0.0665
http://apply-on-free-here.surge.sh/,apply-on-free-here.surge.sh,1,35,3,2,0,3.6764,1,0,0,0,1,0,0,0.0,0,0,0,1,sh,0.5,0,0,0,0.0,0,True,1,0,0,,,0,0,0,True,0,Sectigo Limited,141,False,,,0.2235
http://jmudz857kf-zgronpdrf-9e2a5b-gre1l.pages.dev/,jmudz857kf-zgronpdrf-9e2a5b-gre1l.pages.dev,1,51,3,2,7,4.5188,1,0,0,0,1,0,0,0.0,0,0,0,0,dev,0.5,0,0,0,0.0,0,True,2,1,0,,,0,0,0,True,0,Google Trust Services,81,False,,,0.2404
https://158-158-120-184.cprapid.com/de/update.php?token=jol5rc5nzykzqj8nhvse,158-158-120-184.cprapid.com,1,76,3,2,12,3.8101,1,1,0,0,14,1,2,0.0,0,0,0,0,com,0.15,1,0,0,0.0,0,False,0,0,0,2629,"TUCOWS.COM, CO.",0,1,1,False,0,,,,,,0.1212
https://agu.org,agu.org,0,15,0,1,0,2.5216,0,1,0,0,0,0,0,0.0,0,0,0,0,org,0.1,1,0,0,0.0,0,True,2,0,1,12801,"Network Solutions, LLC",0,0,1,True,0,DigiCert Inc,165,False,,,0.0804
https://twimg.com/support/contact,twimg.com,0,33,0,1,0,2.9477,0,1,0,0,16,0,0,0.0,0,0,0,0,com,0.15,1,0,0,0.0,0,False,0,0,0,,,0,0,0,False,0,,,,,,0.104
https://zerody.one,zerody.one,0,18,0,1,0,2.9219,0,1,0,0,0,0,0,0.1667,2,0,2,0,one,0.5,0,0,0,0.0,0,True,2,1,1,2535,"NameCheap, Inc.",0,1,1,True,0,Google Trust Services,73,False,,,0.2751
https://robloxc.com.es/users/5189314991/profile,robloxc.com.es,1,47,0,2,0,3.182,1,1,0,0,25,0,0,0.0,0,0,0,0,es,0.5,0,0,0,0.0,0,True,2,1,0,,,0,0,0,True,0,Google Trust Services,40,False,,,0.2136
http://sp3ct-marnex-biz8-qelvik-posar.pages.dev/,sp3ct-marnex-biz8-qelvik-posar.pages.dev,1,48,4,2,2,4.3653,1,0,0,0,1,0,0,0.0,0,0,0,0,dev,0.5,0,0,0,0.0,0,True,2,1,0,,,0,0,0,True,0,Google Trust Services,81,False,,,0.2373
https://ebharatgas.com/ebharat/forHome/home.html,ebharatgas.com,0,48,0,1,0,3.4677,0,1,0,0,26,0,0,0.0,0,0,0,0,com,0.15,1,0,0,0.0,0,True,4,0,0,9630,"GoDaddy.com, LLC",0,0,1,True,0,Amazon,120,False,,,0.1144
https://treasurydirect.gov,treasurydirect.gov,0,26,0,1,0,3.6835,0,1,0,0,0,0,0,0.0833,1,0,1,0,gov,0.03,1,0,0,0.0,0,True,1,1,1,10188,get.gov,0,1,1,True,0,Entrust Limited,38,False,,,0.116
https://pvsvc.io/products,pvsvc.io,0,25,0,1,0,2.75,0,1,0,0,9,0,0,0.0,0,0,0,0,io,0.28,1,0,0,0.0,0,False,0,0,0,1623,GANDI SAS,0,0,1,False,0,,,,,,0.139
https://tche.br,tche.br,0,15,0,1,0,2.8074,0,1,0,0,0,0,0,0.0,0,0,0,0,br,0.5,0,0,0,0.0,0,True,1,1,1,11531,,0,0,1,True,0,GlobalSign nv-sa,48,False,,,0.2061
http://tikamz.netlify.app/,tikamz.netlify.app,1,26,0,2,0,3.6144,1,0,0,0,1,0,0,0.0833,1,0,1,0,app,0.35,1,0,0,0.0,0,True,2,1,0,,,0,0,0,True,0,DigiCert Inc,234,False,,,0.2106
https://www.cineplex.com/,www.cineplex.com,0,25,0,2,0,3.3278,1,1,0,0,1,0,0,0.0,0,0,0,0,com,0.15,1,0,0,0.0,0,True,1,0,0,10644,"easyDNS Technologies, Inc.",0,0,1,True,0,DigiCert Inc,24,False,,,0.1116
https://petitiononline.com,petitiononline.com,0,26,0,1,0,3.1552,0,1,0,0,0,0,0,0.0,0,0,0,0,com,0.15,1,0,0,0.0,0,True,4,0,0,9930,"Amazon Registrar, Inc.",0,0,1,True,0,Amazon,143,False,,,0.1081
https://exacdn.com/search?q=help,exacdn.com,0,32,0,1,0,3.1219,0,1,0,0,7,1,2,0.0,0,0,0,0,com,0.15,1,0,0,0.0,0,False,0,0,0,2280,"NameSilo, LLC",0,1,1,False,0,,,,,,0.1074
http://sp3ct-lersak-biz8-fonqor-videm.pages.dev/,sp3ct-lersak-biz8-fonqor-videm.pages.dev,1,48,4,2,2,4.4031,1,0,0,0,1,0,0,0.0,0,0,0,0,dev,0.5,0,0,0,0.0,0,True,2,1,0,,,0,0,0,True,0,Google Trust Services,82,False,,,0.2381
https://ienso-dev.com/login,ienso-dev.com,0,27,1,1,0,3.3927,0,1,0,0,6,0,0,0.0,0,0,0,0,com,0.15,1,0,0,0.0,0,True,1,0,0,1839,"Amazon Registrar, Inc.",0,0,1,False,0,,,,,,0.1129
http://srvicepromigrogershaweb-81d327.netlify.app/,srvicepromigrogershaweb-81d327.netlify.app,1,50,1,2,5,4.5468,1,0,0,0,1,0,0,0.0833,1,0,1,0,app,0.35,1,0,0,0.0,0,True,2,1,0,,,0,0,0,True,0,DigiCert Inc,234,False,,,0.2293
https://www.loomgames.com/,www.loomgames.com,0,26,0,2,0,3.1307,1,1,0,0,1,0,0,0.0,0,0,0,0,com,0.15,1,0,0,0.0,0,True,2,1,0,618,Aerotek Bilisim Sanayi ve Ticaret AS,0,0,1,True,0,Google Trust Services,31,False,,,0.1076
https://everybodywiki.com,everybodywiki.com,0,25,0,1,0,3.6169,0,1,0,0,0,0,0,0.0,0,0,0,0,com,0.15,1,0,0,0.0,0,True,3,1,1,3385,"OVH, SAS",0,1,1,True,0,Google Trust Services,89,False,,,0.1173
http://wktpx92cfld-tngkw84tng-2e8f1c-vhs41t.pages.dev/,wktpx92cfld-tngkw84tng-2e8f1c-vhs41t.pages.dev,1,54,3,2,9,4.4309,1,0,0,0,1,0,0,0.0,0,0,0,0,dev,0.5,0,0,0,0.0,0,True,2,1,0,,,0,0,0,True,0,Google Trust Services,84,False,,,0.2386
https://xelveta-gld-larnora-c2t6fc83.pages.dev/send_appeal_request,xelveta-gld-larnora-c2t6fc83.pages.dev,1,66,3,2,4,4.2082,1,1,0,0,20,0,2,0.0,0,0,0,0,dev,0.5,0,0,0,0.0,0,True,2,1,0,,,0,0,0,True,0,Google Trust Services,83,False,,,0.2342
https://furunavi.jp,furunavi.jp,0,19,0,1,0,3.2776,0,1,0,0,0,0,0,0.0,0,0,0,0,jp,0.5,0,0,0,0.0,0,True,2,0,1,4568,,0,0,1,True,0,Amazon,99,False,,,0.2156
https://zjstr4b52pzg-qcfzkplsi-2e3f6a-fyn9c.pages.dev/,zjstr4b52pzg-qcfzkplsi-2e3f6a-fyn9c.pages.dev,1,54,3,2,7,4.6356,1,1,0,0,1,0,0,0.0,0,0,0,0,dev,0.5,0,0,0,0.0,0,True,2,1,0,,,0,0,0,True,0,Google Trust Services,82,False,,,0.2427
https://rakuten.com.tw/en-us/home,rakuten.com.tw,0,33,0,2,0,3.5216,1,1,0,0,11,0,0,0.0,0,0,0,0,tw,0.5,0,0,0,0.0,0,True,1,0,1,8257,"Markmonitor, Inc.",0,0,1,True,0,DigiCert Inc,144,False,,,0.2204
http://sp3ct-qelvak-biz8-farsik-loden.pages.dev/appeals/submit-appeal-form/return,sp3ct-qelvak-biz8-farsik-loden.pages.dev,1,81,4,2,2,4.3342,1,0,0,0,34,0,0,0.0,0,0,0,0,dev,0.5,0,0,0,0.0,0,True,2,1,0,,,0,0,0,True,0,Google Trust Services,82,False,,,0.2367
http://logical-example-931988.framer.app/,logical-example-931988.framer.app,1,41,2,2,6,4.0061,1,0,0,0,1,0,0,0.0833,1,0,1,0,app,0.35,1,0,0,0.0,0,True,2,0,0,,,0,0,0,True,0,Let's Encrypt,37,False,,,0.2184
http://sp5ct-vanik-biz8-furek-salem.pages.dev/appeals/submit-appeal-form/return,sp5ct-vanik-biz8-furek-salem.pages.dev,1,79,4,2,2,4.3135,1,0,0,0,34,0,0,0.0,0,0,0,0,dev,0.5,0,0,0,0.0,0,True,2,1,0,,,0,0,0,True,0,Google Trust Services,83,False,,,0.2363
https://wwvintermatico.space/,wwvintermatico.space,1,29,0,1,0,3.7219,0,1,0,0,1,0,0,0.0,0,0,0,0,space,0.5,0,0,0,0.0,0,True,1,0,1,,,0,0,0,True,0,SSL Corporation,194,False,,,0.2244
http://ldgerr-live-install.pages.dev/,ldgerr-live-install.pages.dev,1,37,2,2,0,3.6856,1,0,0,0,1,0,0,0.0833,1,0,1,0,dev,0.5,0,0,0,0.0,0,True,2,1,0,,,0,0,0,True,0,Google Trust Services,31,False,,,0.257
http://pe-facebook.blogspot.com/,pe-facebook.blogspot.com,1,32,1,2,0,3.6846,1,0,0,0,1,0,0,0.0,0,0,0,0,com,0.15,1,0,0,0.0,0,True,2,1,0,,,0,0,0,True,0,Google Trust Services,55,False,,,0.1187
https://sp8ct-durnik-biz8-kolven-fastor.pages.dev/rtyu-iopj-qewr-thjm?welcome=120521924660002&idnp=120521924660002&name_idnp=Richmond%20Jazz%20and%20Music%20Festival,sp8ct-durnik-biz8-kolven-fastor.pages.dev,1,165,4,2,2,4.3451,1,1,0,0,20,3,11,0.0,0,0,0,0,dev,0.5,0,0,0,0.0,0,True,2,1,0,,,0,0,0,True,0,Google Trust Services,85,False,,,0.2369
http://xelquna-gld-lentora-c5x9hc67.pages.dev/appeals/submit-appeal-form/return,xelquna-gld-lentora-c5x9hc67.pages.dev,1,79,3,2,4,4.3462,1,0,0,0,34,0,0,0.0,0,0,0,0,dev,0.5,0,0,0,0.0,0,True,2,1,0,,,0,0,0,True,0,Google Trust Services,83,False,,,0.2369
https://awsdns-25.com/blog/update,awsdns-25.com,0,33,1,1,2,3.5466,0,1,0,0,12,0,0,0.0,0,0,0,0,com,0.15,1,0,0,0.0,0,False,0,0,0,5758,"MarkMonitor, Inc.",0,0,1,False,0,,,,,,0.1159
https://crpt.ru/,crpt.ru,0,16,0,1,0,2.5216,0,1,0,0,1,0,0,0.0,0,0,0,0,ru,0.5,0,0,0,0.0,0,True,1,0,1,5557,RU-CENTER-RU,0,0,1,True,0,Let's Encrypt,16,False,,,0.2004
https://samberi.com,samberi.com,0,19,0,1,0,3.2776,0,1,0,0,0,0,0,0.0,0,0,0,0,com,0.15,1,0,0,0.0,0,True,1,0,1,7193,"Regional Network Information Center, JSC dba RU-CENTER",0,0,1,True,0,GlobalSign nv-sa,162,False,,,0.1106
https://gigaset.net/en-us/home,gigaset.net,0,30,0,1,0,2.914,0,1,0,0,11,0,0,0.0,0,0,0,0,net,0.22,1,0,0,0.0,0,True,1,0,1,,,0,0,0,True,0,Let's Encrypt,46,False,,,0.1243
https://sp5ct-lanik-biz8-vurem-horex.pages.dev/,sp5ct-lanik-biz8-vurem-horex.pages.dev,1,47,4,2,2,4.4585,1,1,0,0,1,0,0,0.0,0,0,0,0,dev,0.5,0,0,0,0.0,0,True,2,1,0,,,0,0,0,True,0,Google Trust Services,83,False,,,0.2392
https://ktfpkjt.com/api/v1/status,ktfpkjt.com,0,33,0,1,0,3.0958,0,1,0,0,14,0,0,0.0,0,0,0,0,com,0.15,1,0,0,0.0,0,False,0,0,0,223,DYNADOT LLC,0,1,1,False,0,,,,,,0.1069
http://moonpay-commerce-git-henryharris-com2-1748-heliofi.vercel.app/,moonpay-commerce-git-henryharris-com2-1748-heliofi.vercel.app,1,69,6,2,5,4.2831,1,0,0,0,1,0,0,0.25,3,0,3,0,app,0.35,1,0,0,0.0,0,True,2,0,0,,,0,0,0,True,0,Google Trust Services,60,False,,,0.2907
https://mesinfos.fr,mesinfos.fr,0,19,0,1,0,3.0958,0,1,0,0,0,0,0,0.0,0,0,0,0,fr,0.5,0,0,0,0.0,0,True,2,1,1,1867,OVH,0,0,1,True,0,Google Trust Services,54,False,,,0.2119
http://lcloud.com.pe/jCu/3ZBx,lcloud.com.pe,1,29,0,2,0,3.0851,1,0,0,0,9,0,0,0.0,0,0,0,0,pe,0.5,0,0,0,0.0,0,True,1,0,1,,Marcaria.com LLC,0,0,1,True,0,Let's Encrypt,58,False,,,0.2117
https://cnmsn.net/team/index.html,cnmsn.net,0,33,0,1,0,2.6416,0,1,0,0,16,0,0,0.0,0,0,0,0,net,0.22,1,0,0,0.0,0,True,1,0,1,10012,"Bizcn.com,Inc.",0,1,1,False,0,,,,,,0.1188
http://sp5ct-vanik-biz8-furek-salem.pages.dev/,sp5ct-vanik-biz8-furek-salem.pages.dev,1,46,4,2,2,4.3135,1,0,0,0,1,0,0,0.0,0,0,0,0,dev,0.5,0,0,0,0.0,0,True,2,1,0,,,0,0,0,True,0,Google Trust Services,83,False,,,0.2363
https://www.eyemed.com/en-us/,www.eyemed.com,0,29,0,2,0,2.8424,1,1,0,0,7,0,0,0.0,0,0,0,0,com,0.15,1,0,0,0.0,0,True,4,1,0,,,0,0,0,True,0,DigiCert Inc,105,False,,,0.1018
https://support--legderlive-us--learn.typedream.app/,support--legderlive-us--learn.typedream.app,1,52,5,2,0,3.8858,1,1,0,0,1,0,0,0.2333,1,0,1,1,app,0.35,1,0,0,0.0,0,True,2,0,0,,,0,0,0,True,0,Google Trust Services,88,False,,,0.276
https://pldwf8801l-qtzxvaplx-9a0d3e-mk814p.pages.dev/,pldwf8801l-qtzxvaplx-9a0d3e-mk814p.pages.dev,1,53,3,2,10,4.4019,1,1,0,0,1,0,0,0.0,0,0,0,0,dev,0.5,0,0,0,0.0,0,True,2,1,0,,,0,0,0,True,0,Google Trust Services,83,False,,,0.238
http://sp3ct-norqas-biz8-pelvik-durem.pages.dev/appeals/submit-appeal-form/return,sp3ct-norqas-biz8-pelvik-durem.pages.dev,1,81,4,2,2,4.3842,1,0,0,0,34,0,0,0.25,1,1,0,0,dev,0.5,0,0,0,0.0,0,True,2,1,0,,,0,0,0,True,0,Google Trust Services,82,False,,,0.3377
https://www.personal.com.ar/,www.personal.com.ar,0,28,0,3,0,3.4316,2,1,0,0,1,0,0,0.0,0,0,0,0,ar,0.5,0,0,0,0.0,0,True,8,1,0,,,0,0,0,True,0,Amazon,161,False,,,0.2186
http://ukyjgfrew.eu.cc/es,ukyjgfrew.eu.cc,1,25,0,2,0,3.3736,1,0,0,0,3,0,0,0.0,0,0,0,0,cc,0.5,0,0,0,0.0,0,True,1,0,0,10515,Gname.com Pte. Ltd.,0,1,1,True,0,Let's Encrypt,86,False,,,0.2175
https://www.thecarconnection.com/,www.thecarconnection.com,0,33,0,2,0,3.4073,1,1,0,0,1,0,0,0.0,0,0,0,0,com,0.15,1,0,0,0.0,0,True,2,1,0,11067,"GoDaddy.com, LLC",0,0,1,True,0,Google Trust Services,44,False,,,0.1131
https://www.scaleway.com/en/dedibox/,www.scaleway.com,0,36,0,2,0,3.125,1,1,0,0,12,0,0,0.0,0,0,0,0,com,0.15,1,0,0,0.0,0,True,2,1,0,6819,ONLINE SAS,0,0,1,True,0,Sectigo Limited,206,False,,,0.1075
https://justeattakeaway.com,justeattakeaway.com,0,27,0,1,0,3.4714,0,1,0,0,0,0,0,0.0,0,0,0,0,com,0.15,1,0,0,0.0,0,True,2,0,1,,,0,0,0,True,0,Google Trust Services,68,False,,,0.1144
https://n8n.io/,n8n.io,0,15,0,1,1,2.2516,0,1,0,0,1,0,0,0.0,0,0,0,0,io,0.28,1,0,0,0.0,0,True,3,1,1,2795,"NameCheap, Inc.",0,0,1,True,0,Google Trust Services,74,False,,,0.129
http://sp5ct-sorem-biz8-hurev-lakon.pages.dev/appeals/submit-appeal-form/return,sp5ct-sorem-biz8-hurev-lakon.pages.dev,1,79,4,2,2,4.386,1,0,0,0,34,0,0,0.0,0,0,0,0,dev,0.5,0,0,0,0.0,0,True,2,1,0,,,0,0,0,True,0,Google Trust Services,83,False,,,0.2377
https://playmogo.com,playmogo.com,0,20,0,1,0,3.0221,0,1,0,0,0,0,0,0.0,0,0,0,0,com,0.15,1,0,0,0.0,0,True,3,0,0,117,"Name.com, Inc.",0,0,1,True,0,Let's Encrypt,31,False,,,0.1054
https://by.ru,by.ru,0,13,0,1,0,2.3219,0,1,0,0,0,0,0,0.0,0,0,0,0,ru,0.5,0,0,0,0.0,0,True,1,0,1,9692,RU-CENTER-RU,0,0,1,True,0,Let's Encrypt,43,False,,,0.1964
http://leddgir-logn.pages.dev/,leddgir-logn.pages.dev,1,30,1,2,0,3.6292,1,0,0,0,1,0,0,0.0,0,0,0,0,dev,0.5,0,0,0,0.0,0,True,2,1,0,,,0,0,0,True,0,Google Trust Services,50,False,,,0.2226
http://lh.gecnnrl.com/NeemaHospitalityManagement/download.html,lh.gecnnrl.com,1,62,0,2,0,3.2359,1,0,0,0,41,0,0,0.0,0,0,0,0,com,0.15,1,0,0,0.0,0,True,1,0,1,30,IONOS SE,0,1,1,True,0,Let's Encrypt,60,False,,,0.1097
https://bmwfans.info,bmwfans.info,0,20,0,1,0,3.2516,0,1,0,0,0,0,0,0.0833,1,0,1,0,info,0.55,1,0,0,0.0,0,True,2,1,1,,,0,0,0,True,0,Let's Encrypt,50,False,,,0.2634
https://siteperformancetest.net,siteperformancetest.net,0,31,0,1,0,3.4101,0,1,0,0,0,0,0,0.0,0,0,0,0,net,0.22,1,0,0,0.0,0,True,4,0,0,748,"Amazon Registrar, Inc.",0,0,1,True,0,Amazon,118,False,,,0.1342
https://catholichealth.net/account/settings,catholichealth.net,0,43,0,1,0,3.1972,0,1,0,0,17,0,0,0.0,0,0,0,0,net,0.22,1,0,0,0.0,0,True,1,0,1,10242,"MarkMonitor, Inc.",0,0,1,False,0,,,,,,0.1299
https://brseguros.com.ec/roos/apps/file/redirect,brseguros.com.ec,1,48,0,2,0,3.25,1,1,0,0,24,0,0,0.0,0,0,0,0,ec,0.5,0,0,0,0.0,0,False,0,0,0,2084,.ec DOMINIOS ECUADOR,0,0,1,False,0,,,,,,0.215
https://s4w.in/https-www-roblox-com-users-1015010701-profilee,s4w.in,1,61,0,1,1,2.585,0,1,0,0,47,0,0,0.0833,1,0,1,0,in,0.2,1,0,0,0.0,0,True,2,1,1,6829,GoDaddy,0,0,1,True,0,Let's Encrypt,50,False,,,0.145
http://sp5ct-sonik-biz8-hurek-falem.pages.dev/appeals/submit-appeal-form/return,sp5ct-sonik-biz8-hurek-falem.pages.dev,1,79,4,2,2,4.4386,1,0,0,0,34,0,0,0.0,0,0,0,0,dev,0.5,0,0,0,0.0,0,True,2,1,0,,,0,0,0,True,0,Google Trust Services,83,False,,,0.2388
https://jwx.com/,jwx.com,0,16,0,1,0,2.8074,0,1,0,0,1,0,0,0.0,0,0,0,0,com,0.15,1,0,0,0.0,0,True,2,0,1,,,0,0,0,True,0,Let's Encrypt,87,False,,,0.1011
https://malxisk.us.cc/5g,malxisk.us.cc,1,24,0,2,0,3.2389,1,1,0,0,3,0,0,0.0,0,0,0,0,cc,0.5,0,0,0,0.0,0,True,1,0,0,7416,Gname.com Pte. Ltd.,0,1,1,True,0,Let's Encrypt,87,False,,,0.2148
https://yrxtrk.com/login,yrxtrk.com,0,24,0,1,0,3.1219,0,1,0,0,6,0,0,0.0,0,0,0,0,com,0.15,1,0,0,0.0,0,False,0,0,0,3968,"NameCheap, Inc.",0,0,1,False,0,,,,,,0.1074
https://7658okay986.cc/,7658okay986.cc,1,23,0,1,7,3.3788,0,1,0,0,1,0,0,0.0,0,0,0,0,cc,0.5,0,0,0,0.0,0,True,3,0,0,32,DYNADOT LLC,0,1,1,True,0,Let's Encrypt,57,False,,,0.2176
http://vronz-qtwiz-bfrnk-4b82fc-zplv-zorgon.pages.dev/,vronz-qtwiz-bfrnk-4b82fc-zplv-zorgon.pages.dev,1,54,5,2,3,4.4229,1,0,0,0,1,0,0,0.0,0,0,0,0,dev,0.5,0,0,0,0.0,0,True,2,1,0,,,0,0,0,True,0,Google Trust Services,81,False,,,0.2385
https://cnevids.com/account/settings,cnevids.com,0,36,0,1,0,3.2776,0,1,0,0,17,0,0,0.0,0,0,0,0,com,0.15,1,0,0,0.0,0,False,0,0,1,,,0,0,0,False,0,,,,,,0.1106
https://zwurd-bfrnk-vlypx-1rw82c-ejbyh-prentz.pages.dev/,zwurd-bfrnk-vlypx-1rw82c-ejbyh-prentz.pages.dev,1,56,5,2,3,4.5256,1,1,0,0,1,0,0,0.0,0,0,0,0,dev,0.5,0,0,0,0.0,0,True,2,1,0,,,0,0,0,True,0,Google Trust Services,81,False,,,0.2405
https://sjxydc.com/team/index.html,sjxydc.com,0,34,0,1,0,3.1219,0,1,0,0,16,0,0,0.0,0,0,0,0,com,0.15,1,0,0,0.0,0,False,0,0,0,1301,Alibaba Cloud Computing Ltd. d/b/a HiChina (www.net.cn),0,0,1,False,0,,,,,,0.1074
http://genuine-mermaid-39e7d8.netlify.app/,genuine-mermaid-39e7d8.netlify.app,1,42,2,2,4,4.1134,1,0,0,0,1,0,0,0.0833,1,0,1,0,app,0.35,1,0,0,0.0,0,True,2,1,0,,,0,0,0,True,0,DigiCert Inc,234,False,,,0.2206
https://www.malavida.com/es/android/,www.malavida.com,0,36,0,2,0,3.1556,1,1,0,0,12,0,0,0.0,0,0,0,0,com,0.15,1,0,0,0.0,0,True,2,1,0,9188,DonDominio (SCIP),0,0,1,True,0,DigiCert Inc,71,False,,,0.1081
https://www.hostingpalvelu.fi/,www.hostingpalvelu.fi,0,30,0,2,0,3.8802,1,1,0,0,1,0,0,0.0,0,0,0,0,fi,0.5,0,0,0,0.0,0,True,1,0,1,,,0,0,0,True,0,Let's Encrypt,88,False,,,0.2276
http://bafkreiak6rgnyp5ck6773bzh327hyjmfcbs7i6t6ihj35zuz2vljnyuh54.ipfs.dweb.link/,bafkreiak6rgnyp5ck6773bzh327hyjmfcbs7i6t6ihj35zuz2vljnyuh54.ipfs.dweb.link,1,82,0,3,17,4.7547,2,0,0,0,1,0,0,0.0833,1,0,1,0,link,0.85,1,0,0,0.0,0,True,2,1,0,3441,"CSC Corporate Domains, Inc.",0,0,1,True,0,Let's Encrypt,83,False,,,0.3834
https://cgood.ru,cgood.ru,0,16,0,1,0,2.75,0,1,0,0,0,0,0,0.0,0,0,0,0,ru,0.5,0,0,0,0.0,0,True,1,0,1,4785,RU-CENTER-RU,0,0,1,True,0,Let's Encrypt,50,False,,,0.205
https://backmarket.de/search?q=team,backmarket.de,0,35,0,1,0,3.2389,0,1,0,0,7,1,2,0.0,0,0,0,0,de,0.5,0,0,0,0.0,0,True,2,1,1,,,0,0,0,True,0,Google Trust Services,70,False,,,0.2148
http://www.123-facebook.blogspot.com/,www.123-facebook.blogspot.com,1,37,1,3,3,3.9918,2,0,0,0,1,0,0,0.0,0,0,0,0,com,0.15,1,0,0,0.0,0,True,2,1,0,,,0,0,0,False,0,,,False,,,0.1248
https://motion-gallery.net,motion-gallery.net,0,26,1,1,0,3.6144,0,1,0,0,0,0,0,0.0,0,0,0,0,net,0.22,1,0,0,0.0,0,True,2,0,1,5527,"Amazon Registrar, Inc.",0,0,1,True,0,Amazon,141,False,,,0.1383
https://bilh.org/support/contact,bilh.org,0,32,0,1,0,3.0,0,1,0,0,16,0,0,0.0,0,0,0,0,org,0.1,1,0,0,0.0,0,True,1,0,1,3155,"Network Solutions, LLC",0,0,1,False,0,,,,,,0.09
https://fnscan.top/,fnscan.top,1,19,0,1,0,3.1219,0,1,0,0,1,0,0,0.0,0,0,0,0,top,0.9,1,0,0,0.0,0,True,2,1,0,130,PDR Ltd. d/b/a PublicDomainRegistry.com,0,1,1,True,0,Let's Encrypt,77,False,,,0.3324
http://dhlexpress.bg/en/shipping-advice/packaging,dhlexpress.bg,1,49,0,1,0,3.3927,0,0,0,0,29,0,0,0.0,0,0,0,0,bg,0.5,0,0,0,0.0,0,True,1,1,0,,,0,0,0,True,0,Let's Encrypt,75,False,,,0.2179
https://sp3ct-drenix-biz8-solvek-tranu.pages.dev/,sp3ct-drenix-biz8-solvek-tranu.pages.dev,1,49,4,2,2,4.3531,1,1,0,0,1,0,0,0.0,0,0,0,0,dev,0.5,0,0,0,0.0,0,True,2,1,0,,,0,0,0,True,0,Google Trust Services,81,False,,,0.2371
http://sp5ct-furev-biz8-lonik-marex.pages.dev/appeals/submit-appeal-form/return,sp5ct-furev-biz8-lonik-marex.pages.dev,1,79,4,2,2,4.4585,1,0,0,0,34,0,0,0.0,0,0,0,0,dev,0.5,0,0,0,0.0,0,True,2,1,0,,,0,0,0,True,0,Google Trust Services,83,False,,,0.2392
https://www.zebra.com/ap/en.html,www.zebra.com,0,32,0,2,0,3.1808,1,1,0,0,11,0,0,0.0,0,0,0,0,com,0.15,1,0,0,0.0,0,True,4,0,0,,,0,0,0,True,0,DigiCert Inc,85,False,,,0.1086
https://uindex.org,uindex.org,0,18,0,1,0,3.3219,0,1,0,0,0,0,0,0.0,0,0,0,0,org,0.1,1,0,0,0.0,0,True,2,1,1,511,"TUCOWS.COM, CO.",0,1,1,True,0,Google Trust Services,51,False,,,0.0964
https://www.bankhapoalim.co.il/,www.bankhapoalim.co.il,0,31,0,3,0,3.5383,2,1,0,0,1,0,0,0.0,0,0,0,0,il,0.5,0,0,0,0.0,0,True,1,0,0,,Israel Internet Association ISOC-IL,0,0,1,True,0,GlobalSign nv-sa,57,False,,,0.2208
http://sp3ct-velnik-biz8-morqor-lused.pages.dev/appeals/submit-appeal-form/return,sp3ct-velnik-biz8-morqor-lused.pages.dev,1,81,4,2,2,4.4031,1,0,0,0,34,0,0,0.0,0,0,0,0,dev,0.5,0,0,0,0.0,0,True,2,1,0,,,0,0,0,True,0,Google Trust Services,82,False,,,0.2381
https://sp5ct-girel-biz8-vonak-tilmex.pages.dev/,sp5ct-girel-biz8-vonak-tilmex.pages.dev,1,48,4,2,2,4.343,1,1,0,0,1,0,0,0.1667,2,0,2,0,dev,0.5,0,0,0,0.0,0,True,2,1,0,,,0,0,0,True,0,Google Trust Services,83,False,,,0.3035
http://365886a2.com/,365886a2.com,1,20,0,1,7,3.2516,0,0,0,0,1,0,0,0.0,0,0,0,0,com,0.15,1,0,0,0.0,0,True,1,0,0,30,"GoDaddy.com, LLC",0,0,1,True,0,Sectigo Limited,169,False,,,0.11
https://flourish.studio,flourish.studio,0,23,0,1,0,3.3736,0,1,0,0,0,0,0,0.0,0,0,0,0,studio,0.5,0,0,0,0.0,0,True,4,1,1,,,0,0,0,True,0,Amazon,197,False,,,0.2175
https://sp5ct-zurel-biz8-pamek-vorin.pages.dev/,sp5ct-zurel-biz8-pamek-vorin.pages.dev,1,47,4,2,2,4.3333,1,1,0,0,1,0,0,0.0,0,0,0,0,dev,0.5,0,0,0,0.0,0,True,2,1,0,,,0,0,0,True,0,Google Trust Services,83,False,,,0.2367
https://sp4ct-uardorin-biz8-dorex-zafon.pages.dev/,sp4ct-uardorin-biz8-dorex-zafon.pages.dev,1,50,4,2,2,4.2899,1,1,0,0,1,0,0,0.0,0,0,0,0,dev,0.5,0,0,0,0.0,0,True,2,1,0,,,0,0,0,True,0,Google Trust Services,83,False,,,0.2358
https://stake.com,stake.com,0,17,0,1,0,3.1699,0,1,0,0,0,0,0,0.0,0,0,0,0,com,0.15,1,0,0,0.0,0,True,2,0,1,10224,"MarkMonitor, Inc.",0,0,1,True,0,Let's Encrypt,61,False,,,0.1084
https://www.sensorsdata.cn/,www.sensorsdata.cn,0,27,0,2,0,3.3083,1,1,0,0,1,0,0,0.0,0,0,0,0,cn,0.5,0,0,0,0.0,0,True,1,0,0,4244,阿里云计算有限公司（万网）,0,0,1,True,0,DigiCert Inc,240,False,,,0.2162
https://www.advantshop.net,www.advantshop.net,0,26,0,2,0,3.4613,1,1,0,0,0,0,0,0.0,0,0,0,0,net,0.22,1,0,0,0.0,0,True,1,0,1,7006,Registrar of Domain Names REG.RU LLC,0,0,1,True,0,Let's Encrypt,78,False,,,0.1352
https://fox2now.com,fox2now.com,0,19,0,1,1,3.0272,0,1,0,0,0,0,0,0.0,0,0,0,0,com,0.15,1,0,0,0.0,0,True,4,0,1,,,0,0,0,True,0,Let's Encrypt,51,False,,,0.1055
https://xelveta-gld-larnora-c2t6fc83.pages.dev/thn-yjm-uio-lkh?welcome=104416014675991&stt=104416014675991&name_stt=B&B%20punto%20v%C3%A9lo,xelveta-gld-larnora-c2t6fc83.pages.dev,1,139,3,2,4,4.2082,1,1,0,0,16,4,12,0.0,0,0,0,0,dev,0.5,0,0,0,0.0,0,True,2,1,0,,,0,0,0,True,0,Google Trust Services,83,False,,,0.2342
https://bark.us,bark.us,0,15,0,1,0,2.8074,0,1,0,0,0,0,0,0.0,0,0,0,0,us,0.5,0,0,0,0.0,0,True,6,0,1,8088,Gandi SAS,0,0,1,True,0,Amazon,157,False,,,0.2061
https://www.precedenceresearch.com/,www.precedenceresearch.com,0,35,0,2,0,3.3535,1,1,0,0,1,0,0,0.0,0,0,0,0,com,0.15,1,0,0,0.0,0,True,2,1,0,2682,"GoDaddy.com, LLC",0,0,1,True,0,Let's Encrypt,65,False,,,0.1121
https://tusharsharma2606.github.io/netflix-clone-/,tusharsharma2606.github.io,1,50,0,2,4,3.7962,1,1,0,0,16,0,0,0.0,0,0,0,0,io,0.28,1,0,0,0.0,0,True,4,1,0,,,0,0,0,True,0,Let's Encrypt,36,False,,,0.1599
http://b1n-y5aalj-rf9-8kx6-b1h-z9oxo2.pages.dev/,b1n-y5aalj-rf9-8kx6-b1h-z9oxo2.pages.dev,1,48,5,2,8,4.5628,1,0,0,0,1,0,0,0.0833,1,0,1,0,dev,0.5,0,0,0,0.0,0,True,2,1,0,,,0,0,0,True,0,Google Trust Services,76,False,,,0.2746
https://www.shinobi.jp/,www.shinobi.jp,0,23,0,2,0,3.182,1,1,0,0,1,0,0,0.0,0,0,0,0,jp,0.5,0,0,0,0.0,0,True,1,0,0,8338,,0,0,1,True,0,Let's Encrypt,19,False,,,0.2136
https://www.norid.no/no/,www.norid.no,0,24,0,2,0,2.6887,1,1,0,0,4,0,0,0.0,0,0,0,0,no,0.5,0,0,0,0.0,0,True,2,1,1,9752,,0,0,1,True,0,Let's Encrypt,76,False,,,0.2038
https://wurl.tv/en-us/home,wurl.tv,0,26,0,1,0,2.8074,0,1,0,0,11,0,0,0.0,0,0,0,0,tv,0.5,0,0,0,0.0,0,False,0,0,0,2621,"Name.com, Inc.",0,0,1,False,0,,,,,,0.2061
https://chinatax.gov.cn/update/index.html,chinatax.gov.cn,0,41,0,2,0,3.3736,1,1,0,0,18,0,0,0.0833,1,0,1,0,cn,0.5,0,0,0,0.0,0,False,0,0,1,9962,北京国科云计算技术有限公司（原北京中科三方网络技术有限公司）,0,0,1,False,0,,,,,,0.2508
https://ex223x32.pages.dev/,ex223x32.pages.dev,1,27,0,2,5,3.3083,1,1,0,0,1,0,0,0.0,0,0,0,0,dev,0.5,0,0,0,0.0,0,True,2,1,0,,,0,0,0,True,0,Google Trust Services,85,False,,,0.2162
https://ledger--live-auth.pages.dev/,ledger--live-auth.pages.dev,1,36,3,2,0,3.7043,1,1,0,0,1,0,0,0.0833,1,0,1,0,dev,0.5,0,0,0,0.0,0,True,2,1,0,,,0,0,0,True,0,Google Trust Services,56,False,,,0.2574
https://www.wall-node.com/explore/sync.html,www.wall-node.com,1,43,1,2,0,3.2639,1,1,0,0,18,0,0,0.0833,1,0,1,0,com,0.15,1,0,0,0.0,0,False,0,0,0,3,"TUCOWS.COM, CO.",1,1,1,False,0,,,,,,0.1436
https://defence.gov.au/blog/signup,defence.gov.au,0,34,0,2,0,3.3249,1,1,0,0,12,0,0,0.0833,1,0,1,0,au,0.5,0,0,0,0.0,0,True,3,0,1,,Department of Finance,0,0,1,True,0,Let's Encrypt,53,False,,,0.2498
https://www.middlebury.edu,www.middlebury.edu,0,26,0,2,0,3.3083,1,1,0,0,0,0,0,0.0,0,0,0,0,edu,0.02,1,0,0,0.0,0,True,1,1,0,13622,,0,0,1,True,0,Let's Encrypt,67,False,,,0.0722
http://secure-trezor-get-web.typedream.app/,secure-trezor-get-web.typedream.app,1,43,3,2,0,3.8174,1,0,0,0,1,0,0,0.4833,4,0,4,1,app,0.35,1,0,0,0.0,0,True,2,0,0,,,0,0,0,True,0,Google Trust Services,88,False,,,0.3747
https://www.megaknihy.cz/,www.megaknihy.cz,0,25,0,2,0,3.5778,1,1,0,0,1,0,0,0.0,0,0,0,0,cz,0.5,0,0,0,0.0,0,True,1,0,1,5632,REG-WEDOS,0,0,1,True,0,Let's Encrypt,60,False,,,0.2216
https://sp5ct-honex-biz8-kurem-lariv.pages.dev/,sp5ct-honex-biz8-kurem-lariv.pages.dev,1,47,4,2,2,4.4585,1,1,0,0,1,0,0,0.0,0,0,0,0,dev,0.5,0,0,0,0.0,0,True,2,1,0,,,0,0,0,True,0,Google Trust Services,83,False,,,0.2392
http://hub-lgagardekstop.pages.dev/,hub-lgagardekstop.pages.dev,1,35,1,2,0,3.9303,1,0,0,0,1,0,0,0.0833,1,0,1,0,dev,0.5,0,0,0,0.0,0,True,2,1,0,,,0,0,0,True,0,Google Trust Services,66,False,,,0.2619
https://wexx43234x23x.pages.dev/,wexx43234x23x.pages.dev,1,32,0,2,7,3.5014,1,1,0,0,1,0,0,0.0,0,0,0,0,dev,0.5,0,0,0,0.0,0,True,2,1,0,,,0,0,0,True,0,Let's Encrypt,66,False,,,0.22
http://bookiinng-com-dubai.webflow.io/,bookiinng-com-dubai.webflow.io,1,38,2,2,0,3.8281,1,0,0,0,1,0,0,0.0,0,0,0,0,io,0.28,1,0,0,0.0,0,True,2,1,0,4829,"MarkMonitor, Inc.",0,0,1,True,0,Google Trust Services,86,False,,,0.1606
https://www.instagram-baittouts-login.blogspot.com/,www.instagram-baittouts-login.blogspot.com,1,51,2,3,0,3.9221,2,1,0,0,1,0,0,0.0,0,0,0,1,com,0.15,1,0,0,0.0,0,True,2,1,0,,,0,0,0,False,0,,,False,,,0.1234
https://workers-playground-muddy-wave-3b13.cadeviw540.workers.dev/2606:4700:3031::ac43:.../,workers-playground-muddy-wave-3b13.cadeviw540.workers.dev,1,91,4,3,6,4.432,2,1,0,0,26,0,0,0.0,0,0,0,0,dev,0.5,0,0,0,0.0,0,True,2,1,0,,,0,0,0,True,0,Google Trust Services,80,False,,,0.2386
https://www.ergo.de/,www.ergo.de,0,20,0,2,0,2.6635,1,1,0,0,1,0,0,0.0833,1,0,1,0,de,0.5,0,0,0,0.0,0,True,3,0,0,,,0,0,0,True,0,Amazon,195,False,,,0.2366
http://00k-ny8-327hi-c2lc-f65-yogh2g.pages.dev/,00k-ny8-327hi-c2lc-f65-yogh2g.pages.dev,1,47,5,2,10,4.4362,1,0,0,0,1,0,0,0.0,0,0,0,0,dev,0.5,0,0,0,0.0,0,True,2,1,0,,,0,0,0,True,0,Google Trust Services,64,False,,,0.2387
https://7365w3.com/,7365w3.com,1,19,0,1,5,3.1219,0,1,0,0,1,0,0,0.0,0,0,0,0,com,0.15,1,0,0,0.0,0,False,0,0,0,50,Gname.com Pte. Ltd.,0,1,1,False,0,,,,,,0.1074
https://performgroup.com,performgroup.com,0,24,0,1,0,3.1556,0,1,0,0,0,0,0,0.0,0,0,0,0,com,0.15,1,0,0,0.0,0,True,1,0,1,7725,Key-Systems GmbH,0,1,1,True,0,Let's Encrypt,32,False,,,0.1081
https://www.roblox.com.ml/users/205863827356/profile,www.roblox.com.ml,1,52,0,3,0,3.0131,2,1,0,0,27,0,0,0.0,0,0,0,0,ml,0.93,1,0,0,0.0,0,True,1,0,0,,,0,0,0,True,0,Let's Encrypt,72,False,,,0.3393
https://ngtv.io/search?q=team,ngtv.io,0,29,0,1,0,2.8074,0,1,0,0,7,1,2,0.0,0,0,0,0,io,0.28,1,0,0,0.0,0,False,0,0,1,3751,NOM-IQ Ltd dba Com Laude,0,0,1,False,0,,,,,,0.1401
https://www.hypergryph.com/,www.hypergryph.com,0,27,0,2,0,3.3502,1,1,0,0,1,0,0,0.0,0,0,0,0,com,0.15,1,0,0,0.0,0,True,2,0,0,3460,"Alibaba Cloud Computing (Beijing) Co., Ltd.",0,0,1,True,0,"TrustAsia Technologies, Inc.",165,False,,,0.112
https://instagram-baittouts-login.blogspot.com/?m=1,instagram-baittouts-login.blogspot.com,1,51,2,2,0,3.8206,1,1,0,0,1,1,2,0.0,0,0,0,1,com,0.15,1,0,0,0.0,0,True,2,1,0,,,0,0,0,True,0,Google Trust Services,55,False,,,0.1214
http://sp3ct-zalqik-biz8-ternak-lovur.pages.dev/appeals/submit-appeal-form/return,sp3ct-zalqik-biz8-ternak-lovur.pages.dev,1,81,4,2,2,4.3842,1,0,0,0,34,0,0,0.0,0,0,0,0,dev,0.5,0,0,0,0.0,0,True,2,1,0,,,0,0,0,True,0,Google Trust Services,82,False,,,0.2377
http://sp5ct-lurev-biz8-kamex-ronik.pages.dev/appeals/submit-appeal-form/return,sp5ct-lurev-biz8-kamex-ronik.pages.dev,1,79,4,2,2,4.4058,1,0,0,0,34,0,0,0.0,0,0,0,0,dev,0.5,0,0,0,0.0,0,True,2,1,0,,,0,0,0,True,0,Google Trust Services,83,False,,,0.2381
http://mjwy958nhw-vstryfynt-0d4e6f-dru6n.pages.dev/,mjwy958nhw-vstryfynt-0d4e6f-dru6n.pages.dev,1,51,3,2,7,4.5013,1,0,0,0,1,0,0,0.0,0,0,0,0,dev,0.5,0,0,0,0.0,0,True,2,1,0,,,0,0,0,True,0,Google Trust Services,81,False,,,0.24
https://wayground.com,wayground.com,0,21,0,1,0,3.5466,0,1,0,0,0,0,0,0.0,0,0,0,0,com,0.15,1,0,0,0.0,0,True,4,1,1,2621,"NameCheap, Inc.",0,0,1,True,0,Amazon,84,False,,,0.1159
http://www.z-instagram.blogspot.com/,www.z-instagram.blogspot.com,1,36,1,3,0,3.9408,2,0,0,0,1,0,0,0.0,0,0,0,0,com,0.15,1,0,0,0.0,0,True,2,1,0,,,0,0,0,False,0,,,False,,,0.1238
https://www.infor.com,www.infor.com,0,21,0,2,0,3.027,1,1,0,0,0,0,0,0.0,0,0,0,0,com,0.15,1,0,0,0.0,0,True,8,1,0,11968,Key-Systems GmbH,0,1,1,True,0,Amazon,94,False,,,0.1055
http://codehub-amber.vercel.app/index1.html,codehub-amber.vercel.app,1,43,1,2,0,3.7516,1,0,0,0,12,0,0,0.0833,1,0,1,0,app,0.35,1,0,0,0.0,0,True,2,0,0,,,0,0,0,True,0,Google Trust Services,60,False,,,0.2134
https://www.photo.net/,www.photo.net,0,22,0,2,0,2.8731,1,1,0,0,1,0,0,0.0,0,0,0,0,net,0.22,1,0,0,0.0,0,True,2,1,0,11521,"Amazon Registrar, Inc.",0,0,1,True,0,Google Trust Services,31,False,,,0.1235
https://abdelmaaboud.com,abdelmaaboud.com,0,24,0,1,0,3.2028,0,1,0,0,0,0,0,0.0,0,0,0,0,com,0.15,1,0,0,0.0,0,True,3,1,0,2125,Bluehost Inc.,0,0,1,True,0,Google Trust Services,51,False,,,0.1091
http://roblox.com.gr/communities/820828498265/OrbanMM2,roblox.com.gr,1,54,0,2,0,3.027,1,0,0,0,34,0,0,0.0,0,0,0,0,gr,0.5,0,0,0,0.0,0,True,1,0,0,,,0,0,0,True,0,Let's Encrypt,65,False,,,0.2105
http://kropt-skrunt-qtwiz-9pu60a-cjbyh-zbytor.pages.dev/,kropt-skrunt-qtwiz-9pu60a-cjbyh-zbytor.pages.dev,1,56,5,2,3,4.5616,1,0,0,0,1,0,0,0.0,0,0,0,0,dev,0.5,0,0,0,0.0,0,True,2,1,0,,,0,0,0,True,0,Google Trust Services,81,False,,,0.2412
http://xelzavi-gld-zormeta-c7x2fc45.pages.dev/appeals/submit-appeal-form/return,xelzavi-gld-zormeta-c7x2fc45.pages.dev,1,79,3,2,4,4.3661,1,0,0,0,34,0,0,0.0,0,0,0,0,dev,0.5,0,0,0,0.0,0,True,2,1,0,,,0,0,0,True,0,Google Trust Services,83,False,,,0.2373
https://investquo.github.io/DetailsAttached/Submission,investquo.github.io,1,54,0,2,0,3.5766,1,1,0,0,27,0,0,0.0,0,0,0,0,io,0.28,1,0,0,0.0,0,True,4,1,0,,,0,0,0,True,0,Let's Encrypt,36,False,,,0.1555
http://sp3ct-farnol-biz8-zelqik-rudan.pages.dev/appeals/submit-appeal-form/return,sp3ct-farnol-biz8-zelqik-rudan.pages.dev,1,81,4,2,2,4.4342,1,0,0,0,34,0,0,0.0,0,0,0,0,dev,0.5,0,0,0,0.0,0,True,2,1,0,,,0,0,0,True,0,Google Trust Services,82,False,,,0.2387
http://en-desktop-ledgeer.pages.dev/,en-desktop-ledgeer.pages.dev,1,36,2,2,0,3.5786,1,0,0,0,1,0,0,0.0,0,0,0,0,dev,0.5,0,0,0,0.0,0,True,2,1,0,,,0,0,0,True,0,Google Trust Services,65,False,,,0.2216
http://learn-live-wlet.pages.dev/,learn-live-wlet.pages.dev,1,33,2,2,0,3.6693,1,0,0,0,1,0,0,0.0833,1,0,1,0,dev,0.5,0,0,0,0.0,0,True,2,1,0,,,0,0,0,True,0,Google Trust Services,54,False,,,0.2567
https://www.scarlet.be/en,www.scarlet.be,0,25,0,2,0,3.182,1,1,0,0,3,0,0,0.0,0,0,0,0,be,0.5,0,0,0,0.0,0,True,1,0,0,9783,,0,0,1,True,0,GlobalSign nv-sa,85,False,,,0.2136
https://m-facebook-web.blogspot.com/?m=1,m-facebook-web.blogspot.com,1,40,2,2,0,3.7784,1,1,0,0,1,1,2,0.1667,2,0,2,0,com,0.15,1,0,0,0.0,0,True,2,1,0,,,0,0,0,True,0,Google Trust Services,55,False,,,0.1872
https://rough-sky-d4f3.suminar6.workers.dev/home,rough-sky-d4f3.suminar6.workers.dev,1,48,2,3,3,4.2861,2,1,0,0,5,0,0,0.0833,1,0,1,0,dev,0.5,0,0,0,0.0,0,True,2,1,0,,,0,0,0,True,0,Google Trust Services,88,False,,,0.269
https://www.fergusonhome.com/,www.fergusonhome.com,0,29,0,2,0,3.5464,1,1,0,0,1,0,0,0.0,0,0,0,0,com,0.15,1,0,0,0.0,0,True,4,0,0,5977,Key-Systems GmbH,0,1,1,True,0,DigiCert Inc,191,False,,,0.1159
http://suite-webpage.typedream.app/,suite-webpage.typedream.app,1,35,1,2,0,3.7043,1,0,0,0,1,0,0,0.1667,2,0,2,0,app,0.35,1,0,0,0.0,0,True,2,0,0,,,0,0,0,True,0,Google Trust Services,88,False,,,0.2458
http://xelvora-gld-belxeta-a4x7dw86.pages.dev/appeals/submit-appeal-form/return,xelvora-gld-belxeta-a4x7dw86.pages.dev,1,79,3,2,4,4.0735,1,0,0,0,34,0,0,0.0,0,0,0,0,dev,0.5,0,0,0,0.0,0,True,2,1,0,,,0,0,0,True,0,Google Trust Services,83,False,,,0.2315
https://pantaijauh.com,pantaijauh.com,0,22,0,1,0,3.4677,0,1,0,0,0,0,0,0.0,0,0,0,0,com,0.15,1,0,0,0.0,0,True,2,1,0,350,Name SRS AB,0,0,1,True,0,Google Trust Services,34,False,,,0.1144
http://fcss6473lk-zbyrkspli-4ce52c-zwu9r.pages.dev/,fcss6473lk-zbyrkspli-4ce52c-zwu9r.pages.dev,1,51,3,2,8,4.5829,1,0,0,0,1,0,0,0.0,0,0,0,0,dev,0.5,0,0,0,0.0,0,True,2,1,0,,,0,0,0,True,0,Google Trust Services,81,False,,,0.2417
https://www.evrensel.net/,www.evrensel.net,0,25,0,2,0,2.9528,1,1,0,0,1,0,0,0.0,0,0,0,0,net,0.22,1,0,0,0.0,0,True,2,1,0,10044,"Cloudflare, Inc.",0,1,1,True,0,Google Trust Services,70,False,,,0.1251
http://www.facebook-login-it.blogspot.com/,www.facebook-login-it.blogspot.com,1,42,2,3,0,3.9398,2,0,0,0,1,0,0,0.0,0,0,0,1,com,0.15,1,0,0,0.0,0,True,2,1,0,,,0,0,0,False,0,,,False,,,0.1238
https://layanan-dana.official-help2026.biz.id/,layanan-dana.official-help2026.biz.id,1,46,2,3,4,3.9723,2,1,0,0,1,0,0,0.1667,2,0,2,0,id,0.5,0,0,0,0.0,0,False,0,0,0,,,0,0,0,False,0,,,,,,0.2961
https://www.eurekalert.org/,www.eurekalert.org,0,27,0,2,0,3.2663,1,1,0,0,1,0,0,0.0,0,0,0,0,org,0.1,1,0,0,0.0,0,True,2,0,0,11128,"NETWORK SOLUTIONS, LLC.",0,0,1,True,0,Amazon,94,False,,,0.0953
https://awsdns-01.net/en-us/home,awsdns-01.net,0,32,1,1,2,3.3927,0,1,0,0,11,0,0,0.0,0,0,0,0,net,0.22,1,0,0,0.0,0,False,0,0,0,5758,"MarkMonitor, Inc.",0,0,1,False,0,,,,,,0.1339
https://kucokalogin.webflow.io/,kucokalogin.webflow.io,1,31,0,2,0,3.6412,1,1,0,0,1,0,0,0.0,0,0,0,0,io,0.28,1,0,0,0.0,0,True,2,1,0,4829,MarkMonitor Inc.,0,0,1,True,0,Google Trust Services,86,False,,,0.1568
http://facebooklogin123.blogspot.com/2010/10/,facebooklogin123.blogspot.com,1,45,0,2,3,3.9783,1,0,0,0,9,0,0,0.0,0,0,0,0,com,0.15,1,0,0,0.0,0,True,2,1,0,,,0,0,0,True,0,Google Trust Services,55,False,,,0.1246
https://tsdtocl.com,tsdtocl.com,0,19,0,1,0,2.914,0,1,0,0,0,0,0,0.0,0,0,0,0,com,0.15,1,0,0,0.0,0,True,4,0,1,1667,"Ascio Technologies, Inc",0,0,1,True,0,DigiCert Inc,147,False,,,0.1033
https://etpgpb.ru/api/v1/status,etpgpb.ru,0,31,0,1,0,2.9477,0,1,0,0,14,0,0,0.0,0,0,0,0,ru,0.5,0,0,0,0.0,0,True,1,0,1,4918,RU-CENTER-RU,0,0,1,False,0,,,,,,0.209
https://hdpornfree.xxx,hdpornfree.xxx,0,22,0,1,0,3.182,0,1,0,0,0,0,0,0.0,0,0,0,0,xxx,0.5,0,0,0,0.0,0,True,1,0,1,3345,Danesco Trading Ltd.,0,0,1,True,0,Let's Encrypt,84,False,,,0.2136
https://game-mode.net/support/contact,game-mode.net,0,37,1,1,0,3.1808,0,1,0,0,16,0,0,0.0,0,0,0,0,net,0.22,1,0,0,0.0,0,False,0,0,0,4100,"Amazon Registrar, Inc.",0,0,1,False,0,,,,,,0.1296
http://sp5ct-palem-biz8-lurex-fonik.pages.dev/appeals/submit-appeal-form/return,sp5ct-palem-biz8-lurex-fonik.pages.dev,1,79,4,2,2,4.4386,1,0,0,0,34,0,0,0.0833,1,0,1,0,dev,0.5,0,0,0,0.0,0,True,2,1,0,,,0,0,0,True,0,Google Trust Services,83,False,,,0.2721
http://steady-tapioca-f52fc0.netlify.app/,steady-tapioca-f52fc0.netlify.app,1,41,2,2,3,4.0061,1,0,0,0,1,0,0,0.0833,1,0,1,0,app,0.35,1,0,0,0.0,0,True,2,1,0,,,0,0,0,True,0,DigiCert Inc,234,False,,,0.2184
https://sinema2.top,sinema2.top,0,19,0,1,1,3.4594,0,1,0,0,0,0,0,0.0,0,0,0,0,top,0.9,1,0,0,0.0,0,True,1,0,0,1301,URL SOLUTIONS INC.,0,1,1,False,0,,,False,,,0.3392
https://www.livechat.com/,www.livechat.com,0,25,0,2,0,3.4528,1,1,0,0,1,0,0,0.0,0,0,0,0,com,0.15,1,0,0,0.0,0,True,2,0,0,10017,"GoDaddy.com, LLC",0,0,1,True,0,DigiCert Inc,131,False,,,0.1141
https://nmgdev.ru/support/contact,nmgdev.ru,0,33,0,1,0,3.1699,0,1,0,0,16,0,0,0.0,0,0,0,0,ru,0.5,0,0,0,0.0,0,False,0,0,0,1257,RU-CENTER-RU,0,0,1,False,0,,,,,,0.2134
https://www.cinch.co.uk,www.cinch.co.uk,0,23,0,3,0,2.9559,2,1,0,0,0,0,0,0.0,0,0,0,0,uk,0.5,0,0,0,0.0,0,True,4,1,0,7897,"CSC Corporate Domains, Inc [Tag = CSC-CORP-DOMAINS]",0,0,1,True,0,Amazon,86,False,,,0.2091
https://www.dpdwdr.vip/af,www.dpdwdr.vip,1,25,0,2,0,2.6106,1,1,0,0,3,0,0,0.0,0,0,0,0,vip,0.5,0,0,0,0.0,0,True,1,0,0,0,Gname.com Pte. Ltd.,1,0,1,True,0,Let's Encrypt,89,False,,,0.2022
https://sikt.no/,sikt.no,0,16,0,1,0,2.8074,0,1,0,0,1,0,0,0.0,0,0,0,0,no,0.5,0,0,0,0.0,0,True,1,0,1,1490,,0,0,1,True,0,Let's Encrypt,84,False,,,0.2061
https://vntsm.com/account/settings,vntsm.com,0,34,0,1,0,2.9477,0,1,0,0,17,0,0,0.0,0,0,0,0,com,0.15,1,0,0,0.0,0,False,0,0,1,5688,"Amazon Registrar, Inc.",0,0,1,False,0,,,,,,0.104
http://sp3ct-tolvak-biz8-fersik-pudam.pages.dev/appeals/submit-appeal-form/return,sp3ct-tolvak-biz8-fersik-pudam.pages.dev,1,81,4,2,2,4.3464,1,0,0,0,34,0,0,0.0,0,0,0,0,dev,0.5,0,0,0,0.0,0,True,2,1,0,,,0,0,0,True,0,Google Trust Services,82,False,,,0.2369
http://vbcost.top/,vbcost.top,1,18,0,1,0,2.9219,0,0,0,0,1,0,0,0.0,0,0,0,0,top,0.9,1,0,0,0.0,0,False,0,0,0,161,PDR Ltd. d/b/a PublicDomainRegistry.com,0,1,1,False,0,,,,,,0.3284
https://facebook-astuces-news.blogspot.com/,facebook-astuces-news.blogspot.com,1,43,2,2,0,3.9369,1,1,0,0,1,0,0,0.0,0,0,0,0,com,0.15,1,0,0,0.0,0,True,2,1,0,,,0,0,0,True,0,Google Trust Services,55,False,,,0.1237
http://z17xne-74hs-59t18-28wn-aqd.pages.dev/appeals/submit-appeal-form/return,z17xne-74hs-59t18-28wn-aqd.pages.dev,1,77,4,2,10,4.3712,1,0,0,0,34,0,0,0.0,0,0,0,0,dev,0.5,0,0,0,0.0,0,True,2,1,0,,,0,0,0,True,0,Google Trust Services,83,False,,,0.2374
https://tkor139.com/%EC%9B%B9%ED%88%B0,tkor139.com,0,38,0,1,3,3.2776,0,1,0,0,19,0,6,0.0,0,0,0,0,com,0.15,1,0,0,0.0,0,True,2,1,0,134,"NameCheap, Inc.",0,0,1,True,0,Google Trust Services,88,False,,,0.1106
http://sp5ct-vuren-biz8-lamek-zorin.pages.dev/appeals/submit-appeal-form/return,sp5ct-vuren-biz8-lamek-zorin.pages.dev,1,79,4,2,2,4.3532,1,0,0,0,34,0,0,0.0,0,0,0,0,dev,0.5,0,0,0,0.0,0,True,2,1,0,,,0,0,0,True,0,Google Trust Services,83,False,,,0.2371
https://ad-m.asia/login,ad-m.asia,0,23,1,1,0,2.6416,0,1,0,0,6,0,0,0.0,0,0,0,0,asia,0.5,0,0,0,0.0,0,False,0,0,0,4855,"GMO Internet, Inc.",0,0,1,False,0,,,,,,0.2028
http://xelzora-gld-belquro-c9x7dw68.pages.dev/,xelzora-gld-belquro-c9x7dw68.pages.dev,1,46,3,2,4,4.3462,1,0,0,0,1,0,0,0.0,0,0,0,0,dev,0.5,0,0,0,0.0,0,True,2,1,0,,,0,0,0,True,0,Google Trust Services,83,False,,,0.2369
http://vronz-skrunt-qtwiz-4b93fc-mrkt-zorgon.pages.dev/,vronz-skrunt-qtwiz-4b93fc-mrkt-zorgon.pages.dev,1,55,5,2,3,4.4774,1,0,0,0,1,0,0,0.0,0,0,0,0,dev,0.5,0,0,0,0.0,0,True,2,1,0,,,0,0,0,True,0,Google Trust Services,81,False,,,0.2395
https://www.studiopress.com/,www.studiopress.com,0,28,0,2,0,3.5369,1,1,0,0,1,0,0,0.0,0,0,0,0,com,0.15,1,0,0,0.0,0,True,2,1,0,8872,"MarkMonitor, Inc.",0,0,1,True,0,Google Trust Services,69,False,,,0.1157
http://snhgj3avstr-pldwf54kmja-1d2e9f-mk827n.pages.dev/,snhgj3avstr-pldwf54kmja-1d2e9f-mk827n.pages.dev,1,55,3,2,9,4.6232,1,0,0,0,1,0,0,0.0,0,0,0,0,dev,0.5,0,0,0,0.0,0,True,2,1,0,,,0,0,0,True,0,Google Trust Services,83,False,,,0.2425
https://dailystar.com.lb,dailystar.com.lb,0,24,0,2,0,3.625,1,1,0,0,0,0,0,0.0,0,0,0,0,lb,0.5,0,0,0,0.0,0,True,3,1,1,1010,AGIP,0,0,1,True,0,Google Trust Services,51,False,,,0.2225
https://www.bbiq.jp/,www.bbiq.jp,0,20,0,2,0,2.6635,1,1,0,0,1,0,0,0.1667,2,0,2,0,jp,0.5,0,0,0,0.0,0,True,1,1,0,9015,,0,0,1,True,0,GlobalSign nv-sa,223,False,,,0.2699
https://keiba.go.jp/products,keiba.go.jp,0,28,0,2,0,3.2776,1,1,0,0,9,0,0,0.0,0,0,0,0,jp,0.5,0,0,0,0.0,0,False,0,0,0,10471,,0,0,1,False,0,,,,,,0.2156
https://aa.com.tr/products,aa.com.tr,0,26,0,2,0,2.7255,1,1,0,0,9,0,0,0.0,0,0,0,0,tr,0.5,0,0,0,0.0,0,True,1,0,1,9303,,0,0,1,True,0,DigiCert Inc,103,False,,,0.2045
http://iledgres-live.pages.dev/,iledgres-live.pages.dev,1,31,1,2,0,3.4101,1,0,0,0,1,0,0,0.0833,1,0,1,0,dev,0.5,0,0,0,0.0,0,True,2,1,0,,,0,0,0,True,0,Google Trust Services,38,False,,,0.2515
https://garena.vercel.app/,garena.vercel.app,1,26,0,2,0,3.1751,1,1,0,0,1,0,0,0.0833,1,0,1,0,app,0.35,1,0,0,0.0,0,True,2,0,0,,,0,0,0,True,0,Google Trust Services,60,False,,,0.2018
https://qervani-kig-zentora-a7x1fq34.pages.dev/,qervani-kig-zentora-a7x1fq34.pages.dev,1,47,3,2,4,4.3333,1,1,0,0,1,0,0,0.0833,1,0,1,0,dev,0.5,0,0,0,0.0,0,True,2,1,0,,,0,0,0,True,0,Google Trust Services,86,False,,,0.27
https://jcb.co.jp/blog/help,jcb.co.jp,0,27,0,2,0,2.5033,1,1,0,0,10,0,0,0.0833,1,0,1,0,jp,0.5,0,0,0,0.0,0,False,0,0,1,11333,,0,0,1,False,0,,,,,,0.2334
https://www.awesomelikespeople.blogspot.com/,www.awesomelikespeople.blogspot.com,1,44,0,3,0,3.6367,2,1,0,0,1,0,0,0.0,0,0,0,0,com,0.15,1,0,0,0.0,0,True,2,1,0,,,0,0,0,False,0,,,False,,,0.1177
https://marianswoman.org/Login/?token=9fb4ee4edcb5edf63a8cdb836feece2a1541bc233632d8cc6a7fcd1f9094ee3bd7b4110cd7735c3686ba0995936f67ed68d03e2806de830e3e89b8f9eb884657,marianswoman.org,1,166,0,1,0,3.2028,0,1,0,0,7,1,2,0.0,0,0,0,0,org,0.1,1,0,0,0.0,0,True,2,1,0,116,"NameCheap, Inc.",0,0,1,True,0,Let's Encrypt,32,False,,,0.0941
https://o7.com/login,o7.com,0,20,0,1,1,2.2516,0,1,0,0,6,0,0,0.0,0,0,0,0,com,0.15,1,0,0,0.0,0,True,1,0,1,8052,"Regional Network Information Center, JSC dba RU-CENTER",0,0,1,False,0,,,False,,,0.09
http://vormita-gld-belquna-a8x1fq58.pages.dev/,vormita-gld-belquna-a8x1fq58.pages.dev,1,46,3,2,4,4.4187,1,0,0,0,1,0,0,0.0,0,0,0,0,dev,0.5,0,0,0,0.0,0,True,2,1,0,,,0,0,0,True,0,Google Trust Services,83,False,,,0.2384
https://lucky-satta.com,lucky-satta.com,0,23,1,1,0,3.5069,0,1,0,0,0,0,0,0.0,0,0,0,0,com,0.15,1,0,0,0.0,0,True,1,0,1,1920,"GoDaddy.com, LLC",0,0,1,True,0,Let's Encrypt,63,False,,,0.1151
http://coachwithcbw.com/,coachwithcbw.com,1,24,0,1,0,3.125,0,0,0,0,1,0,0,0.0,0,0,0,0,com,0.15,1,0,0,0.0,0,True,2,0,1,612,"GoDaddy.com, LLC",0,0,1,True,0,"GoDaddy.com, Inc.",64,False,,,0.1075
https://www.mim.gov.it/,www.mim.gov.it,0,23,0,3,0,2.8424,2,1,0,0,1,0,0,0.1667,2,0,2,0,it,0.5,0,0,0,0.0,0,True,4,0,0,1320,Reevo s.p.a.,0,0,1,True,0,Let's Encrypt,50,False,,,0.2735
http://8xo1hm-b8v-nl0khs-pzvq3-8r22.pages.dev/,8xo1hm-b8v-nl0khs-pzvq3-8r22.pages.dev,1,46,4,2,8,4.4714,1,0,0,0,1,0,0,0.0,0,0,0,0,dev,0.5,0,0,0,0.0,0,True,2,1,0,,,0,0,0,True,0,Google Trust Services,76,False,,,0.2394
https://install.printfleetcdn.com/eci-dca/connections/,install.printfleetcdn.com,0,54,0,2,0,3.7533,1,1,0,0,21,0,0,0.0,0,0,0,0,com,0.15,1,0,0,0.0,0,True,2,0,0,4189,GANDI SAS,0,0,1,True,0,Let's Encrypt,30,False,,,0.1201
https://f.clyxe.biz.id/,f.clyxe.biz.id,1,23,0,3,0,3.3249,2,1,0,0,1,0,0,0.1667,2,0,2,0,id,0.5,0,0,0,0.0,0,False,0,0,0,,,0,0,0,False,0,,,,,,0.2832
https://juegosxo.casino,juegosxo.casino,0,23,0,1,0,3.4566,0,1,0,0,0,0,0,0.0,0,0,0,0,casino,0.5,0,0,0,0.0,0,True,2,1,0,,,0,0,0,True,0,Google Trust Services,73,False,,,0.2191
https://www.careerpower.in/,www.careerpower.in,0,27,0,2,0,3.086,1,1,0,0,1,0,0,0.0,0,0,0,0,in,0.2,1,0,0,0.0,0,True,8,1,0,4683,GoDaddy,0,0,1,True,0,Amazon,75,False,,,0.1217
https://moji.com,moji.com,0,16,0,1,0,2.5,0,1,0,0,0,0,0,0.0833,1,0,1,0,com,0.15,1,0,0,0.0,0,True,1,0,1,9233,"eName Technology Co., Ltd.",0,0,1,True,0,DigiCert Inc,64,False,,,0.1283
https://peak.com/,peak.com,0,17,0,1,0,3.0,0,1,0,0,1,0,0,0.0,0,0,0,0,com,0.15,1,0,0,0.0,0,True,2,1,1,10541,"Amazon Registrar, Inc.",0,0,1,True,0,Google Trust Services,78,False,,,0.105
http://fort-nite.info/,fort-nite.info,1,22,1,1,0,3.0931,0,0,0,0,1,0,0,0.25,2,0,2,0,info,0.55,1,0,0,0.0,0,False,0,0,0,,,0,0,0,False,0,,,,,,0.3269
https://www.wlky.com/,www.wlky.com,0,21,0,2,0,2.7516,1,1,0,0,1,0,0,0.0,0,0,0,0,com,0.15,1,0,0,0.0,0,True,4,0,0,,,0,0,0,True,0,GlobalSign nv-sa,75,False,,,0.1
https://tstu.ru/products,tstu.ru,0,24,0,1,0,2.2359,0,1,0,0,9,0,0,0.0833,1,0,1,0,ru,0.5,0,0,0,0.0,0,True,1,1,1,10247,RU-CENTER-RU,0,0,1,False,0,,,,,,0.228
http://bi7040.craftum.io/?e=noros1@33b0b32ba24c323c1628ad3d33aa03f2f64e.net,bi7040.craftum.io,1,75,0,2,4,3.7345,1,0,0,1,1,1,3,0.0,0,0,0,0,io,0.28,1,0,0,0.0,0,True,1,0,0,1937,"Regional Network Information Center, JSC dba RU-CENTER",0,0,1,True,0,GlobalSign nv-sa,144,False,,,0.1587
http://www.ledger-wallets-auth-services.vercel.app/,www.ledger-wallets-auth-services.vercel.app,1,51,3,3,0,3.8582,2,0,0,0,1,0,0,0.0833,1,0,1,0,app,0.35,1,0,0,0.0,0,True,2,0,0,,,0,0,0,False,0,,,False,,,0.2155
http://sp5ct-surex-biz8-varem-fonik.pages.dev/,sp5ct-surex-biz8-varem-fonik.pages.dev,1,46,4,2,2,4.386,1,0,0,0,1,0,0,0.0,0,0,0,0,dev,0.5,0,0,0,0.0,0,True,2,1,0,,,0,0,0,True,0,Google Trust Services,83,False,,,0.2377
https://www.ingresaahoramx.webcindario.com/,www.ingresaahoramx.webcindario.com,1,43,0,3,0,3.8222,2,1,0,0,1,0,0,0.0,0,0,0,0,com,0.15,1,0,0,0.0,0,True,1,0,0,9280,"TUCOWS.COM, CO.",0,1,1,False,0,,,False,,,0.1214
https://link.springer.com/brands/bmc,link.springer.com,0,36,0,2,0,3.6169,1,1,0,0,11,0,0,0.0,0,0,0,0,com,0.15,1,0,0,0.0,0,True,4,0,0,10652,Eurodns S.A.,0,0,1,True,0,Let's Encrypt,82,False,,,0.1173
https://zxvgpy.zxaye.biz.id/,zxvgpy.zxaye.biz.id,1,28,0,3,0,3.4316,2,1,0,0,1,0,0,0.1667,2,0,2,0,id,0.5,0,0,0,0.0,0,False,0,0,0,,,0,0,0,False,0,,,,,,0.2853
https://www.growkudos.com/,www.growkudos.com,0,26,0,2,0,3.2195,1,1,0,0,1,0,0,0.0,0,0,0,0,com,0.15,1,0,0,0.0,0,True,1,0,1,4854,REGISTER S.P.A.,0,1,1,True,0,Let's Encrypt,77,False,,,0.1094
https://hostinguk.net/bytemark,hostinguk.net,0,30,0,1,0,3.3927,0,1,0,0,9,0,0,0.0,0,0,0,0,net,0.22,1,0,0,0.0,0,True,1,0,1,9933,Easyspace Ltd.,0,1,1,True,0,DigiCert Inc,107,False,,,0.1339
http://sp3ct-vorqem-biz8-larnik-fudal.pages.dev/appeals/submit-appeal-form/return,sp3ct-vorqem-biz8-larnik-fudal.pages.dev,1,81,4,2,2,4.4842,1,0,0,0,34,0,0,0.0,0,0,0,0,dev,0.5,0,0,0,0.0,0,True,2,1,0,,,0,0,0,True,0,Google Trust Services,82,False,,,0.2397
https://dailyuploads.net,dailyuploads.net,0,24,0,1,0,3.625,0,1,0,0,0,0,0,0.0,0,0,0,0,net,0.22,1,0,0,0.0,0,True,2,1,1,4104,"Name.com, Inc.",0,0,1,True,0,Google Trust Services,66,False,,,0.1385
https://adtarget.com.tr,adtarget.com.tr,0,23,0,2,0,3.1899,1,1,0,0,0,0,0,0.0,0,0,0,0,tr,0.5,0,0,0,0.0,0,True,2,1,1,2493,,0,0,1,True,0,Google Trust Services,60,False,,,0.2138
https://destacamos.com,destacamos.com,0,22,0,1,0,3.0931,0,1,0,0,0,0,0,0.0,0,0,0,0,com,0.15,1,0,0,0.0,0,True,2,1,1,5695,DonDominio (SCIP),0,1,1,True,0,Google Trust Services,45,False,,,0.1069
https://fortune.com,fortune.com,0,19,0,1,0,3.2776,0,1,0,0,0,0,0,0.0,0,0,0,0,com,0.15,1,0,0,0.0,0,True,4,0,1,11744,"MarkMonitor, Inc.",0,0,1,True,0,Amazon,82,False,,,0.1106
https://aicdn5.com/blog/team,aicdn5.com,0,28,0,1,1,3.1219,0,1,0,0,10,0,0,0.0,0,0,0,0,com,0.15,1,0,0,0.0,0,True,1,0,0,2462,"Alibaba Cloud Computing (Beijing) Co., Ltd.",0,0,1,False,0,,,False,,,0.1074
http://sensational-valkyrie-93b1b9.netlify.app/,sensational-valkyrie-93b1b9.netlify.app,1,47,2,2,4,4.1823,1,0,0,0,1,0,0,0.0833,1,0,1,0,app,0.35,1,0,0,0.0,0,True,2,1,0,,,0,0,0,True,0,DigiCert Inc,234,False,,,0.222
https://sawsells.com,sawsells.com,0,20,0,1,0,3.0221,0,1,0,0,0,0,0,0.0,0,0,0,0,com,0.15,1,0,0,0.0,0,True,1,0,1,2398,"TurnCommerce, Inc. DBA NameBright.com",0,0,1,True,0,Let's Encrypt,51,False,,,0.1054
https://www.thegrocer.co.uk/,www.thegrocer.co.uk,0,28,0,3,0,3.3264,2,1,0,0,1,0,0,0.0,0,0,0,0,uk,0.5,0,0,0,0.0,0,True,2,0,0,10625,"GoDaddy.com, LLC. [Tag = GODADDY]",0,0,1,True,0,Amazon,196,False,,,0.2165
https://mmssynchrodonneesfr.t.mydomain.zone/,mmssynchrodonneesfr.t.mydomain.zone,1,44,0,3,0,3.7614,2,1,0,0,1,0,0,0.0,0,0,0,0,zone,0.5,0,0,0,0.0,0,True,1,1,1,,,0,0,0,True,0,Let's Encrypt,88,False,,,0.2252
https://springer.com/account/settings,springer.com,0,37,0,1,0,3.4183,0,1,0,0,17,0,0,0.0,0,0,0,0,com,0.15,1,0,0,0.0,0,True,1,0,1,10652,Eurodns S.A.,0,0,1,True,0,Let's Encrypt,57,False,,,0.1134
https://haleemausman1.github.io/Amazon-Clone/,haleemausman1.github.io,1,45,0,2,1,3.7951,1,1,0,0,14,0,0,0.0,0,0,0,0,io,0.28,1,0,0,0.0,0,True,4,1,0,,,0,0,0,True,0,Let's Encrypt,36,False,,,0.1599
https://namesilo.com,namesilo.com,0,20,0,1,0,3.2516,0,1,0,0,0,0,0,0.0,0,0,0,0,com,0.15,1,0,0,0.0,0,True,2,0,1,,,0,0,0,True,0,Google Trust Services,58,False,,,0.11
http://sp5ct-furel-biz8-lamev-sorik.pages.dev/,sp5ct-furel-biz8-lamev-sorik.pages.dev,1,46,4,2,2,4.3333,1,0,0,0,1,0,0,0.0,0,0,0,0,dev,0.5,0,0,0,0.0,0,True,2,1,0,,,0,0,0,True,0,Google Trust Services,83,False,,,0.2367
https://jet2.com,jet2.com,0,16,0,1,1,3.0,0,1,0,0,0,0,0,0.0,0,0,0,0,com,0.15,1,0,0,0.0,0,True,1,0,1,,,0,0,0,True,0,GlobalSign nv-sa,138,False,,,0.105
http://xelquna-gld-belmora-c5x2hk89.pages.dev/appeals/submit-appeal-form/return,xelquna-gld-belmora-c5x2hk89.pages.dev,1,79,3,2,4,4.4515,1,0,0,0,34,0,0,0.0,0,0,0,0,dev,0.5,0,0,0,0.0,0,True,2,1,0,,,0,0,0,True,0,Google Trust Services,82,False,,,0.239
https://www.acquia.com/products/acquia-cdp,www.acquia.com,0,42,0,2,0,3.0391,1,1,0,0,20,0,0,0.0,0,0,0,0,com,0.15,1,0,0,0.0,0,True,2,1,0,7160,"Amazon Registrar, Inc.",0,0,1,True,0,Sectigo Limited,102,False,,,0.1058
http://qtzxv8b41sk-mkrjbazwur-1e6f3c-xv899a.pages.dev/,qtzxv8b41sk-mkrjbazwur-1e6f3c-xv899a.pages.dev,1,54,3,2,9,4.6753,1,0,0,0,1,0,0,0.0,0,0,0,0,dev,0.5,0,0,0,0.0,0,True,2,1,0,,,0,0,0,True,0,Google Trust Services,83,False,,,0.2435
https://www.facebook-fake.blogspot.com/,www.facebook-fake.blogspot.com,1,39,1,3,0,3.8029,2,1,0,0,1,0,0,0.0,0,0,0,0,com,0.15,1,0,0,0.0,0,True,2,1,0,,,0,0,0,False,0,,,False,,,0.1211
https://noho.st/login,noho.st,0,21,0,1,0,2.5216,0,1,0,0,6,0,0,0.0,0,0,0,0,st,0.5,0,0,0,0.0,0,False,0,0,0,5030,ST Registry,0,0,1,False,0,,,,,,0.2004
http://www.validarya2026.webcindario.com/,www.validarya2026.webcindario.com,1,41,0,3,4,3.9683,2,0,0,0,1,0,0,0.0,0,0,0,0,com,0.15,1,0,0,0.0,0,True,1,0,0,9280,"TUCOWS.COM, CO.",0,1,1,False,0,,,False,,,0.1244
https://www.aon.com/en/,www.aon.com,0,23,0,2,0,2.6635,1,1,0,0,4,0,0,0.0,0,0,0,0,com,0.15,1,0,0,0.0,0,True,2,0,0,,,0,0,0,True,0,DigiCert Inc,66,False,,,0.0983
https://www.generateprivacypolicy.com/,www.generateprivacypolicy.com,0,38,0,2,0,3.8833,1,1,0,0,1,0,0,0.0,0,0,0,0,com,0.15,1,0,0,0.0,0,True,2,1,0,5828,"NameCheap, Inc.",0,0,1,True,0,Google Trust Services,40,False,,,0.1227
http://sp6ct-lomvik-biz8-freskan-vordel.pages.dev/appeals/submit-appeal-form/return,sp6ct-lomvik-biz8-freskan-vordel.pages.dev,1,83,4,2,2,4.3564,1,0,0,0,34,0,0,0.0,0,0,0,0,dev,0.5,0,0,0,0.0,0,True,2,1,0,,,0,0,0,True,0,Google Trust Services,83,False,,,0.2371
https://service-online.su,service-online.su,0,25,1,1,0,3.4548,0,1,0,0,0,0,0,0.0,0,0,0,1,su,0.5,0,0,0,0.0,0,True,1,0,1,,,0,0,0,True,0,Let's Encrypt,46,False,,,0.2191
http://clone-mubashir-devhub.netlify.app/,clone-mubashir-devhub.netlify.app,1,41,2,2,0,4.2942,1,0,0,0,1,0,0,0.0833,1,0,1,0,app,0.35,1,0,0,0.0,0,True,2,1,0,,,0,0,0,True,0,DigiCert Inc,234,False,,,0.2242
http://0dp-p7u-hb0if-7l7mby-rz1.pages.dev/,0dp-p7u-hb0if-7l7mby-rz1.pages.dev,1,42,4,2,6,4.2784,1,0,0,0,1,0,0,0.0833,1,0,1,0,dev,0.5,0,0,0,0.0,0,True,2,1,0,,,0,0,0,True,0,Google Trust Services,61,False,,,0.2689
https://www.alertmsnofiimatc.webcindario.com/,www.alertmsnofiimatc.webcindario.com,1,45,0,3,0,3.8429,2,1,0,0,1,0,0,0.0,0,0,0,0,com,0.15,1,0,0,0.0,0,True,1,0,0,9280,"TUCOWS.COM, CO.",0,1,1,False,0,,,False,,,0.1219
https://www.inxxx.com/,www.inxxx.com,0,22,0,2,0,2.8151,1,1,0,0,1,0,0,0.0,0,0,0,0,com,0.15,1,0,0,0.0,0,True,3,1,0,8714,Eurodns S.A.,0,1,1,True,0,Google Trust Services,40,False,,,0.1013
http://sp5ct-ronix-biz8-hurem-lasev.pages.dev/appeals/submit-appeal-form/return,sp5ct-ronix-biz8-hurem-lasev.pages.dev,1,79,4,2,2,4.386,1,0,0,0,34,0,0,0.0,0,0,0,0,dev,0.5,0,0,0,0.0,0,True,2,1,0,,,0,0,0,True,0,Google Trust Services,83,False,,,0.2377
http://mateladepormhub.phemayameltahub.site/,mateladepormhub.phemayameltahub.site,1,44,0,2,0,3.7608,1,0,0,0,1,0,0,0.1667,1,0,1,0,site,0.7,1,0,0,0.0,0,True,1,0,1,,,0,0,0,False,0,,,,,,0.3519
https://harshitakhera942.github.io/spotify-clone/,harshitakhera942.github.io,1,49,0,2,3,3.7962,1,1,0,0,15,0,0,0.0,0,0,0,0,io,0.28,1,0,0,0.0,0,True,4,1,0,,,0,0,0,True,0,Let's Encrypt,36,False,,,0.1599
http://xelzora-gld-lentora-c1x2dk87.pages.dev/appeals/submit-appeal-form/return,xelzora-gld-lentora-c1x2dk87.pages.dev,1,79,3,2,4,4.2737,1,0,0,0,34,0,0,0.0,0,0,0,0,dev,0.5,0,0,0,0.0,0,True,2,1,0,,,0,0,0,True,0,Google Trust Services,82,False,,,0.2355
https://sp4ct-galmurex-biz8-forel-kasok.pages.dev/,sp4ct-galmurex-biz8-forel-kasok.pages.dev,1,50,4,2,2,4.3939,1,1,0,0,1,0,0,0.0,0,0,0,0,dev,0.5,0,0,0,0.0,0,True,2,1,0,,,0,0,0,True,0,Google Trust Services,83,False,,,0.2379
https://szarada.net,szarada.net,0,19,0,1,0,3.0272,0,1,0,0,0,0,0,0.0,0,0,0,0,net,0.22,1,0,0,0.0,0,True,1,0,1,7022,"Wild West Domains, LLC",0,0,1,True,0,Let's Encrypt,58,False,,,0.1265
http://kh3a.de/internationalmicro/download.html,kh3a.de,1,47,0,1,1,2.8074,0,0,0,0,33,0,0,0.0,0,0,0,0,de,0.5,0,0,0,0.0,0,True,1,0,1,,,0,0,0,True,0,Let's Encrypt,63,False,,,0.2061
https://toki.gov.tr,toki.gov.tr,0,19,0,2,0,2.914,1,1,0,0,0,0,0,0.0833,1,0,1,0,tr,0.5,0,0,0,0.0,0,True,1,0,1,9282,,0,0,1,True,0,GlobalSign nv-sa,223,False,,,0.2416
https://ad4989.co.kr/account/settings,ad4989.co.kr,0,37,0,2,4,3.2516,1,1,0,0,17,0,0,0.0,0,0,0,0,kr,0.5,0,0,0,0.0,0,True,1,0,0,6427,Whois Corp.(http://whois.co.kr),0,0,1,False,0,,,,,,0.215
http://www.16755.xyz/,www.16755.xyz,1,21,0,2,5,3.027,1,0,0,0,1,0,0,0.0,0,0,0,0,xyz,0.94,1,0,0,0.0,0,True,2,0,0,50,"GMO Internet, Inc.",0,1,1,True,0,Let's Encrypt,47,False,,,0.3425
https://t.me/s/wfwf_com,t.me,0,23,0,1,0,2.0,0,1,0,0,11,0,1,0.0,0,0,0,0,me,0.5,0,0,0,0.0,0,True,1,1,0,5912,"GoDaddy.com, LLC",0,0,1,True,0,"GoDaddy.com, Inc.",117,False,,,0.19
https://l040z.com/en-us/home,l040z.com,0,28,0,1,3,2.9477,0,1,0,0,11,0,0,0.0,0,0,0,0,com,0.15,1,0,0,0.0,0,False,0,0,0,3527,"Alibaba Cloud Computing (Beijing) Co., Ltd.",0,0,1,False,0,,,,,,0.104
https://instagramlogin68.blogspot.com/?m=1,instagramlogin68.blogspot.com,1,42,0,2,2,3.8664,1,1,0,0,1,1,2,0.0,0,0,0,0,com,0.15,1,0,0,0.0,0,True,2,1,0,,,0,0,0,True,0,Google Trust Services,55,False,,,0.1223
https://meutimao.com.br,meutimao.com.br,0,23,0,2,0,3.3232,1,1,0,0,0,0,0,0.0,0,0,0,0,br,0.5,0,0,0,0.0,0,True,3,1,1,5882,,0,0,1,True,0,Google Trust Services,67,False,,,0.2165
https://www.quidco.com/,www.quidco.com,0,23,0,2,0,3.0391,1,1,0,0,1,0,0,0.0,0,0,0,0,com,0.15,1,0,0,0.0,0,True,2,1,0,,,0,0,0,True,0,Google Trust Services,74,False,,,0.1058
https://www.vinted.bg/,www.vinted.bg,0,22,0,2,0,3.1808,1,1,0,0,1,0,0,0.0,0,0,0,0,bg,0.5,0,0,0,0.0,0,True,2,1,0,,,0,0,0,True,0,Let's Encrypt,38,False,,,0.2136
https://sendgrid.tech/support/contact,sendgrid.tech,0,37,0,1,0,3.3927,0,1,0,0,16,0,0,0.0,0,0,0,0,tech,0.5,0,0,0,0.0,0,False,0,0,0,,,0,0,0,False,0,,,,,,0.2179
https://dravoxa-gld-belqumi-r5q9dk21.pages.dev/,dravoxa-gld-belqumi-r5q9dk21.pages.dev,1,47,3,2,4,4.3462,1,1,0,0,1,0,0,0.0,0,0,0,0,dev,0.5,0,0,0,0.0,0,True,2,1,0,,,0,0,0,True,0,Google Trust Services,83,False,,,0.2369
http://fin-yhrzqz-1tj-innnr-arjxed.pages.dev/,fin-yhrzqz-1tj-innnr-arjxed.pages.dev,1,45,4,2,1,4.1957,1,0,0,0,1,0,0,0.0,0,0,0,0,dev,0.5,0,0,0,0.0,0,True,2,1,0,,,0,0,0,True,0,Google Trust Services,83,False,,,0.2339
https://www.hotstar.com/in,www.hotstar.com,0,26,0,2,0,3.1899,1,1,0,0,3,0,0,0.0,0,0,0,0,com,0.15,1,0,0,0.0,0,True,27,1,0,,,0,0,0,True,0,DigiCert Inc,73,False,,,0.1088
http://www.talktalkkkerr.weebly.com/,www.talktalkkkerr.weebly.com,1,36,0,3,0,3.5122,2,0,0,0,1,0,0,0.0,0,0,0,0,com,0.15,1,0,0,0.0,0,True,2,0,0,7426,"MarkMonitor, Inc.",0,0,1,False,0,,,,,,0.1152
http://sp3ct-purnak-biz8-hesqor-valid.pages.dev/,sp3ct-purnak-biz8-hesqor-valid.pages.dev,1,48,4,2,2,4.3964,1,0,0,0,1,0,0,0.0,0,0,0,0,dev,0.5,0,0,0,0.0,0,True,2,1,0,,,0,0,0,True,0,Google Trust Services,81,False,,,0.2379
http://myflix-two-sand.vercel.app/,myflix-two-sand.vercel.app,1,34,2,2,0,4.2389,1,0,0,0,1,0,0,0.0833,1,0,1,0,app,0.35,1,0,0,0.0,0,True,2,0,0,,,0,0,0,True,0,Google Trust Services,60,False,,,0.2231
http://sp3ct-lenqas-biz8-fornek-vumel.pages.dev/,sp3ct-lenqas-biz8-fornek-vumel.pages.dev,1,48,4,2,2,4.4128,1,0,0,0,1,0,0,0.25,1,1,0,0,dev,0.5,0,0,0,0.0,0,True,2,1,0,,,0,0,0,True,0,Google Trust Services,81,False,,,0.3383
https://qervexa-gld-lentora-a9v6fc25.pages.dev/,qervexa-gld-lentora-a9v6fc25.pages.dev,1,47,3,2,4,4.2185,1,1,0,0,1,0,0,0.0,0,0,0,0,dev,0.5,0,0,0,0.0,0,True,2,1,0,,,0,0,0,True,0,Google Trust Services,83,False,,,0.2344
http://mateladepormhub.phemayameltahub.site/shield-guard-security-deploy-poll-dedupe,mateladepormhub.phemayameltahub.site,1,84,0,2,0,3.7608,1,0,0,0,41,0,0,0.1667,1,0,1,0,site,0.7,1,0,0,0.0,0,True,1,0,1,,,0,0,0,False,0,,,,,,0.3519
https://50megs.com/login,50megs.com,0,24,0,1,2,3.1219,0,1,0,0,6,0,0,0.0,0,0,0,0,com,0.15,1,0,0,0.0,0,True,1,0,1,,,0,0,0,False,0,,,,,,0.1074
https://www.seagm.com/,www.seagm.com,0,22,0,2,0,3.027,1,1,0,0,1,0,0,0.0,0,0,0,0,com,0.15,1,0,0,0.0,0,True,2,1,0,6678,"GoDaddy.com, LLC",0,0,1,True,0,Google Trust Services,75,False,,,0.1055
http://sp5ct-danor-biz8-lurex-vanik.pages.dev/appeals/submit-appeal-form/return,sp5ct-danor-biz8-lurex-vanik.pages.dev,1,79,4,2,2,4.3661,1,0,0,0,34,0,0,0.0,0,0,0,0,dev,0.5,0,0,0,0.0,0,True,2,1,0,,,0,0,0,True,0,Google Trust Services,83,False,,,0.2373
https://www.njav.com/,www.njav.com,0,21,0,2,0,3.0221,1,1,0,0,1,0,0,0.0,0,0,0,0,com,0.15,1,0,0,0.0,0,True,2,1,0,7231,Dynadot Inc,0,0,1,True,0,Google Trust Services,73,False,,,0.1054
http://ttxtag.top/usps.cc,ttxtag.top,1,25,0,1,0,2.5219,0,0,0,0,8,0,0,0.0,0,0,0,0,top,0.9,1,0,0,0.0,0,False,0,0,0,,,0,0,0,False,0,,,,,,0.3204
http://thecruiselife.com.tr/,thecruiselife.com.tr,1,28,0,2,0,3.5842,1,0,0,0,1,0,0,0.0,0,0,0,0,tr,0.5,0,0,0,0.0,0,True,1,0,0,12,,1,0,1,True,0,Let's Encrypt,79,False,,,0.2217
https://anydns.info,anydns.info,0,19,0,1,0,3.0272,0,1,0,0,0,0,0,0.0833,1,0,1,0,info,0.55,1,0,0,0.0,0,True,1,1,1,,,0,0,0,True,0,Let's Encrypt,63,False,,,0.2589
https://mon-inscription-prime.com/config/pages/mobile/connexion/connexion.php/,mon-inscription-prime.com,1,78,2,1,0,3.4333,0,1,0,0,45,0,0,0.0,0,0,0,0,com,0.15,1,0,0,0.0,0,True,1,0,0,5,"Name.com, Inc.",1,0,1,True,0,Let's Encrypt,84,False,,,0.1137
https://www.elpais.com.uy/,www.elpais.com.uy,0,26,0,3,0,3.5281,2,1,0,0,1,0,0,0.0,0,0,0,0,uy,0.5,0,0,0,0.0,0,True,2,1,0,,,0,0,0,True,0,"GoDaddy.com, Inc.",85,False,,,0.2206
https://www.mawada.net/,www.mawada.net,0,23,0,2,0,2.7534,1,1,0,0,1,0,0,0.0,0,0,0,0,net,0.22,1,0,0,0.0,0,True,1,0,0,7342,"GoDaddy.com, LLC",0,0,1,True,0,Sectigo Limited,131,False,,,0.1211
http://blunp75skrp-qvyrt204nhb-4c5f1d-spl7i.pages.dev/,blunp75skrp-qvyrt204nhb-4c5f1d-spl7i.pages.dev,1,54,3,2,9,4.6647,1,0,0,0,1,0,0,0.0,0,0,0,0,dev,0.5,0,0,0,0.0,0,True,2,1,0,,,0,0,0,True,0,Google Trust Services,81,False,,,0.2433
https://www.rte.ie/,www.rte.ie,0,19,0,2,0,2.4464,1,1,0,0,1,0,0,0.0833,1,0,1,0,ie,0.5,0,0,0,0.0,0,True,2,1,0,9664,Blacknight Solutions,0,0,1,True,0,GlobalSign nv-sa,177,False,,,0.2322
https://www.webstarts.com/,www.webstarts.com,0,26,0,2,0,3.2639,1,1,0,0,1,0,0,0.0,0,0,0,0,com,0.15,1,0,0,0.0,0,True,2,0,0,8995,Tucows Domains Inc.,0,0,1,True,0,Amazon,87,False,,,0.1103
https://mdnsservice.com,mdnsservice.com,0,23,0,1,0,3.3736,0,1,0,0,0,0,0,0.0,0,0,0,0,com,0.15,1,0,0,0.0,0,True,1,0,1,8294,"TUCOWS.COM, CO.",0,1,1,False,0,,,False,,,0.1125
https://netrack.ru,netrack.ru,0,18,0,1,0,3.1219,0,1,0,0,0,0,0,0.0,0,0,0,0,ru,0.5,0,0,0,0.0,0,True,1,0,1,5633,RU-CENTER-RU,0,0,1,True,0,GlobalSign nv-sa,153,False,,,0.2124
https://cuttingedgefencing.ca/odot/download.html,cuttingedgefencing.ca,1,48,0,1,0,3.2961,0,1,0,0,19,0,0,0.0,0,0,0,0,ca,0.5,0,0,0,0.0,0,True,1,0,1,7300,WHC Online Solutions Inc.,0,0,1,True,0,Let's Encrypt,79,False,,,0.2159
http://www.badge-free-lifetime-verified.surge.sh/,www.badge-free-lifetime-verified.surge.sh,1,49,3,3,0,3.8509,2,0,0,0,1,0,0,0.0,0,0,0,1,sh,0.5,0,0,0,0.0,0,True,1,0,0,,,0,0,0,False,0,,,False,,,0.227
http://sp5ct-xurev-biz8-fanok-lemur.pages.dev/appeals/submit-appeal-form/return,sp5ct-xurev-biz8-fanok-lemur.pages.dev,1,79,4,2,2,4.4585,1,0,0,0,34,0,0,0.0,0,0,0,0,dev,0.5,0,0,0,0.0,0,True,2,1,0,,,0,0,0,True,0,Google Trust Services,83,False,,,0.2392
https://www.homeaffairs.gov.au/,www.homeaffairs.gov.au,0,31,0,3,0,3.6292,2,1,0,0,1,0,0,0.0833,1,0,1,0,au,0.5,0,0,0,0.0,0,True,4,1,0,,Department of Finance,0,0,1,True,0,DigiCert Inc,88,False,,,0.2559
https://www.robiox.com.py/users/338841459241/profile,www.robiox.com.py,1,52,0,3,0,3.2484,2,1,0,0,27,0,0,0.0,0,0,0,0,py,0.5,0,0,0,0.0,0,True,1,0,0,,,0,0,0,True,0,Let's Encrypt,72,False,,,0.215
https://www.khabarvarzeshi.com/,www.khabarvarzeshi.com,0,31,0,2,0,3.7544,1,1,0,0,1,0,0,0.0,0,0,0,0,com,0.15,1,0,0,0.0,0,True,1,0,1,3782,"TUCOWS.COM, CO.",0,1,1,True,0,Let's Encrypt,23,False,,,0.1201
https://sp5ct-vanik-biz8-surem-halex.pages.dev/,sp5ct-vanik-biz8-surem-halex.pages.dev,1,47,4,2,2,4.3661,1,1,0,0,1,0,0,0.0,0,0,0,0,dev,0.5,0,0,0,0.0,0,True,2,1,0,,,0,0,0,True,0,Google Trust Services,83,False,,,0.2373
https://www.olx.in/,www.olx.in,0,19,0,2,0,2.6464,1,1,0,0,1,0,0,0.0,0,0,0,0,in,0.2,1,0,0,0.0,0,True,5,1,0,7460,"CSC Corporate Domains, Inc.",0,0,1,True,0,DigiCert Inc,107,False,,,0.1129
https://au-net.ne.jp/about,au-net.ne.jp,0,26,1,2,0,3.085,1,1,0,0,6,0,0,0.0,0,0,0,0,jp,0.5,0,0,0,0.0,0,False,0,0,0,9568,,0,0,1,False,0,,,,,,0.2117
https://cdnsrv.de/api/v1/status,cdnsrv.de,0,31,0,1,0,2.9477,0,1,0,0,14,0,0,0.0,0,0,0,0,de,0.5,0,0,0,0.0,0,False,0,0,1,,,0,0,0,False,0,,,,,,0.209
https://facecast.net/ru/,facecast.net,0,24,0,1,0,2.9183,0,1,0,0,4,0,0,0.0,0,0,0,0,net,0.22,1,0,0,0.0,0,True,1,0,1,4910,"Regional Network Information Center, JSC dba RU-CENTER",0,0,1,True,0,Sectigo Limited,198,False,,,0.1244
https://www.freenet.de/,www.freenet.de,0,23,0,2,0,2.7534,1,1,0,0,1,0,0,0.0,0,0,0,0,de,0.5,0,0,0,0.0,0,True,2,1,0,,,0,0,0,True,0,Sectigo Limited,61,False,,,0.2051
https://danaa-iindonesiaa.vmm.my.id/,danaa-iindonesiaa.vmm.my.id,1,36,1,3,0,3.3242,2,1,0,0,1,0,0,0.0,0,0,0,0,id,0.5,0,0,0,0.0,0,False,0,0,0,,,0,0,0,False,0,,,,,,0.2165
http://sp5ct-hureq-biz8-vanik-sorel.pages.dev/appeals/submit-appeal-form/return,sp5ct-hureq-biz8-vanik-sorel.pages.dev,1,79,4,2,2,4.386,1,0,0,0,34,0,0,0.0,0,0,0,0,dev,0.5,0,0,0,0.0,0,True,2,1,0,,,0,0,0,True,0,Google Trust Services,83,False,,,0.2377
http://sp3ct-lavsel-biz8-korqor-mufed.pages.dev/appeals/submit-appeal-form/return,sp3ct-lavsel-biz8-korqor-mufed.pages.dev,1,81,4,2,2,4.4031,1,0,0,0,34,0,0,0.0,0,0,0,0,dev,0.5,0,0,0,0.0,0,True,2,1,0,,,0,0,0,True,0,Google Trust Services,82,False,,,0.2381
http://koiicinglllcoig.godaddysites.com/,koiicinglllcoig.godaddysites.com,1,40,0,2,0,3.6678,1,0,0,0,1,0,0,0.0,0,0,0,0,com,0.15,1,0,0,0.0,0,True,2,0,0,4634,"GoDaddy.com, LLC",0,0,1,True,0,GoDaddy.com,165,False,,,0.1184
https://zedeliveryoficial.vercel.app/,zedeliveryoficial.vercel.app,1,37,0,2,0,3.6245,1,1,0,0,1,0,0,0.0833,1,0,1,0,app,0.35,1,0,0,0.0,0,True,2,0,0,,,0,0,0,True,0,Google Trust Services,60,False,,,0.2108
http://sp3ct-durnik-biz8-velqas-forem.pages.dev/appeals/submit-appeal-form/return,sp3ct-durnik-biz8-velqas-forem.pages.dev,1,81,4,2,2,4.4531,1,0,0,0,34,0,0,0.0,0,0,0,0,dev,0.5,0,0,0,0.0,0,True,2,1,0,,,0,0,0,True,0,Google Trust Services,82,False,,,0.2391
https://uqd.io/api/v1/status,uqd.io,0,28,0,1,0,2.585,0,1,0,0,14,0,0,0.0833,1,0,1,0,io,0.28,1,0,0,0.0,0,False,0,0,0,2381,GANDI SAS,0,0,1,False,0,,,,,,0.169
https://robiox.com.py/users/249742163035/profile,robiox.com.py,1,48,0,2,0,3.1808,1,1,0,0,27,0,0,0.0,0,0,0,0,py,0.5,0,0,0,0.0,0,True,1,0,0,,,0,0,0,True,0,Let's Encrypt,72,False,,,0.2136
https://www.dischem.co.za/,www.dischem.co.za,0,26,0,3,0,3.4104,2,1,0,0,1,0,0,0.0,0,0,0,0,za,0.5,0,0,0,0.0,0,True,2,1,0,9807,FirstNet,0,0,1,True,0,Google Trust Services,80,False,,,0.2182
https://pocketpair.jp,pocketpair.jp,0,21,0,1,0,3.3347,0,1,0,0,0,0,0,0.0,0,0,0,0,jp,0.5,0,0,0,0.0,0,True,4,0,1,4154,,0,0,1,True,0,Amazon,45,False,,,0.2167
https://www.marquette.edu/,www.marquette.edu,0,26,0,2,0,3.1751,1,1,0,0,1,0,0,0.0,0,0,0,0,edu,0.02,1,0,0,0.0,0,True,1,0,0,11003,,0,0,1,True,0,Internet2,136,False,,,0.0695
https://www.goldasia.cc/,www.goldasia.cc,1,24,0,2,0,3.1899,1,1,0,0,1,0,0,0.0,0,0,0,0,cc,0.5,0,0,0,0.0,0,True,1,0,0,1,Dynadot Inc,1,0,1,True,0,Let's Encrypt,89,False,,,0.2138
http://fynta-vlypx-bfrnk-4m93eb-vznk-krulax.pages.dev/,fynta-vlypx-bfrnk-4m93eb-vznk-krulax.pages.dev,1,54,5,2,3,4.4065,1,0,0,0,1,0,0,0.0833,1,0,1,0,dev,0.5,0,0,0,0.0,0,True,2,1,0,,,0,0,0,True,0,Google Trust Services,81,False,,,0.2714
http://le-registre-des-societes-francaises.fr/,le-registre-des-societes-francaises.fr,1,46,4,1,0,3.5659,0,0,0,0,1,0,0,0.0,0,0,0,0,fr,0.5,0,0,0,0.0,0,True,2,1,0,23,OVH,1,0,1,True,0,Google Trust Services,66,False,,,0.2213
https://crutchfield.com,crutchfield.com,0,23,0,1,0,3.5899,0,1,0,0,0,0,0,0.0,0,0,0,0,com,0.15,1,0,0,0.0,0,True,2,0,1,11331,"Domain.com - Network Solutions, LLC",0,0,1,True,0,Google Trust Services,36,False,,,0.1168
https://www.i24news.tv/en,www.i24news.tv,0,25,0,2,2,3.0931,1,1,0,0,3,0,0,0.0,0,0,0,0,tv,0.5,0,0,0,0.0,0,True,2,1,0,5004,Gandi SAS,0,0,1,True,0,Google Trust Services,82,False,,,0.2119
https://gzbet367.vip/,gzbet367.vip,1,21,0,1,3,3.585,0,1,0,0,1,0,0,0.0,0,0,0,0,vip,0.5,0,0,0,0.0,0,False,0,0,0,37,Gname.com Pte. Ltd.,0,0,1,False,0,,,,,,0.2217
http://xelquza-gld-zentora-r8x2dw95.pages.dev/appeals/submit-appeal-form/return,xelquza-gld-zentora-r8x2dw95.pages.dev,1,79,3,2,4,4.3462,1,0,0,0,34,0,0,0.0,0,0,0,0,dev,0.5,0,0,0,0.0,0,True,2,1,0,,,0,0,0,True,0,Google Trust Services,83,False,,,0.2369
https://www.facebook-notification.blogspot.com/,www.facebook-notification.blogspot.com,1,47,1,3,0,3.8946,2,1,0,0,1,0,0,0.0,0,0,0,0,com,0.15,1,0,0,0.0,0,True,2,1,0,,,0,0,0,False,0,,,False,,,0.1229
https://aiou.edu.pk,aiou.edu.pk,0,19,0,2,0,3.0958,1,1,0,0,0,0,0,0.0,0,0,0,0,pk,0.5,0,0,0,0.0,0,True,1,0,1,10078,,0,0,1,True,0,Sectigo Limited,73,False,,,0.2119
https://land18.aabenrapharma.de/Y2gtZmVkZXgtMjAyNg/,land18.aabenrapharma.de,1,51,0,2,2,3.4144,1,1,0,0,20,0,0,0.0,0,0,0,0,de,0.5,0,0,0,0.0,0,True,2,1,0,,,0,0,0,True,0,Google Trust Services,37,False,,,0.2183
https://rajabandotdamai49.com/login,rajabandotdamai49.com,0,35,0,1,2,3.5538,0,1,0,0,6,0,0,0.0,0,0,0,0,com,0.15,1,0,0,0.0,0,False,0,0,0,62,"NameCheap, Inc.",0,0,1,False,0,,,,,,0.1161
http://3mx-685z05-wr0-35n-y85n0.pages.dev/,3mx-685z05-wr0-35n-y85n0.pages.dev,1,42,4,2,12,4.1829,1,0,0,0,1,0,0,0.0,0,0,0,0,dev,0.5,0,0,0,0.0,0,True,2,1,0,,,0,0,0,True,0,Google Trust Services,64,False,,,0.2337
https://shahvani.com,shahvani.com,0,20,0,1,0,3.2516,0,1,0,0,0,0,0,0.0,0,0,0,0,com,0.15,1,0,0,0.0,0,True,3,0,0,6125,"NameCheap, Inc.",0,0,1,True,0,Google Trust Services,51,False,,,0.11
http://coinbasxtnsion.webflow.io/,coinbasxtnsion.webflow.io,1,33,0,2,0,3.6235,1,0,0,0,1,0,0,0.0,0,0,0,0,io,0.28,1,0,0,0.0,0,True,2,1,0,4829,"MarkMonitor, Inc.",0,0,1,True,0,Google Trust Services,86,False,,,0.1565
http://www.facebook-verification-system3.blogspot.com/,www.facebook-verification-system3.blogspot.com,1,54,2,3,1,4.2454,2,0,0,0,1,0,0,0.0,0,0,0,0,com,0.15,1,0,0,0.0,0,True,2,1,0,,,0,0,0,False,0,,,False,,,0.1299
https://0kkkkkt.com,0kkkkkt.com,0,19,0,1,1,2.404,0,1,0,0,0,0,0,0.0,0,0,0,0,com,0.15,1,0,0,0.0,0,False,0,0,0,1126,"DNSPod, Inc.",0,0,1,False,0,,,,,,0.0931
https://www.eg.ru/,www.eg.ru,0,18,0,2,0,2.4194,1,1,0,0,1,0,0,0.0,0,0,0,0,ru,0.5,0,0,0,0.0,0,True,1,0,0,9553,RU-CENTER-RU,0,0,1,True,0,Let's Encrypt,48,False,,,0.1984
https://umich.edu,umich.edu,0,17,0,1,0,2.9477,0,1,0,0,0,0,0,0.0,0,0,0,0,edu,0.02,1,0,0,0.0,0,True,2,1,1,14904,,0,0,1,True,0,Google Trust Services,81,False,,,0.065
https://verficatracking.kafesmof.mg/track/track.php/,verficatracking.kafesmof.mg,1,52,0,2,0,3.8101,1,1,0,0,17,0,0,0.0,0,0,0,0,mg,0.5,0,0,0,0.0,0,False,0,0,0,107,STILEEX,0,0,1,False,0,,,,,,0.2262
http://zuberthakur.github.io/Amazon-Clone,zuberthakur.github.io,1,41,0,2,0,3.5945,1,0,0,0,13,0,0,0.0,0,0,0,0,io,0.28,1,0,0,0.0,0,True,4,1,0,,,0,0,0,True,0,Let's Encrypt,36,False,,,0.1559
https://www.salesforce.com/in/?ir=1&bc=HL,www.salesforce.com,0,41,0,2,0,3.3502,1,1,0,0,4,2,4,0.0,0,0,0,0,com,0.15,1,0,0,0.0,0,True,3,1,0,10099,"MarkMonitor, Inc.",0,0,1,True,0,DigiCert Inc,66,False,,,0.112
https://sp3ct-polqik-biz8-farnel-lusem.pages.dev/,sp3ct-polqik-biz8-farnel-lusem.pages.dev,1,49,4,2,2,4.4153,1,1,0,0,1,0,0,0.0,0,0,0,0,dev,0.5,0,0,0,0.0,0,True,2,1,0,,,0,0,0,True,0,Google Trust Services,82,False,,,0.2383
https://web-web-embed-iframe-test-harness-uniswap.vercel.app/portfolio/tokens,web-web-embed-iframe-test-harness-uniswap.vercel.app,1,77,6,2,0,3.9878,1,1,0,0,17,0,0,0.4167,3,0,5,0,app,0.35,1,0,0,0.0,0,True,2,0,0,,,0,0,0,True,0,Google Trust Services,60,False,,,0.3514
https://apps.apple.com/us/app/airbuds-widget/id1638906106,apps.apple.com,0,57,0,2,0,2.9502,1,1,0,0,35,0,0,0.0,0,0,0,0,com,0.15,1,0,0,0.0,0,True,1,1,0,14403,NOM-IQ Ltd dba Com Laude,0,0,1,True,0,Apple Inc.,163,False,,,0.104
https://www.mirea.ru/,www.mirea.ru,0,21,0,2,0,2.8554,1,1,0,0,1,0,0,0.0,0,0,0,0,ru,0.5,0,0,0,0.0,0,True,1,0,0,9725,RU-CENTER-RU,0,0,1,True,0,GlobalSign nv-sa,181,False,,,0.2071
https://o-msedge.net/en-us/home,o-msedge.net,0,31,1,1,0,3.1887,0,1,0,0,11,0,0,0.0,0,0,0,0,net,0.22,1,0,0,0.0,0,False,0,0,0,4526,MarkMonitor Inc.,0,0,1,False,0,,,,,,0.1298
http://b5f-fzjx-x4ax5-446ef-d6vuc.pages.dev/,b5f-fzjx-x4ax5-446ef-d6vuc.pages.dev,1,44,4,2,7,4.086,1,0,0,0,1,0,0,0.0,0,0,0,0,dev,0.5,0,0,0,0.0,0,True,2,1,0,,,0,0,0,True,0,Google Trust Services,83,False,,,0.2317
https://sp5ct-ronix-biz8-hurem-lasev.pages.dev/,sp5ct-ronix-biz8-hurem-lasev.pages.dev,1,47,4,2,2,4.386,1,1,0,0,1,0,0,0.0,0,0,0,0,dev,0.5,0,0,0,0.0,0,True,2,1,0,,,0,0,0,True,0,Google Trust Services,83,False,,,0.2377
https://www.buscalibre.com/,www.buscalibre.com,0,27,0,2,0,3.5724,1,1,0,0,1,0,0,0.0,0,0,0,0,com,0.15,1,0,0,0.0,0,True,3,0,0,6751,"GoDaddy.com, LLC",0,0,1,True,0,Amazon,220,False,,,0.1164
https://layanan-shopee43.blogspot.com/,layanan-shopee43.blogspot.com,1,38,1,2,2,4.0044,1,1,0,0,1,0,0,0.0,0,0,0,0,com,0.15,1,0,0,0.0,0,True,2,1,0,,,0,0,0,True,0,Google Trust Services,55,False,,,0.1251
https://sp5ct-murex-biz8-sanvik-loreq.pages.dev/,sp5ct-murex-biz8-sanvik-loreq.pages.dev,1,48,4,2,2,4.4455,1,1,0,0,1,0,0,0.0,0,0,0,0,dev,0.5,0,0,0,0.0,0,True,2,1,0,,,0,0,0,True,0,Google Trust Services,83,False,,,0.2389
https://pldt.net/account/settings,pldt.net,0,33,0,1,0,2.75,0,1,0,0,17,0,0,0.0,0,0,0,0,net,0.22,1,0,0,0.0,0,True,1,0,1,10498,"Network Solutions, LLC",0,0,1,False,0,,,,,,0.121
https://submit-your-form-here.surge.sh/,submit-your-form-here.surge.sh,1,39,3,2,0,3.7396,1,1,0,0,1,0,0,0.0,0,0,0,0,sh,0.5,0,0,0,0.0,0,True,1,0,0,,,0,0,0,True,0,Sectigo Limited,141,False,,,0.2248
https://felfecirdom.co/login,felfecirdom.co,1,28,0,1,0,3.2359,0,1,0,0,6,0,0,0.0,0,0,0,0,co,0.3,1,0,0,0.0,0,True,1,0,0,4,Dynadot Inc,1,0,1,False,0,,,False,,,0.1547
https://www.html-vs-markdown-llm.vercel.app/,www.html-vs-markdown-llm.vercel.app,1,44,3,3,0,3.9789,2,1,0,0,1,0,0,0.0833,1,0,1,0,app,0.35,1,0,0,0.0,0,True,2,0,0,,,0,0,0,False,0,,,False,,,0.2179
https://www.auckland.ac.nz/en.html,www.auckland.ac.nz,0,34,0,3,0,3.1552,2,1,0,0,8,0,0,0.0,0,0,0,0,nz,0.5,0,0,0,0.0,0,True,4,0,0,,,0,0,0,True,0,DigiCert Inc,55,False,,,0.2131
https://cdnjtzy.com/update/index.html,cdnjtzy.com,0,37,0,1,0,3.2776,0,1,0,0,18,0,0,0.0,0,0,0,0,com,0.15,1,0,0,0.0,0,False,0,0,0,3120,"DNSPod, Inc.",0,0,1,False,0,,,,,,0.1106
https://3658katli5247.cc/,3658katli5247.cc,1,25,0,1,8,3.75,0,1,0,0,1,0,0,0.0,0,0,0,0,cc,0.5,0,0,0,0.0,0,True,3,0,0,34,Dynadot Inc,0,0,1,True,0,Let's Encrypt,55,False,,,0.225
https://www.vipjyff.com/,www.vipjyff.com,1,24,0,2,0,3.3232,1,1,0,0,1,0,0,0.0,0,0,0,0,com,0.15,1,0,0,0.0,0,True,2,1,0,58,Gname.com Pte. Ltd.,0,1,1,True,0,Let's Encrypt,31,False,,,0.1115
http://sp5ct-vurem-biz8-lonex-harik.pages.dev/appeals/submit-appeal-form/return,sp5ct-vurem-biz8-lonex-harik.pages.dev,1,79,4,2,2,4.4585,1,0,0,0,34,0,0,0.0,0,0,0,0,dev,0.5,0,0,0,0.0,0,True,2,1,0,,,0,0,0,True,0,Google Trust Services,83,False,,,0.2392
https://baochinhphu.vn,baochinhphu.vn,0,22,0,1,0,3.3249,0,1,0,0,0,0,0,0.0,0,0,0,0,vn,0.5,0,0,0,0.0,0,True,3,0,0,,,0,0,0,True,0,GlobalSign nv-sa,193,False,,,0.2165
http://r6l352kjzvgku.mocha.app/,r6l352kjzvgku.mocha.app,1,31,0,2,4,4.1757,1,0,0,0,1,0,0,0.0833,1,0,1,0,app,0.35,1,0,0,0.0,0,True,2,1,0,,,0,0,0,True,0,Google Trust Services,63,False,,,0.2218
https://sp5ct-vorem-biz8-hanix-lurek.pages.dev/,sp5ct-vorem-biz8-hanix-lurek.pages.dev,1,47,4,2,2,4.4585,1,1,0,0,1,0,0,0.0,0,0,0,0,dev,0.5,0,0,0,0.0,0,True,2,1,0,,,0,0,0,True,0,Google Trust Services,83,False,,,0.2392
https://www.visualsoft.co.uk/,www.visualsoft.co.uk,0,29,0,3,0,3.5464,2,1,0,0,1,0,0,0.0,0,0,0,0,uk,0.5,0,0,0,0.0,0,True,2,1,0,10158,Fasthosts Internet Ltd [Tag = LIVEDOMAINS],0,0,1,True,0,Google Trust Services,84,False,,,0.2209
https://www.j75f.vip/,www.j75f.vip,1,21,0,2,2,3.0221,1,1,0,0,1,0,0,0.0,0,0,0,0,vip,0.5,0,0,0,0.0,0,True,2,0,0,59,NameMart Pte. Ltd.,0,0,1,True,0,Let's Encrypt,46,False,,,0.2104
http://sp3ct-holnik-biz8-renqel-fudam.pages.dev/appeals/submit-appeal-form/return,sp3ct-holnik-biz8-renqel-fudam.pages.dev,1,81,4,2,2,4.5219,1,0,0,0,34,0,0,0.0,0,0,0,0,dev,0.5,0,0,0,0.0,0,True,2,1,0,,,0,0,0,True,0,Google Trust Services,82,False,,,0.2404
https://mediaoptions.com/brokered-domains/,mediaoptions.com,0,42,0,1,0,3.4528,0,1,0,0,18,0,0,0.0,0,0,0,0,com,0.15,1,0,0,0.0,0,True,2,1,1,10080,"GoDaddy.com, LLC",0,0,1,True,0,Google Trust Services,80,False,,,0.1141
http://sp3ct-rinsak-biz8-dovrel-kemar.pages.dev/,sp3ct-rinsak-biz8-dovrel-kemar.pages.dev,1,48,4,2,2,4.2653,1,0,0,0,1,0,0,0.0,0,0,0,0,dev,0.5,0,0,0,0.0,0,True,2,1,0,,,0,0,0,True,0,Google Trust Services,81,False,,,0.2353
https://sp5ct-turem-biz8-koniv-larex.pages.dev/,sp5ct-turem-biz8-koniv-larex.pages.dev,1,47,4,2,2,4.4058,1,1,0,0,1,0,0,0.0,0,0,0,0,dev,0.5,0,0,0,0.0,0,True,2,1,0,,,0,0,0,True,0,Google Trust Services,83,False,,,0.2381
https://maxdominios.com,maxdominios.com,0,23,0,1,0,3.1396,0,1,0,0,0,0,0,0.0,0,0,0,0,com,0.15,1,0,0,0.0,0,True,1,0,1,7132,"Arsys Internet, S.L. dba NICLINE.COM",0,1,1,True,0,Let's Encrypt,75,False,,,0.1078
https://www.dc.crsorgi.gov.in.index.crs.certificate4.com/general-public,www.dc.crsorgi.gov.in.index.crs.certificate4.com,1,71,0,8,1,3.8478,7,1,0,0,15,0,0,0.0833,1,0,1,0,com,0.15,1,0,0,0.0,0,True,1,0,0,37,"GoDaddy.com, LLC",0,0,1,True,0,Let's Encrypt,57,False,,,0.1553
https://mtproxy.zip/en-us/home,mtproxy.zip,0,30,0,1,0,3.2776,0,1,0,0,11,0,0,0.0,0,0,0,0,zip,0.5,0,0,0,0.0,0,False,0,0,0,,,0,0,0,False,0,,,,,,0.2156
http://www.noelgreen.com/wp-includes/theme-compat/mnkv1hw/aymwfdl/bmxzvnk/aa/jan/LINKEDIN/,www.noelgreen.com,1,90,0,2,0,3.1751,1,0,0,0,66,0,0,0.0,0,0,0,0,com,0.15,1,0,0,0.0,0,True,1,0,1,8924,"ENOM, INC.",0,1,1,True,0,Let's Encrypt,35,False,,,0.1085
http://2nnfl-xusjv-c8ng5-r0yhlf.pages.dev/,2nnfl-xusjv-c8ng5-r0yhlf.pages.dev,1,42,3,2,4,4.396,1,0,0,0,1,0,0,0.0,0,0,0,0,dev,0.5,0,0,0,0.0,0,True,2,1,0,,,0,0,0,True,0,Google Trust Services,83,False,,,0.2379
https://callawaygolf.com,callawaygolf.com,0,24,0,1,0,3.1556,0,1,0,0,0,0,0,0.0,0,0,0,0,com,0.15,1,0,0,0.0,0,True,1,0,1,,,0,0,0,True,0,Let's Encrypt,52,False,,,0.1081
https://patch.com,patch.com,0,17,0,1,0,2.9477,0,1,0,0,0,0,0,0.0,0,0,0,0,com,0.15,1,0,0,0.0,0,True,4,0,1,11836,Moniker Online Services LLC,0,1,1,True,0,Let's Encrypt,63,False,,,0.104
https://netmirror.gg/10/en-in,netmirror.gg,0,29,0,1,0,3.0221,0,1,0,0,9,0,0,0.0,0,0,0,0,gg,0.5,0,0,0,0.0,0,True,2,1,0,,"NameCheap, Inc (https://www.namecheap.com)",0,0,1,True,0,Google Trust Services,50,False,,,0.2104
https://awsli.com.br/account/settings,awsli.com.br,0,37,0,2,0,3.4183,1,1,0,0,17,0,0,0.0,0,0,0,0,br,0.5,0,0,0,0.0,0,False,0,0,1,4861,,0,0,1,False,0,,,,,,0.2184
http://uuploddlygghd.godaddysites.com/,uuploddlygghd.godaddysites.com,1,38,0,2,0,3.7396,1,0,0,0,1,0,0,0.0,0,0,0,0,com,0.15,1,0,0,0.0,0,True,2,0,0,4634,"GoDaddy.com, LLC",0,0,1,True,0,GoDaddy.com,165,False,,,0.1198
https://www.ebooks.com/en-in/,www.ebooks.com,0,29,0,2,0,2.9852,1,1,0,0,7,0,0,0.0,0,0,0,0,com,0.15,1,0,0,0.0,0,True,2,0,0,10395,"GoDaddy.com, LLC",0,0,1,True,0,Google Trust Services,66,False,,,0.1047
https://aliashfaq122.github.io/Fb-Replica/,aliashfaq122.github.io,1,42,0,2,3,3.7544,1,1,0,0,12,0,0,0.0,0,0,0,0,io,0.28,1,0,0,0.0,0,True,4,1,0,,,0,0,0,True,0,Let's Encrypt,36,False,,,0.1591
https://ufs.ac.za/about,ufs.ac.za,0,23,0,2,0,2.7255,1,1,0,0,6,0,0,0.0833,1,0,1,0,za,0.5,0,0,0,0.0,0,True,1,0,1,,,0,0,0,False,0,,,,,,0.2378
https://www.canarias7.es/,www.canarias7.es,0,25,0,2,1,3.1556,1,1,0,0,1,0,0,0.0,0,0,0,0,es,0.5,0,0,0,0.0,0,True,4,0,0,,,0,0,0,True,0,Certainly,21,False,,,0.2131
http://sp3ct-rovnik-biz8-falqem-luden.pages.dev/appeals/submit-appeal-form/return,sp3ct-rovnik-biz8-falqem-luden.pages.dev,1,81,4,2,2,4.4719,1,0,0,0,34,0,0,0.0,0,0,0,0,dev,0.5,0,0,0,0.0,0,True,2,1,0,,,0,0,0,True,0,Google Trust Services,82,False,,,0.2394
http://t5ep-vfbg3-bua-zk80fu-ib0e.pages.dev/appeals/submit-appeal-form/return,t5ep-vfbg3-bua-zk80fu-ib0e.pages.dev,1,77,4,2,5,4.149,1,0,0,0,34,0,0,0.0,0,0,0,0,dev,0.5,0,0,0,0.0,0,True,2,1,0,,,0,0,0,True,0,Google Trust Services,82,False,,,0.233
https://fifthyteherd.best/,fifthyteherd.best,1,26,0,1,0,3.2928,0,1,0,0,1,0,0,0.0,0,0,0,0,best,0.5,0,0,0,0.0,0,True,1,0,0,3,Dynadot Inc,1,1,1,False,0,,,,,,0.2159
https://ninogaming.com,ninogaming.com,0,22,0,1,0,2.8963,0,1,0,0,0,0,0,0.0,0,0,0,0,com,0.15,1,0,0,0.0,0,True,2,1,1,649,"NameCheap, Inc.",0,0,1,True,0,Google Trust Services,43,False,,,0.1029
https://meteofrance.fr,meteofrance.fr,0,22,0,1,0,3.182,0,1,0,0,0,0,0,0.0,0,0,0,0,fr,0.5,0,0,0,0.0,0,True,1,0,1,8131,BDL SYSTEMES dba Systonic,0,0,1,True,0,Sectigo Limited,127,False,,,0.2136
https://sp25ct7-ilvok-biz-parsik-kemlor.pages.dev/,sp25ct7-ilvok-biz-parsik-kemlor.pages.dev,1,50,4,2,3,4.2899,1,1,0,0,1,0,0,0.1667,2,0,2,0,dev,0.5,0,0,0,0.0,0,True,2,1,0,,,0,0,0,True,0,Google Trust Services,80,False,,,0.3025
https://sp4ct-qarvulen-biz8-surem-kafix.pages.dev/,sp4ct-qarvulen-biz8-surem-kafix.pages.dev,1,50,4,2,2,4.4427,1,1,0,0,1,0,0,0.0,0,0,0,0,dev,0.5,0,0,0,0.0,0,True,2,1,0,,,0,0,0,True,0,Google Trust Services,83,False,,,0.2389
https://rtbsrv.com/news/index.html,rtbsrv.com,0,34,0,1,0,3.1219,0,1,0,0,16,0,0,0.0,0,0,0,0,com,0.15,1,0,0,0.0,0,False,0,0,1,4712,"NameCheap, Inc.",0,0,1,False,0,,,,,,0.1074
https://lsk-digital.github.io/E-commerce-Website,lsk-digital.github.io,1,48,1,2,0,3.6304,1,1,0,0,19,0,0,0.0,0,0,0,0,io,0.28,1,0,0,0.0,0,True,4,1,0,,,0,0,0,True,0,Let's Encrypt,36,False,,,0.1566
http://netfflixui.netlify.app/,netfflixui.netlify.app,1,30,0,2,0,3.4817,1,0,0,0,1,0,0,0.0833,1,0,1,0,app,0.35,1,0,0,0.0,0,True,2,1,0,,,0,0,0,True,0,DigiCert Inc,234,False,,,0.208
https://www.1porn.tv/,www.1porn.tv,0,21,0,2,1,3.0221,1,1,0,0,1,0,0,0.0,0,0,0,0,tv,0.5,0,0,0,0.0,0,True,2,1,0,685,Gandi SAS,0,0,1,True,0,Google Trust Services,70,False,,,0.2104
http://xelquna-gld-zelmora-c6v3hp91.pages.dev/appeals/submit-appeal-form/return,xelquna-gld-zelmora-c6v3hp91.pages.dev,1,79,3,2,4,4.3989,1,0,0,0,34,0,0,0.0,0,0,0,0,dev,0.5,0,0,0,0.0,0,True,2,1,0,,,0,0,0,True,0,Google Trust Services,82,False,,,0.238
https://skyappcenter12.com,skyappcenter12.com,0,26,0,1,2,3.8366,0,1,0,0,0,0,0,0.0,0,0,0,0,com,0.15,1,0,0,0.0,0,True,2,1,0,108,Dynadot Inc,0,0,1,True,0,Google Trust Services,40,False,,,0.1217
https://www.classicfm.com/,www.classicfm.com,0,26,0,2,0,3.1751,1,1,0,0,1,0,0,0.0,0,0,0,0,com,0.15,1,0,0,0.0,0,True,1,0,0,11295,TLDS LLC. d/b/a SRSPlus,0,0,1,True,0,DigiCert Inc,121,False,,,0.1085
https://86541.s3.amazonaws.com/kec3saxb_8mic5yjafgqykp_92dich5wr.html,86541.s3.amazonaws.com,1,69,0,3,6,3.7544,2,1,0,0,39,0,2,0.0,0,0,0,0,com,0.15,1,0,0,0.0,0,True,24,0,0,7649,"MarkMonitor, Inc.",0,0,1,True,0,Amazon,101,False,,,0.1201
https://helptrezor-suite.wasmer.app/,helptrezor-suite.wasmer.app,1,36,1,2,0,3.8101,1,1,0,0,1,0,0,0.1667,2,0,2,0,app,0.35,1,0,0,0.0,0,True,1,1,0,,,0,0,0,True,0,Let's Encrypt,47,False,,,0.2479
http://mateladepormhub.phemayameltahub.site/topology-message-interface-memory-tuning-strict-throughput,mateladepormhub.phemayameltahub.site,1,102,0,2,0,3.7608,1,0,0,0,59,0,0,0.1667,1,0,1,0,site,0.7,1,0,0,0.0,0,True,1,0,1,,,0,0,0,False,0,,,,,,0.3519
http://web.whatsapp.nr.hl.cn/,web.whatsapp.nr.hl.cn,1,29,0,4,0,3.5352,3,0,0,0,1,0,0,0.1667,2,0,2,0,cn,0.5,0,0,0,0.0,0,True,1,0,0,149,成都垦派科技有限公司,0,0,1,True,0,Let's Encrypt,63,False,,,0.2874
https://bsu.by/search?q=team,bsu.by,0,28,0,1,0,2.2516,0,1,0,0,7,1,2,0.0833,1,0,1,0,by,0.5,0,0,0,0.0,0,True,1,0,1,,,0,0,0,False,0,,,,,,0.2284
https://loudwire.com,loudwire.com,0,20,0,1,0,3.4183,0,1,0,0,0,0,0,0.0,0,0,0,0,com,0.15,1,0,0,0.0,0,True,2,1,1,9091,"NameCheap, Inc.",0,0,1,True,0,Let's Encrypt,50,False,,,0.1134
https://aktifkann-danacicil4.gnn.my.id/,aktifkann-danacicil4.gnn.my.id,1,39,1,3,1,3.6281,2,1,0,0,1,0,0,0.1667,2,0,2,0,id,0.5,0,0,0,0.0,0,False,0,0,0,,,0,0,0,False,0,,,,,,0.2892
http://sp5ct-voril-biz8-furem-hanek.pages.dev/appeals/submit-appeal-form/return,sp5ct-voril-biz8-furem-hanek.pages.dev,1,79,4,2,2,4.4585,1,0,0,0,34,0,0,0.0,0,0,0,0,dev,0.5,0,0,0,0.0,0,True,2,1,0,,,0,0,0,True,0,Google Trust Services,83,False,,,0.2392
https://www.monotype.com/,www.monotype.com,0,25,0,2,0,3.1556,1,1,0,0,1,0,0,0.0,0,0,0,0,com,0.15,1,0,0,0.0,0,True,2,1,0,11948,"GoDaddy.com, LLC",0,0,1,True,0,Amazon,135,False,,,0.1081
https://crazypanda.ru/ru/,crazypanda.ru,0,25,0,1,0,3.1808,0,1,0,0,4,0,0,0.0,0,0,0,0,ru,0.5,0,0,0,0.0,0,True,1,0,1,,,0,0,0,True,0,GlobalSign nv-sa,138,False,,,0.2136
http://telmora-gld-fentela-r8t9dq33.pages.dev/appeals/submit-appeal-form/return,telmora-gld-fentela-r8t9dq33.pages.dev,1,79,3,2,4,4.1062,1,0,0,0,34,0,0,0.0,0,0,0,0,dev,0.5,0,0,0,0.0,0,True,2,1,0,,,0,0,0,True,0,Google Trust Services,82,False,,,0.2321
https://www.kicktipp.com/,www.kicktipp.com,0,25,0,2,0,3.0778,1,1,0,0,1,0,0,0.0,0,0,0,0,com,0.15,1,0,0,0.0,0,True,2,1,0,,,0,0,0,True,0,Let's Encrypt,60,False,,,0.1066
https://www.eska.pl/,www.eska.pl,0,20,0,2,0,2.8454,1,1,0,0,1,0,0,0.0,0,0,0,0,pl,0.5,0,0,0,0.0,0,True,3,1,0,9761,Supermedia sp. z o.o.,0,0,1,True,0,Google Trust Services,47,False,,,0.2069
https://rhdqloaxxgnp.top/cache/runtime/modules/core/8a73cd91ef25b641,rhdqloaxxgnp.top,1,68,0,1,0,3.625,0,1,0,0,44,0,0,0.0,0,0,0,0,top,0.9,1,0,0,0.0,0,False,0,0,0,,,0,0,0,False,0,,,,,,0.3425
https://audiomack.com,audiomack.com,0,21,0,1,0,3.0851,0,1,0,0,0,0,0,0.0,0,0,0,0,com,0.15,1,0,0,0.0,0,True,4,1,1,6010,GANDI SAS,0,0,1,True,0,Amazon,156,False,,,0.1067
http://yahoorogersverify.netlify.app/,yahoorogersverify.netlify.app,1,37,0,2,0,3.8573,1,0,0,0,1,0,0,0.0833,1,0,1,0,app,0.35,1,0,0,0.0,0,True,2,1,0,,,0,0,0,True,0,DigiCert Inc,234,False,,,0.2155
https://educacion.gob.ar/en-us/home,educacion.gob.ar,0,35,0,2,0,3.5,1,1,0,0,11,0,0,0.0833,1,0,1,0,ar,0.5,0,0,0,0.0,0,True,1,0,1,,,0,0,0,False,0,,,,,,0.2533
https://goaffpro.com,goaffpro.com,0,20,0,1,0,3.0221,0,1,0,0,0,0,0,0.0,0,0,0,0,com,0.15,1,0,0,0.0,0,True,3,1,1,,,0,0,0,True,0,Google Trust Services,67,False,,,0.1054
https://areait.lv,areait.lv,0,17,0,1,0,2.9477,0,1,0,0,0,0,0,0.0,0,0,0,0,lv,0.5,0,0,0,0.0,0,True,1,0,1,,,0,0,0,True,0,Let's Encrypt,76,False,,,0.209
https://www.meteoconsult.fr/,www.meteoconsult.fr,0,28,0,2,0,3.5766,1,1,0,0,1,0,0,0.0,0,0,0,0,fr,0.5,0,0,0,0.0,0,True,1,1,0,11283,NAMESHIELD,0,0,1,True,0,DigiCert Inc,72,False,,,0.2215
https://trivago.jp,trivago.jp,0,18,0,1,0,3.3219,0,1,0,0,0,0,0,0.0,0,0,0,0,jp,0.5,0,0,0,0.0,0,True,2,1,1,6821,,0,0,1,True,0,DigiCert Inc,183,False,,,0.2164
https://simple-server-page--kjsingh4.replit.app/forgotpassword.html/forgotpassword.html,simple-server-page--kjsingh4.replit.app,1,87,4,2,1,3.914,1,1,0,0,40,0,0,0.0833,1,0,1,0,app,0.35,1,0,0,0.0,0,True,1,0,0,,,0,0,0,True,0,Google Trust Services,71,False,,,0.2166
https://santander.com.mx/en-us/home,santander.com.mx,0,35,0,2,0,3.5,1,1,0,0,11,0,0,0.0,0,0,0,0,mx,0.5,0,0,0,0.0,0,True,2,0,1,9636,"AKKY ONLINE SOLUTIONS, S.A. DE C.V.",0,0,1,True,0,"DigiCert, Inc.",123,False,,,0.22
https://www.sharethrough.com/,www.sharethrough.com,0,29,0,2,0,3.5464,1,1,0,0,1,0,0,0.0,0,0,0,0,com,0.15,1,0,0,0.0,0,True,1,1,0,6427,"GoDaddy.com, LLC",0,0,1,True,0,Google Trust Services,78,False,,,0.1159
http://sp3ct-furnik-biz8-velqas-domar.pages.dev/appeals/submit-appeal-form/return,sp3ct-furnik-biz8-velqas-domar.pages.dev,1,81,4,2,2,4.4653,1,0,0,0,34,0,0,0.0,0,0,0,0,dev,0.5,0,0,0,0.0,0,True,2,1,0,,,0,0,0,True,0,Google Trust Services,82,False,,,0.2393
https://tekta.ru,tekta.ru,0,16,0,1,0,2.75,0,1,0,0,0,0,0,0.0,0,0,0,0,ru,0.5,0,0,0,0.0,0,True,3,0,1,2996,RU-CENTER-RU,0,0,1,True,0,GlobalSign nv-sa,20,False,,,0.205
https://contentsfeed.com,contentsfeed.com,0,24,0,1,0,3.2028,0,1,0,0,0,0,0,0.0,0,0,0,0,com,0.15,1,0,0,0.0,0,True,1,0,0,4501,Whois Corp.,0,0,1,False,0,,,,,,0.1091
https://trezor-bridge-learn.square.site/,trezor-bridge-learn.square.site,1,40,2,2,0,3.8181,1,1,0,0,1,0,0,0.1667,1,0,1,0,site,0.7,1,0,0,0.0,0,True,2,0,0,,,0,0,0,True,0,Let's Encrypt,67,False,,,0.353
http://exodus-help-wlt-chiky.wasmer.app/,exodus-help-wlt-chiky.wasmer.app,1,40,3,2,0,4.1792,1,0,0,0,1,0,0,0.0833,1,0,1,0,app,0.35,1,0,0,0.0,0,True,1,1,0,,,0,0,0,True,0,Let's Encrypt,47,False,,,0.2219
https://mixh.jp/support/contact,mixh.jp,0,31,0,1,0,2.8074,0,1,0,0,16,0,0,0.0,0,0,0,0,jp,0.5,0,0,0,0.0,0,True,1,0,1,2922,,0,0,1,False,0,,,,,,0.2061
https://www.standard.co.uk/,www.standard.co.uk,0,27,0,3,0,3.4194,2,1,0,0,1,0,0,0.0,0,0,0,0,uk,0.5,0,0,0,0.0,0,True,2,1,0,10953,Nom-IQ Limited t/a Com Laude [Tag = NOMIQ],0,0,1,True,0,Google Trust Services,86,False,,,0.2184
https://digicelgroup.com/products,digicelgroup.com,0,33,0,1,0,3.5,0,1,0,0,9,0,0,0.0,0,0,0,0,com,0.15,1,0,0,0.0,0,True,3,0,1,8225,Key-Systems GmbH,0,1,1,True,0,DigiCert Inc,87,False,,,0.115
https://hsbrowserreports.com/support/contact,hsbrowserreports.com,0,44,0,1,0,3.3464,0,1,0,0,16,0,0,0.0,0,0,0,0,com,0.15,1,0,0,0.0,0,False,0,0,0,1635,"MarkMonitor, Inc.",0,0,1,False,0,,,,,,0.1119
http://amazon-clone-weld-pi.vercel.app/,amazon-clone-weld-pi.vercel.app,1,39,3,2,0,3.8245,1,0,0,0,1,0,0,0.1667,2,0,2,0,app,0.35,1,0,0,0.0,0,True,2,0,0,,,0,0,0,True,0,Google Trust Services,60,False,,,0.2482
http://sp3ct-mavlor-biz8-forsik-zuden.pages.dev/appeals/submit-appeal-form/return,sp3ct-mavlor-biz8-forsik-zuden.pages.dev,1,81,4,2,2,4.4342,1,0,0,0,34,0,0,0.0,0,0,0,0,dev,0.5,0,0,0,0.0,0,True,2,1,0,,,0,0,0,True,0,Google Trust Services,82,False,,,0.2387
https://www.salesloft.com/,www.salesloft.com,0,26,0,2,0,3.3372,1,1,0,0,1,0,0,0.0,0,0,0,0,com,0.15,1,0,0,0.0,0,True,2,1,0,7554,"NameCheap, Inc.",0,0,1,True,0,Let's Encrypt,69,False,,,0.1117
https://www.ifm.com/,www.ifm.com,0,20,0,2,0,2.6635,1,1,0,0,1,0,0,0.0,0,0,0,0,com,0.15,1,0,0,0.0,0,True,1,1,0,11633,"COREhub, S.R.L.",0,0,1,True,0,DigiCert Inc,64,False,,,0.0983
https://lenta.com,lenta.com,0,17,0,1,0,3.1699,0,1,0,0,0,0,0,0.0,0,0,0,0,com,0.15,1,0,0,0.0,0,True,1,0,1,10451,"Regional Network Information Center, JSC dba RU-CENTER",0,0,1,True,0,GlobalSign nv-sa,128,False,,,0.1084
http://sp3ct-norsel-biz8-kavqor-fidam.pages.dev/appeals/submit-appeal-form/return,sp3ct-norsel-biz8-kavqor-fidam.pages.dev,1,81,4,2,2,4.4153,1,0,0,0,34,0,0,0.0833,1,0,1,0,dev,0.5,0,0,0,0.0,0,True,2,1,0,,,0,0,0,True,0,Google Trust Services,82,False,,,0.2716
https://lockerfort.xyz/,lockerfort.xyz,1,23,0,1,0,3.5216,0,1,0,0,1,0,0,0.0,0,0,0,0,xyz,0.94,1,0,0,0.0,0,False,0,0,0,,,0,0,0,False,0,,,,,,0.3524
http://www.quick-blue-tick.surge.sh/,www.quick-blue-tick.surge.sh,1,36,2,3,0,3.8693,2,0,0,0,1,0,0,0.0,0,0,0,0,sh,0.5,0,0,0,0.0,0,True,1,0,0,,,0,0,0,False,0,,,False,,,0.2274
https://yarnet.ru,yarnet.ru,0,17,0,1,0,2.9477,0,1,0,0,0,0,0,0.0,0,0,0,0,ru,0.5,0,0,0,0.0,0,True,1,1,1,,,0,0,0,True,0,Let's Encrypt,63,False,,,0.209
http://intelligent-fact-583157.framer.app/,intelligent-fact-583157.framer.app,1,42,2,2,6,4.1385,1,0,0,0,1,0,0,0.0833,1,0,1,0,app,0.35,1,0,0,0.0,0,True,2,0,0,,,0,0,0,True,0,Let's Encrypt,37,False,,,0.2211
https://www.vagalume.com.br/,www.vagalume.com.br,0,28,0,3,0,3.5369,2,1,0,0,1,0,0,0.0,0,0,0,0,br,0.5,0,0,0,0.0,0,True,8,0,0,,,0,0,0,True,0,Amazon,221,False,,,0.2207
https://ktla.com,ktla.com,0,16,0,1,0,3.0,0,1,0,0,0,0,0,0.0,0,0,0,0,com,0.15,1,0,0,0.0,0,True,4,0,1,,,0,0,0,True,0,Let's Encrypt,51,False,,,0.105
https://dmpxs.com/news/index.html,dmpxs.com,0,33,0,1,0,2.9477,0,1,0,0,16,0,0,0.0,0,0,0,0,com,0.15,1,0,0,0.0,0,False,0,0,1,5753,"Amazon Registrar, Inc.",0,0,1,False,0,,,,,,0.104
https://www.7shifts.com/,www.7shifts.com,0,24,0,2,1,3.3232,1,1,0,0,1,0,0,0.0,0,0,0,0,com,0.15,1,0,0,0.0,0,True,2,1,0,7633,"NameCheap, Inc.",0,0,1,True,0,Google Trust Services,38,False,,,0.1115
https://huzaifafarooqq.github.io/spotify-clone,huzaifafarooqq.github.io,1,46,0,2,0,3.5739,1,1,0,0,14,0,0,0.0,0,0,0,0,io,0.28,1,0,0,0.0,0,True,4,1,0,,,0,0,0,True,0,Let's Encrypt,36,False,,,0.1555
https://sams-sigma.com/app/login,sams-sigma.com,0,32,1,1,0,2.9852,0,1,0,0,10,0,0,0.0,0,0,0,0,com,0.15,1,0,0,0.0,0,True,2,1,0,4106,"NameCheap, Inc.",0,0,1,True,0,Google Trust Services,73,False,,,0.1047
https://yogendrayadav54321.github.io/clone/,yogendrayadav54321.github.io,1,43,0,2,5,4.209,1,1,0,0,7,0,0,0.0,0,0,0,0,io,0.28,1,0,0,0.0,0,True,4,1,0,,,0,0,0,True,0,Let's Encrypt,36,False,,,0.1682
https://kayknoche.github.io/HawkTest/,kayknoche.github.io,1,37,0,2,0,3.7216,1,1,0,0,10,0,0,0.0,0,0,0,0,io,0.28,1,0,0,0.0,0,True,4,1,0,,,0,0,0,True,0,Let's Encrypt,36,False,,,0.1584
https://near-place.com,near-place.com,0,22,1,1,0,3.3788,0,1,0,0,0,0,0,0.0,0,0,0,0,com,0.15,1,0,0,0.0,0,True,2,1,1,3706,"Cloudflare, Inc.",0,1,1,True,0,Google Trust Services,57,False,,,0.1126
https://insta-clone-smoky.vercel.app/auth/login,insta-clone-smoky.vercel.app,1,47,2,2,0,3.9947,1,1,0,0,11,0,0,0.0833,1,0,1,0,app,0.35,1,0,0,0.0,0,True,2,0,0,,,0,0,0,True,0,Google Trust Services,60,False,,,0.2182
http://blunp45-qvyrt204nhb-1c2f8d-qwp01.pages.dev/,blunp45-qvyrt204nhb-1c2f8d-qwp01.pages.dev,1,50,3,2,10,4.6421,1,0,0,0,1,0,0,0.0,0,0,0,0,dev,0.5,0,0,0,0.0,0,True,2,1,0,,,0,0,0,True,0,Google Trust Services,81,False,,,0.2428
http://www.smithandsmith.co.za/mezzlesolicitors/lawfirm.html,www.smithandsmith.co.za,1,60,0,3,0,3.5884,2,0,0,0,30,0,0,0.0,0,0,0,0,za,0.5,0,0,0,0.0,0,True,1,0,0,4633,ZSD,0,0,1,True,0,Let's Encrypt,42,False,,,0.2218
https://www.schemastore.org/,www.schemastore.org,0,28,0,2,0,3.4714,1,1,0,0,1,0,0,0.0,0,0,0,0,org,0.1,1,0,0,0.0,0,True,4,1,0,4454,CSL Computer Service Langenbach GmbH d/b/a joker.com,0,0,1,True,0,Let's Encrypt,31,False,,,0.0994
https://coindcx.com,coindcx.com,0,19,0,1,0,2.8454,0,1,0,0,0,0,0,0.25,1,1,0,0,com,0.15,1,0,0,0.0,0,True,2,1,1,3121,"GoDaddy.com, LLC",0,0,1,True,0,Let's Encrypt,40,False,,,0.2019
https://8freeporn.com,8freeporn.com,0,21,0,1,1,3.2389,0,1,0,0,0,0,0,0.0,0,0,0,0,com,0.15,1,0,0,0.0,0,True,3,1,1,2105,"NameSilo, LLC",0,1,1,True,0,Google Trust Services,86,False,,,0.1098
https://www.educacao.sp.gov.br/,www.educacao.sp.gov.br,0,31,0,4,0,3.6069,3,1,0,0,1,0,0,0.0833,1,0,1,0,br,0.5,0,0,0,0.0,0,True,8,1,0,11345,,0,0,1,True,0,"GoDaddy.com, Inc.",128,False,,,0.2555
http://mateladepormhub.phemayameltahub.site/tensor-nextgen-umbrella-simulate-schedule,mateladepormhub.phemayameltahub.site,1,85,0,2,0,3.7608,1,0,0,0,42,0,0,0.1667,1,0,1,0,site,0.7,1,0,0,0.0,0,True,1,0,1,,,0,0,0,False,0,,,,,,0.3519
http://small-desktop-233616.framer.app/,small-desktop-233616.framer.app,1,39,2,2,6,4.0668,1,0,0,0,1,0,0,0.0833,1,0,1,0,app,0.35,1,0,0,0.0,0,True,2,0,0,,,0,0,0,True,0,Let's Encrypt,37,False,,,0.2197
https://xelquna-gld-fentora-c5x2hk88.pages.dev/,xelquna-gld-fentora-c5x2hk88.pages.dev,1,47,3,2,4,4.4187,1,1,0,0,1,0,0,0.0,0,0,0,0,dev,0.5,0,0,0,0.0,0,True,2,1,0,,,0,0,0,True,0,Google Trust Services,83,False,,,0.2384
https://account-instagram.vercel.app/Acconts.html,account-instagram.vercel.app,1,49,1,2,0,3.9233,1,1,0,0,13,0,0,0.2333,1,0,1,1,app,0.35,1,0,0,0.0,0,True,2,0,0,,,0,0,0,True,0,Google Trust Services,60,False,,,0.2768
https://acessse.co/ped/,acessse.co,1,23,0,1,0,2.4464,0,1,0,0,5,0,0,0.0,0,0,0,0,co,0.3,1,0,0,0.0,0,True,2,1,0,60,Dynadot Inc,0,0,1,True,0,Let's Encrypt,88,False,,,0.1389
http://sp6ct-tremak-biz8-folvex-rindan.pages.dev/,sp6ct-tremak-biz8-folvex-rindan.pages.dev,1,49,4,2,2,4.4123,1,0,0,0,1,0,0,0.0,0,0,0,0,dev,0.5,0,0,0,0.0,0,True,2,1,0,,,0,0,0,True,0,Google Trust Services,83,False,,,0.2382
https://x-cdn-static.com,x-cdn-static.com,0,24,2,1,0,3.4528,0,1,0,0,0,0,0,0.0,0,0,0,0,com,0.15,1,0,0,0.0,0,True,2,0,0,1232,"GoDaddy.com, LLC",0,0,1,True,0,Sectigo Limited,83,False,,,0.1141
https://www.auanet.org/,www.auanet.org,0,23,0,2,0,3.182,1,1,0,0,1,0,0,0.0,0,0,0,0,org,0.1,1,0,0,0.0,0,True,1,0,0,10891,"Network Solutions, LLC",0,0,1,True,0,DigiCert Inc,73,False,,,0.0936
https://ex232x3rx.pages.dev/,ex232x3rx.pages.dev,1,28,0,2,4,3.4316,1,1,0,0,1,0,0,0.0,0,0,0,0,dev,0.5,0,0,0,0.0,0,True,2,1,0,,,0,0,0,True,0,Let's Encrypt,57,False,,,0.2186
https://mb-facebook.blogspot.com/,mb-facebook.blogspot.com,1,33,1,2,0,3.6531,1,1,0,0,1,0,0,0.0,0,0,0,0,com,0.15,1,0,0,0.0,0,True,2,1,0,,,0,0,0,True,0,Google Trust Services,55,False,,,0.1181
http://sp3ct-delvak-biz8-harqik-mured.pages.dev/appeals/submit-appeal-form/return,sp3ct-delvak-biz8-harqik-mured.pages.dev,1,81,4,2,2,4.3342,1,0,0,0,34,0,0,0.0,0,0,0,0,dev,0.5,0,0,0,0.0,0,True,2,1,0,,,0,0,0,True,0,Google Trust Services,82,False,,,0.2367
https://dravani-gld-belxora-r1m6fc97.pages.dev/appeals/submit-appeal-form/return/,dravani-gld-belxora-r1m6fc97.pages.dev,1,81,3,2,4,4.3264,1,1,0,0,35,0,0,0.0,0,0,0,0,dev,0.5,0,0,0,0.0,0,True,2,1,0,,,0,0,0,True,0,Google Trust Services,83,False,,,0.2365
http://sucursalespersonasvirtual.vercel.app/,sucursalespersonasvirtual.vercel.app,1,44,0,2,0,3.6179,1,0,0,0,1,0,0,0.0833,1,0,1,0,app,0.35,1,0,0,0.0,0,True,2,0,0,,,0,0,0,True,0,Google Trust Services,60,False,,,0.2107
https://www.poringa.net/,www.poringa.net,0,24,0,2,0,3.3232,1,1,0,0,1,0,0,0.0,0,0,0,0,net,0.22,1,0,0,0.0,0,True,2,0,0,7132,"Name.com, Inc.",0,0,1,True,0,Amazon,87,False,,,0.1325
https://my-manager-account.com/pricing/index.html,my-manager-account.com,0,49,2,1,0,3.5383,0,1,0,0,19,0,0,0.0,0,0,0,1,com,0.15,1,0,0,0.0,0,True,2,0,0,,,0,0,0,True,0,GlobalSign nv-sa,105,False,,,0.1158
http://facebook-logo.blogspot.com/,facebook-logo.blogspot.com,1,34,1,2,0,3.56,1,0,0,0,1,0,0,0.0,0,0,0,0,com,0.15,1,0,0,0.0,0,True,2,1,0,,,0,0,0,True,0,Google Trust Services,55,False,,,0.1162
http://fiploi20.cfd/,fiploi20.cfd,1,20,0,1,2,3.2516,0,0,0,0,1,0,0,0.0,0,0,0,0,cfd,0.5,0,0,0,0.0,0,True,1,0,0,238,Dynadot Inc,0,0,1,True,0,Let's Encrypt,16,False,,,0.215
https://conversionai.com,conversionai.com,0,24,0,1,0,3.3278,0,1,0,0,0,0,0,0.0,0,0,0,0,com,0.15,1,0,0,0.0,0,True,2,1,0,4919,"Cloudflare, Inc.",0,0,1,True,0,Google Trust Services,68,False,,,0.1116
https://www.meijer.com/,www.meijer.com,0,23,0,2,0,3.0391,1,1,0,0,1,0,0,0.0,0,0,0,0,com,0.15,1,0,0,0.0,0,True,1,0,0,11269,"GoDaddy Corporate Domains, LLC",0,0,1,True,0,DigiCert Inc,176,False,,,0.1058
https://garena.vercel.app/facebook.html/,garena.vercel.app,1,40,0,2,0,3.1751,1,1,0,0,15,0,0,0.0833,1,0,1,0,app,0.35,1,0,0,0.0,0,True,2,0,0,,,0,0,0,True,0,Google Trust Services,60,False,,,0.2018
http://sp3ct-felqor-biz8-zurnel-luhad.pages.dev/appeals/submit-appeal-form/return,sp3ct-felqor-biz8-zurnel-luhad.pages.dev,1,81,4,2,2,4.4031,1,0,0,0,34,0,0,0.0,0,0,0,0,dev,0.5,0,0,0,0.0,0,True,2,1,0,,,0,0,0,True,0,Google Trust Services,82,False,,,0.2381
http://uk-facebook.blogspot.com/,uk-facebook.blogspot.com,1,32,1,2,0,3.7679,1,0,0,0,1,0,0,0.0,0,0,0,0,com,0.15,1,0,0,0.0,0,True,2,1,0,,,0,0,0,True,0,Google Trust Services,55,False,,,0.1204
http://suite-app-trozrre-eng.typedream.app/,suite-app-trozrre-eng.typedream.app,1,43,3,2,0,3.7726,1,0,0,0,1,0,0,0.3333,3,0,4,0,app,0.35,1,0,0,0.0,0,True,2,0,0,,,0,0,0,True,0,Google Trust Services,88,False,,,0.3138
https://racklabs.com/products,racklabs.com,0,29,0,1,0,3.2516,0,1,0,0,9,0,0,0.0,0,0,0,0,com,0.15,1,0,0,0.0,0,True,1,0,1,,,0,0,0,False,0,,,,,,0.11
https://vinahentai.blog/,vinahentai.blog,0,24,0,1,0,3.5069,0,1,0,0,1,0,0,0.0,0,0,0,0,blog,0.5,0,0,0,0.0,0,True,2,1,0,26,"Porkbun, LLC",1,0,1,True,0,Google Trust Services,83,False,,,0.2201
https://verily.com,verily.com,0,18,0,1,0,3.3219,0,1,0,0,0,0,0,0.0,0,0,0,0,com,0.15,1,0,0,0.0,0,True,1,0,1,,,0,0,0,True,0,Let's Encrypt,56,False,,,0.1114
https://www.pingidentity.com/en.html,www.pingidentity.com,0,36,0,2,0,3.5464,1,1,0,0,8,0,0,0.0,0,0,0,0,com,0.15,1,0,0,0.0,0,True,2,1,0,8974,"Network Solutions, LLC",0,0,1,True,0,Let's Encrypt,38,False,,,0.1159
https://takbet.com,takbet.com,0,18,0,1,0,3.1219,0,1,0,0,0,0,0,0.0,0,0,0,0,com,0.15,1,0,0,0.0,0,True,1,0,1,5017,"GoDaddy.com, LLC",0,0,1,True,0,Google Trust Services,79,False,,,0.1074
https://uzbey.com/,uzbey.com,1,18,0,1,0,3.1699,0,1,0,0,1,0,0,0.0,0,0,0,0,com,0.15,1,0,0,0.0,0,True,2,1,0,284,"NameCheap, Inc.",0,0,1,True,0,Google Trust Services,41,False,,,0.1084
http://mateladepormhub.phemayameltahub.site/service-syntax-lambda-sign-security-feature,mateladepormhub.phemayameltahub.site,1,87,0,2,0,3.7608,1,0,0,0,44,0,0,0.1667,1,0,1,0,site,0.7,1,0,0,0.0,0,True,1,0,1,,,0,0,0,False,0,,,,,,0.3519
https://nadeko.net,nadeko.net,0,18,0,1,0,2.9219,0,1,0,0,0,0,0,0.0,0,0,0,0,net,0.22,1,0,0,0.0,0,True,1,1,1,,,0,0,0,True,0,Let's Encrypt,48,False,,,0.1244
https://optimizeadmetrics.com,optimizeadmetrics.com,0,29,0,1,0,3.5585,0,1,0,0,0,0,0,0.0,0,0,0,0,com,0.15,1,0,0,0.0,0,True,4,0,0,987,"Amazon Registrar, Inc.",0,0,1,True,0,Amazon,106,False,,,0.1162
http://rimee-web.github.io/Movie-Ui-page,rimee-web.github.io,1,40,1,2,0,3.5369,1,0,0,0,14,0,0,0.1667,2,0,2,0,io,0.28,1,0,0,0.0,0,True,4,1,0,,,0,0,0,True,0,Let's Encrypt,36,False,,,0.2214
https://imageshack.com,imageshack.com,0,22,0,1,0,3.3788,0,1,0,0,0,0,0,0.0,0,0,0,0,com,0.15,1,0,0,0.0,0,True,2,0,1,8751,"GoDaddy.com, LLC",0,0,1,True,0,"GoDaddy.com, Inc.",223,False,,,0.1126
https://adtarget.tech/api/v1/status,adtarget.tech,0,35,0,1,0,3.027,0,1,0,0,14,0,0,0.0,0,0,0,0,tech,0.5,0,0,0,0.0,0,False,0,0,0,,,0,0,0,False,0,,,,,,0.2105
http://xelquxa-gld-belzemi-c5p3dw92.pages.dev/appeals/submit-appeal-form/return,xelquxa-gld-belzemi-c5p3dw92.pages.dev,1,79,3,2,4,4.3039,1,0,0,0,34,0,0,0.0,0,0,0,0,dev,0.5,0,0,0,0.0,0,True,2,1,0,,,0,0,0,True,0,Google Trust Services,82,False,,,0.2361
http://telvora-gld-felmari-a5v1hp98.pages.dev/appeals/submit-appeal-form/return,telvora-gld-felmari-a5v1hp98.pages.dev,1,79,3,2,4,4.1883,1,0,0,0,34,0,0,0.0,0,0,0,0,dev,0.5,0,0,0,0.0,0,True,2,1,0,,,0,0,0,True,0,Google Trust Services,82,False,,,0.2338
http://endearing-souffle-daf0ae.netlify.app/,endearing-souffle-daf0ae.netlify.app,1,44,2,2,1,3.9376,1,0,0,0,1,0,0,0.0833,1,0,1,0,app,0.35,1,0,0,0.0,0,True,2,1,0,,,0,0,0,True,0,DigiCert Inc,234,False,,,0.2171
http://sp5ct-murex-biz8-sanvik-loreq.pages.dev/appeals/submit-appeal-form/return,sp5ct-murex-biz8-sanvik-loreq.pages.dev,1,80,4,2,2,4.4455,1,0,0,0,34,0,0,0.0,0,0,0,0,dev,0.5,0,0,0,0.0,0,True,2,1,0,,,0,0,0,True,0,Google Trust Services,83,False,,,0.2389
https://desktopcommander.app,desktopcommander.app,0,28,0,1,0,3.5842,0,1,0,0,0,0,0,0.0833,1,0,1,0,app,0.35,1,0,0,0.0,0,True,2,1,1,,,0,0,0,True,0,Google Trust Services,39,False,,,0.21
http://aumentocupo-transaccional.vercel.app/,aumentocupo-transaccional.vercel.app,1,44,1,2,0,3.8191,1,0,0,0,1,0,0,0.0833,1,0,1,0,app,0.35,1,0,0,0.0,0,True,2,0,0,,,0,0,0,True,0,Google Trust Services,60,False,,,0.2147
http://www.facebook-alpha.blogspot.com/,www.facebook-alpha.blogspot.com,1,39,1,3,0,3.8615,2,0,0,0,1,0,0,0.0,0,0,0,0,com,0.15,1,0,0,0.0,0,True,2,1,0,,,0,0,0,False,0,,,False,,,0.1222
https://o2tvseries4u.com,o2tvseries4u.com,0,24,0,1,2,3.625,0,1,0,0,0,0,0,0.0,0,0,0,0,com,0.15,1,0,0,0.0,0,True,2,1,0,426,"Name.com, Inc.",0,0,1,True,0,Google Trust Services,79,False,,,0.1175
https://www.dhnet.be/,www.dhnet.be,0,21,0,2,0,2.8554,1,1,0,0,1,0,0,0.0,0,0,0,0,be,0.5,0,0,0,0.0,0,True,2,1,0,9583,,0,0,1,True,0,Let's Encrypt,75,False,,,0.2071
https://www.g4educacao-google.vercel.app/,www.g4educacao-google.vercel.app,1,41,1,3,1,3.7335,2,1,0,0,1,0,0,0.0833,1,0,1,0,app,0.35,1,0,0,0.0,0,True,2,0,0,,,0,0,0,False,0,,,False,,,0.213
https://cn.kkmxxw.com/home/register?code=49438,cn.kkmxxw.com,1,46,0,2,0,2.9312,1,1,0,0,14,1,2,0.0,0,0,0,0,com,0.15,1,0,0,0.0,0,True,1,0,0,2437,"GoDaddy.com, LLC",0,0,1,True,0,Sectigo Limited,161,False,,,0.1036
https://www.facebook-ana.blogspot.com/,www.facebook-ana.blogspot.com,1,38,1,3,0,3.8278,2,1,0,0,1,0,0,0.0833,1,0,1,0,com,0.15,1,0,0,0.0,0,True,2,1,0,,,0,0,0,False,0,,,False,,,0.1549
https://www.1688.com/,www.1688.com,0,21,0,2,4,2.8554,1,1,0,0,1,0,0,0.0,0,0,0,0,com,0.15,1,0,0,0.0,0,True,2,0,0,10875,"Alibaba Cloud Computing (Beijing) Co., Ltd.",0,0,1,True,0,GlobalSign nv-sa,166,False,,,0.1021
http://fortcheack.top/,fortcheack.top,1,22,0,1,0,3.3788,0,0,0,0,1,0,0,0.0,0,0,0,0,top,0.9,1,0,0,0.0,0,False,0,0,0,89,Namecheap Inc.,0,1,1,False,0,,,,,,0.3376
http://sp3ct-melrik-biz8-korqas-huvon.pages.dev/appeals/submit-appeal-form/return,sp3ct-melrik-biz8-korqas-huvon.pages.dev,1,81,4,2,2,4.4842,1,0,0,0,34,0,0,0.0,0,0,0,0,dev,0.5,0,0,0,0.0,0,True,2,1,0,,,0,0,0,True,0,Google Trust Services,82,False,,,0.2397
http://sp5ct-lureq-biz8-sorem-kavin.pages.dev/appeals/submit-appeal-form/return,sp5ct-lureq-biz8-sorem-kavin.pages.dev,1,79,4,2,2,4.386,1,0,0,0,34,0,0,0.0,0,0,0,0,dev,0.5,0,0,0,0.0,0,True,2,1,0,,,0,0,0,True,0,Google Trust Services,83,False,,,0.2377
https://secure-static-page--andrewkhan89.replit.app/,secure-static-page--andrewkhan89.replit.app,1,52,4,2,2,4.0605,1,1,0,0,1,0,0,0.2333,1,0,1,1,app,0.35,1,0,0,0.0,0,True,1,0,0,,,0,0,0,True,0,Google Trust Services,71,False,,,0.2795
https://www.primicias.ec/,www.primicias.ec,0,25,0,2,0,3.1556,1,1,0,0,1,0,0,0.0,0,0,0,0,ec,0.5,0,0,0,0.0,0,True,4,1,0,3015,.ec DOMINIOS ECUADOR,0,0,1,True,0,Amazon,179,False,,,0.2131
https://tvrain.tv/,tvrain.tv,0,18,0,1,0,2.7255,0,1,0,0,1,0,0,0.0,0,0,0,0,tv,0.5,0,0,0,0.0,0,True,8,0,1,5948,"Cloudflare, Inc.",0,0,1,True,0,Google Trust Services,88,False,,,0.2045
https://www.rtl.fr/,www.rtl.fr,0,19,0,2,0,2.4464,1,1,0,0,1,0,0,0.0,0,0,0,0,fr,0.5,0,0,0,0.0,0,True,4,1,0,10701,GANDI,0,0,1,True,0,GlobalSign nv-sa,184,False,,,0.1989
https://reentrega-seur-es-2026.jdevcloud.com/seur2/msg.php,reentrega-seur-es-2026.jdevcloud.com,1,58,3,2,4,4.086,1,1,0,0,14,0,0,0.0833,1,0,1,0,com,0.15,1,0,0,0.0,0,True,1,1,0,,,0,0,0,False,0,,,,,,0.16
https://rtbunv.com,rtbunv.com,0,18,0,1,0,3.3219,0,1,0,0,0,0,0,0.0,0,0,0,0,com,0.15,1,0,0,0.0,0,False,0,0,0,903,"GoDaddy.com, LLC",0,0,1,False,0,,,,,,0.1114
http://ldogre-live.pages.dev/,ldogre-live.pages.dev,1,29,1,2,0,3.5352,1,0,0,0,1,0,0,0.0833,1,0,1,0,dev,0.5,0,0,0,0.0,0,True,2,1,0,,,0,0,0,True,0,Google Trust Services,32,False,,,0.254
https://webmail3039r03.edgeone.dev/index.html?eta=toron@71db0207c2b4061da061082e3a9218642a41.net,webmail3039r03.edgeone.dev,1,96,0,2,6,3.8403,1,1,0,1,11,1,3,0.0,0,0,0,0,dev,0.5,0,0,0,0.0,0,True,2,0,0,,,0,0,0,True,0,"DigiCert, Inc.",114,False,,,0.2268
https://sp6ct-forlan-biz8-zimrek-tolvak.pages.dev/,sp6ct-forlan-biz8-zimrek-tolvak.pages.dev,1,50,4,2,2,4.3939,1,1,0,0,1,0,0,0.0,0,0,0,0,dev,0.5,0,0,0,0.0,0,True,2,1,0,,,0,0,0,True,0,Google Trust Services,83,False,,,0.2379
http://zfnrw7agpxo-kdply18dfjn-5e2f9b-rqv81k.pages.dev/appeals/submit-appeal-form/return,zfnrw7agpxo-kdply18dfjn-5e2f9b-rqv81k.pages.dev,1,88,3,2,8,4.6658,1,0,0,0,34,0,0,0.0,0,0,0,0,dev,0.5,0,0,0,0.0,0,True,2,1,0,,,0,0,0,True,0,Google Trust Services,82,False,,,0.2433
http://calm-perspective-580819.framer.app/,calm-perspective-580819.framer.app,1,42,2,2,6,4.0431,1,0,0,0,1,0,0,0.0833,1,0,1,0,app,0.35,1,0,0,0.0,0,True,2,0,0,,,0,0,0,True,0,Let's Encrypt,37,False,,,0.2192
http://sp4ct-parlen-biz8-furex-kamor.pages.dev/,sp4ct-parlen-biz8-furex-kamor.pages.dev,1,47,4,2,2,4.4068,1,0,0,0,1,0,0,0.0,0,0,0,0,dev,0.5,0,0,0,0.0,0,True,2,1,0,,,0,0,0,True,0,Google Trust Services,83,False,,,0.2381
http://conversemy.today/h5/,conversemy.today,1,27,0,1,0,3.625,0,0,0,0,4,0,0,0.0,0,0,0,0,today,0.5,0,0,0,0.0,0,True,2,1,0,,,0,0,0,True,0,Google Trust Services,35,False,,,0.2225
https://www.roblox.com.bi/games/12355337193/Murderers-VS-Sheriffs-DUELS?privateServerLinkCode=51707266115616621391725081348948,www.roblox.com.bi,1,126,0,3,0,3.1307,2,1,0,0,46,1,2,0.0,0,0,0,0,bi,0.5,0,0,0,0.0,0,True,1,0,0,144,Afriregister1,0,0,1,True,0,Let's Encrypt,38,False,,,0.2126
https://costco.co.uk/about,costco.co.uk,0,26,0,2,0,2.6258,1,1,0,0,6,0,0,0.0,0,0,0,0,uk,0.5,0,0,0,0.0,0,True,1,0,1,10108,"CSC Corporate Domains, Inc [Tag = CSC-CORP-DOMAINS]",0,0,1,True,0,Google Trust Services,84,False,,,0.2025
https://facebooksecurepage.blogspot.com/?_fb_noscript=1,facebooksecurepage.blogspot.com,1,55,0,2,0,3.7811,1,1,0,0,1,1,4,0.0,0,0,0,0,com,0.15,1,0,0,0.0,0,True,2,1,0,,,0,0,0,True,0,Google Trust Services,55,False,,,0.1206
https://support-center-id2285.vercel.app/business,support-center-id2285.vercel.app,1,49,2,2,4,4.0389,1,1,0,0,9,0,0,0.2333,1,0,1,1,app,0.35,1,0,0,0.0,0,True,2,0,0,,,0,0,0,True,0,Google Trust Services,60,False,,,0.2791
https://fazebook-clone.vercel.app/marketplace,fazebook-clone.vercel.app,1,45,1,2,0,3.7337,1,1,0,0,12,0,0,0.0833,1,0,1,0,app,0.35,1,0,0,0.0,0,True,2,0,0,,,0,0,0,True,0,Google Trust Services,60,False,,,0.213
https://ecured.cu/support/contact,ecured.cu,0,33,0,1,0,2.5033,0,1,0,0,16,0,0,0.0,0,0,0,0,cu,0.5,0,0,0,0.0,0,True,1,0,1,,,0,0,0,False,0,,,False,,,0.2001
https://contextualadv.com/search?q=help,contextualadv.com,0,39,0,1,0,3.6169,0,1,0,0,7,1,2,0.0,0,0,0,0,com,0.15,1,0,0,0.0,0,False,0,0,0,2284,"GoDaddy.com, LLC",0,0,1,False,0,,,,,,0.1173
https://contentmarketinginstitute.com,contentmarketinginstitute.com,0,37,0,1,0,3.5125,0,1,0,0,0,0,0,0.0,0,0,0,0,com,0.15,1,0,0,0.0,0,True,2,1,1,,,0,0,0,True,0,Google Trust Services,80,False,,,0.1153
http://gemnini-login.gitbook.io/,gemnini-login.gitbook.io,1,32,1,2,0,3.2883,1,0,0,0,1,0,0,0.0,0,0,0,1,io,0.28,1,0,0,0.0,0,True,2,1,0,4502,"Cloudflare, Inc",0,0,1,True,0,Google Trust Services,79,False,,,0.1498
https://www.bootstrapcdn.com/,www.bootstrapcdn.com,0,29,0,2,0,3.5464,1,1,0,0,1,0,0,0.0,0,0,0,0,com,0.15,1,0,0,0.0,0,True,2,1,0,5176,"Amazon Registrar, Inc.",0,0,1,True,0,Google Trust Services,63,False,,,0.1159
https://www.vivobarefoot.com/rw/,www.vivobarefoot.com,0,32,0,2,0,3.4842,1,1,0,0,4,0,0,0.0,0,0,0,0,com,0.15,1,0,0,0.0,0,True,4,1,0,8308,123-Reg Limited,0,0,1,True,0,Let's Encrypt,83,False,,,0.1147
http://sp3ct-lorqik-biz8-vesdan-purem.pages.dev/,sp3ct-lorqik-biz8-vesdan-purem.pages.dev,1,48,4,2,2,4.3842,1,0,0,0,1,0,0,0.0,0,0,0,0,dev,0.5,0,0,0,0.0,0,True,2,1,0,,,0,0,0,True,0,Google Trust Services,81,False,,,0.2377
https://mailmunch.co/blog/news,mailmunch.co,0,30,0,1,0,3.2516,0,1,0,0,10,0,0,0.0,0,0,0,0,co,0.3,1,0,0,0.0,0,True,1,0,1,4462,"NameCheap, Inc.",0,0,1,False,0,,,,,,0.155
http://glittery-puffpuff-827171.netlify.app/,glittery-puffpuff-827171.netlify.app,1,44,2,2,6,3.9931,1,0,0,0,1,0,0,0.0833,1,0,1,0,app,0.35,1,0,0,0.0,0,True,2,1,0,,,0,0,0,True,0,DigiCert Inc,234,False,,,0.2182
https://bikerscolombia.com/login/,bikerscolombia.com,0,33,0,1,0,3.4613,0,1,0,0,7,0,0,0.0,0,0,0,0,com,0.15,1,0,0,0.0,0,True,1,0,0,1946,GANDI SAS,0,0,1,True,0,Let's Encrypt,74,False,,,0.1142
https://netlifyglobalcdn.com,netlifyglobalcdn.com,0,28,0,1,0,3.7842,0,1,0,0,0,0,0,0.0,0,0,0,0,com,0.15,1,0,0,0.0,0,True,2,0,0,3645,"Name.com, Inc.",0,0,1,True,0,DigiCert Inc,192,False,,,0.1207
https://txt-transactions-esl.top/,txt-transactions-esl.top,1,33,2,1,0,3.5698,0,1,0,0,1,0,0,0.1667,2,0,2,0,top,0.9,1,0,0,0.0,0,False,0,0,0,,,0,0,0,False,0,,,,,,0.4081
https://zhangle.com/news/index.html,zhangle.com,0,35,0,1,0,3.4594,0,1,0,0,16,0,0,0.0,0,0,0,0,com,0.15,1,0,0,0.0,0,True,3,0,1,,,0,0,0,False,0,,,,,,0.1142
https://vialotadom.com,vialotadom.com,0,22,0,1,0,3.182,0,1,0,0,0,0,0,0.0,0,0,0,0,com,0.15,1,0,0,0.0,0,True,1,0,0,739,URL SOLUTIONS INC.,0,1,1,True,0,Let's Encrypt,42,False,,,0.1086
https://toto12wind.com,toto12wind.com,0,22,0,1,2,3.3249,0,1,0,0,0,0,0,0.0,0,0,0,0,com,0.15,1,0,0,0.0,0,True,2,1,0,35,"NameCheap, Inc.",0,0,1,True,0,Google Trust Services,66,False,,,0.1115
https://ck.page,ck.page,0,15,0,1,0,2.8074,0,1,0,0,0,0,0,0.0,0,0,0,0,page,0.5,0,0,0,0.0,0,True,2,1,0,,,0,0,0,True,0,Google Trust Services,48,False,,,0.2061
https://collider.com,collider.com,0,20,0,1,0,3.085,0,1,0,0,0,0,0,0.0,0,0,0,0,com,0.15,1,0,0,0.0,0,True,1,0,1,10407,"GoDaddy.com, LLC",0,0,1,True,0,Let's Encrypt,72,False,,,0.1067
https://wjrsk51xkv-mzgql85bnt-4d2c0f-yfh27p.pages.dev/welcome_aboard?welcome=1000045790640960&token248=1000045790640960&name_token136=Richmond%20Jazz%20and%20Music%20Festival,wjrsk51xkv-mzgql85bnt-4d2c0f-yfh27p.pages.dev,1,174,3,2,9,4.8973,1,1,0,0,15,3,12,0.0,0,0,0,0,dev,0.5,0,0,0,0.0,0,True,2,1,0,,,0,0,0,True,0,Google Trust Services,86,False,,,0.2479
http://wallet-usd.netlify.app/,wallet-usd.netlify.app,1,30,1,2,0,3.7888,1,0,0,0,1,0,0,0.25,2,0,3,0,app,0.35,1,0,0,0.0,0,True,2,1,0,,,0,0,0,True,0,DigiCert Inc,234,False,,,0.2808
https://harshsaini628000-cell.github.io/amazon_clone/,harshsaini628000-cell.github.io,1,53,1,2,6,4.1313,1,1,0,0,14,0,1,0.0,0,0,0,0,io,0.28,1,0,0,0.0,0,True,4,1,0,,,0,0,0,True,0,Let's Encrypt,36,False,,,0.1666
http://zippy-gingersnap-1a2527.netlify.app/,zippy-gingersnap-1a2527.netlify.app,1,43,2,2,5,4.0472,1,0,0,0,1,0,0,0.0833,1,0,1,0,app,0.35,1,0,0,0.0,0,True,2,1,0,,,0,0,0,True,0,DigiCert Inc,234,False,,,0.2193
https://onlinharshmadia.com,onlinharshmadia.com,0,27,0,1,0,3.4714,0,1,0,0,0,0,0,0.0,0,0,0,0,com,0.15,1,0,0,0.0,0,True,2,0,0,1138,"GoDaddy.com, LLC",0,0,1,True,0,Let's Encrypt,71,False,,,0.1144
https://www.romatoday.it/,www.romatoday.it,0,25,0,2,0,3.2028,1,1,0,0,1,0,0,0.0,0,0,0,0,it,0.5,0,0,0,0.0,0,True,5,0,0,6480,SupportHost OÜ,0,0,1,True,0,Let's Encrypt,65,False,,,0.2141
http://www.update-info-clients.com/home/nkl-log.php,www.update-info-clients.com,1,51,2,2,0,3.9862,1,0,0,0,17,0,0,0.2333,1,0,1,1,com,0.15,1,0,0,0.0,0,True,1,0,0,10,"Wild West Domains, LLC",1,0,1,False,0,,,,,,0.218
https://cj.com/blog/team,cj.com,0,24,0,1,0,2.2516,0,1,0,0,10,0,0,0.0,0,0,0,0,com,0.15,1,0,0,0.0,0,True,1,0,1,10015,"MarkMonitor, Inc.",0,0,1,False,0,,,,,,0.09
https://www.google.com/,www.google.com,0,23,0,2,0,2.8424,1,1,0,0,1,0,0,0.0,0,0,0,0,com,0.15,1,0,0,0.0,0,True,8,1,0,10543,"MarkMonitor, Inc.",0,0,1,True,0,Google Trust Services,55,False,,,0.1018
https://myglobalgames.com/signup/index.html,myglobalgames.com,0,43,0,1,0,3.3372,0,1,0,0,18,0,0,0.0,0,0,0,0,com,0.15,1,0,0,0.0,0,True,1,1,1,303,"GoDaddy.com, LLC",0,0,1,False,0,,,,,,0.1117
http://xelquna-gld-belxora-a9x8hc24.pages.dev/appeals/submit-appeal-form/return,xelquna-gld-belxora-a9x8hc24.pages.dev,1,79,3,2,4,4.2936,1,0,0,0,34,0,0,0.0,0,0,0,0,dev,0.5,0,0,0,0.0,0,True,2,1,0,,,0,0,0,True,0,Google Trust Services,83,False,,,0.2359
https://www.americatv.com.pe/,www.americatv.com.pe,0,29,0,3,0,3.4464,2,1,0,0,1,0,0,0.0,0,0,0,0,pe,0.5,0,0,0,0.0,0,True,2,1,0,,NIC.PE,0,0,1,True,0,Google Trust Services,60,False,,,0.2189
https://spicychat.ai,spicychat.ai,0,20,0,1,0,3.085,0,1,0,0,0,0,0,0.0,0,0,0,0,ai,0.5,0,0,0,0.0,0,True,3,1,1,1183,"Cloudflare, Inc",0,0,1,True,0,Google Trust Services,81,False,,,0.2117
https://www.ilmeteo.it/,www.ilmeteo.it,0,23,0,2,0,2.8963,1,1,0,0,1,0,0,0.0,0,0,0,0,it,0.5,0,0,0,0.0,0,True,2,1,0,9373,Nohup S.r.l.,0,0,1,True,0,Sectigo Limited,233,False,,,0.2079
https://livestrong.org/?utm_source=dotcom&utm_medium=referral,livestrong.org,0,61,0,1,0,3.3788,0,1,0,0,1,2,6,0.0,0,0,0,0,org,0.1,1,0,0,0.0,0,True,1,1,1,8630,"GoDaddy.com, LLC",0,0,1,True,0,Let's Encrypt,51,False,,,0.0976
https://worldstarhiphop.com/videos/,worldstarhiphop.com,0,35,0,1,0,3.6819,0,1,0,0,8,0,0,0.0,0,0,0,0,com,0.15,1,0,0,0.0,0,True,4,0,1,7657,"Amazon Registrar, Inc.",0,0,1,True,0,Let's Encrypt,52,False,,,0.1186
https://mobilevikings.be/nl/,mobilevikings.be,0,28,0,1,0,3.4528,0,1,0,0,4,0,0,0.0,0,0,0,0,be,0.5,0,0,0,0.0,0,True,4,0,1,6447,,0,0,1,True,0,Amazon,224,False,,,0.2191
http://cx761972.tw1.ru/CA-webmail,cx761972.tw1.ru,1,33,0,2,7,3.5069,1,0,0,0,11,0,0,0.0,0,0,0,0,ru,0.5,0,0,0,0.0,0,True,1,0,1,,,0,0,0,True,0,GlobalSign nv-sa,232,False,,,0.2201
https://ajronline.org,ajronline.org,0,21,0,1,0,3.2389,0,1,0,0,0,0,0,0.0,0,0,0,0,org,0.1,1,0,0,0.0,0,True,2,1,0,9736,"NameCheap, Inc.",0,0,1,True,0,Google Trust Services,80,False,,,0.0948
https://safedog.cn,safedog.cn,0,18,0,1,0,3.3219,0,1,0,0,0,0,0,0.0,0,0,0,0,cn,0.5,0,0,0,0.0,0,True,1,0,1,5803,阿里云计算有限公司（万网）,0,0,1,True,0,GlobalSign nv-sa,123,False,,,0.2164
https://grailed.com,grailed.com,0,19,0,1,0,3.4594,0,1,0,0,0,0,0,0.0,0,0,0,0,com,0.15,1,0,0,0.0,0,True,2,0,1,4611,"GoDaddy.com, LLC",0,0,1,True,0,Let's Encrypt,89,False,,,0.1142
https://web-web-embed-iframe-test-harness-uniswap.vercel.app/explore/tokens/robinhood/0x5fc5360D0400a0Fd4f2af552ADD042D716F1d168?chain=multichain,web-web-embed-iframe-test-harness-uniswap.vercel.app,1,145,6,2,0,3.9878,1,1,0,0,68,1,2,0.4167,3,0,5,0,app,0.35,1,0,0,0.0,0,True,2,0,0,,,0,0,0,True,0,Google Trust Services,60,False,,,0.3514
http://passes-barrier-workshops-feelings.trycloudflare.com/,passes-barrier-workshops-feelings.trycloudflare.com,1,59,3,2,0,4.2039,1,0,0,0,1,0,0,0.0,0,0,0,0,com,0.15,1,0,0,0.0,0,False,0,0,0,,,0,0,0,False,0,,,,,,0.1291
https://sberhealth.ru,sberhealth.ru,0,21,0,1,0,3.2389,0,1,0,0,0,0,0,0.0833,1,0,1,0,ru,0.5,0,0,0,0.0,0,True,1,0,1,2782,RU-CENTER-RU,0,0,1,True,0,GlobalSign nv-sa,88,False,,,0.2481
https://sayhentai.cx/docs/index.html,sayhentai.cx,0,36,0,1,0,3.4183,0,1,0,0,16,0,0,0.0,0,0,0,0,cx,0.5,0,0,0,0.0,0,True,3,1,0,49,CentralNic Ltd,0,0,1,True,0,Google Trust Services,40,False,,,0.2184
https://ynvcxcv.vercel.app/,ynvcxcv.vercel.app,1,27,0,2,0,3.3083,1,1,0,0,1,0,0,0.0833,1,0,1,0,app,0.35,1,0,0,0.0,0,True,2,0,0,,,0,0,0,True,0,Google Trust Services,60,False,,,0.2045
https://ultahost.com,ultahost.com,0,20,0,1,0,3.2516,0,1,0,0,0,0,0,0.0,0,0,0,0,com,0.15,1,0,0,0.0,0,True,3,1,1,2698,"ENOM, INC.",0,1,1,True,0,Google Trust Services,82,False,,,0.11
http://sp5ct-gonik-biz8-rulex-panor.pages.dev/,sp5ct-gonik-biz8-rulex-panor.pages.dev,1,46,4,2,2,4.3661,1,0,0,0,1,0,0,0.0,0,0,0,0,dev,0.5,0,0,0,0.0,0,True,2,1,0,,,0,0,0,True,0,Google Trust Services,83,False,,,0.2373
http://instagram-login.hashnode.dev/,instagram-login.hashnode.dev,1,36,1,2,0,3.8963,1,0,0,0,1,0,0,0.0,0,0,0,1,dev,0.5,0,0,0,0.0,0,True,3,1,0,,,0,0,0,True,0,Google Trust Services,84,False,,,0.2279
https://go-parts.com,go-parts.com,0,20,1,1,0,3.4183,0,1,0,0,0,0,0,0.0833,1,0,1,0,com,0.15,1,0,0,0.0,0,True,2,1,1,8293,Internet Domain Service BS Corp.,0,1,1,True,0,Let's Encrypt,71,False,,,0.1467
https://hotmart.com/en,hotmart.com,0,22,0,1,0,2.914,0,1,0,0,3,0,0,0.0,0,0,0,0,com,0.15,1,0,0,0.0,0,True,4,0,1,7463,"MarkMonitor, Inc.",0,0,1,True,0,Amazon,66,False,,,0.1033
https://www.ed.nl/,www.ed.nl,0,18,0,2,0,2.4194,1,1,0,0,1,0,0,0.0,0,0,0,0,nl,0.5,0,0,0,0.0,0,True,4,1,0,10739,Registrar.eu,0,0,1,True,0,DigiCert Inc,65,False,,,0.1984
https://awsdns-cn-12.net/search?q=pricing,awsdns-cn-12.net,0,41,2,1,2,3.4528,0,1,0,0,7,1,2,0.0,0,0,0,0,net,0.22,1,0,0,0.0,0,False,0,0,0,3085,"eName Technology Co., Ltd.",0,0,1,False,0,,,,,,0.1351
https://thewordfinder.com,thewordfinder.com,0,25,0,1,0,3.6169,0,1,0,0,0,0,0,0.0,0,0,0,0,com,0.15,1,0,0,0.0,0,True,3,1,1,7372,"GoDaddy.com, LLC",0,0,1,True,0,Google Trust Services,88,False,,,0.1173
http://metaaii-memetamusk-log-in.godaddysites.com/,metaaii-memetamusk-log-in.godaddysites.com,1,50,3,2,0,3.8832,1,0,0,0,1,0,0,0.0,0,0,0,0,com,0.15,1,0,0,0.0,0,True,2,0,0,4634,"GoDaddy.com, LLC",0,0,1,True,0,GoDaddy.com,165,False,,,0.1227
https://ex-xodusw--eb.pages.dev/,ex-xodusw--eb.pages.dev,1,32,3,2,0,3.6212,1,1,0,0,1,0,0,0.0,0,0,0,0,dev,0.5,0,0,0,0.0,0,True,2,1,0,,,0,0,0,True,0,Google Trust Services,50,False,,,0.2224
https://joycityglobal.com/about,joycityglobal.com,0,31,0,1,0,3.4548,0,1,0,0,6,0,0,0.0,0,0,0,0,com,0.15,1,0,0,0.0,0,True,1,0,0,3574,"Amazon Registrar, Inc.",0,0,1,False,0,,,,,,0.1141
http://www.instagramlogin77.blogspot.com/,www.instagramlogin77.blogspot.com,1,41,0,3,2,3.8849,2,0,0,0,1,0,0,0.0,0,0,0,0,com,0.15,1,0,0,0.0,0,True,2,1,0,,,0,0,0,False,0,,,False,,,0.1227
http://sp3ct-havqik-biz8-polren-mudem.pages.dev/appeals/submit-appeal-form/return,sp3ct-havqik-biz8-polren-mudem.pages.dev,1,81,4,2,2,4.4531,1,0,0,0,34,0,0,0.0,0,0,0,0,dev,0.5,0,0,0,0.0,0,True,2,1,0,,,0,0,0,True,0,Google Trust Services,82,False,,,0.2391
http://sp3ct-farnik-biz8-zelqas-murad.pages.dev/appeals/submit-appeal-form/return,sp3ct-farnik-biz8-zelqas-murad.pages.dev,1,81,4,2,2,4.3842,1,0,0,0,34,0,0,0.0,0,0,0,0,dev,0.5,0,0,0,0.0,0,True,2,1,0,,,0,0,0,True,0,Google Trust Services,82,False,,,0.2377
https://www.lisa238.com/,www.lisa238.com,1,24,0,2,3,3.4566,1,1,0,0,1,0,0,0.0,0,0,0,0,com,0.15,1,0,0,0.0,0,True,1,0,0,,,0,0,0,True,0,Let's Encrypt,43,False,,,0.1141
https://user.well.com/html/engaged/login.html,user.well.com,0,45,0,2,0,3.2389,1,1,0,0,24,0,0,0.0,0,0,0,0,com,0.15,1,0,0,0.0,0,True,1,0,1,12236,"ENOM, INC.",0,1,1,True,0,Let's Encrypt,58,False,,,0.1098
https://javascript-amazon-project-main-blond.vercel.app/index.html,javascript-amazon-project-main-blond.vercel.app,1,66,4,2,0,4.0805,1,1,0,0,11,0,0,0.1667,2,0,2,0,app,0.35,1,0,0,0.0,0,True,2,0,0,,,0,0,0,True,0,Google Trust Services,60,False,,,0.2533
https://www.cambly.com/english?lang=en,www.cambly.com,0,38,0,2,0,3.0391,1,1,0,0,8,1,2,0.0,0,0,0,0,com,0.15,1,0,0,0.0,0,True,2,0,0,,,0,0,0,True,0,Google Trust Services,89,False,,,0.1058
https://fwdcdn.net/en-us/home,fwdcdn.net,0,29,0,1,0,2.9219,0,1,0,0,11,0,0,0.0,0,0,0,0,net,0.22,1,0,0,0.0,0,False,0,0,1,4719,"GoDaddy.com, LLC",0,0,1,False,0,,,,,,0.1244
https://kuccps.net,kuccps.net,0,18,0,1,0,3.1219,0,1,0,0,0,0,0,0.0,0,0,0,0,net,0.22,1,0,0,0.0,0,True,1,0,1,4290,"NameCheap, Inc.",0,0,1,True,0,Sectigo Limited,143,False,,,0.1284
https://vimpelcom.ru/api/v1/status,vimpelcom.ru,0,34,0,1,0,3.4183,0,1,0,0,14,0,0,0.0,0,0,0,0,ru,0.5,0,0,0,0.0,0,False,0,0,1,,,0,0,0,False,0,,,,,,0.2184
https://www.mytheresa.com,www.mytheresa.com,0,25,0,2,0,3.4548,1,1,0,0,0,0,0,0.0,0,0,0,0,com,0.15,1,0,0,0.0,0,True,1,1,0,7594,"Amazon Registrar, Inc.",0,0,1,True,0,DigiCert Inc,167,False,,,0.1141
https://leadger-live-desktop-nife.pages.dev/,leadger-live-desktop-nife.pages.dev,1,44,3,2,0,3.839,1,1,0,0,1,0,0,0.1667,1,0,2,0,dev,0.5,0,0,0,0.0,0,True,2,1,0,,,0,0,0,True,0,Google Trust Services,49,False,,,0.2935
https://www.365protectedhub.com/AccountSelectionPage/c?c=a07d781d-f721-4e0a-af6e-e296c891fb5b-fc27ee0d-d8ec-479a-a58e-c436d6a0c646,www.365protectedhub.com,1,130,0,2,3,3.882,1,1,0,0,23,1,2,0.0,0,0,0,0,com,0.15,1,0,0,0.0,0,True,3,1,0,,,0,0,0,True,0,DigiCert Inc,123,False,,,0.1226
https://9085443.s3.amazonaws.com/xg_hi7_8cz9zmdhrozv_gfwuknnmarg2l6d2z_7rkp.html,9085443.s3.amazonaws.com,1,80,0,3,8,3.7721,2,1,0,0,48,0,4,0.0,0,0,0,0,com,0.15,1,0,0,0.0,0,True,24,0,0,7649,"MarkMonitor, Inc.",0,0,1,True,0,Amazon,101,False,,,0.1204
http://sp3ct-porqas-biz8-delnik-fuvem.pages.dev/appeals/submit-appeal-form/return,sp3ct-porqas-biz8-delnik-fuvem.pages.dev,1,81,4,2,2,4.4342,1,0,0,0,34,0,0,0.25,1,1,0,0,dev,0.5,0,0,0,0.0,0,True,2,1,0,,,0,0,0,True,0,Google Trust Services,82,False,,,0.3387
https://57365u.net/,57365u.net,1,19,0,1,5,3.1219,0,1,0,0,1,0,0,0.0,0,0,0,0,net,0.22,1,0,0,0.0,0,True,1,0,0,2671,"Name.com, Inc.",0,0,1,False,0,,,False,,,0.1284
https://nav.no/account/settings,nav.no,0,31,0,1,0,2.2516,0,1,0,0,17,0,0,0.0,0,0,0,0,no,0.5,0,0,0,0.0,0,True,1,1,1,9752,,0,0,1,False,0,,,,,,0.195
https://atwebpages.com,atwebpages.com,0,22,0,1,0,3.5216,0,1,0,0,0,0,0,0.0,0,0,0,0,com,0.15,1,0,0,0.0,0,True,1,0,1,,,0,0,0,True,0,Let's Encrypt,74,False,,,0.1154
http://roblox.iconce.com/muncraptzy,roblox.iconce.com,1,35,0,2,0,3.2195,1,0,0,0,11,0,0,0.0,0,0,0,0,com,0.15,1,0,0,0.0,0,True,2,0,0,,,0,0,0,True,0,Let's Encrypt,46,False,,,0.1094
https://letsencrypt.org,letsencrypt.org,0,23,0,1,0,3.5069,0,1,0,0,0,0,0,0.0,0,0,0,0,org,0.1,1,0,0,0.0,0,True,2,1,1,4403,"Cloudflare, Inc.",0,0,1,True,0,Let's Encrypt,68,False,,,0.1001
http://x55x.xyz/,x55x.xyz,1,16,0,1,2,2.1556,0,0,0,0,1,0,0,0.0,0,0,0,0,xyz,0.94,1,0,0,0.0,0,False,0,0,0,359,Gname.com Pte. Ltd.,0,1,1,False,0,,,,,,0.3251
https://si.team-tq.com/p/fhtb-mrgw/nwjrmgwv/,si.team-tq.com,1,44,1,2,0,3.3788,1,1,0,0,22,0,0,0.0,0,0,0,0,com,0.15,1,0,0,0.0,0,True,2,1,0,6,PDR Ltd. d/b/a PublicDomainRegistry.com,1,0,1,True,0,Google Trust Services,83,False,,,0.1126
https://ceoworld.biz,ceoworld.biz,0,20,0,1,0,3.4183,0,1,0,0,0,0,0,0.1667,2,0,2,0,biz,0.5,1,0,0,0.0,0,True,2,1,1,6943,"GoDaddy.com, LLC",0,0,1,True,0,Google Trust Services,83,False,,,0.285
https://thesova.click/blog/team,thesova.click,0,31,0,1,0,3.5466,0,1,0,0,10,0,0,0.0,0,0,0,0,click,0.88,1,0,0,0.0,0,False,0,0,0,373,"TUCOWS.COM, CO.",0,1,1,False,0,,,,,,0.3349
https://rant.li,rant.li,0,15,0,1,0,2.8074,0,1,0,0,0,0,0,0.0,0,0,0,0,li,0.5,0,0,0,0.0,0,True,2,1,1,,,0,0,0,True,0,Google Trust Services,52,False,,,0.2061
https://calldorado-api.com/api/v1/status,calldorado-api.com,0,40,1,1,0,3.3083,0,1,0,0,14,0,0,0.3333,3,0,3,0,com,0.15,1,0,0,0.0,0,False,0,0,0,1643,"Amazon Registrar, Inc.",0,0,1,False,0,,,,,,0.2445
https://www.kaufda.de/,www.kaufda.de,0,22,0,2,0,2.8731,1,1,0,0,1,0,0,0.0,0,0,0,0,de,0.5,0,0,0,0.0,0,True,2,0,0,,,0,0,0,True,0,Amazon,191,False,,,0.2075
https://www.billtrust.com/,www.billtrust.com,0,26,0,2,0,3.4548,1,1,0,0,1,0,0,0.0,0,0,0,0,com,0.15,1,0,0,0.0,0,True,2,0,0,8716,"GoDaddy.com, LLC",0,0,1,True,0,Google Trust Services,32,False,,,0.1141
http://sp5ct-vorak-biz8-lemix-purev.pages.dev/appeals/submit-appeal-form/return,sp5ct-vorak-biz8-lemix-purev.pages.dev,1,79,4,2,2,4.3135,1,0,0,0,34,0,0,0.0833,1,0,1,0,dev,0.5,0,0,0,0.0,0,True,2,1,0,,,0,0,0,True,0,Google Trust Services,83,False,,,0.2696
https://www.netacad.com/,www.netacad.com,0,24,0,2,0,3.1899,1,1,0,0,1,0,0,0.0,0,0,0,0,com,0.15,1,0,0,0.0,0,True,8,1,0,10094,"MarkMonitor, Inc.",0,0,1,True,0,Amazon,163,False,,,0.1088
https://layanan-shopee-8.blogspot.com/,layanan-shopee-8.blogspot.com,1,38,2,2,1,3.9354,1,1,0,0,1,0,0,0.0,0,0,0,0,com,0.15,1,0,0,0.0,0,True,2,1,0,,,0,0,0,True,0,Google Trust Services,55,False,,,0.1237
http://sp29ct-folqer-biz-hensik-martok.pages.dev/,sp29ct-folqer-biz-hensik-martok.pages.dev,1,49,4,2,2,4.4611,1,0,0,0,1,0,0,0.1667,2,0,2,0,dev,0.5,0,0,0,0.0,0,True,2,1,0,,,0,0,0,True,0,Google Trust Services,81,False,,,0.3059
http://sp3ct-basqor-biz8-kelvik-luned.pages.dev/appeals/submit-appeal-form/return,sp3ct-basqor-biz8-kelvik-luned.pages.dev,1,81,4,2,2,4.3531,1,0,0,0,34,0,0,0.0,0,0,0,0,dev,0.5,0,0,0,0.0,0,True,2,1,0,,,0,0,0,True,0,Google Trust Services,82,False,,,0.2371
https://awsdns-55.net/search?q=help,awsdns-55.net,0,35,1,1,2,3.2389,0,1,0,0,7,1,2,0.0,0,0,0,0,net,0.22,1,0,0,0.0,0,False,0,0,0,5758,MarkMonitor Inc.,0,0,1,False,0,,,,,,0.1308
https://razzsuman.com/support/contact,razzsuman.com,0,37,0,1,0,3.2389,0,1,0,0,16,0,0,0.0,0,0,0,0,com,0.15,1,0,0,0.0,0,True,2,1,1,174,"HOSTINGER operations, UAB",0,0,1,False,0,,,,,,0.1098
http://sp6ct-golvek-biz8-tarsik-minvor.pages.dev/appeals/submit-appeal-form/return,sp6ct-golvek-biz8-tarsik-minvor.pages.dev,1,82,4,2,2,4.3083,1,0,0,0,34,0,0,0.0,0,0,0,0,dev,0.5,0,0,0,0.0,0,True,2,1,0,,,0,0,0,True,0,Google Trust Services,83,False,,,0.2362
https://www.ordergroove.com/,www.ordergroove.com,0,28,0,2,0,3.1158,1,1,0,0,1,0,0,0.0,0,0,0,0,com,0.15,1,0,0,0.0,0,True,2,0,0,6696,"GoDaddy.com, LLC",0,0,1,True,0,Let's Encrypt,56,False,,,0.1073
https://sp5ct-jarek-biz8-furem-sonil.pages.dev/,sp5ct-jarek-biz8-furem-sonil.pages.dev,1,47,4,2,2,4.4386,1,1,0,0,1,0,0,0.0,0,0,0,0,dev,0.5,0,0,0,0.0,0,True,2,1,0,,,0,0,0,True,0,Google Trust Services,83,False,,,0.2388
https://www.sina.com.cn/,www.sina.com.cn,0,24,0,3,0,3.0062,2,1,0,0,1,0,0,0.0,0,0,0,0,cn,0.5,0,0,0,0.0,0,True,8,1,0,10112,北京新网数码信息技术有限公司,0,0,1,False,0,,,,,,0.2101
https://www.djangoproject.com/,www.djangoproject.com,0,30,0,2,0,3.6538,1,1,0,0,1,0,0,0.0,0,0,0,0,com,0.15,1,0,0,0.0,0,True,4,1,0,7784,GANDI SAS,0,0,1,True,0,Let's Encrypt,60,False,,,0.1181
http://www.y35p.top/,www.y35p.top,1,20,0,2,2,2.8554,1,0,0,0,1,0,0,0.0,0,0,0,0,top,0.9,1,0,0,0.0,0,True,2,0,0,,,0,0,0,True,0,Let's Encrypt,84,False,,,0.3271
https://www.wimbledon.com/,www.wimbledon.com,0,26,0,2,0,3.2639,1,1,0,0,1,0,0,0.0,0,0,0,0,com,0.15,1,0,0,0.0,0,True,2,1,0,10296,"Network Solutions, LLC",0,0,1,True,0,DigiCert Inc,191,False,,,0.1103
https://www.smartling.com/,www.smartling.com,0,26,0,2,0,3.5725,1,1,0,0,1,0,0,0.0,0,0,0,0,com,0.15,1,0,0,0.0,0,True,2,1,0,6149,"Amazon Registrar, Inc.",0,0,1,True,0,Google Trust Services,69,False,,,0.1164
https://td-fn.net,td-fn.net,0,17,1,1,0,2.7255,0,1,0,0,0,0,0,0.0,0,0,0,0,net,0.22,1,0,0,0.0,0,True,1,0,1,9476,Global Village GmbH,0,0,1,False,0,,,False,,,0.1205
http://sp3ct-larnex-biz8-vesqor-pidam.pages.dev/appeals/submit-appeal-form/return,sp3ct-larnex-biz8-vesqor-pidam.pages.dev,1,81,4,2,2,4.3153,1,0,0,0,34,0,0,0.0833,1,0,1,0,dev,0.5,0,0,0,0.0,0,True,2,1,0,,,0,0,0,True,0,Google Trust Services,82,False,,,0.2696
https://bcebos.com/api/v1/status,bcebos.com,0,32,0,1,0,2.7219,0,1,0,0,14,0,0,0.0,0,0,0,0,com,0.15,1,0,0,0.0,0,False,0,0,1,4351,Key-Systems GmbH,0,1,1,False,0,,,,,,0.0994
http://cool-hummingbird-0ff756.netlify.app/,cool-hummingbird-0ff756.netlify.app,1,43,2,2,4,4.4576,1,0,0,0,1,0,0,0.0833,1,0,1,0,app,0.35,1,0,0,0.0,0,True,2,1,0,,,0,0,0,True,0,DigiCert Inc,234,False,,,0.2275
https://autoscouts24de.com/,autoscouts24de.com,1,27,0,1,2,3.4613,0,1,0,0,1,0,0,0.0,0,0,0,0,com,0.15,1,0,0,0.0,0,False,0,0,0,3,"TUCOWS.COM, CO.",1,1,1,False,0,,,,,,0.1142
http://sp29ct-folvik-biz-karsor-henvak.pages.dev/,sp29ct-folvik-biz-karsor-henvak.pages.dev,1,49,4,2,2,4.3387,1,0,0,0,1,0,0,0.1667,2,0,2,0,dev,0.5,0,0,0,0.0,0,True,2,1,0,,,0,0,0,True,0,Google Trust Services,80,False,,,0.3035
https://te.eg,te.eg,0,13,0,1,0,1.9219,0,1,0,0,0,0,0,0.0,0,0,0,0,eg,0.5,0,0,0,0.0,0,True,1,0,1,,,0,0,0,True,0,Sectigo Limited,73,False,,,0.1884
http://zjstr4b52pzg-qcfzkplsi-2e3f6a-fyn9c.pages.dev/appeals/submit-appeal-form/return,zjstr4b52pzg-qcfzkplsi-2e3f6a-fyn9c.pages.dev,1,86,3,2,7,4.6356,1,0,0,0,34,0,0,0.0,0,0,0,0,dev,0.5,0,0,0,0.0,0,True,2,1,0,,,0,0,0,True,0,Google Trust Services,82,False,,,0.2427
https://iconvert.network/search?q=help,iconvert.network,0,38,0,1,0,3.375,0,1,0,0,7,1,2,0.0,0,0,0,0,network,0.5,0,0,0,0.0,0,False,0,0,0,,,0,0,0,False,0,,,,,,0.2175
http://vxmzk949mj-wjnhfbren-2b5e9f-gtb14a.pages.dev/appeals/submit-appeal-form/return,vxmzk949mj-wjnhfbren-2b5e9f-gtb14a.pages.dev,1,85,3,2,8,4.5443,1,0,0,0,34,0,0,0.0,0,0,0,0,dev,0.5,0,0,0,0.0,0,True,2,1,0,,,0,0,0,True,0,Google Trust Services,82,False,,,0.2409
https://instagramverify-account.blogspot.com/,instagramverify-account.blogspot.com,1,45,1,2,0,4.1626,1,1,0,0,1,0,0,0.0,0,0,0,1,com,0.15,1,0,0,0.0,0,True,2,1,0,,,0,0,0,True,0,Google Trust Services,55,False,,,0.1283
http://netflix.abenether.com/,netflix.abenether.com,1,29,0,2,0,3.7257,1,0,0,0,1,0,0,0.0,0,0,0,0,com,0.15,1,0,0,0.0,0,True,1,0,0,,,0,0,0,True,0,Let's Encrypt,64,False,,,0.1195
https://dawn-core-2jp.pages.dev/,dawn-core-2jp.pages.dev,1,32,2,2,1,3.882,1,1,0,0,1,0,0,0.0,0,0,0,0,dev,0.5,0,0,0,0.0,0,True,2,1,0,,,0,0,0,True,0,Google Trust Services,73,False,,,0.2276
https://3658miki14200.cc/,3658miki14200.cc,1,25,0,1,9,3.625,0,1,0,0,1,0,0,0.0,0,0,0,0,cc,0.5,0,0,0,0.0,0,True,3,0,0,43,Dynadot Inc,0,0,1,True,0,Let's Encrypt,46,False,,,0.2225
https://www.hu-berlin.de/,www.hu-berlin.de,0,25,1,2,0,3.4528,1,1,0,0,1,0,0,0.0,0,0,0,0,de,0.5,0,0,0,0.0,0,True,1,0,0,,,0,0,0,True,0,Hellenic Academic and Research Institutions CA,193,False,,,0.2191
https://aligma.sbs/offer/,aligma.sbs,1,25,0,1,0,2.9219,0,1,0,0,7,0,0,0.25,2,0,2,0,sbs,0.5,0,0,0,0.0,0,True,2,1,0,4,Dynadot Inc,1,0,1,True,0,Google Trust Services,87,False,,,0.3084
https://cn.mpmxzu.com/home/register?code=49438,cn.mpmxzu.com,1,46,0,2,0,3.027,1,1,0,0,14,1,2,0.0,0,0,0,0,com,0.15,1,0,0,0.0,0,True,1,0,0,2437,"GoDaddy.com, LLC",0,0,1,True,0,Sectigo Limited,161,False,,,0.1055
https://rupkathahere06.github.io/amazon-clone/,rupkathahere06.github.io,1,46,0,2,2,3.8035,1,1,0,0,14,0,0,0.0,0,0,0,0,io,0.28,1,0,0,0.0,0,True,4,1,0,,,0,0,0,True,0,Let's Encrypt,36,False,,,0.1601
https://drivestrike.com,drivestrike.com,0,23,0,1,0,3.5069,0,1,0,0,0,0,0,0.0,0,0,0,0,com,0.15,1,0,0,0.0,0,True,6,0,1,4402,"Amazon Registrar, Inc.",0,0,1,True,0,Amazon,83,False,,,0.1151
https://10best.usatoday.com/,10best.usatoday.com,0,28,0,2,2,3.7216,1,1,0,0,1,0,0,0.0,0,0,0,0,com,0.15,1,0,0,0.0,0,True,4,0,0,11778,"GoDaddy Corporate Domains, LLC",0,0,1,True,0,Let's Encrypt,35,False,,,0.1194
https://klmqw4251lk-yhnujpli-8ce96c-klm63c.pages.dev/,klmqw4251lk-yhnujpli-8ce96c-klm63c.pages.dev,1,53,3,2,9,4.6635,1,1,0,0,1,0,0,0.0,0,0,0,0,dev,0.5,0,0,0,0.0,0,True,2,1,0,,,0,0,0,True,0,Google Trust Services,83,False,,,0.2433
https://www.sqlservercentral.com/,www.sqlservercentral.com,0,33,0,2,0,3.6573,1,1,0,0,1,0,0,0.0,0,0,0,0,com,0.15,1,0,0,0.0,0,True,1,0,0,9517,"Network Solutions, LLC",0,0,1,True,0,Let's Encrypt,55,False,,,0.1181
http://xelquni-gld-belquza-c5x8dp69.pages.dev/appeals/submit-appeal-form/return,xelquni-gld-belquza-c5x8dp69.pages.dev,1,79,3,2,4,4.2936,1,0,0,0,34,0,0,0.0,0,0,0,0,dev,0.5,0,0,0,0.0,0,True,2,1,0,,,0,0,0,True,0,Google Trust Services,83,False,,,0.2359
https://www.igt.com/,www.igt.com,0,20,0,2,0,2.8454,1,1,0,0,1,0,0,0.0,0,0,0,0,com,0.15,1,0,0,0.0,0,True,2,0,0,,,0,0,0,True,0,DigiCert Inc,31,False,,,0.1019
https://zeenite.com,zeenite.com,0,19,0,1,0,3.0272,0,1,0,0,0,0,0,0.0,0,0,0,0,com,0.15,1,0,0,0.0,0,True,1,0,0,2387,Dynadot Inc,0,0,1,True,0,Let's Encrypt,46,False,,,0.1055
https://snapfit.co.kr,snapfit.co.kr,0,21,0,2,0,3.5466,1,1,0,0,0,0,0,0.0,0,0,0,0,kr,0.5,0,0,0,0.0,0,True,2,0,0,3248,"Gabia, Inc.(http://www.gabia.co.kr)",0,0,1,True,0,Amazon,185,False,,,0.2209
https://komikcast.to/,komikcast.to,0,21,0,1,0,3.085,0,1,0,0,1,0,0,0.0,0,0,0,0,to,0.5,0,0,0,0.0,0,True,2,1,0,295,NAMECHEAP,0,0,1,True,0,Google Trust Services,89,False,,,0.2117
https://totalprosports.com,totalprosports.com,0,26,0,1,0,3.128,0,1,0,0,0,0,0,0.0,0,0,0,0,com,0.15,1,0,0,0.0,0,True,3,1,0,6859,"TUCOWS.COM, CO.",0,1,1,True,0,Google Trust Services,33,False,,,0.1076
https://appocean.media,appocean.media,0,22,0,1,0,3.182,0,1,0,0,0,0,0,0.0,0,0,0,0,media,0.5,0,0,0,0.0,0,True,1,0,0,,,0,0,0,True,0,Let's Encrypt,87,False,,,0.2136
https://truecallerstatic.com/en-us/home,truecallerstatic.com,0,39,0,1,0,3.4464,0,1,0,0,11,0,0,0.0,0,0,0,0,com,0.15,1,0,0,0.0,0,False,0,0,0,1126,"GoDaddy.com, LLC",0,0,1,False,0,,,,,,0.1139
https://sarapbabe.com,sarapbabe.com,0,21,0,1,0,3.1808,0,1,0,0,0,0,0,0.0,0,0,0,0,com,0.15,1,0,0,0.0,0,True,2,1,1,,,0,0,0,True,0,Google Trust Services,89,False,,,0.1086
https://www.nanosystems.com/,www.nanosystems.com,0,28,0,2,0,3.3264,1,1,0,0,1,0,0,0.0,0,0,0,0,com,0.15,1,0,0,0.0,0,True,4,0,0,10972,"Amazon Registrar, Inc.",0,0,1,True,0,Amazon,88,False,,,0.1115
https://temporary-plum-5whaicdx.edgeone.dev/,temporary-plum-5whaicdx.edgeone.dev,1,44,2,2,1,4.2617,1,1,0,0,1,0,0,0.0,0,0,0,0,dev,0.5,0,0,0,0.0,0,True,2,0,0,,,0,0,0,True,0,"DigiCert, Inc.",114,False,,,0.2352
http://xelveta-gld-larnora-c2t6fc83.pages.dev/,xelveta-gld-larnora-c2t6fc83.pages.dev,1,46,3,2,4,4.2082,1,0,0,0,1,0,0,0.0,0,0,0,0,dev,0.5,0,0,0,0.0,0,True,2,1,0,,,0,0,0,True,0,Google Trust Services,83,False,,,0.2342
https://www.squareyards.com/,www.squareyards.com,0,28,0,2,0,3.5766,1,1,0,0,1,0,0,0.0,0,0,0,0,com,0.15,1,0,0,0.0,0,True,2,1,0,7805,"GoDaddy.com, LLC",0,0,1,True,0,DigiCert Inc,6,False,,,0.1165
https://icloseli.com,icloseli.com,0,20,0,1,0,2.9183,0,1,0,0,0,0,0,0.0,0,0,0,0,com,0.15,1,0,0,0.0,0,False,0,0,0,3348,"Amazon Registrar, Inc.",0,0,1,False,0,,,,,,0.1034
http://sp5ct-ramex-biz8-nolvik-seraq.pages.dev/appeals/submit-appeal-form/return,sp5ct-ramex-biz8-nolvik-seraq.pages.dev,1,80,4,2,2,4.3749,1,0,0,0,34,0,0,0.0,0,0,0,0,dev,0.5,0,0,0,0.0,0,True,2,1,0,,,0,0,0,True,0,Google Trust Services,83,False,,,0.2375
https://www.purewow.com/,www.purewow.com,0,24,0,2,0,2.8662,1,1,0,0,1,0,0,0.0,0,0,0,0,com,0.15,1,0,0,0.0,0,True,4,0,0,7236,"GoDaddy.com, LLC",0,0,1,True,0,Let's Encrypt,55,False,,,0.1023
http://gh6i7th5g4c38s82a70aeeb2b0e7u4d.vercel.app/,gh6i7th5g4c38s82a70aeeb2b0e7u4d.vercel.app,1,50,0,2,14,4.4133,1,0,0,0,1,0,0,0.0833,1,0,1,0,app,0.35,1,0,0,0.0,0,True,2,0,0,,,0,0,0,True,0,Google Trust Services,60,False,,,0.2266
https://34xrx3r.pages.dev/,34xrx3r.pages.dev,1,26,0,2,3,3.4992,1,1,0,0,1,0,0,0.0,0,0,0,0,dev,0.5,0,0,0,0.0,0,True,2,1,0,,,0,0,0,True,0,Let's Encrypt,86,False,,,0.22
https://freeflowbron.shop/,freeflowbron.shop,1,26,0,1,0,3.4548,0,1,0,0,1,0,0,0.0,0,0,0,0,shop,0.55,1,0,0,0.0,0,True,1,0,0,,,0,0,0,True,0,Let's Encrypt,62,False,,,0.2341
https://www.asoview.com/,www.asoview.com,0,24,0,2,0,3.1069,1,1,0,0,1,0,0,0.0,0,0,0,0,com,0.15,1,0,0,0.0,0,True,4,0,0,5208,"GMO Internet, Inc.",0,0,1,True,0,Amazon,148,False,,,0.1071
https://sonyericsson.com/pricing/index.html,sonyericsson.com,0,43,0,1,0,3.1556,0,1,0,0,19,0,0,0.0,0,0,0,0,com,0.15,1,0,0,0.0,0,False,0,0,0,,,0,0,0,False,0,,,,,,0.1081
https://portaldatransparencia.gov.br,portaldatransparencia.gov.br,0,36,0,2,0,3.7499,1,1,0,0,0,0,0,0.0833,1,0,1,0,br,0.5,0,0,0,0.0,0,True,4,1,0,7916,,0,0,1,True,0,Amazon,161,False,,,0.2583
http://www.free1instagramfollowers.blogspot.com/,www.free1instagramfollowers.blogspot.com,1,48,0,3,1,3.9873,2,0,0,0,1,0,0,0.0,0,0,0,0,com,0.15,1,0,0,0.0,0,True,2,1,0,,,0,0,0,False,0,,,False,,,0.1247
https://phonearena.com,phonearena.com,0,22,0,1,0,3.2359,0,1,0,0,0,0,0,0.0,0,0,0,0,com,0.15,1,0,0,0.0,0,True,2,1,1,9009,"GoDaddy.com, LLC",0,0,1,True,0,Sectigo Limited,107,False,,,0.1097
https://berlona-gld-fenquza-p9v7fc34.pages.dev/thn-yjm-uio-lkh?welcome=104416014675991&stt=104416014675991&name_stt=B&B%20punto%20v%C3%A9lo,berlona-gld-fenquza-p9v7fc34.pages.dev,1,139,3,2,4,4.3661,1,1,0,0,16,4,12,0.0,0,0,0,0,dev,0.5,0,0,0,0.0,0,True,2,1,0,,,0,0,0,True,0,Google Trust Services,83,False,,,0.2373
https://sp5ct-karem-biz8-furev-salon.pages.dev/,sp5ct-karem-biz8-furev-salon.pages.dev,1,47,4,2,2,4.3661,1,1,0,0,1,0,0,0.0,0,0,0,0,dev,0.5,0,0,0,0.0,0,True,2,1,0,,,0,0,0,True,0,Google Trust Services,83,False,,,0.2373
https://brand.heytap.com/en/index.html,brand.heytap.com,0,38,0,2,0,3.75,1,1,0,0,14,0,0,0.0,0,0,0,0,com,0.15,1,0,0,0.0,0,True,2,0,0,5760,Beijing Brandma International Networking Technology Ltd.,0,0,1,True,0,DigiCert Inc,67,False,,,0.12
https://www.sicurezzapostale.it/,www.sicurezzapostale.it,0,32,0,2,0,3.7081,1,1,0,0,1,0,0,0.0,0,0,0,0,it,0.5,0,0,0,0.0,0,True,1,0,1,7414,TELEVIDEOCOM s.r.l.,0,0,1,False,0,,,False,,,0.2242
https://dribbble.com,dribbble.com,0,20,0,1,0,3.1887,0,1,0,0,0,0,0,0.0,0,0,0,0,com,0.15,1,0,0,0.0,0,True,4,1,1,6704,1API GmbH,0,1,1,True,0,Amazon,120,False,,,0.1088
http://condescending-allen-325b4d.netlify.app/,condescending-allen-325b4d.netlify.app,1,46,2,2,4,4.1658,1,0,0,0,1,0,0,0.0833,1,0,1,0,app,0.35,1,0,0,0.0,0,True,2,1,0,,,0,0,0,True,0,DigiCert Inc,234,False,,,0.2216
http://sp5ct-konel-biz8-vurem-harix.pages.dev/,sp5ct-konel-biz8-vurem-harix.pages.dev,1,46,4,2,2,4.4585,1,0,0,0,1,0,0,0.0,0,0,0,0,dev,0.5,0,0,0,0.0,0,True,2,1,0,,,0,0,0,True,0,Google Trust Services,83,False,,,0.2392
https://pub-0449dc2137a148d0a6d95a86cb3eda1a.r2.dev/hgfdsaqwert.html?email=sf_base64_encode(halissys@b728fed5478f2457d1d349e226b21670ea13.net,pub-0449dc2137a148d0a6d95a86cb3eda1a.r2.dev,1,141,1,2,20,4.2,1,1,0,1,17,1,6,0.1667,1,0,1,0,dev,0.5,0,0,0,0.0,0,True,2,1,0,,,0,0,0,True,0,Let's Encrypt,72,False,,,0.3007
https://www.eliteprospects.com/,www.eliteprospects.com,0,31,0,2,0,3.4817,1,1,0,0,1,0,0,0.0,0,0,0,0,com,0.15,1,0,0,0.0,0,True,3,1,0,9513,Abion AB,0,0,1,True,0,Google Trust Services,54,False,,,0.1146
https://your-spectrum-email-update-account.weeblysite.com/,your-spectrum-email-update-account.weeblysite.com,1,58,4,2,0,4.0683,1,1,0,0,1,0,0,0.0,0,0,0,1,com,0.15,1,0,0,0.0,0,True,2,0,0,4969,MarkMonitor Inc.,0,0,1,True,0,Google Trust Services,39,False,,,0.1264
https://telmora-gld-felmora-r2t3hp51.pages.dev/send_appeal_request,telmora-gld-felmora-r2t3hp51.pages.dev,1,66,3,2,4,4.1685,1,1,0,0,20,0,2,0.0,0,0,0,0,dev,0.5,0,0,0,0.0,0,True,2,1,0,,,0,0,0,True,0,Google Trust Services,76,False,,,0.2334
http://sp5ct-lunex-biz8-korev-farik.pages.dev/,sp5ct-lunex-biz8-korev-farik.pages.dev,1,46,4,2,2,4.4058,1,0,0,0,1,0,0,0.0,0,0,0,0,dev,0.5,0,0,0,0.0,0,True,2,1,0,,,0,0,0,True,0,Google Trust Services,83,False,,,0.2381
http://yer-123t-4iox-qeha-x6sbuy.pages.dev/appeals/submit-appeal-form/return,yer-123t-4iox-qeha-x6sbuy.pages.dev,1,76,4,2,5,4.3864,1,0,0,0,34,0,0,0.0,0,0,0,0,dev,0.5,0,0,0,0.0,0,True,2,1,0,,,0,0,0,True,0,Google Trust Services,83,False,,,0.2377
http://sp5ct-porel-biz8-murex-talin.pages.dev/appeals/submit-appeal-form/return,sp5ct-porel-biz8-murex-talin.pages.dev,1,79,4,2,2,4.3333,1,0,0,0,34,0,0,0.0,0,0,0,0,dev,0.5,0,0,0,0.0,0,True,2,1,0,,,0,0,0,True,0,Google Trust Services,83,False,,,0.2367
https://enchantedlearning.com,enchantedlearning.com,0,29,0,1,0,3.5945,0,1,0,0,0,0,0,0.0,0,0,0,0,com,0.15,1,0,0,0.0,0,True,3,1,1,11200,Pair Domains,0,0,1,True,0,Google Trust Services,52,False,,,0.1169
http://www.husqvarnagroup.com/en,www.husqvarnagroup.com,0,32,0,2,0,3.7888,1,0,0,0,3,0,0,0.0,0,0,0,0,com,0.15,1,0,0,0.0,0,True,2,1,0,,,0,0,0,True,0,GlobalSign nv-sa,119,False,,,0.1208
https://clusterdns.net/update/index.html,clusterdns.net,0,40,0,1,0,3.2359,0,1,0,0,18,0,0,0.0,0,0,0,0,net,0.22,1,0,0,0.0,0,True,1,0,1,5515,"Network Solutions, LLC",0,0,1,False,0,,,,,,0.1307
https://www.mynet.com/,www.mynet.com,0,22,0,2,0,3.027,1,1,0,0,1,0,0,0.0,0,0,0,0,com,0.15,1,0,0,0.0,0,True,3,0,0,,,0,0,0,True,0,"GoDaddy.com, Inc.",55,False,,,0.1055
https://kejaksaan.go.id/about,kejaksaan.go.id,0,29,0,2,0,3.3232,1,1,0,0,6,0,0,0.0,0,0,0,0,id,0.5,0,0,0,0.0,0,True,1,0,1,,,0,0,0,False,0,,,,,,0.2165
https://www.hoteltonight.com,www.hoteltonight.com,0,28,0,2,0,3.4087,1,1,0,0,0,0,0,0.0,0,0,0,0,com,0.15,1,0,0,0.0,0,True,4,0,0,8152,"MarkMonitor, Inc.",0,0,1,True,0,GlobalSign nv-sa,230,False,,,0.1132
https://pixlr.com,pixlr.com,0,17,0,1,0,3.1699,0,1,0,0,0,0,0,0.0,0,0,0,0,com,0.15,1,0,0,0.0,0,True,4,0,1,6948,NAMECHEAP INC,0,1,1,True,0,Amazon,141,False,,,0.1084
https://cpanelhost.cl,cpanelhost.cl,0,21,0,1,0,3.3927,0,1,0,0,0,0,0,0.0,0,0,0,0,cl,0.5,0,0,0,0.0,0,True,1,0,1,,NIC Chile,0,0,1,True,0,Let's Encrypt,61,False,,,0.2179
https://bauhaus.se/.0dkHz/bot-check?/,bauhaus.se,0,37,0,1,0,2.7219,0,1,0,0,17,1,1,0.0,0,0,0,0,se,0.5,0,0,0,0.0,0,True,1,1,1,10007,COREhub,0,0,1,True,0,Sectigo Limited,118,False,,,0.2044
https://www.cato.org/,www.cato.org,0,21,0,2,0,2.8554,1,1,0,0,1,0,0,0.0,0,0,0,0,org,0.1,1,0,0,0.0,0,True,1,0,0,11478,"Amazon Registrar, Inc.",0,0,1,True,0,GlobalSign nv-sa,79,False,,,0.0871
https://pipecdn.vip,pipecdn.vip,0,19,0,1,0,2.8454,0,1,0,0,0,0,0,0.0,0,0,0,0,vip,0.5,0,0,0,0.0,0,True,2,1,1,752,"Cloudflare, Inc.",0,0,1,True,0,Google Trust Services,45,False,,,0.2069
https://123ns.eu/api/v1/status,123ns.eu,0,30,0,1,3,3.0,0,1,0,0,14,0,0,0.0,0,0,0,0,eu,0.5,0,0,0,0.0,0,False,0,0,1,,123domain.eu / ingenit GmbH & Co. KG,0,0,1,False,0,,,,,,0.21
http://documentsecureservice.online/,documentsecureservice.online,1,36,0,1,0,3.5567,0,0,0,0,1,0,0,0.0,0,0,0,0,online,0.65,1,0,0,0.0,0,False,0,0,0,,,0,0,0,False,0,,,,,,0.2661
https://businesspage-fixdisplayerror.netlify.app/,businesspage-fixdisplayerror.netlify.app,1,49,1,2,0,4.0342,1,1,0,0,1,0,0,0.0833,1,0,1,0,app,0.35,1,0,0,0.0,0,True,2,1,0,,,0,0,0,True,0,DigiCert Inc,234,False,,,0.219
http://sp6ct-farnok-biz8-virel-naskor.pages.dev/,sp6ct-farnok-biz8-virel-naskor.pages.dev,1,48,4,2,2,4.2964,1,0,0,0,1,0,0,0.0833,1,0,1,0,dev,0.5,0,0,0,0.0,0,True,2,1,0,,,0,0,0,True,0,Google Trust Services,83,False,,,0.2692
https://x.uy/I0SqWU,x.uy,1,19,0,1,0,2.0,0,1,0,0,7,0,0,0.0,0,0,0,0,uy,0.5,0,0,0,0.0,0,True,1,0,0,,,0,0,0,True,0,Let's Encrypt,49,False,,,0.19
https://www.instagramfollowers146.blogspot.com/,www.instagramfollowers146.blogspot.com,1,47,0,3,3,4.0933,2,1,0,0,1,0,0,0.0,0,0,0,0,com,0.15,1,0,0,0.0,0,True,2,1,0,,,0,0,0,False,0,,,False,,,0.1269
https://m.dtwyiqnl9ods.com:9229/account/reg?code=49490,m.dtwyiqnl9ods.com:9229,1,54,0,2,1,3.7255,1,1,0,0,12,1,2,0.0,0,0,0,0,com,0.15,1,0,0,0.0,0,False,0,0,0,,,0,0,0,False,0,,,,,,0.1195
https://ns.se/about,ns.se,0,19,0,1,0,1.9219,0,1,0,0,6,0,0,0.0,0,0,0,0,se,0.5,0,0,0,0.0,0,False,0,0,0,7417,CoreRegistry 2,0,0,1,False,0,,,,,,0.1884
https://surl.li/wekpwd,surl.li,1,22,0,1,0,2.5216,0,1,0,0,7,0,0,0.0,0,0,0,0,li,0.5,0,0,0,0.0,0,True,2,1,1,,,0,0,0,True,0,Google Trust Services,68,False,,,0.2004
http://sp3ct-tarnik-biz8-polqor-fused.pages.dev/appeals/submit-appeal-form/return,sp3ct-tarnik-biz8-polqor-fused.pages.dev,1,81,4,2,2,4.4153,1,0,0,0,34,0,0,0.0,0,0,0,0,dev,0.5,0,0,0,0.0,0,True,2,1,0,,,0,0,0,True,0,Google Trust Services,82,False,,,0.2383
https://www.fashion-press.net/,www.fashion-press.net,0,30,1,2,0,3.6538,1,1,0,0,1,0,0,0.0,0,0,0,0,net,0.22,1,0,0,0.0,0,True,1,0,0,7431,"GMO Internet, Inc.",0,0,1,True,0,DigiCert Inc,113,False,,,0.1391
https://www.go-manga.com/,www.go-manga.com,0,25,1,2,0,3.0778,1,1,0,0,1,0,0,0.0,0,0,0,0,com,0.15,1,0,0,0.0,0,True,3,1,0,921,"GoDaddy.com, LLC",0,0,1,True,0,Google Trust Services,58,False,,,0.1066
https://japan-autoverify.index-login05.aliengpt.cc/jF5mQ7xA6mD9wS0uR0aD7cE2dY1xP4xY7qZ1tJ8k/,japan-autoverify.index-login05.aliengpt.cc,1,92,2,3,2,4.2611,2,1,0,0,42,0,0,0.0,0,0,0,0,cc,0.5,0,0,0,0.0,0,True,1,0,0,340,"Hefei Juming Network Technology Co., Ltd.",0,1,1,True,0,Let's Encrypt,81,False,,,0.2352
https://www.uliege.be/cms/c_8699436/fr/uliege,www.uliege.be,0,45,0,2,0,2.8151,1,1,0,0,24,0,1,0.0,0,0,0,0,be,0.5,0,0,0,0.0,0,True,1,1,0,6530,,0,0,1,True,0,Let's Encrypt,36,False,,,0.2063
https://facebook-login400.blogspot.com/?m=1,facebook-login400.blogspot.com,1,43,1,2,3,3.9899,1,1,0,0,1,1,2,0.0,0,0,0,0,com,0.15,1,0,0,0.0,0,True,2,1,0,,,0,0,0,True,0,Google Trust Services,55,False,,,0.1248
https://ztzyhwb2ylms56x4yxluxrg4ns52lx22fm6emfsf24-h22.vercel.app/,ztzyhwb2ylms56x4yxluxrg4ns52lx22fm6emfsf24-h22.vercel.app,1,66,1,2,14,4.4613,1,1,0,0,1,0,0,0.0833,1,0,1,0,app,0.35,1,0,0,0.0,0,True,2,0,0,,,0,0,0,True,0,Google Trust Services,60,False,,,0.2275
https://first-id.fr/api/v1/status,first-id.fr,0,33,1,1,0,2.914,0,1,0,0,14,0,0,0.0,0,0,0,0,fr,0.5,0,0,0,0.0,0,True,1,0,1,1551,OVH,0,0,1,False,0,,,,,,0.2083
https://piaggio.com,piaggio.com,0,19,0,1,0,2.914,0,1,0,0,0,0,0,0.0,0,0,0,0,com,0.15,1,0,0,0.0,0,True,1,0,1,11431,Barbero & Associates Ltd,0,1,1,False,0,,,,,,0.1033
https://www.roblox.com.mu/login?returnUrl=2579968364276051,www.roblox.com.mu,1,58,0,3,0,3.1307,2,1,0,0,6,1,2,0.0,0,0,0,0,mu,0.5,0,0,0,0.0,0,True,1,0,0,51,Register.mu,0,0,1,True,0,Let's Encrypt,43,False,,,0.2126
https://businessidentity.llc/update/index.html,businessidentity.llc,0,46,0,1,0,3.4464,0,1,0,0,18,0,0,0.0,0,0,0,0,llc,0.5,0,0,0,0.0,0,False,0,0,1,,,0,0,0,False,0,,,,,,0.2189
http://facebook-old-login-page-suhaib-nadakkavils-projects.vercel.app/,facebook-old-login-page-suhaib-nadakkavils-projects.vercel.app,1,70,6,2,0,4.2219,1,0,0,0,1,0,0,0.2333,1,0,1,1,app,0.35,1,0,0,0.0,0,True,2,0,0,,,0,0,0,True,0,Google Trust Services,60,False,,,0.2828
https://mattermost.com,mattermost.com,0,22,0,1,0,2.9852,0,1,0,0,0,0,0,0.0,0,0,0,0,com,0.15,1,0,0,0.0,0,True,2,1,1,4965,"Amazon Registrar, Inc.",0,0,1,True,0,Google Trust Services,48,False,,,0.1047
http://www.free-blue-verified-badge.surge.sh/,www.free-blue-verified-badge.surge.sh,1,45,3,3,0,3.7859,2,0,0,0,1,0,0,0.0,0,0,0,1,sh,0.5,0,0,0,0.0,0,True,1,0,0,,,0,0,0,False,0,,,False,,,0.2257
http://coinbase-com-wallet.vercel.app/,coinbase-com-wallet.vercel.app,1,38,2,2,0,3.8981,1,0,0,0,1,0,0,0.0833,1,0,1,0,app,0.35,1,0,0,0.0,0,True,2,0,0,,,0,0,0,True,0,Google Trust Services,60,False,,,0.2163
https://www.llnl.gov/,www.llnl.gov,0,21,0,2,0,2.6258,1,1,0,0,1,0,0,0.1667,2,0,2,0,gov,0.03,1,0,0,0.0,0,True,2,1,0,10526,get.gov,0,1,1,True,0,DigiCert Inc,190,False,,,0.1282
https://xelquna-gld-belxora-a9x8hc24.pages.dev/,xelquna-gld-belxora-a9x8hc24.pages.dev,1,47,3,2,4,4.2936,1,1,0,0,1,0,0,0.0,0,0,0,0,dev,0.5,0,0,0,0.0,0,True,2,1,0,,,0,0,0,True,0,Google Trust Services,83,False,,,0.2359
https://berxavi-gld-belmora-a2x7hq61.pages.dev/thn-yjm-uio-lkh?welcome=104416014675991&stt=104416014675991&name_stt=B&B%20punto%20v%C3%A9lo,berxavi-gld-belmora-a2x7hq61.pages.dev,1,139,3,2,4,4.2807,1,1,0,0,16,4,12,0.0,0,0,0,0,dev,0.5,0,0,0,0.0,0,True,2,1,0,,,0,0,0,True,0,Google Trust Services,83,False,,,0.2356
https://infopedia.pt,infopedia.pt,0,20,0,1,0,3.2516,0,1,0,0,0,0,0,0.0,0,0,0,0,pt,0.5,0,0,0,0.0,0,True,4,0,1,,,0,0,0,True,0,Google Trust Services,36,False,,,0.215
http://www.validupdatewhat.webcindario.com/,www.validupdatewhat.webcindario.com,1,43,0,3,0,3.9329,2,0,0,0,1,0,0,0.0,0,0,0,0,com,0.15,1,0,0,0.0,0,True,1,0,0,9280,"TUCOWS.COM, CO.",0,1,1,False,0,,,False,,,0.1237
https://facebookverifyyouraccount.blogspot.com/?m=1,facebookverifyyouraccount.blogspot.com,1,51,0,2,0,4.0466,1,1,0,0,1,1,2,0.0,0,0,0,0,com,0.15,1,0,0,0.0,0,True,2,1,0,,,0,0,0,True,0,Google Trust Services,55,False,,,0.1259
https://crowdin.com,crowdin.com,0,19,0,1,0,3.0958,0,1,0,0,0,0,0,0.0,0,0,0,0,com,0.15,1,0,0,0.0,0,True,2,0,1,6379,"GoDaddy.com, LLC",0,0,1,True,0,Amazon,115,False,,,0.1069
https://v9r2yhjg.com,v9r2yhjg.com,0,20,0,1,2,3.585,0,1,0,0,0,0,0,0.0,0,0,0,0,com,0.15,1,0,0,0.0,0,False,0,0,0,353,Gname.com Pte. Ltd.,0,1,1,False,0,,,,,,0.1167
https://samokat.io/help/index.html,samokat.io,0,34,0,1,0,2.9219,0,1,0,0,16,0,0,0.0,0,0,0,0,io,0.28,1,0,0,0.0,0,False,0,0,1,2509,"Regional Network Information Center, JSC dba RU-CENTER",0,0,1,False,0,,,,,,0.1424
https://robinhood.com/us/en/,robinhood.com,0,28,0,1,0,3.0851,0,1,0,0,7,0,0,0.0,0,0,0,0,com,0.15,1,0,0,0.0,0,True,4,0,1,11197,"MarkMonitor, Inc.",0,0,1,True,0,Amazon,163,False,,,0.1067
https://resultadodelaloteria.com,resultadodelaloteria.com,0,32,0,1,0,3.5425,0,1,0,0,0,0,0,0.0,0,0,0,0,com,0.15,1,0,0,0.0,0,True,1,0,1,6182,"GoDaddy.com, LLC",0,0,1,True,0,Google Trust Services,69,False,,,0.1159
https://www.cityheaven.net/,www.cityheaven.net,0,27,0,2,0,3.3083,1,1,0,0,1,0,0,0.0,0,0,0,0,net,0.22,1,0,0,0.0,0,True,1,0,0,9505,"GMO Internet, Inc.",0,1,1,True,0,DigiCert Inc,97,False,,,0.1322
https://www.ranker.com/,www.ranker.com,0,23,0,2,0,3.182,1,1,0,0,1,0,0,0.0,0,0,0,0,com,0.15,1,0,0,0.0,0,True,4,0,0,9607,"GoDaddy.com, LLC",0,0,1,True,0,Sectigo Limited,56,False,,,0.1086
http://tr.padisahbetingirisi.top/,tr.padisahbetingirisi.top,1,33,0,2,0,3.5893,1,0,0,0,1,0,0,0.0,0,0,0,0,top,0.9,1,0,0,0.0,0,True,2,1,0,1,Dynadot LLC,1,1,1,True,0,Google Trust Services,89,False,,,0.3418
https://vnsextop1.com,vnsextop1.com,0,21,0,1,1,3.5466,0,1,0,0,0,0,0,0.0,0,0,0,0,com,0.15,1,0,0,0.0,0,True,1,0,0,120,"NICENIC INTERNATIONAL GROUP CO., LIMITED",0,0,1,True,0,Let's Encrypt,50,False,,,0.1159
http://insta-clone-smoky.vercel.app/,insta-clone-smoky.vercel.app,1,36,2,2,0,3.9947,1,0,0,0,1,0,0,0.0833,1,0,1,0,app,0.35,1,0,0,0.0,0,True,2,0,0,,,0,0,0,True,0,Google Trust Services,60,False,,,0.2182
https://dev.botframework.com/,dev.botframework.com,0,29,0,2,0,3.6842,1,1,0,0,1,0,0,0.0,0,0,0,0,com,0.15,1,0,0,0.0,0,True,1,0,0,,,0,0,0,True,0,DigiCert Inc,94,False,,,0.1187
https://urlto.me/2Wqd5,urlto.me,1,22,0,1,0,3.0,0,1,0,0,6,0,0,0.0,0,0,0,0,me,0.5,0,0,0,0.0,0,True,2,0,0,3242,"GoDaddy.com, LLC",0,0,1,True,0,Google Trust Services,55,False,,,0.21
https://cabify.com,cabify.com,0,18,0,1,0,3.1219,0,1,0,0,0,0,0,0.0,0,0,0,0,com,0.15,1,0,0,0.0,0,True,3,0,1,5473,NAMECHEAP INC,0,1,1,True,0,Let's Encrypt,63,False,,,0.1074
http://r1bb2-y6w-6r51lp-s5e5y4-0m3w.pages.dev/,r1bb2-y6w-6r51lp-s5e5y4-0m3w.pages.dev,1,46,4,2,11,4.3135,1,0,0,0,1,0,0,0.0,0,0,0,0,dev,0.5,0,0,0,0.0,0,True,2,1,0,,,0,0,0,True,0,Google Trust Services,83,False,,,0.2363
https://65.jj38127.vip/,65.jj38127.vip,1,23,0,2,7,3.5216,1,1,0,0,1,0,0,0.0,0,0,0,0,vip,0.5,0,0,0,0.0,0,True,1,0,0,6,Dynadot Inc,1,1,1,True,0,"TrustAsia Technologies, Inc.",87,False,,,0.2204
http://sp5ct-nirel-biz8-havron-pelix.pages.dev/appeals/submit-appeal-form/return,sp5ct-nirel-biz8-havron-pelix.pages.dev,1,80,4,2,2,4.2723,1,0,0,0,34,0,0,0.0833,1,0,1,0,dev,0.5,0,0,0,0.0,0,True,2,1,0,,,0,0,0,True,0,Google Trust Services,83,False,,,0.2688
https://www.alibabacloud.com/en?_p_lc=1&f-8DC992C756BA=,www.alibabacloud.com,0,55,0,2,0,3.3464,1,1,0,0,3,2,6,0.0,0,0,0,0,com,0.15,1,0,0,0.0,0,True,6,0,0,,,0,0,0,True,0,GlobalSign nv-sa,38,False,,,0.1119
https://ricardo.swiss-direct.click/751106650,ricardo.swiss-direct.click,1,44,1,2,0,3.5654,1,1,0,0,10,0,0,0.0,0,0,0,0,click,0.88,1,0,0,0.0,0,False,0,0,0,2,Global Domain Group LLC,1,0,1,False,0,,,,,,0.3353
https://www.net-ledger-wallet-data-webs.vercel.app/,www.net-ledger-wallet-data-webs.vercel.app,1,51,4,3,0,3.7073,2,1,0,0,1,0,0,0.1667,2,0,2,0,app,0.35,1,0,0,0.0,0,True,2,0,0,,,0,0,0,False,0,,,False,,,0.2458
https://volcgslb.com/about,volcgslb.com,0,26,0,1,0,3.085,0,1,0,0,6,0,0,0.0,0,0,0,0,com,0.15,1,0,0,0.0,0,False,0,0,0,1922,"Alibaba Cloud Computing (Beijing) Co., Ltd.",0,0,1,False,0,,,,,,0.1067
https://goldysharma6560.github.io/Spotify-Replica/,goldysharma6560.github.io,1,50,0,2,4,4.0839,1,1,0,0,17,0,0,0.0,0,0,0,0,io,0.28,1,0,0,0.0,0,True,4,1,0,,,0,0,0,True,0,Let's Encrypt,36,False,,,0.1657
https://kanesex.com,kanesex.com,0,19,0,1,0,3.2776,0,1,0,0,0,0,0,0.0,0,0,0,0,com,0.15,1,0,0,0.0,0,True,3,0,1,4915,"GoDaddy.com, LLC",0,0,1,True,0,Let's Encrypt,45,False,,,0.1106
https://www.macrotrends.net/,www.macrotrends.net,0,28,0,2,0,3.4714,1,1,0,0,1,0,0,0.0,0,0,0,0,net,0.22,1,0,0,0.0,0,True,2,1,0,4849,"Cloudflare, Inc.",0,1,1,True,0,Google Trust Services,52,False,,,0.1354
https://zwurd-skrunt-zclod-0rw71c-mskp-prentz.pages.dev/,zwurd-skrunt-zclod-0rw71c-mskp-prentz.pages.dev,1,56,5,2,3,4.3337,1,1,0,0,1,0,0,0.0,0,0,0,0,dev,0.5,0,0,0,0.0,0,True,2,1,0,,,0,0,0,True,0,Google Trust Services,81,False,,,0.2367
https://www.deckshop.pro/,www.deckshop.pro,0,25,0,2,0,3.3278,1,1,0,0,1,0,0,0.1667,2,0,2,0,pro,0.5,0,0,0,0.0,0,True,2,1,0,,,0,0,0,True,0,Google Trust Services,51,False,,,0.2832
https://3658yohu3200.cc/,3658yohu3200.cc,1,24,0,1,8,3.5069,0,1,0,0,1,0,0,0.0,0,0,0,0,cc,0.5,0,0,0,0.0,0,True,3,0,0,45,Dynadot Inc,0,0,1,True,0,Let's Encrypt,44,False,,,0.2201
https://www.ieee.org/,www.ieee.org,0,21,0,2,0,2.6258,1,1,0,0,1,0,0,0.0,0,0,0,0,org,0.1,1,0,0,0.0,0,True,8,1,0,13387,"Network Solutions, LLC",0,0,1,True,0,Amazon,87,False,,,0.0825
https://www.coolermaster.com/en-in,www.coolermaster.com,0,34,0,2,0,3.3464,1,1,0,0,6,0,0,0.0,0,0,0,0,com,0.15,1,0,0,0.0,0,True,2,0,0,11035,"GoDaddy.com, LLC",0,0,1,True,0,Google Trust Services,56,False,,,0.1119
https://www.efsyn.gr/,www.efsyn.gr,0,21,0,2,0,3.0221,1,1,0,0,1,0,0,0.0,0,0,0,0,gr,0.5,0,0,0,0.0,0,True,3,1,0,,,0,0,0,True,0,Let's Encrypt,67,False,,,0.2104
https://hatenablog-parts.com,hatenablog-parts.com,0,28,1,1,0,3.8842,0,1,0,0,0,0,0,0.0833,1,0,1,0,com,0.15,1,0,0,0.0,0,True,2,0,1,4240,GANDI SAS,0,0,1,True,0,Let's Encrypt,84,False,,,0.156
https://latestgrowing.com/help/index.html,latestgrowing.com,0,41,0,1,0,3.7345,0,1,0,0,16,0,0,0.0,0,0,0,0,com,0.15,1,0,0,0.0,0,False,0,0,0,1491,"Amazon Registrar, Inc.",0,0,1,False,0,,,,,,0.1197
https://zenhabits.net,zenhabits.net,0,21,0,1,0,3.2389,0,1,0,0,0,0,0,0.0,0,0,0,0,net,0.22,1,0,0,0.0,0,True,2,1,1,7045,"Cloudflare, Inc.",0,1,1,True,0,Google Trust Services,81,False,,,0.1308
https://ggpht.com/api/v1/status,ggpht.com,0,31,0,1,0,2.9477,0,1,0,0,14,0,0,0.0,0,0,0,0,com,0.15,1,0,0,0.0,0,False,0,0,0,6767,"MarkMonitor, Inc.",0,0,1,False,0,,,,,,0.104
https://fortxl.top/,fortxl.top,1,19,0,1,0,2.9219,0,1,0,0,1,0,0,0.0,0,0,0,0,top,0.9,1,0,0,0.0,0,False,0,0,0,115,PDR Ltd. d/b/a PublicDomainRegistry.com,0,1,1,False,0,,,,,,0.3284
https://mainidfreefire07-dotcom.github.io/grgdgdgdfds/,mainidfreefire07-dotcom.github.io,1,54,1,2,2,4.0408,1,1,0,0,13,0,0,0.0,0,0,0,0,io,0.28,1,0,0,0.0,0,True,4,1,0,,,0,0,0,True,0,Let's Encrypt,36,False,,,0.1648
https://facebook-loginacc.blogspot.com/?m=1,facebook-loginacc.blogspot.com,1,43,1,2,0,3.7899,1,1,0,0,1,1,2,0.0,0,0,0,0,com,0.15,1,0,0,0.0,0,True,2,1,0,,,0,0,0,True,0,Google Trust Services,55,False,,,0.1208
https://facebook-ilham.blogspot.com/,facebook-ilham.blogspot.com,1,36,1,2,0,3.8805,1,1,0,0,1,0,0,0.0,0,0,0,0,com,0.15,1,0,0,0.0,0,True,2,1,0,,,0,0,0,True,0,Google Trust Services,55,False,,,0.1226
http://sp5ct-purem-biz8-vorek-salin.pages.dev/appeals/submit-appeal-form/return,sp5ct-purem-biz8-vorek-salin.pages.dev,1,79,4,2,2,4.3135,1,0,0,0,34,0,0,0.0,0,0,0,0,dev,0.5,0,0,0,0.0,0,True,2,1,0,,,0,0,0,True,0,Google Trust Services,83,False,,,0.2363
https://86541.s3.amazonaws.com/i8k6qodt9krctlk17r94k94twj_n_bno_too95sa1sfblbd.html,86541.s3.amazonaws.com,1,83,0,3,6,3.7544,2,1,0,0,53,0,3,0.0,0,0,0,0,com,0.15,1,0,0,0.0,0,True,24,0,0,7649,"MarkMonitor, Inc.",0,0,1,True,0,Amazon,101,False,,,0.1201
https://newbharti.github.io/test/,newbharti.github.io,1,33,0,2,0,3.5766,1,1,0,0,6,0,0,0.0,0,0,0,0,io,0.28,1,0,0,0.0,0,True,4,1,0,,,0,0,0,True,0,Let's Encrypt,36,False,,,0.1555
http://kashishjoshi1301-glitch.github.io/Amazon-Clone,kashishjoshi1301-glitch.github.io,1,53,1,2,4,3.8937,1,0,0,0,13,0,0,0.0,0,0,0,0,io,0.28,1,0,0,0.0,0,True,4,1,0,,,0,0,0,True,0,Let's Encrypt,36,False,,,0.1619
http://sp5ct-tunor-biz8-lavex-firek.pages.dev/appeals/submit-appeal-form/return,sp5ct-tunor-biz8-lavex-firek.pages.dev,1,79,4,2,2,4.4058,1,0,0,0,34,0,0,0.0,0,0,0,0,dev,0.5,0,0,0,0.0,0,True,2,1,0,,,0,0,0,True,0,Google Trust Services,83,False,,,0.2381
https://www.ingles.com/,www.ingles.com,0,23,0,2,0,3.3249,1,1,0,0,1,0,0,0.0,0,0,0,0,com,0.15,1,0,0,0.0,0,True,2,1,0,10973,https://www.101domain.com/,0,1,1,True,0,Let's Encrypt,53,False,,,0.1115
https://www.facebookloginguidance.blogspot.com/,www.facebookloginguidance.blogspot.com,1,47,0,3,0,4.0235,2,1,0,0,1,0,0,0.0,0,0,0,0,com,0.15,1,0,0,0.0,0,True,2,1,0,,,0,0,0,False,0,,,False,,,0.1255
https://d41.co,d41.co,0,14,0,1,2,2.585,0,1,0,0,0,0,0,0.0,0,0,0,0,co,0.3,1,0,0,0.0,0,True,4,0,1,4401,"MarkMonitor, Inc.",0,0,1,True,0,Corporation Service Company,93,False,,,0.1417
http://sp5ct-porek-biz8-salun-firem.pages.dev/appeals/submit-appeal-form/return,sp5ct-porek-biz8-salun-firem.pages.dev,1,79,4,2,2,4.3661,1,0,0,0,34,0,0,0.0,0,0,0,0,dev,0.5,0,0,0,0.0,0,True,2,1,0,,,0,0,0,True,0,Google Trust Services,83,False,,,0.2373
http://facebookloginf.blogspot.com/,facebookloginf.blogspot.com,1,35,0,2,0,3.736,1,0,0,0,1,0,0,0.0,0,0,0,0,com,0.15,1,0,0,0.0,0,True,2,1,0,,,0,0,0,True,0,Google Trust Services,55,False,,,0.1197
https://vikiplatform.com/about,vikiplatform.com,0,30,0,1,0,3.625,0,1,0,0,6,0,0,0.0,0,0,0,0,com,0.15,1,0,0,0.0,0,False,0,0,0,2755,GANDI SAS,0,0,1,False,0,,,,,,0.1175
http://start-ldger-en-x.pages.dev/,start-ldger-en-x.pages.dev,1,34,3,2,0,3.6714,1,0,0,0,1,0,0,0.0,0,0,0,0,dev,0.5,0,0,0,0.0,0,True,2,1,0,,,0,0,0,True,0,Google Trust Services,54,False,,,0.2234
https://info.cloudinfolibrary.com/c/1pU4vePmTo0k8GAL33G7uxvxmza,info.cloudinfolibrary.com,1,63,0,2,0,3.6537,1,1,0,0,30,0,0,0.0833,1,0,1,0,com,0.15,1,0,0,0.0,0,True,8,0,1,1742,"GoDaddy.com, LLC",0,0,1,True,0,Amazon,106,False,,,0.1514
https://kundan3930.github.io/NetflixDemofrntnd/,kundan3930.github.io,1,47,0,2,4,3.8219,1,1,0,0,19,0,0,0.0,0,0,0,0,io,0.28,1,0,0,0.0,0,True,4,1,0,,,0,0,0,True,0,Let's Encrypt,36,False,,,0.1604
https://www.cpsc.gov/,www.cpsc.gov,0,21,0,2,0,2.8554,1,1,0,0,1,0,0,0.0833,1,0,1,0,gov,0.03,1,0,0,0.0,0,True,1,1,0,10526,get.gov,0,1,1,True,0,DigiCert Inc,161,False,,,0.0994
https://www.xuexi.cn/index.html,www.xuexi.cn,0,31,0,2,0,2.8554,1,1,0,0,11,0,0,0.0,0,0,0,0,cn,0.5,0,0,0,0.0,0,True,4,0,0,8533,阿里云计算有限公司（万网）,0,0,1,True,0,GlobalSign nv-sa,187,False,,,0.2071
https://helixo.co,helixo.co,0,17,0,1,0,2.9477,0,1,0,0,0,0,0,0.0,0,0,0,0,co,0.3,1,0,0,0.0,0,True,2,1,1,2532,"Cloudflare, Inc.",0,1,1,True,0,Google Trust Services,75,False,,,0.149
https://k2twonline.com/api/v1/status,k2twonline.com,0,36,0,1,1,3.5216,0,1,0,0,14,0,0,0.0,0,0,0,0,com,0.15,1,0,0,0.0,0,False,0,0,1,3163,"Amazon Registrar, Inc.",0,0,1,False,0,,,,,,0.1154
https://nodacdn.ru/en-us/home,nodacdn.ru,0,29,0,1,0,2.9219,0,1,0,0,11,0,0,0.0,0,0,0,0,ru,0.5,0,0,0,0.0,0,True,1,1,1,,,0,0,0,False,0,,,,,,0.2084
https://worldblogged.com,worldblogged.com,0,24,0,1,0,3.3278,0,1,0,0,0,0,0,0.0,0,0,0,0,com,0.15,1,0,0,0.0,0,True,2,1,1,2656,NAMECHEAP INC,0,1,1,True,0,Google Trust Services,61,False,,,0.1116
https://sgo453071-arch.github.io/P-2/,sgo453071-arch.github.io,1,37,1,2,6,4.1683,1,1,0,0,5,0,0,0.0,0,0,0,0,io,0.28,1,0,0,0.0,0,True,4,1,0,,,0,0,0,True,0,Let's Encrypt,36,False,,,0.1674
http://a43h0-jjy-v5grc9-2ko-6sm3.pages.dev/,a43h0-jjy-v5grc9-2ko-6sm3.pages.dev,1,43,4,2,8,4.4436,1,0,0,0,1,0,0,0.0,0,0,0,0,dev,0.5,0,0,0,0.0,0,True,2,1,0,,,0,0,0,True,0,Google Trust Services,61,False,,,0.2389
http://3658friy59238.cc/,3658friy59238.cc,1,24,0,1,9,3.5,0,0,0,0,1,0,0,0.0,0,0,0,0,cc,0.5,0,0,0,0.0,0,True,3,0,0,36,Dynadot Inc,0,0,1,True,0,Let's Encrypt,53,False,,,0.22
http://login-check-sog-fr.osc-fr1.scalingo.io/login.php,login-check-sog-fr.osc-fr1.scalingo.io,1,55,4,3,1,3.8103,2,0,0,0,10,0,0,0.2333,1,0,1,1,io,0.28,1,0,0,0.0,0,True,4,0,0,4289,GANDI SAS,0,0,1,True,0,Gandi SAS,45,False,,,0.2535
https://www.scarymommy.com,www.scarymommy.com,0,26,0,2,0,3.0169,1,1,0,0,0,0,0,0.0,0,0,0,0,com,0.15,1,0,0,0.0,0,True,4,0,0,6702,"Amazon Registrar, Inc.",0,0,1,True,0,Amazon,127,False,,,0.1053
https://intercom-messenger.com/blog/help,intercom-messenger.com,0,40,1,1,0,3.4251,0,1,0,0,10,0,0,0.0,0,0,0,0,com,0.15,1,0,0,0.0,0,False,0,0,0,2602,"Amazon Registrar, Inc.",0,0,1,False,0,,,,,,0.1135
https://sp5ct-garem-biz8-vurex-halon.pages.dev/,sp5ct-garem-biz8-vurex-halon.pages.dev,1,47,4,2,2,4.386,1,1,0,0,1,0,0,0.0,0,0,0,0,dev,0.5,0,0,0,0.0,0,True,2,1,0,,,0,0,0,True,0,Google Trust Services,83,False,,,0.2377
http://22266.de-infokonto.com/,22266.de-infokonto.com,1,30,1,2,5,3.6069,1,0,0,0,1,0,0,0.0,0,0,0,0,com,0.15,1,0,0,0.0,0,True,2,1,0,70,PDR Ltd. d/b/a PublicDomainRegistry.com,0,0,1,True,0,Let's Encrypt,78,False,,,0.1171
https://proxycheck.io,proxycheck.io,0,21,0,1,0,3.3927,0,1,0,0,0,0,0,0.0,0,0,0,0,io,0.28,1,0,0,0.0,0,True,3,1,1,3758,NAMECHEAP INC,0,0,1,True,0,Google Trust Services,52,False,,,0.1519
https://partners-show.com,partners-show.com,0,25,1,1,0,3.7345,0,1,0,0,0,0,0,0.0,0,0,0,0,com,0.15,1,0,0,0.0,0,True,1,0,0,775,"GoDaddy.com, LLC",0,0,1,False,0,,,,,,0.1197
http://norqula-gld-fentavi-p4t7hq87.pages.dev/,norqula-gld-fentavi-p4t7hq87.pages.dev,1,46,3,2,4,4.3462,1,0,0,0,1,0,0,0.0,0,0,0,0,dev,0.5,0,0,0,0.0,0,True,2,1,0,,,0,0,0,True,0,Google Trust Services,83,False,,,0.2369
https://astrodsp.com/blog/pricing,astrodsp.com,0,33,0,1,0,3.2516,0,1,0,0,13,0,0,0.0,0,0,0,0,com,0.15,1,0,0,0.0,0,False,0,0,0,2964,"Amazon Registrar, Inc.",0,0,1,False,0,,,,,,0.11
https://alfamart.co.id,alfamart.co.id,0,22,0,2,0,3.3249,1,1,0,0,0,0,0,0.0,0,0,0,0,id,0.5,0,0,0,0.0,0,True,1,0,1,,,0,0,0,True,0,Sectigo Limited,46,False,,,0.2165
https://xelmora-gld-fentavi-p3t9dk61.pages.dev/,xelmora-gld-fentavi-p3t9dk61.pages.dev,1,47,3,2,4,4.3462,1,1,0,0,1,0,0,0.0,0,0,0,0,dev,0.5,0,0,0,0.0,0,True,2,1,0,,,0,0,0,True,0,Google Trust Services,83,False,,,0.2369
https://yourdomain.com/support/contact,yourdomain.com,0,38,0,1,0,3.3249,0,1,0,0,16,0,0,0.0,0,0,0,0,com,0.15,1,0,0,0.0,0,True,1,0,1,10661,"GoDaddy.com, LLC",0,0,1,False,0,,,False,,,0.1115
https://www.creativebloq.com/,www.creativebloq.com,0,29,0,2,0,3.6842,1,1,0,0,1,0,0,0.0,0,0,0,0,com,0.15,1,0,0,0.0,0,True,4,0,0,,,0,0,0,True,0,Let's Encrypt,60,False,,,0.1187
https://www.instagram-five-gamma.vercel.app/,www.instagram-five-gamma.vercel.app,1,44,2,3,0,3.9113,2,1,0,0,1,0,0,0.1667,2,0,2,0,app,0.35,1,0,0,0.0,0,True,2,0,0,,,0,0,0,False,0,,,False,,,0.2499
https://ji2362.craftum.io/,ji2362.craftum.io,1,26,0,2,4,3.7345,1,1,0,0,1,0,0,0.0,0,0,0,0,io,0.28,1,0,0,0.0,0,True,1,0,0,1937,"Regional Network Information Center, JSC dba RU-CENTER",0,0,1,True,0,GlobalSign nv-sa,144,False,,,0.1587
https://www.izotope.com/,www.izotope.com,0,24,0,2,0,3.1396,1,1,0,0,1,0,0,0.0,0,0,0,0,com,0.15,1,0,0,0.0,0,True,1,1,0,9432,NAMECHEAP INC,0,1,1,True,0,Let's Encrypt,51,False,,,0.1078
http://qtzxv0bskra-mkrjbzwur-1e4f7c-xv111a.pages.dev/,qtzxv0bskra-mkrjbzwur-1e4f7c-xv111a.pages.dev,1,53,3,2,7,4.5191,1,0,0,0,1,0,0,0.0,0,0,0,0,dev,0.5,0,0,0,0.0,0,True,2,1,0,,,0,0,0,True,0,Google Trust Services,83,False,,,0.2404
http://sp5ct-varek-biz8-nulor-pamex.pages.dev/appeals/submit-appeal-form/return,sp5ct-varek-biz8-nulor-pamex.pages.dev,1,79,4,2,2,4.3661,1,0,0,0,34,0,0,0.0,0,0,0,0,dev,0.5,0,0,0,0.0,0,True,2,1,0,,,0,0,0,True,0,Google Trust Services,83,False,,,0.2373
https://www.uta.edu/,www.uta.edu,0,20,0,2,0,2.6635,1,1,0,0,1,0,0,0.0833,1,0,1,0,edu,0.02,1,0,0,0.0,0,True,4,1,0,14741,,0,0,1,True,0,Internet2,4,False,,,0.0926
https://zohopublic.eu,zohopublic.eu,0,21,0,1,0,3.3927,0,1,0,0,0,0,0,0.0,0,0,0,0,eu,0.5,0,0,0,0.0,0,True,1,0,1,,CSC CORPORATE DOMAINS INC.,0,0,1,True,0,Let's Encrypt,81,False,,,0.2179
https://www.facebook-viideos-app-1.blogspot.com/,www.facebook-viideos-app-1.blogspot.com,1,48,3,3,1,4.0923,2,1,0,0,1,0,0,0.0833,1,0,1,0,com,0.15,1,0,0,0.0,0,True,2,1,0,,,0,0,0,False,0,,,False,,,0.1602
https://www.aao.org/,www.aao.org,0,20,0,2,0,2.4817,1,1,0,0,1,0,0,0.0,0,0,0,0,org,0.1,1,0,0,0.0,0,True,4,0,0,11305,"NETWORK SOLUTIONS, LLC.",0,0,1,True,0,Amazon,191,False,,,0.0796
https://www.e15.cz/,www.e15.cz,0,19,0,2,2,2.6464,1,1,0,0,1,0,0,0.0,0,0,0,0,cz,0.5,0,0,0,0.0,0,True,1,0,0,6915,REG-WEBGLOBE,0,0,1,True,0,Let's Encrypt,43,False,,,0.2029
https://ffacebooklogin.blogspot.com/?m=1,ffacebooklogin.blogspot.com,1,40,0,2,0,3.736,1,1,0,0,1,1,2,0.0,0,0,0,0,com,0.15,1,0,0,0.0,0,True,2,1,0,,,0,0,0,True,0,Google Trust Services,55,False,,,0.1197
http://sp6ct-nelquar-biz8-frosik-daven.pages.dev/appeals/submit-appeal-form/return,sp6ct-nelquar-biz8-frosik-daven.pages.dev,1,82,4,2,2,4.3939,1,0,0,0,34,0,0,0.0,0,0,0,0,dev,0.5,0,0,0,0.0,0,True,2,1,0,,,0,0,0,True,0,Google Trust Services,83,False,,,0.2379
http://sp3ct-rovsel-biz8-kelqor-mufed.pages.dev/appeals/submit-appeal-form/return,sp3ct-rovsel-biz8-kelqor-mufed.pages.dev,1,81,4,2,2,4.3628,1,0,0,0,34,0,0,0.0,0,0,0,0,dev,0.5,0,0,0,0.0,0,True,2,1,0,,,0,0,0,True,0,Google Trust Services,82,False,,,0.2373
http://sp5ct-kurel-biz8-fonex-ramik.pages.dev/appeals/submit-appeal-form/return,sp5ct-kurel-biz8-fonex-ramik.pages.dev,1,79,4,2,2,4.4585,1,0,0,0,34,0,0,0.0,0,0,0,0,dev,0.5,0,0,0,0.0,0,True,2,1,0,,,0,0,0,True,0,Google Trust Services,83,False,,,0.2392
https://www.uk-facebook.blogspot.com/,www.uk-facebook.blogspot.com,1,37,1,3,0,3.8388,2,1,0,0,1,0,0,0.0,0,0,0,0,com,0.15,1,0,0,0.0,0,True,2,1,0,,,0,0,0,False,0,,,False,,,0.1218
https://onlyfans.com,onlyfans.com,0,20,0,1,0,3.2516,0,1,0,0,0,0,0,0.0,0,0,0,0,com,0.15,1,0,0,0.0,0,True,2,0,1,4927,"GoDaddy Corporate Domains, LLC",0,0,1,True,0,Let's Encrypt,79,False,,,0.11
https://www.amboss.com/int,www.amboss.com,0,26,0,2,0,2.8963,1,1,0,0,4,0,0,0.0,0,0,0,0,com,0.15,1,0,0,0.0,0,True,4,0,0,4533,"Amazon Registrar, Inc.",0,0,1,True,0,Amazon,171,False,,,0.1029
https://streamrecorder.io,streamrecorder.io,0,25,0,1,0,3.2195,0,1,0,0,0,0,0,0.0,0,0,0,0,io,0.28,1,0,0,0.0,0,True,2,1,1,1641,"NameCheap, Inc.",0,0,1,True,0,Google Trust Services,31,False,,,0.1484
https://e-elgar.com/team/index.html,e-elgar.com,0,35,1,1,0,3.2776,0,1,0,0,16,0,0,0.0,0,0,0,0,com,0.15,1,0,0,0.0,0,True,1,0,1,10981,Total Registrations,0,1,1,False,0,,,,,,0.1106
https://hackmd.io,hackmd.io,0,17,0,1,0,3.1699,0,1,0,0,0,0,0,0.0,0,0,0,0,io,0.28,1,0,0,0.0,0,True,2,1,1,4116,GANDI SAS,0,0,1,True,0,Amazon,189,False,,,0.1474
http://sp25ct7-xervok-biz-zalsik-domfen.pages.dev/,sp25ct7-xervok-biz-zalsik-domfen.pages.dev,1,50,4,2,3,4.4696,1,0,0,0,1,0,0,0.1667,2,0,2,0,dev,0.5,0,0,0,0.0,0,True,2,1,0,,,0,0,0,True,0,Google Trust Services,80,False,,,0.3061
https://www.increasefollowersforinstagram.blogspot.com/,www.increasefollowersforinstagram.blogspot.com,1,55,0,3,0,3.9468,2,1,0,0,1,0,0,0.0,0,0,0,0,com,0.15,1,0,0,0.0,0,True,2,1,0,,,0,0,0,False,0,,,False,,,0.1239
https://humorous-methods-192582.framer.app/,humorous-methods-192582.framer.app,1,43,2,2,6,4.1385,1,1,0,0,1,0,0,0.0833,1,0,1,0,app,0.35,1,0,0,0.0,0,True,2,0,0,,,0,0,0,True,0,Let's Encrypt,37,False,,,0.2211
https://rehold.com/en-us/home,rehold.com,0,29,0,1,0,3.1219,0,1,0,0,11,0,0,0.0,0,0,0,0,com,0.15,1,0,0,0.0,0,False,0,0,0,4227,"GoDaddy.com, LLC",0,0,1,False,0,,,,,,0.1074
https://www.bgsu.edu/,www.bgsu.edu,0,21,0,2,0,2.8554,1,1,0,0,1,0,0,0.0,0,0,0,0,edu,0.02,1,0,0,0.0,0,True,2,0,0,14666,,0,0,1,True,0,"GoDaddy.com, Inc.",64,False,,,0.0631
https://www.thegazette.com/,www.thegazette.com,0,27,0,2,0,3.2663,1,1,0,0,1,0,0,0.0,0,0,0,0,com,0.15,1,0,0,0.0,0,True,3,1,0,10778,"Network Solutions, LLC",0,0,1,True,0,SSL Corporation,73,False,,,0.1103
https://www.thecollector.com/,www.thecollector.com,0,29,0,2,0,3.2087,1,1,0,0,1,0,0,0.0,0,0,0,0,com,0.15,1,0,0,0.0,0,True,4,0,0,8269,"GoDaddy.com, LLC",0,0,1,True,0,Let's Encrypt,64,False,,,0.1092
https://instagram-users.blogspot.com/?m=1,instagram-users.blogspot.com,1,41,1,2,0,3.9233,1,1,0,0,1,1,2,0.0,0,0,0,0,com,0.15,1,0,0,0.0,0,True,2,1,0,,,0,0,0,True,0,Google Trust Services,55,False,,,0.1235
https://www.google.com/,www.google.com,0,23,0,2,0,2.8424,1,1,0,0,1,0,0,0.0,0,0,0,0,com,0.15,1,0,0,0.0,0,True,8,1,0,10543,"MarkMonitor, Inc.",0,0,1,True,0,Google Trust Services,55,False,,,0.1018
http://www.facebook-hack-accounts.blogspot.com/,www.facebook-hack-accounts.blogspot.com,1,47,2,3,0,3.9679,2,0,0,0,1,0,0,0.0,0,0,0,0,com,0.15,1,0,0,0.0,0,True,2,1,0,,,0,0,0,False,0,,,False,,,0.1244
https://azurewebsites.net,azurewebsites.net,0,25,0,1,0,3.3816,0,1,0,0,0,0,0,0.0,0,0,0,0,net,0.22,1,0,0,0.0,0,False,0,0,0,5298,MarkMonitor Inc.,0,0,1,False,0,,,,,,0.1336
https://www.new36-3-1-766.vercel.app/,www.new36-3-1-766.vercel.app,1,37,3,3,7,3.6995,2,1,0,0,1,0,0,0.0833,1,0,1,0,app,0.35,1,0,0,0.0,0,True,2,0,0,,,0,0,0,False,0,,,False,,,0.2123
https://www.outletcity.com/de/metzingen/,www.outletcity.com,0,40,0,2,0,3.3083,1,1,0,0,14,0,0,0.0,0,0,0,0,com,0.15,1,0,0,0.0,0,True,1,0,0,8886,Key-Systems GmbH,0,1,1,True,0,Sectigo Limited,236,False,,,0.1112
https://www.freshworks.com/freshservice/,www.freshworks.com,0,40,0,2,0,3.281,1,1,0,0,14,0,0,0.0,0,0,0,0,com,0.15,1,0,0,0.0,0,True,2,0,0,10391,"GoDaddy.com, LLC",0,0,1,True,0,Google Trust Services,84,False,,,0.1106
http://facebook-vn.blogspot.com/,facebook-vn.blogspot.com,1,32,1,2,0,3.8512,1,0,0,0,1,0,0,0.0,0,0,0,0,com,0.15,1,0,0,0.0,0,True,2,1,0,,,0,0,0,True,0,Google Trust Services,55,False,,,0.122
https://aws.amazon.com/lightsail/,aws.amazon.com,0,33,0,2,0,3.0391,1,1,0,0,11,0,0,0.0833,1,0,1,0,com,0.15,1,0,0,0.0,0,True,8,1,0,11591,"MarkMonitor, Inc.",0,0,1,True,0,Amazon,81,False,,,0.1391
https://bhavyabiharhealth.in/pricing/index.html,bhavyabiharhealth.in,0,47,0,1,0,3.3219,0,1,0,0,19,0,0,0.0,0,0,0,0,in,0.2,1,0,0,0.0,0,True,1,0,1,1358,"Name.com, Inc.",0,0,1,False,0,,,,,,0.1264
https://bmtr.org/en-us/home,bmtr.org,0,27,0,1,0,2.75,0,1,0,0,11,0,0,0.0,0,0,0,0,org,0.1,1,0,0,0.0,0,False,0,0,0,48,"Amazon Registrar, Inc.",0,0,1,False,0,,,,,,0.085
https://hga050.com,hga050.com,0,18,0,1,3,3.1219,0,1,0,0,0,0,0,0.0,0,0,0,0,com,0.15,1,0,0,0.0,0,True,1,0,0,3882,"TUCOWS.COM, CO.",0,1,1,True,0,DigiCert Inc,131,False,,,0.1074
https://web-web-embed-iframe-test-harness-uniswap.vercel.app/explore/tokens/solana/NATIVE,web-web-embed-iframe-test-harness-uniswap.vercel.app,1,89,6,2,0,3.9878,1,1,0,0,29,0,0,0.4167,3,0,5,0,app,0.35,1,0,0,0.0,0,True,2,0,0,,,0,0,0,True,0,Google Trust Services,60,False,,,0.3514
https://www.italotreno.com/it,www.italotreno.com,0,29,0,2,0,3.4194,1,1,0,0,3,0,0,0.0,0,0,0,0,com,0.15,1,0,0,0.0,0,True,2,0,0,5951,"TUCOWS.COM, CO.",0,0,1,True,0,DigiCert Inc,23,False,,,0.1134
https://untd.com/company/overview/,untd.com,0,34,0,1,0,3.0,0,1,0,0,18,0,0,0.0,0,0,0,0,com,0.15,1,0,0,0.0,0,True,2,0,1,,,0,0,0,True,0,"GoDaddy.com, Inc.",80,False,,,0.105
https://hud.gov/products,hud.gov,0,24,0,1,0,2.8074,0,1,0,0,9,0,0,0.0833,1,0,1,0,gov,0.03,1,0,0,0.0,0,True,1,1,1,10526,get.gov,0,1,1,False,0,,,,,,0.0985
http://www.x30m.top/,www.x30m.top,1,20,0,2,2,3.0221,1,0,0,0,1,0,0,0.0,0,0,0,0,top,0.9,1,0,0,0.0,0,True,2,0,0,,,0,0,0,True,0,Let's Encrypt,67,False,,,0.3304
http://xelveta-gld-lormavi-c7x5hp43.pages.dev/appeals/submit-appeal-form/return,xelveta-gld-lormavi-c7x5hp43.pages.dev,1,79,3,2,4,4.2737,1,0,0,0,34,0,0,0.0,0,0,0,0,dev,0.5,0,0,0,0.0,0,True,2,1,0,,,0,0,0,True,0,Google Trust Services,83,False,,,0.2355
https://teevee.com,teevee.com,0,18,0,1,0,2.5219,0,1,0,0,0,0,0,0.0,0,0,0,0,com,0.15,1,0,0,0.0,0,True,4,0,1,11125,"GoDaddy.com, LLC",0,0,1,True,0,Amazon,78,False,,,0.0954
https://www.codecademy.com/,www.codecademy.com,0,27,0,2,0,3.086,1,1,0,0,1,0,0,0.0,0,0,0,0,com,0.15,1,0,0,0.0,0,True,2,1,0,,,0,0,0,True,0,Google Trust Services,62,False,,,0.1067
https://videyk.com,videyk.com,0,18,0,1,0,3.3219,0,1,0,0,0,0,0,0.0,0,0,0,0,com,0.15,1,0,0,0.0,0,True,1,0,1,,,0,0,0,True,0,Let's Encrypt,82,False,,,0.1114
https://www.roblox.com.mu/games/98065699401974/My-AI-Chatbot?privateServerLinkCode=04755297302411910983594039850173,www.roblox.com.mu,1,115,0,3,0,3.1307,2,1,0,0,35,1,2,0.0,0,0,0,0,mu,0.5,0,0,0,0.0,0,True,1,0,0,51,Register.mu,0,0,1,True,0,Let's Encrypt,43,False,,,0.2126
http://fiturmenu-idd.actglio.my.id/,fiturmenu-idd.actglio.my.id,1,35,1,3,0,3.8842,2,0,0,0,1,0,0,0.0,0,0,0,0,id,0.5,0,0,0,0.0,0,False,0,0,0,,,0,0,0,False,0,,,,,,0.2277
https://www.wiscnet.net/,www.wiscnet.net,0,24,0,2,0,2.8402,1,1,0,0,1,0,0,0.0,0,0,0,0,net,0.22,1,0,0,0.0,0,True,4,0,0,13217,GANDI SAS,0,0,1,True,0,Let's Encrypt,47,False,,,0.1228
https://medal.tv,medal.tv,0,16,0,1,0,3.0,0,1,0,0,0,0,0,0.0,0,0,0,0,tv,0.5,0,0,0,0.0,0,True,2,0,1,3227,"Cloudflare, Inc.",0,0,1,True,0,Google Trust Services,88,False,,,0.21
http://financetracker-6il.pages.dev/,financetracker-6il.pages.dev,1,36,1,2,1,3.9947,1,0,0,0,1,0,0,0.0,0,0,0,0,dev,0.5,0,0,0,0.0,0,True,2,1,0,,,0,0,0,True,0,Let's Encrypt,86,False,,,0.2299
https://snhgj6bdrun-xvtlyspli-3a2b9f-snq33c.pages.dev/,snhgj6bdrun-xvtlyspli-3a2b9f-snq33c.pages.dev,1,54,3,2,6,4.5971,1,1,0,0,1,0,0,0.0,0,0,0,0,dev,0.5,0,0,0,0.0,0,True,2,1,0,,,0,0,0,True,0,Google Trust Services,83,False,,,0.2419
https://www.roblox.com.bi/games/920587237/-Adopt-Me?privateServerLinkCode=77315815755093459758324311911963,www.roblox.com.bi,1,106,0,3,0,3.1307,2,1,0,0,26,1,2,0.0,0,0,0,0,bi,0.5,0,0,0,0.0,0,True,1,0,0,144,Afriregister1,0,0,1,True,0,Let's Encrypt,38,False,,,0.2126
https://freefire-reward-code-com.blogspot.com/,freefire-reward-code-com.blogspot.com,1,46,3,2,0,3.8925,1,1,0,0,1,0,0,0.0,0,0,0,1,com,0.15,1,0,0,0.0,0,True,2,1,0,,,0,0,0,True,0,Google Trust Services,55,False,,,0.1229
https://www.polskieradio.pl/,www.polskieradio.pl,0,28,0,2,0,3.4714,1,1,0,0,1,0,0,0.0,0,0,0,0,pl,0.5,0,0,0,0.0,0,True,1,0,0,8957,nazwa.pl sp. z o.o.,0,0,1,True,0,DigiCert Inc,162,False,,,0.2194
https://eajzzxhro.com,eajzzxhro.com,0,21,0,1,0,3.3927,0,1,0,0,0,0,0,0.0,0,0,0,0,com,0.15,1,0,0,0.0,0,False,0,0,0,416,"NameCheap, Inc.",0,0,1,False,0,,,,,,0.1129
https://noureaures.github.io/htlm-index,noureaures.github.io,1,39,0,2,0,3.5842,1,1,0,0,11,0,0,0.0,0,0,0,0,io,0.28,1,0,0,0.0,0,True,4,1,0,,,0,0,0,True,0,Let's Encrypt,36,False,,,0.1557
https://kdply74lowi-zfnrw204nhb-4a8c9f-lxp02p.pages.dev/,kdply74lowi-zfnrw204nhb-4a8c9f-lxp02p.pages.dev,1,56,3,2,10,4.6979,1,1,0,0,1,0,0,0.0,0,0,0,0,dev,0.5,0,0,0,0.0,0,True,2,1,0,,,0,0,0,True,0,Google Trust Services,83,False,,,0.244
https://pulitzer.org,pulitzer.org,0,20,0,1,0,3.4183,0,1,0,0,0,0,0,0.0,0,0,0,0,org,0.1,1,0,0,0.0,0,True,2,0,1,11394,"NETWORK SOLUTIONS, LLC.",0,0,1,True,0,Google Trust Services,55,False,,,0.0984
https://allawnofs.com/products,allawnofs.com,0,30,0,1,0,3.2389,0,1,0,0,9,0,0,0.0,0,0,0,0,com,0.15,1,0,0,0.0,0,False,0,0,0,2022,Key-Systems GmbH,0,1,1,False,0,,,,,,0.1098
http://xelquro-gld-zentela-c7x1hp98.pages.dev/appeals/submit-appeal-form/return,xelquro-gld-zentela-c7x1hp98.pages.dev,1,79,3,2,4,4.3764,1,0,0,0,34,0,0,0.0,0,0,0,0,dev,0.5,0,0,0,0.0,0,True,2,1,0,,,0,0,0,True,0,Google Trust Services,83,False,,,0.2375
https://janjii33.com,janjii33.com,0,20,0,1,2,3.085,0,1,0,0,0,0,0,0.0,0,0,0,0,com,0.15,1,0,0,0.0,0,True,2,0,0,345,"NameCheap, Inc.",0,0,1,True,0,Google Trust Services,39,False,,,0.1067
http://sp3ct-zarnel-biz8-forsik-lupad.pages.dev/appeals/submit-appeal-form/return,sp3ct-zarnel-biz8-forsik-lupad.pages.dev,1,81,4,2,2,4.3464,1,0,0,0,34,0,0,0.0,0,0,0,0,dev,0.5,0,0,0,0.0,0,True,2,1,0,,,0,0,0,True,0,Google Trust Services,82,False,,,0.2369
https://lne.es/blog/profile,lne.es,0,27,0,1,0,2.2516,0,1,0,0,13,0,0,0.0833,1,0,1,0,es,0.5,0,0,0,0.0,0,True,1,0,1,,,0,0,0,False,0,,,,,,0.2284
https://422550.xyz/search?q=pricing,422550.xyz,0,35,0,1,6,2.9219,0,1,0,0,7,1,2,0.0,0,0,0,0,xyz,0.94,1,0,0,0.0,0,False,0,0,0,,,0,0,0,False,0,,,,,,0.3404
http://kaitaaskjdjkx123x123.cfd/,kaitaaskjdjkx123x123.cfd,1,32,0,1,6,3.6887,0,0,0,0,1,0,0,0.0,0,0,0,0,cfd,0.5,0,0,0,0.0,0,True,1,0,0,,,0,0,0,False,0,,,False,,,0.2238
https://www.roblox.com.am/users/271884621218/profile,www.roblox.com.am,1,52,0,3,0,3.1307,2,1,0,0,27,0,0,0.0,0,0,0,0,am,0.5,0,0,0,0.0,0,True,1,0,0,,name (NAME LLC),0,0,1,True,0,Let's Encrypt,72,False,,,0.2126
http://zjstr2bpzgobk-qcfzk98plsi-0e1f4a-flo7c.pages.dev/appeals/submit-appeal-form/return,zjstr2bpzgobk-qcfzk98plsi-0e1f4a-flo7c.pages.dev,1,89,3,2,7,4.6573,1,0,0,0,34,0,0,0.0,0,0,0,0,dev,0.5,0,0,0,0.0,0,True,2,1,0,,,0,0,0,True,0,Google Trust Services,82,False,,,0.2431
http://sp3ct-vaskor-biz8-limqet-forun.pages.dev/,sp3ct-vaskor-biz8-limqet-forun.pages.dev,1,48,4,2,2,4.4842,1,0,0,0,1,0,0,0.0,0,0,0,0,dev,0.5,0,0,0,0.0,0,True,2,1,0,,,0,0,0,True,0,Google Trust Services,81,False,,,0.2397
https://www.rededorsaoluiz.com.br/,www.rededorsaoluiz.com.br,0,34,0,3,0,3.7231,2,1,0,0,1,0,0,0.0,0,0,0,0,br,0.5,0,0,0,0.0,0,True,8,1,0,4401,,0,0,1,True,0,Let's Encrypt,65,False,,,0.2245
https://playerinfinite.com/api/v1/status,playerinfinite.com,0,40,0,1,0,3.6835,0,1,0,0,14,0,0,0.0,0,0,0,0,com,0.15,1,0,0,0.0,0,False,0,0,1,1511,"MarkMonitor, Inc.",0,0,1,False,0,,,,,,0.1187
https://9085443.s3.amazonaws.com/c2kvfbgpf9ugf3swibz1pb9y7ka40itce26ivrnykl2ay_0.html,9085443.s3.amazonaws.com,1,85,0,3,8,3.7721,2,1,0,0,53,0,1,0.0,0,0,0,0,com,0.15,1,0,0,0.0,0,True,24,0,0,7649,MarkMonitor Inc.,0,0,1,True,0,Amazon,101,False,,,0.1204
https://www.robiox.com.py/games/97598239454123/Grow-a-Garden-2?privateServerLinkCode=775877898108768636180976317168,www.robiox.com.py,1,115,0,3,0,3.2484,2,1,0,0,37,1,2,0.0,0,0,0,0,py,0.5,0,0,0,0.0,0,True,1,0,0,,,0,0,0,True,0,Let's Encrypt,72,False,,,0.215
https://anywhereworks.com,anywhereworks.com,0,25,0,1,0,3.6169,0,1,0,0,0,0,0,0.0,0,0,0,0,com,0.15,1,0,0,0.0,0,True,4,1,1,8730,"GoDaddy.com, LLC",0,0,1,True,0,Google Trust Services,80,False,,,0.1173
https://www.chefkoch.de/,www.chefkoch.de,0,24,0,2,0,3.0566,1,1,0,0,1,0,0,0.0,0,0,0,0,de,0.5,0,0,0,0.0,0,True,4,0,0,,,0,0,0,True,0,Let's Encrypt,75,False,,,0.2111
https://xn--fiqz3fu6de3b63agzw9z8g.com/blog/news,xn--fiqz3fu6de3b63agzw9z8g.com,0,48,2,1,7,4.3232,0,1,0,0,10,0,0,0.0,0,0,0,0,com,0.15,1,1,0,0.6,1,False,0,0,0,4394,Xin Net Technology Corporation,0,0,1,False,0,,,,,,0.2515
http://facebook-carol.blogspot.com/,facebook-carol.blogspot.com,1,35,1,2,0,3.708,1,0,0,0,1,0,0,0.0,0,0,0,0,com,0.15,1,0,0,0.0,0,True,2,1,0,,,0,0,0,True,0,Google Trust Services,55,False,,,0.1192
https://22lkys32pj0zl2vbip82oqe.live/search?q=docs,22lkys32pj0zl2vbip82oqe.live,0,50,0,1,8,3.9372,0,1,0,0,7,1,2,0.0833,1,0,1,0,live,0.6,1,0,0,0.0,0,False,0,0,0,,,0,0,0,False,0,,,,,,0.2921
https://megared.net.mx/en-us/home,megared.net.mx,0,33,0,2,0,3.182,1,1,0,0,11,0,0,0.0,0,0,0,0,mx,0.5,0,0,0,0.0,0,True,2,0,1,10424,"AKKY ONLINE SOLUTIONS, S.A. DE C.V.",0,0,1,False,0,,,False,,,0.2136
http://kropt-vlypx-skrunt-8pu59a-wjkv-zbytor.pages.dev/,kropt-vlypx-skrunt-8pu59a-wjkv-zbytor.pages.dev,1,55,5,2,3,4.4348,1,0,0,0,1,0,0,0.0,0,0,0,0,dev,0.5,0,0,0,0.0,0,True,2,1,0,,,0,0,0,True,0,Google Trust Services,81,False,,,0.2387
http://sp5ct-vorax-biz8-furem-lanik.pages.dev/appeals/submit-appeal-form/return,sp5ct-vorax-biz8-furem-lanik.pages.dev,1,79,4,2,2,4.4714,1,0,0,0,34,0,0,0.0,0,0,0,0,dev,0.5,0,0,0,0.0,0,True,2,1,0,,,0,0,0,True,0,Google Trust Services,83,False,,,0.2394
https://tcd664jnhw-zclodolpw-3b5a9d-zwu3r.pages.dev/,tcd664jnhw-zclodolpw-3b5a9d-zwu3r.pages.dev,1,52,3,2,7,4.5539,1,1,0,0,1,0,0,0.0,0,0,0,0,dev,0.5,0,0,0,0.0,0,True,2,1,0,,,0,0,0,True,0,Google Trust Services,81,False,,,0.2411
https://www.instagram-users.blogspot.com/,www.instagram-users.blogspot.com,1,41,1,3,0,3.9917,2,1,0,0,1,0,0,0.0,0,0,0,0,com,0.15,1,0,0,0.0,0,True,2,1,0,,,0,0,0,False,0,,,False,,,0.1248
http://sp5ct-hurek-biz8-ramev-soliq.pages.dev/appeals/submit-appeal-form/return,sp5ct-hurek-biz8-ramev-soliq.pages.dev,1,79,4,2,2,4.386,1,0,0,0,34,0,0,0.0,0,0,0,0,dev,0.5,0,0,0,0.0,0,True,2,1,0,,,0,0,0,True,0,Google Trust Services,83,False,,,0.2377
https://opifors.com/search?q=pricing,opifors.com,0,36,0,1,0,3.0272,0,1,0,0,7,1,2,0.0,0,0,0,0,com,0.15,1,0,0,0.0,0,True,40,0,0,376,"GoDaddy.com, LLC",0,0,1,False,0,,,,,,0.1055
https://caniuse.com,caniuse.com,0,19,0,1,0,3.2776,0,1,0,0,0,0,0,0.0,0,0,0,0,com,0.15,1,0,0,0.0,0,True,1,0,1,5935,"TUCOWS.COM, CO.",0,1,1,True,0,Let's Encrypt,81,False,,,0.1106
http://facebook-us.blogspot.com/,facebook-us.blogspot.com,1,32,1,2,0,3.7679,1,0,0,0,1,0,0,0.0,0,0,0,0,com,0.15,1,0,0,0.0,0,True,2,1,0,,,0,0,0,True,0,Google Trust Services,55,False,,,0.1204
https://www.rsa.com/,www.rsa.com,0,20,0,2,0,2.8454,1,1,0,0,1,0,0,0.0,0,0,0,0,com,0.15,1,0,0,0.0,0,True,1,0,0,,,0,0,0,True,0,Let's Encrypt,61,False,,,0.1019
https://impervasecuredns.net/products,impervasecuredns.net,0,37,0,1,0,3.6219,0,1,0,0,9,0,0,0.0,0,0,0,0,net,0.22,1,0,0,0.0,0,False,0,0,0,2028,"MarkMonitor, Inc.",0,0,1,False,0,,,,,,0.1384
http://benaqrix-biz-plamvureta-c7x5dy82.pages.dev/,benaqrix-biz-plamvureta-c7x5dy82.pages.dev,1,50,3,2,4,4.5172,1,0,0,0,1,0,0,0.1667,2,0,2,0,dev,0.5,0,0,0,0.0,0,True,2,1,0,,,0,0,0,True,0,Google Trust Services,55,False,,,0.307
http://www.3658coni569.cc/,www.3658coni569.cc,1,26,0,2,7,3.3083,1,0,0,0,1,0,0,0.0,0,0,0,0,cc,0.5,0,0,0,0.0,0,True,3,0,0,32,Dynadot Inc,0,0,1,False,0,,,,,,0.2162
https://www.nixplay.com/,www.nixplay.com,0,24,0,2,0,3.4566,1,1,0,0,1,0,0,0.0,0,0,0,0,com,0.15,1,0,0,0.0,0,True,1,1,0,4876,"ENOM, INC.",0,1,1,True,0,Let's Encrypt,32,False,,,0.1141
https://www.google.com/,www.google.com,0,23,0,2,0,2.8424,1,1,0,0,1,0,0,0.0,0,0,0,0,com,0.15,1,0,0,0.0,0,True,8,1,0,10543,MarkMonitor Inc.,0,0,1,True,0,Google Trust Services,55,False,,,0.1018
http://zjstr85lkwwm-qcfzk65zwur-5b7f0a-skr6p.pages.dev/appeals/submit-appeal-form/return,zjstr85lkwwm-qcfzk65zwur-5b7f0a-skr6p.pages.dev,1,88,3,2,8,4.5911,1,0,0,0,34,0,0,0.0,0,0,0,0,dev,0.5,0,0,0,0.0,0,True,2,1,0,,,0,0,0,True,0,Google Trust Services,82,False,,,0.2418
https://123rutor.su,123rutor.su,0,19,0,1,3,3.0958,0,1,0,0,0,0,0,0.0,0,0,0,0,su,0.5,0,0,0,0.0,0,True,2,0,0,,,0,0,0,True,0,Let's Encrypt,68,False,,,0.2119
http://sp29ct-fartok-biz-hemsel-kavqor.pages.dev/,sp29ct-fartok-biz-hemsel-kavqor.pages.dev,1,49,4,2,2,4.3939,1,0,0,0,1,0,0,0.1667,2,0,2,0,dev,0.5,0,0,0,0.0,0,True,2,1,0,,,0,0,0,True,0,Google Trust Services,80,False,,,0.3046
https://www.peek.com/,www.peek.com,0,21,0,2,0,2.8554,1,1,0,0,1,0,0,0.0,0,0,0,0,com,0.15,1,0,0,0.0,0,True,2,1,0,11437,"GoDaddy.com, LLC",0,0,1,True,0,Google Trust Services,68,False,,,0.1021
http://sp3ct-halqik-biz8-renvak-lusor.pages.dev/appeals/submit-appeal-form/return,sp3ct-halqik-biz8-renvak-lusor.pages.dev,1,81,4,2,2,4.4153,1,0,0,0,34,0,0,0.0,0,0,0,0,dev,0.5,0,0,0,0.0,0,True,2,1,0,,,0,0,0,True,0,Google Trust Services,82,False,,,0.2383
https://fordaq.com,fordaq.com,0,18,0,1,0,3.1219,0,1,0,0,0,0,0,0.0,0,0,0,0,com,0.15,1,0,0,0.0,0,True,2,1,1,9593,GANDI SAS,0,0,1,True,0,Google Trust Services,82,False,,,0.1074
https://www.cuatro.com/,www.cuatro.com,0,23,0,2,0,3.0391,1,1,0,0,1,0,0,0.0,0,0,0,0,com,0.15,1,0,0,0.0,0,True,1,0,0,10338,"acens Technologies, S.L.U.",0,1,1,True,0,DigiCert Inc,53,False,,,0.1058
http://pldwf57jnhw-qtzxv76olpw-9b0a8d-ltp12c.pages.dev/welcome_aboard/,pldwf57jnhw-qtzxv76olpw-9b0a8d-ltp12c.pages.dev,1,70,3,2,9,4.7244,1,0,0,0,16,0,1,0.0,0,0,0,0,dev,0.5,0,0,0,0.0,0,True,2,1,0,,,0,0,0,True,0,Google Trust Services,83,False,,,0.2445
https://www.askgamblers.com/,www.askgamblers.com,0,28,0,2,0,3.5766,1,1,0,0,1,0,0,0.0,0,0,0,0,com,0.15,1,0,0,0.0,0,True,2,1,0,,,0,0,0,True,0,Let's Encrypt,44,False,,,0.1165
https://www.groupe-sncf.com/fr,www.groupe-sncf.com,0,30,1,2,0,3.6819,1,1,0,0,3,0,0,0.0,0,0,0,0,com,0.15,1,0,0,0.0,0,True,2,1,0,3318,SafeBrands SAS,0,1,1,True,0,Google Trust Services,51,False,,,0.1186
https://online-facebook-privacy.blogspot.com/,online-facebook-privacy.blogspot.com,1,45,2,2,0,4.107,1,1,0,0,1,0,0,0.0,0,0,0,0,com,0.15,1,0,0,0.0,0,True,2,1,0,,,0,0,0,True,0,Google Trust Services,55,False,,,0.1271
https://www.ros.ie/oidc/login?client_id=rosint_rp,www.ros.ie,0,49,0,2,0,2.6464,1,1,0,0,11,1,4,0.0,0,0,0,0,ie,0.5,0,0,0,0.0,0,True,1,0,0,9511,Dept of Public Expenditure,0,0,1,True,0,Sectigo Limited,145,False,,,0.2029
https://www.facebookprofilelinks.blogspot.com/,www.facebookprofilelinks.blogspot.com,1,46,0,3,0,3.9723,2,1,0,0,1,0,0,0.0,0,0,0,0,com,0.15,1,0,0,0.0,0,True,2,1,0,,,0,0,0,False,0,,,False,,,0.1244
https://marianswoman.org/,marianswoman.org,1,25,0,1,0,3.2028,0,1,0,0,1,0,0,0.0,0,0,0,0,org,0.1,1,0,0,0.0,0,True,2,1,0,116,"NameCheap, Inc.",0,0,1,True,0,Let's Encrypt,32,False,,,0.0941
https://www.tuwien.at/,www.tuwien.at,0,22,0,2,0,2.7774,1,1,0,0,1,0,0,0.0,0,0,0,0,at,0.5,0,0,0,0.0,0,True,1,0,0,,Ledl.net GmbH & Co. KG ( https://nic.at/registrar/32 ),0,0,1,True,0,Hellenic Academic and Research Institutions CA,193,False,,,0.2055
https://www.amherst.edu/,www.amherst.edu,0,24,0,2,0,3.3232,1,1,0,0,1,0,0,0.0,0,0,0,0,edu,0.02,1,0,0,0.0,0,True,4,0,0,13335,,0,0,1,True,0,Amazon,228,False,,,0.0725
http://qtwiz-skrunt-qtwiz-d8e215-rgtt-blidex.pages.dev/,qtwiz-skrunt-qtwiz-d8e215-rgtt-blidex.pages.dev,1,55,5,2,4,4.3901,1,0,0,0,1,0,0,0.0,0,0,0,0,dev,0.5,0,0,0,0.0,0,True,2,1,0,,,0,0,0,True,0,Google Trust Services,81,False,,,0.2378
https://guns.lol/,guns.lol,0,17,0,1,0,2.75,0,1,0,0,1,0,0,0.0,0,0,0,0,lol,0.5,0,0,0,0.0,0,True,2,1,1,,,0,0,0,True,0,Google Trust Services,50,False,,,0.205
https://afamily.vn,afamily.vn,0,18,0,1,0,3.1219,0,1,0,0,0,0,0,0.0,0,0,0,0,vn,0.5,0,0,0,0.0,0,True,1,0,1,,,0,0,0,True,0,GlobalSign nv-sa,213,False,,,0.2124
http://mnhw751mjw-jfrimgrel-6b3d0e-blu4n.pages.dev/,mnhw751mjw-jfrimgrel-6b3d0e-blu4n.pages.dev,1,51,3,2,7,4.6005,1,0,0,0,1,0,0,0.0,0,0,0,0,dev,0.5,0,0,0,0.0,0,True,2,1,0,,,0,0,0,True,0,Google Trust Services,81,False,,,0.242
https://tsmship.com/spec/,tsmship.com,1,25,0,1,0,3.0958,0,1,0,0,6,0,0,0.0,0,0,0,0,com,0.15,1,0,0,0.0,0,True,1,0,1,,,0,0,0,True,0,Let's Encrypt,62,False,,,0.1069
https://www.robiox.com.py/users/336328622146/profile,www.robiox.com.py,1,52,0,3,0,3.2484,2,1,0,0,27,0,0,0.0,0,0,0,0,py,0.5,0,0,0,0.0,0,True,1,0,0,,,0,0,0,True,0,Let's Encrypt,72,False,,,0.215
https://workers-infra.com/search?q=news,workers-infra.com,0,39,1,1,0,3.6901,0,1,0,0,7,1,2,0.0,0,0,0,0,com,0.15,1,0,0,0.0,0,False,0,0,0,810,1API GmbH,0,0,1,False,0,,,,,,0.1188
http://sp5ct-tamek-biz8-hurel-forin.pages.dev/appeals/submit-appeal-form/return,sp5ct-tamek-biz8-hurel-forin.pages.dev,1,79,4,2,2,4.4585,1,0,0,0,34,0,0,0.0,0,0,0,0,dev,0.5,0,0,0,0.0,0,True,2,1,0,,,0,0,0,True,0,Google Trust Services,83,False,,,0.2392
https://personal.nedbank.co.za/home.html,personal.nedbank.co.za,0,40,0,3,0,3.6292,2,1,0,0,10,0,0,0.0833,1,0,1,0,za,0.5,0,0,0,0.0,0,True,2,1,0,,,0,0,0,True,0,IdenTrust,58,False,,,0.2559
https://www.ashampoo.com/en-us,www.ashampoo.com,0,30,0,2,0,3.0306,1,1,0,0,6,0,0,0.0,0,0,0,0,com,0.15,1,0,0,0.0,0,True,2,0,0,9861,"Amazon Registrar, Inc.",0,0,1,True,0,Amazon,95,False,,,0.1056
https://tp.edu.tw/search?q=signup,tp.edu.tw,0,33,0,2,0,2.7255,1,1,0,0,7,1,2,0.0,0,0,0,0,tw,0.5,0,0,0,0.0,0,False,0,0,1,,,0,0,0,False,0,,,,,,0.2045
https://informacion-para-usted.zya.me/,informacion-para-usted.zya.me,1,38,2,2,0,4.0304,1,1,0,0,1,0,0,0.0,0,0,0,0,me,0.5,0,0,0,0.0,0,True,1,0,0,,,0,0,0,True,0,ZeroSSL GmbH,47,False,,,0.2306
http://buildtovaro.click/,buildtovaro.click,1,25,0,1,0,3.6169,0,0,0,0,1,0,0,0.0,0,0,0,0,click,0.88,1,0,0,0.0,0,True,2,1,0,83,"Dynadot, LLC",0,0,1,True,0,Let's Encrypt,65,False,,,0.3363
https://marzaent.com,marzaent.com,0,20,0,1,0,3.2516,0,1,0,0,0,0,0,0.0,0,0,0,0,com,0.15,1,0,0,0.0,0,True,2,1,0,158,"NameCheap, Inc.",0,0,1,True,0,Google Trust Services,52,False,,,0.11
https://naver.me,naver.me,0,16,0,1,0,2.75,0,1,0,0,0,0,0,0.0,0,0,0,0,me,0.5,0,0,0,0.0,0,True,2,0,0,,,0,0,0,True,0,DigiCert Inc,164,False,,,0.205
http://www.win-rblox.blogspot.com/?m=1,www.win-rblox.blogspot.com,1,38,1,3,0,3.7483,2,0,0,0,1,1,2,0.0,0,0,0,0,com,0.15,1,0,0,0.0,0,True,2,1,0,,,0,0,0,False,0,,,False,,,0.12
https://www.doclasse.com/,www.doclasse.com,0,25,0,2,0,3.2028,1,1,0,0,1,0,0,0.0,0,0,0,0,com,0.15,1,0,0,0.0,0,True,4,0,0,7936,"Japan Registry Services Co.,Ltd.(JPRS)",0,0,1,True,0,GlobalSign nv-sa,115,False,,,0.1091
https://i.gal/9EPYm,i.gal,1,19,0,1,0,2.3219,0,1,0,0,6,0,0,0.0833,1,0,1,0,gal,0.5,0,0,0,0.0,0,True,1,0,1,3573,Asociacion PuntoGal,0,0,1,True,0,Let's Encrypt,88,False,,,0.2298
http://77v-bqgb7-8074z-cy9gp-q6su.pages.dev/,77v-bqgb7-8074z-cy9gp-q6su.pages.dev,1,44,4,2,9,4.2045,1,0,0,0,1,0,0,0.0,0,0,0,0,dev,0.5,0,0,0,0.0,0,True,2,1,0,,,0,0,0,True,0,Google Trust Services,64,False,,,0.2341
https://sp4ct-zarvulen-biz8-durem-fasok.pages.dev/,sp4ct-zarvulen-biz8-durem-fasok.pages.dev,1,50,4,2,2,4.3939,1,1,0,0,1,0,0,0.0,0,0,0,0,dev,0.5,0,0,0,0.0,0,True,2,1,0,,,0,0,0,True,0,Google Trust Services,83,False,,,0.2379
http://xfinitygfrsds.weeblysite.com/,xfinitygfrsds.weeblysite.com,1,36,0,2,0,4.0122,1,0,0,0,1,0,0,0.0,0,0,0,0,com,0.15,1,0,0,0.0,0,True,2,0,0,4969,"MarkMonitor, Inc.",0,0,1,True,0,Google Trust Services,39,False,,,0.1252
http://www.antonetegailofficial.blogspot.com/,www.antonetegailofficial.blogspot.com,1,45,0,3,0,3.8543,2,0,0,0,1,0,0,0.0,0,0,0,0,com,0.15,1,0,0,0.0,0,True,2,1,0,,,0,0,0,False,0,,,False,,,0.1221
http://fortvent.pro/,fortvent.pro,1,20,0,1,0,3.085,0,0,0,0,1,0,0,0.1667,2,0,2,0,pro,0.5,0,0,0,0.0,0,True,2,1,0,,,0,0,0,True,0,Google Trust Services,51,False,,,0.2784
http://zh.wsp-whatapp.hl.cn/,zh.wsp-whatapp.hl.cn,1,28,1,3,0,3.4087,2,0,0,0,1,0,0,0.0,0,0,0,0,cn,0.5,0,0,0,0.0,0,True,1,0,0,,,0,0,0,True,0,Let's Encrypt,82,False,,,0.2182
https://playergo.top,playergo.top,0,20,0,1,0,3.2516,0,1,0,0,0,0,0,0.0,0,0,0,0,top,0.9,1,0,0,0.0,0,False,0,0,0,,,0,0,0,False,0,,,,,,0.335
https://onedumb.com/pricing/index.html,onedumb.com,0,38,0,1,0,3.0958,0,1,0,0,19,0,0,0.0,0,0,0,0,com,0.15,1,0,0,0.0,0,True,1,0,0,9365,PDR Ltd. d/b/a PublicDomainRegistry.com,0,1,1,False,0,,,,,,0.1069
https://aweray.net/support/contact,aweray.net,0,34,0,1,0,2.9219,0,1,0,0,16,0,0,0.0,0,0,0,0,net,0.22,1,0,0,0.0,0,False,0,0,1,2618,"NICENIC INTERNATIONAL GROUP CO., LIMITED",0,0,1,False,0,,,,,,0.1244
http://goo.su/meaxsis,goo.su,1,21,0,1,0,2.2516,0,0,0,0,8,0,0,0.0,0,0,0,0,su,0.5,0,0,0,0.0,0,True,1,0,1,,,0,0,0,True,0,GlobalSign nv-sa,168,False,,,0.195
https://www.readcube.com/,www.readcube.com,0,25,0,2,0,3.3278,1,1,0,0,1,0,0,0.0,0,0,0,0,com,0.15,1,0,0,0.0,0,True,3,1,0,7021,GANDI SAS,0,0,1,True,0,Google Trust Services,60,False,,,0.1116
https://www.carscommerce.inc/,www.carscommerce.inc,0,29,0,2,0,3.2842,1,1,0,0,1,0,0,0.0833,1,0,1,0,inc,0.5,0,0,0,0.0,0,True,2,0,0,1145,"MarkMonitor, Inc.",0,0,1,True,0,Let's Encrypt,60,False,,,0.249
https://fortevillageresort.com/products,fortevillageresort.com,0,39,0,1,0,3.6292,0,1,0,0,9,0,0,0.0,0,0,0,0,com,0.15,1,0,0,0.0,0,True,1,0,1,9797,Key-Systems GmbH,0,1,1,False,0,,,,,,0.1176
https://www.sexlilarab.com/,www.sexlilarab.com,0,27,0,2,0,3.5724,1,1,0,0,1,0,0,0.0,0,0,0,0,com,0.15,1,0,0,0.0,0,True,2,1,0,1075,"NameCheap, Inc.",0,0,1,True,0,Google Trust Services,35,False,,,0.1164
https://level27.be/nl,level27.be,0,21,0,1,2,2.6464,0,1,0,0,3,0,0,0.0,0,0,0,0,be,0.5,0,0,0,0.0,0,True,1,1,1,7893,,0,0,1,True,0,Let's Encrypt,50,False,,,0.2029
https://page-us-bridge.pages.dev/,page-us-bridge.pages.dev,1,33,2,2,0,3.5535,1,1,0,0,1,0,0,0.0,0,0,0,0,dev,0.5,0,0,0,0.0,0,True,2,1,0,,,0,0,0,True,0,Google Trust Services,63,False,,,0.2211
https://www.roblox.com.ml/games/2753915549/Blox-Fruits?privateServerLinkCode=364464748585966812177166571571,www.roblox.com.ml,1,107,0,3,0,3.0131,2,1,0,0,29,1,2,0.0,0,0,0,0,ml,0.93,1,0,0,0.0,0,True,1,0,0,,,0,0,0,True,0,Let's Encrypt,72,False,,,0.3393
https://hgyahned.pages.dev/,hgyahned.pages.dev,1,27,0,2,0,3.3502,1,1,0,0,1,0,0,0.0,0,0,0,0,dev,0.5,0,0,0,0.0,0,True,2,1,0,,,0,0,0,True,0,Google Trust Services,86,False,,,0.217
https://aaecosystem.com/en-us/home,aaecosystem.com,0,34,0,1,0,3.1069,0,1,0,0,11,0,0,0.0,0,0,0,0,com,0.15,1,0,0,0.0,0,False,0,0,0,,,0,0,0,False,0,,,,,,0.1071
https://yesporn.vip,yesporn.vip,0,19,0,1,0,3.2776,0,1,0,0,0,0,0,0.0,0,0,0,0,vip,0.5,0,0,0,0.0,0,True,2,1,1,1526,"GoDaddy.com, LLC",0,1,1,True,0,Google Trust Services,56,False,,,0.2156
https://icmdb.ru/help/index.html,icmdb.ru,0,32,0,1,0,3.0,0,1,0,0,16,0,0,0.0,0,0,0,0,ru,0.5,0,0,0,0.0,0,False,0,0,1,3350,RU-CENTER-RU,0,0,1,False,0,,,,,,0.21
http://kocin-logiiuixnlkg-io.godaddysites.com/,kocin-logiiuixnlkg-io.godaddysites.com,1,46,2,2,0,3.9156,1,0,0,0,1,0,0,0.0,0,0,0,0,com,0.15,1,0,0,0.0,0,True,2,0,0,4634,"GoDaddy.com, LLC",0,0,1,True,0,GoDaddy.com,165,False,,,0.1233
https://topsitenet.com/products,topsitenet.com,0,31,0,1,0,3.182,0,1,0,0,9,0,0,0.0,0,0,0,0,com,0.15,1,0,0,0.0,0,True,1,0,1,8600,"GoDaddy.com, LLC",0,0,1,True,0,Let's Encrypt,72,False,,,0.1086
https://gitlab.net/account/settings,gitlab.net,0,35,0,1,0,3.1219,0,1,0,0,17,0,0,0.0,0,0,0,0,net,0.22,1,0,0,0.0,0,False,0,0,0,8132,GANDI SAS,0,0,1,False,0,,,,,,0.1284
https://www.pcauto.com.cn/,www.pcauto.com.cn,0,26,0,3,0,3.1307,2,1,0,0,1,0,0,0.0,0,0,0,0,cn,0.5,0,0,0,0.0,0,True,13,0,0,,,0,0,0,True,0,GlobalSign nv-sa,88,False,,,0.2126
http://hello-1g.vercel.app/,hello-1g.vercel.app,1,27,1,2,1,3.5369,1,0,0,0,1,0,0,0.0833,1,0,1,0,app,0.35,1,0,0,0.0,0,True,2,0,0,,,0,0,0,True,0,Google Trust Services,60,False,,,0.2091
http://sp3ct-holqik-biz8-varsel-munod.pages.dev/appeals/submit-appeal-form/return,sp3ct-holqik-biz8-varsel-munod.pages.dev,1,81,4,2,2,4.4842,1,0,0,0,34,0,0,0.0,0,0,0,0,dev,0.5,0,0,0,0.0,0,True,2,1,0,,,0,0,0,True,0,Google Trust Services,82,False,,,0.2397
https://www.facebook-pi.blogspot.com/,www.facebook-pi.blogspot.com,1,37,1,3,0,3.8388,2,1,0,0,1,0,0,0.0,0,0,0,0,com,0.15,1,0,0,0.0,0,True,2,1,0,,,0,0,0,False,0,,,False,,,0.1218
http://blunp651sk-qvyrtnhb-3c4f0d-spl2i.pages.dev/,blunp651sk-qvyrtnhb-3c4f0d-spl2i.pages.dev,1,50,3,2,7,4.7193,1,0,0,0,1,0,0,0.0,0,0,0,0,dev,0.5,0,0,0,0.0,0,True,2,1,0,,,0,0,0,True,0,Google Trust Services,81,False,,,0.2444
https://directcall.gr/ffffdd/newpagechameloem.html,directcall.gr,1,50,0,1,0,3.2389,0,1,0,0,29,0,0,0.0,0,0,0,0,gr,0.5,0,0,0,0.0,0,True,1,0,1,,,0,0,0,True,0,Let's Encrypt,73,False,,,0.2148
https://mdakdnozxcbb.eu.cc/es,mdakdnozxcbb.eu.cc,1,29,0,2,0,3.5724,1,1,0,0,3,0,0,0.0,0,0,0,0,cc,0.5,0,0,0,0.0,0,True,1,0,0,10515,Gname.com Pte. Ltd.,0,1,1,True,0,Let's Encrypt,31,False,,,0.2214
https://ipxcdn.com/products,ipxcdn.com,0,27,0,1,0,3.1219,0,1,0,0,9,0,0,0.0,0,0,0,0,com,0.15,1,0,0,0.0,0,False,0,0,0,,,0,0,0,False,0,,,,,,0.1074
https://eba.gov.tr,eba.gov.tr,0,18,0,2,0,3.1219,1,1,0,0,0,0,0,0.25,3,0,3,0,tr,0.5,0,0,0,0.0,0,True,1,0,1,5669,,0,0,1,True,0,Sectigo Limited,228,False,,,0.3124
https://staticflickr.com/about,staticflickr.com,0,30,0,1,0,3.4528,0,1,0,0,6,0,0,0.0,0,0,0,0,com,0.15,1,0,0,0.0,0,False,0,0,0,7478,"GoDaddy Corporate Domains, LLC",0,0,1,False,0,,,,,,0.1141
https://icj-cij.org,icj-cij.org,0,19,1,1,0,2.914,0,1,0,0,0,0,0,0.0,0,0,0,0,org,0.1,1,0,0,0.0,0,True,2,1,1,10708,"NETWORK SOLUTIONS, LLC.",0,0,1,True,0,Google Trust Services,46,False,,,0.0883
http://sp3ct-lovrik-biz8-hurqor-fased.pages.dev/appeals/submit-appeal-form/return,sp3ct-lovrik-biz8-hurqor-fased.pages.dev,1,81,4,2,2,4.4153,1,0,0,0,34,0,0,0.0,0,0,0,0,dev,0.5,0,0,0,0.0,0,True,2,1,0,,,0,0,0,True,0,Google Trust Services,82,False,,,0.2383
http://www.instagramlogin99.blogspot.com/,www.instagramlogin99.blogspot.com,1,41,0,3,2,3.8849,2,0,0,0,1,0,0,0.0,0,0,0,0,com,0.15,1,0,0,0.0,0,True,2,1,0,,,0,0,0,False,0,,,False,,,0.1227
https://authsuiviappro.fr/suivre_approvisionnement_secure/,authsuiviappro.fr,1,58,0,1,0,3.4992,0,1,0,0,33,0,2,0.0,0,0,0,0,fr,0.5,0,0,0,0.0,0,False,0,0,0,3,Hostinger operations UAB,1,0,1,False,0,,,,,,0.22
https://www.facebook-clone-mu-six.vercel.app/,www.facebook-clone-mu-six.vercel.app,1,45,3,3,0,4.1206,2,1,0,0,1,0,0,0.1667,2,0,2,0,app,0.35,1,0,0,0.0,0,True,2,0,0,,,0,0,0,False,0,,,False,,,0.2541
https://aos.rw/login,aos.rw,0,20,0,1,0,2.585,0,1,0,0,6,0,0,0.0,0,0,0,0,rw,0.5,0,0,0,0.0,0,True,1,0,1,4462,AOS,0,0,1,True,0,DigiCert Inc,47,False,,,0.2017
https://fnac.com,fnac.com,0,16,0,1,0,2.75,0,1,0,0,0,0,0,0.0,0,0,0,0,com,0.15,1,0,0,0.0,0,True,2,0,1,,,0,0,0,True,0,Sectigo Limited,143,False,,,0.1
https://sattamatka.email,sattamatka.email,0,24,0,1,0,2.8522,0,1,0,0,0,0,0,0.0,0,0,0,0,email,0.5,0,0,0,0.0,0,True,2,1,0,,,0,0,0,True,0,Google Trust Services,59,False,,,0.207
http://facebook.szcpit.com/,facebook.szcpit.com,1,27,0,2,0,3.6421,1,0,0,0,1,0,0,0.0,0,0,0,0,com,0.15,1,0,0,0.0,0,True,1,0,0,148,"GMO Internet, Inc.",0,1,1,False,0,,,False,,,0.1178
https://rbcode.net/v/87d1b9692d51e2750cc136f559a41fff,rbcode.net,1,53,0,1,0,3.1219,0,1,0,0,35,0,0,0.0,0,0,0,0,net,0.22,1,0,0,0.0,0,True,1,0,0,34,"GoDaddy.com, LLC",0,0,1,True,0,Let's Encrypt,57,False,,,0.1284
https://kundelik.kz/search?q=signup,kundelik.kz,0,35,0,1,0,3.0272,0,1,0,0,7,1,2,0.0,0,0,0,0,kz,0.5,0,0,0,0.0,0,True,7,0,1,,ICPS,0,0,1,False,0,,,,,,0.2105
http://sp5ct-sarik-biz8-hurel-fonex.pages.dev/appeals/submit-appeal-form/return,sp5ct-sarik-biz8-hurel-fonex.pages.dev,1,79,4,2,2,4.4386,1,0,0,0,34,0,0,0.0,0,0,0,0,dev,0.5,0,0,0,0.0,0,True,2,1,0,,,0,0,0,True,0,Google Trust Services,83,False,,,0.2388
https://www.ukg.com/,www.ukg.com,0,20,0,2,0,2.8454,1,1,0,0,1,0,0,0.0833,1,0,1,0,com,0.15,1,0,0,0.0,0,True,2,1,0,,,0,0,0,True,0,Google Trust Services,51,False,,,0.1352
https://absicherung-kontakt.com/unavailable,absicherung-kontakt.com,1,43,1,1,0,4.0018,0,1,0,0,12,0,0,0.0833,1,0,1,0,com,0.15,1,0,0,0.0,0,True,1,0,0,2,PDR Ltd. d/b/a PublicDomainRegistry.com,1,0,1,True,0,Let's Encrypt,87,False,,,0.1584
https://dvema.com/support/contact,dvema.com,0,33,0,1,0,2.9477,0,1,0,0,16,0,0,0.0,0,0,0,0,com,0.15,1,0,0,0.0,0,True,1,0,1,,,0,0,0,False,0,,,,,,0.104
https://www.space.com/,www.space.com,0,22,0,2,0,3.027,1,1,0,0,1,0,0,0.0,0,0,0,0,com,0.15,1,0,0,0.0,0,True,2,0,0,,,0,0,0,True,0,Let's Encrypt,52,False,,,0.1055
https://www.slu.edu/,www.slu.edu,0,20,0,2,0,2.6635,1,1,0,0,1,0,0,0.0833,1,0,1,0,edu,0.02,1,0,0,0.0,0,True,1,0,0,13620,,0,0,1,True,0,Internet2,109,False,,,0.0926
https://eddiebauer.com,eddiebauer.com,0,22,0,1,0,3.3249,0,1,0,0,0,0,0,0.0,0,0,0,0,com,0.15,1,0,0,0.0,0,True,1,1,1,10627,MarkMonitor Inc.,0,0,1,True,0,Let's Encrypt,86,False,,,0.1115
https://apnews.com,apnews.com,0,18,0,1,0,3.3219,0,1,0,0,0,0,0,0.0,0,0,0,0,com,0.15,1,0,0,0.0,0,True,2,1,1,12800,"Network Solutions, LLC",0,0,1,True,0,Let's Encrypt,52,False,,,0.1114
https://awsdns-07.net,awsdns-07.net,0,21,1,1,2,3.3927,0,1,0,0,0,0,0,0.0,0,0,0,0,net,0.22,1,0,0,0.0,0,False,0,0,0,5758,"MarkMonitor, Inc.",0,0,1,False,0,,,,,,0.1339
https://tetes-air.pages.dev/dp/B086PFKYVH/,tetes-air.pages.dev,1,42,1,2,0,3.4058,1,1,0,0,15,0,0,0.0,0,0,0,0,dev,0.5,0,0,0,0.0,0,True,2,1,0,,,0,0,0,True,0,Google Trust Services,59,False,,,0.2181
https://mybcapps.com/api/v1/status,mybcapps.com,0,34,0,1,0,3.085,0,1,0,0,14,0,0,0.0,0,0,0,0,com,0.15,1,0,0,0.0,0,False,0,0,1,3525,"Amazon Registrar, Inc.",0,1,1,False,0,,,,,,0.1067
https://fortdoto.top/,fortdoto.top,1,21,0,1,0,2.5221,0,1,0,0,1,0,0,0.0,0,0,0,0,top,0.9,1,0,0,0.0,0,False,0,0,0,144,PDR Ltd. d/b/a PublicDomainRegistry.com,0,1,1,False,0,,,,,,0.3204
http://sp3ct-qurnik-biz8-zelqas-horud.pages.dev/appeals/submit-appeal-form/return,sp3ct-qurnik-biz8-zelqas-horud.pages.dev,1,81,4,2,2,4.4342,1,0,0,0,34,0,0,0.0,0,0,0,0,dev,0.5,0,0,0,0.0,0,True,2,1,0,,,0,0,0,True,0,Google Trust Services,82,False,,,0.2387
https://www.edupage.org/,www.edupage.org,0,24,0,2,0,3.1899,1,1,0,0,1,0,0,0.0,0,0,0,0,org,0.1,1,0,0,0.0,0,True,1,1,0,7563,"GoDaddy.com, LLC",0,0,1,True,0,Sectigo Limited,177,False,,,0.0938
http://facebooksecure.blogspot.com/,facebooksecure.blogspot.com,1,35,0,2,0,3.7505,1,0,0,0,1,0,0,0.0,0,0,0,0,com,0.15,1,0,0,0.0,0,True,2,1,0,,,0,0,0,True,0,Google Trust Services,55,False,,,0.12
https://www.netafraz.com/,www.netafraz.com,0,25,0,2,0,3.4528,1,1,0,0,1,0,0,0.0,0,0,0,0,com,0.15,1,0,0,0.0,0,True,1,0,0,6568,1API GmbH,0,1,1,True,0,Let's Encrypt,47,False,,,0.1141
https://heroiplataformavibratoriacaseiropromocao.lovable.app/,heroiplataformavibratoriacaseiropromocao.lovable.app,1,61,0,2,0,3.6707,1,1,0,0,1,0,0,0.0833,1,0,1,0,app,0.35,1,0,0,0.0,0,True,2,1,0,,,0,0,0,True,0,Google Trust Services,46,False,,,0.2117
http://sp3ct-veslor-biz8-purnik-fosem.pages.dev/appeals/submit-appeal-form/return,sp3ct-veslor-biz8-purnik-fosem.pages.dev,1,81,4,2,2,4.3531,1,0,0,0,34,0,0,0.0,0,0,0,0,dev,0.5,0,0,0,0.0,0,True,2,1,0,,,0,0,0,True,0,Google Trust Services,82,False,,,0.2371
http://sp3ct-zorvak-biz8-felqor-dasin.pages.dev/appeals/submit-appeal-form/return,sp3ct-zorvak-biz8-felqor-dasin.pages.dev,1,81,4,2,2,4.3653,1,0,0,0,34,0,0,0.0,0,0,0,0,dev,0.5,0,0,0,0.0,0,True,2,1,0,,,0,0,0,True,0,Google Trust Services,82,False,,,0.2373
https://proshop.dk,proshop.dk,0,18,0,1,0,2.9219,0,1,0,0,0,0,0,0.0,0,0,0,0,dk,0.5,0,0,0,0.0,0,True,2,1,1,11026,WANNAFIND.DK A/S,0,0,1,True,0,Google Trust Services,48,False,,,0.2084
https://www.747live.bet/,www.747live.bet,0,24,0,2,3,3.1899,1,1,0,0,1,0,0,0.0,0,0,0,0,bet,0.5,0,0,0,0.0,0,True,2,1,0,,,0,0,0,True,0,Google Trust Services,41,False,,,0.2138
https://srijjan.org/wp-includes/assets/nw_kkkr.html,srijjan.org,1,51,0,1,0,3.0958,0,1,0,0,32,0,1,0.0,0,0,0,0,org,0.1,1,0,0,0.0,0,True,1,0,1,661,PDR Ltd. d/b/a PublicDomainRegistry.com,0,0,1,True,0,Let's Encrypt,40,False,,,0.0919
http://sp3ct-tavlor-biz8-furnak-qidem.pages.dev/appeals/submit-appeal-form/return,sp3ct-tavlor-biz8-furnak-qidem.pages.dev,1,81,4,2,2,4.4842,1,0,0,0,34,0,0,0.0,0,0,0,0,dev,0.5,0,0,0,0.0,0,True,2,1,0,,,0,0,0,True,0,Google Trust Services,82,False,,,0.2397
https://ownmyserver.com,ownmyserver.com,0,23,0,1,0,3.3736,0,1,0,0,0,0,0,0.0,0,0,0,0,com,0.15,1,0,0,0.0,0,True,1,0,1,4653,PDR Ltd. d/b/a PublicDomainRegistry.com,0,0,1,True,0,Let's Encrypt,70,False,,,0.1125
https://meaxsis.us.cc/5g/home.html,meaxsis.us.cc,1,34,0,2,0,3.027,1,1,0,0,13,0,0,0.0,0,0,0,0,cc,0.5,0,0,0,0.0,0,True,1,0,0,7416,Gname.com Pte. Ltd.,0,1,1,True,0,Let's Encrypt,87,False,,,0.2105
https://ssinghjeevan143.github.io/Amazon-Clone/,ssinghjeevan143.github.io,1,47,0,2,3,3.9737,1,1,0,0,14,0,0,0.0,0,0,0,0,io,0.28,1,0,0,0.0,0,True,4,1,0,,,0,0,0,True,0,Let's Encrypt,36,False,,,0.1635
https://g20.org,g20.org,0,15,0,1,2,2.5216,0,1,0,0,0,0,0,0.0,0,0,0,0,org,0.1,1,0,0,0.0,0,True,4,1,0,9798,"Amazon Registrar, Inc.",0,1,1,True,0,Amazon,152,False,,,0.0804
https://s24cloud.net/support/contact,s24cloud.net,0,36,0,1,2,3.585,0,1,0,0,16,0,0,0.0,0,0,0,0,net,0.22,1,0,0,0.0,0,False,0,0,0,3456,"Amazon Registrar, Inc.",0,0,1,False,0,,,,,,0.1377
http://sp5ct-rasem-biz8-furek-vonil.pages.dev/appeals/submit-appeal-form/return,sp5ct-rasem-biz8-furek-vonil.pages.dev,1,79,4,2,2,4.386,1,0,0,0,34,0,0,0.0,0,0,0,0,dev,0.5,0,0,0,0.0,0,True,2,1,0,,,0,0,0,True,0,Google Trust Services,83,False,,,0.2377
https://www.punchbowl.com/,www.punchbowl.com,0,26,0,2,0,3.2639,1,1,0,0,1,0,0,0.0,0,0,0,0,com,0.15,1,0,0,0.0,0,True,4,0,0,9666,Moniker Online Services LLC,0,1,1,True,0,Amazon,169,False,,,0.1103
https://www.afdb.org/,www.afdb.org,0,21,0,2,0,3.0221,1,1,0,0,1,0,0,0.0,0,0,0,0,org,0.1,1,0,0,0.0,0,True,2,1,0,11775,Lexsynergy Limited,0,0,1,True,0,Google Trust Services,86,False,,,0.0904
https://sp4ct-lorvakon-biz8-karem-fosun.pages.dev/,sp4ct-lorvakon-biz8-karem-fosun.pages.dev,1,50,4,2,2,4.4059,1,1,0,0,1,0,0,0.0,0,0,0,0,dev,0.5,0,0,0,0.0,0,True,2,1,0,,,0,0,0,True,0,Google Trust Services,83,False,,,0.2381
https://www.stir.ac.uk/,www.stir.ac.uk,0,23,0,3,0,3.1281,2,1,0,0,1,0,0,0.0833,1,0,1,0,uk,0.5,0,0,0,0.0,0,True,2,0,0,10953,No registrar listed.  This domain is directly registered with Nominet.,0,0,1,True,0,Amazon,94,False,,,0.2459
https://www.sussexexpress.co.uk/,www.sussexexpress.co.uk,0,32,0,3,0,3.2247,2,1,0,0,1,0,0,0.0,0,0,0,0,uk,0.5,0,0,0,0.0,0,True,2,1,0,10725,Team Blue Internet Services UK Limited t/a Team Blue Internet Services Limited t/a names.co.uk [Tag = NAMESCO],0,0,1,True,0,Let's Encrypt,54,False,,,0.2145
https://litlife.club,litlife.club,0,20,0,1,0,3.0221,0,1,0,0,0,0,0,0.0,0,0,0,0,club,0.5,0,0,0,0.0,0,True,2,1,1,3847,TLD Registrar Solutions Ltd.,0,1,1,True,0,Google Trust Services,68,False,,,0.2104
http://www.facebookloginnew.blogspot.com/,www.facebookloginnew.blogspot.com,1,41,0,3,0,3.8243,2,0,0,0,1,0,0,0.0,0,0,0,0,com,0.15,1,0,0,0.0,0,True,2,1,0,,,0,0,0,False,0,,,False,,,0.1215
http://upholide-nvlrigin.godaddysites.com/,upholide-nvlrigin.godaddysites.com,1,42,1,2,0,4.1241,1,0,0,0,1,0,0,0.0,0,0,0,0,com,0.15,1,0,0,0.0,0,True,2,0,0,4634,"GoDaddy.com, LLC",0,0,1,True,0,GoDaddy.com,165,False,,,0.1275
https://gumlet.io,gumlet.io,0,17,0,1,0,3.1699,0,1,0,0,0,0,0,0.0,0,0,0,0,io,0.28,1,0,0,0.0,0,False,0,0,0,2439,"Cloudflare, Inc",0,0,1,False,0,,,,,,0.1474
http://sp5ct-varex-biz8-lunoq-festri.pages.dev/appeals/submit-appeal-form/return,sp5ct-varex-biz8-lunoq-festri.pages.dev,1,80,4,2,2,4.3943,1,0,0,0,34,0,0,0.0,0,0,0,0,dev,0.5,0,0,0,0.0,0,True,2,1,0,,,0,0,0,True,0,Google Trust Services,83,False,,,0.2379
https://aktiifkanpaylateryy.ipk.my.id/,aktiifkanpaylateryy.ipk.my.id,1,38,0,3,0,3.5645,2,1,0,0,1,0,0,0.0833,1,0,1,0,id,0.5,0,0,0,0.0,0,False,0,0,0,,,0,0,0,False,0,,,,,,0.2546
http://aktiffkan-paylater.zll.my.id/,aktiffkan-paylater.zll.my.id,1,36,1,3,0,3.8249,2,0,0,0,1,0,0,0.0,0,0,0,0,id,0.5,0,0,0,0.0,0,False,0,0,0,,,0,0,0,False,0,,,,,,0.2265
http://sp5ct-kasel-biz8-furem-horin.pages.dev/,sp5ct-kasel-biz8-furem-horin.pages.dev,1,46,4,2,2,4.4386,1,0,0,0,1,0,0,0.0,0,0,0,0,dev,0.5,0,0,0,0.0,0,True,2,1,0,,,0,0,0,True,0,Google Trust Services,83,False,,,0.2388
https://www.ojogodobicho.com/,www.ojogodobicho.com,0,29,0,2,0,3.1087,1,1,0,0,1,0,0,0.0,0,0,0,0,com,0.15,1,0,0,0.0,0,True,2,1,0,8904,"Cloudflare, Inc.",0,1,1,True,0,Google Trust Services,48,False,,,0.1072
https://pcbnr.jdevcloud.com//chili/boss/bien/msg.php,pcbnr.jdevcloud.com,1,52,0,2,0,3.6819,1,1,0,0,25,0,0,0.0,0,0,0,0,com,0.15,1,0,0,0.0,0,True,1,1,0,,,0,0,0,False,0,,,,,,0.1186
https://www.game-insight.com/en,www.game-insight.com,0,31,1,2,0,3.6842,1,1,0,0,3,0,0,0.0,0,0,0,0,com,0.15,1,0,0,0.0,0,True,2,1,0,6087,"GoDaddy.com, LLC",0,0,1,True,0,"GoDaddy.com, Inc.",16,False,,,0.1187
https://https-wvw-roblox.com/login?returnUrl=781491890,https-wvw-roblox.com,1,54,2,1,0,3.7842,0,1,0,0,6,1,2,0.0,0,0,0,0,com,0.15,1,0,0,0.0,0,True,1,0,0,,,0,0,0,True,0,Let's Encrypt,52,False,,,0.1207
https://4everdns.com/en-us/home,4everdns.com,0,31,0,1,1,3.4183,0,1,0,0,11,0,0,0.0,0,0,0,0,com,0.15,1,0,0,0.0,0,False,0,0,1,,,0,0,0,False,0,,,,,,0.1134
https://uq.edu.au/about,uq.edu.au,0,23,0,2,0,2.4194,1,1,0,0,6,0,0,0.0,0,0,0,0,au,0.5,0,0,0,0.0,0,True,1,0,1,,Education Services Australia Limited,0,0,1,True,0,DigiCert Inc,119,False,,,0.1984
https://vie-publique.fr,vie-publique.fr,0,23,1,1,0,3.5069,0,1,0,0,0,0,0,0.0833,1,0,1,0,fr,0.5,0,0,0,0.0,0,True,1,0,1,9036,NAMESHIELD,0,0,1,True,0,Sectigo Limited,212,False,,,0.2535
https://18490.xyz/,18490.xyz,1,18,0,1,5,3.1699,0,1,0,0,1,0,0,0.0,0,0,0,0,xyz,0.94,1,0,0,0.0,0,False,0,0,0,43,"GMO Internet, Inc.",0,1,1,False,0,,,,,,0.3454
https://ktnet.kg,ktnet.kg,0,16,0,1,0,2.5,0,1,0,0,0,0,0,0.0,0,0,0,0,kg,0.5,0,0,0,0.0,0,True,1,0,1,,,0,0,1,False,0,,,False,,,0.2
https://www.claimbux.vercel.app/,www.claimbux.vercel.app,1,32,0,3,0,3.6753,2,1,0,0,1,0,0,0.0833,1,0,1,0,app,0.35,1,0,0,0.0,0,True,2,0,0,,,0,0,0,False,0,,,False,,,0.2118
https://supersport.com,supersport.com,0,22,0,1,0,3.2359,0,1,0,0,0,0,0,0.0,0,0,0,0,com,0.15,1,0,0,0.0,0,True,1,0,1,,,0,0,0,True,0,DigiCert Inc,45,False,,,0.1097
https://www.tugraz.at/home,www.tugraz.at,0,26,0,2,0,2.8731,1,1,0,0,5,0,0,0.0,0,0,0,0,at,0.5,0,0,0,0.0,0,True,1,0,0,,,0,0,0,True,0,Hellenic Academic and Research Institutions CA,194,False,,,0.2075
https://shop.yosmart.com,shop.yosmart.com,0,24,0,2,0,3.3278,1,1,0,0,0,0,0,0.0,0,0,0,0,com,0.15,1,0,0,0.0,0,True,1,1,0,7470,"Cloudflare, Inc.",0,1,1,True,0,Let's Encrypt,30,False,,,0.1116
http://sp4ct-ulvex-biz8-korim-daren.pages.dev/appeals/submit-appeal-form/return,sp4ct-ulvex-biz8-korim-daren.pages.dev,1,79,4,2,2,4.4058,1,0,0,0,34,0,0,0.0,0,0,0,0,dev,0.5,0,0,0,0.0,0,True,2,1,0,,,0,0,0,True,0,Google Trust Services,83,False,,,0.2381
https://snehaai.github.io/Amazon-Clone/,snehaai.github.io,1,39,0,2,0,3.4548,1,1,0,0,14,0,0,0.0,0,0,0,0,io,0.28,1,0,0,0.0,0,True,4,1,0,,,0,0,0,True,0,Let's Encrypt,36,False,,,0.1531
https://www.ovgu.de/Otto_von_Guericke_Universit%C3%A4t+Magdeburg-p-1.html,www.ovgu.de,0,73,0,2,0,2.8454,1,1,0,0,54,0,6,0.0,0,0,0,0,de,0.5,0,0,0,0.0,0,True,1,0,0,,,0,0,0,True,0,Let's Encrypt,63,False,,,0.2069
https://gismeteo.st/products,gismeteo.st,0,28,0,1,0,2.914,0,1,0,0,9,0,0,0.0,0,0,0,0,st,0.5,0,0,0,0.0,0,False,0,0,0,1931,ASCIO,0,0,1,False,0,,,,,,0.2083
https://qt.vfjhho.net/dftdtd,qt.vfjhho.net,1,28,0,2,0,3.2389,1,1,0,0,7,0,0,0.0,0,0,0,0,net,0.22,1,0,0,0.0,0,True,1,0,1,32,IONOS SE,0,1,1,True,0,Let's Encrypt,76,False,,,0.1308
http://live-ledge-en-start.pages.dev/,live-ledge-en-start.pages.dev,1,37,3,2,0,3.6075,1,0,0,0,1,0,0,0.0833,1,0,1,0,dev,0.5,0,0,0,0.0,0,True,2,1,0,,,0,0,0,True,0,Google Trust Services,61,False,,,0.2555
https://kaldagan.com,kaldagan.com,0,20,0,1,0,3.1887,0,1,0,0,0,0,0,0.0,0,0,0,0,com,0.15,1,0,0,0.0,0,True,3,1,0,1247,"NameCheap, Inc.",0,0,1,True,0,Google Trust Services,33,False,,,0.1088
https://trezar-io-suit-sunnu.wasmer.app/,trezar-io-suit-sunnu.wasmer.app,1,40,3,2,0,3.8002,1,1,0,0,1,0,0,0.1667,2,0,2,0,app,0.35,1,0,0,0.0,0,True,1,1,0,,,0,0,0,True,0,Let's Encrypt,47,False,,,0.2477
https://www.news.com.au/,www.news.com.au,0,24,0,3,0,3.0566,2,1,0,0,1,0,0,0.0,0,0,0,0,au,0.5,0,0,0,0.0,0,True,1,1,0,,Corporation Service Company (Aust) Pty Ltd,0,0,1,True,0,DigiCert Inc,79,False,,,0.2111
https://n19ssvip.xyz/index/user/login.html,n19ssvip.xyz,1,42,0,1,2,3.4183,0,1,0,0,22,0,0,0.0,0,0,0,0,xyz,0.94,1,0,0,0.0,0,False,0,0,0,,,0,0,0,False,0,,,,,,0.3504
https://www.medicaid.gov/,www.medicaid.gov,0,25,0,2,0,3.3278,1,1,0,0,1,0,0,0.0833,1,0,1,0,gov,0.03,1,0,0,0.0,0,True,1,1,0,5597,get.gov,0,1,1,True,0,DigiCert Inc,112,False,,,0.1089
https://voyado.com,voyado.com,0,18,0,1,0,2.8464,0,1,0,0,0,0,0,0.0,0,0,0,0,com,0.15,1,0,0,0.0,0,True,1,1,1,3830,"Ascio Technologies, Inc",0,0,1,True,0,Let's Encrypt,43,False,,,0.1019
https://www.adidas.menu/,www.adidas.menu,1,24,0,2,0,3.1899,1,1,0,0,1,0,0,0.0,0,0,0,0,menu,0.5,0,0,0,0.0,0,True,1,0,0,5,Gname.com Pte. Ltd.,1,0,1,False,0,,,False,,,0.2138
https://www.devil69porn.tv/,www.devil69porn.tv,0,27,0,2,2,3.6835,1,1,0,0,1,0,0,0.0,0,0,0,0,tv,0.5,0,0,0,0.0,0,True,2,1,0,228,Dynadot Inc,0,1,1,True,0,Google Trust Services,38,False,,,0.2237
http://sp5ct-konix-biz8-hurem-lovar.pages.dev/appeals/submit-appeal-form/return,sp5ct-konix-biz8-hurem-lovar.pages.dev,1,79,4,2,2,4.4912,1,0,0,0,34,0,0,0.0,0,0,0,0,dev,0.5,0,0,0,0.0,0,True,2,1,0,,,0,0,0,True,0,Google Trust Services,83,False,,,0.2398
https://www.fsu.edu/,www.fsu.edu,0,20,0,2,0,2.6635,1,1,0,0,1,0,0,0.0,0,0,0,0,edu,0.02,1,0,0,0.0,0,True,1,0,1,14126,,0,0,1,True,0,Sectigo Limited,73,False,,,0.0593
http://sp3ct-morsel-biz8-havqik-lorex.pages.dev/appeals/submit-appeal-form/return,sp3ct-morsel-biz8-havqik-lorex.pages.dev,1,81,4,2,2,4.4031,1,0,0,0,34,0,0,0.0,0,0,0,0,dev,0.5,0,0,0,0.0,0,True,2,1,0,,,0,0,0,True,0,Google Trust Services,82,False,,,0.2381
https://www.roblox.ly/games/8737602449/PLS-DONATE?privateServerLinkCode=67182664163045927889367614191580,www.roblox.ly,1,104,0,2,0,2.8731,1,1,0,0,28,1,2,0.0,0,0,0,0,ly,0.5,0,0,0,0.0,0,True,1,0,0,13,NetPro Ltd. (Int),1,0,1,True,0,Let's Encrypt,77,False,,,0.2075
http://sp3ct-neslor-biz8-dravik-pasem.pages.dev/appeals/submit-appeal-form/return,sp3ct-neslor-biz8-dravik-pasem.pages.dev,1,81,4,2,2,4.2342,1,0,0,0,34,0,0,0.0833,1,0,1,0,dev,0.5,0,0,0,0.0,0,True,2,1,0,,,0,0,0,True,0,Google Trust Services,82,False,,,0.268
https://facebook-viideos-app-1.blogspot.com/?m=1,facebook-viideos-app-1.blogspot.com,1,48,3,2,1,4.0144,1,1,0,0,1,1,2,0.0833,1,0,1,0,com,0.15,1,0,0,0.0,0,True,2,1,0,,,0,0,0,True,0,Google Trust Services,55,False,,,0.1586
http://sp5ct-kameq-biz8-furel-ronix.pages.dev/appeals/submit-appeal-form/return,sp5ct-kameq-biz8-furel-ronix.pages.dev,1,79,4,2,2,4.5111,1,0,0,0,34,0,0,0.0,0,0,0,0,dev,0.5,0,0,0,0.0,0,True,2,1,0,,,0,0,0,True,0,Google Trust Services,83,False,,,0.2402
http://xvtly442bf-snhgjskru-7d0c9f-jmr16c.pages.dev/,xvtly442bf-snhgjskru-7d0c9f-jmr16c.pages.dev,1,52,3,2,8,4.7888,1,0,0,0,1,0,0,0.0,0,0,0,0,dev,0.5,0,0,0,0.0,0,True,2,1,0,,,0,0,0,True,0,Google Trust Services,83,False,,,0.2458
https://97ee7.catex.at/cnbcard/?b=YTo0OntzOjU6ImxhYmVsIjtzOjA6IiI7czozOiJ1c3IiO2k6MTU2O3M6NDoibm9wZCI7czoxNDoicnNzMi5zYXlsZXIuYXQiO3M6MToibyI7aToyMTM1O30=,97ee7.catex.at,1,154,0,2,3,2.8963,1,1,0,0,9,1,3,0.0,0,0,0,0,at,0.5,0,0,0,0.0,0,True,1,0,0,,,0,0,0,True,0,Let's Encrypt,70,False,,,0.2079
https://at-t-dph.pages.dev/,at-t-dph.pages.dev,1,27,2,2,0,3.3921,1,1,0,0,1,0,0,0.0833,1,0,1,0,dev,0.5,0,0,0,0.0,0,True,2,1,0,,,0,0,0,True,0,Google Trust Services,49,False,,,0.2512
https://www.decathlon.com/,www.decathlon.com,0,26,0,2,0,3.4548,1,1,0,0,1,0,0,0.0,0,0,0,0,com,0.15,1,0,0,0.0,0,True,1,0,0,,,0,0,0,True,0,Let's Encrypt,88,False,,,0.1141
https://churnkey.co,churnkey.co,0,19,0,1,0,3.2776,0,1,0,0,0,0,0,0.0,0,0,0,0,co,0.3,1,0,0,0.0,0,True,3,1,1,2176,"NameCheap, Inc.",0,0,1,True,0,Google Trust Services,85,False,,,0.1556
http://sp3ct-holnar-biz8-vesqik-lutem.pages.dev/appeals/submit-appeal-form/return,sp3ct-holnar-biz8-vesqik-lutem.pages.dev,1,81,4,2,2,4.4531,1,0,0,0,34,0,0,0.0,0,0,0,0,dev,0.5,0,0,0,0.0,0,True,2,1,0,,,0,0,0,True,0,Google Trust Services,82,False,,,0.2391
https://bokeptod.co/,bokeptod.co,0,20,0,1,0,3.0272,0,1,0,0,1,0,0,0.0,0,0,0,0,co,0.3,1,0,0,0.0,0,True,2,1,0,35,"NameCheap, Inc.",0,0,1,True,0,Google Trust Services,71,False,,,0.1505
http://sp3ct-morvak-biz8-kelqor-lusen.pages.dev/appeals/submit-appeal-form/return,sp3ct-morvak-biz8-kelqor-lusen.pages.dev,1,81,4,2,2,4.4031,1,0,0,0,34,0,0,0.0,0,0,0,0,dev,0.5,0,0,0,0.0,0,True,2,1,0,,,0,0,0,True,0,Google Trust Services,82,False,,,0.2381
https://polri.go.id,polri.go.id,0,19,0,2,0,2.914,1,1,0,0,0,0,0,0.0,0,0,0,0,id,0.5,0,0,0,0.0,0,True,1,0,1,,,0,0,0,False,0,,,False,,,0.2083
https://ns365.net,ns365.net,0,17,0,1,3,2.9477,0,1,0,0,0,0,0,0.0,0,0,0,0,net,0.22,1,0,0,0.0,0,True,1,0,1,7402,"Guangdong JinWanBang Technology Investment Co., Ltd.",0,0,1,True,0,DigiCert Inc,91,False,,,0.125
https://trezir-app-bridge.wasmer.app/,trezir-app-bridge.wasmer.app,1,37,2,2,0,3.682,1,1,0,0,1,0,0,0.1667,1,0,2,0,app,0.35,1,0,0,0.0,0,True,1,1,0,,,0,0,0,True,0,Let's Encrypt,47,False,,,0.2453
https://eddmailproccessing001.weebly.com/,eddmailproccessing001.weebly.com,1,41,0,2,3,4.1014,1,1,0,0,1,0,0,0.0,0,0,0,0,com,0.15,1,0,0,0.0,0,True,2,0,0,7426,"MarkMonitor, Inc.",0,0,1,True,0,Let's Encrypt,42,False,,,0.127
http://telmora-gld-fentora-r8t7hq18.pages.dev/appeals/submit-appeal-form/return,telmora-gld-fentora-r8t7hq18.pages.dev,1,79,3,2,4,4.2211,1,0,0,0,34,0,0,0.0,0,0,0,0,dev,0.5,0,0,0,0.0,0,True,2,1,0,,,0,0,0,True,0,Google Trust Services,82,False,,,0.2344
http://185-217-0-181.ip.obe.net/,185-217-0-181.ip.obe.net,1,32,3,3,10,3.6887,2,0,0,0,1,0,0,0.0833,1,0,1,0,net,0.22,1,0,0,0.0,0,True,1,0,0,9669,Name SRS AB,0,0,1,False,0,,,,,,0.1731
https://wiselg.com/products,wiselg.com,0,27,0,1,0,3.3219,0,1,0,0,9,0,0,0.0,0,0,0,0,com,0.15,1,0,0,0.0,0,False,0,0,0,729,Whois Corp.,0,0,1,False,0,,,,,,0.1114
https://www.4gamer.net/,www.4gamer.net,0,23,0,2,1,3.182,1,1,0,0,1,0,0,0.0,0,0,0,0,net,0.22,1,0,0,0.0,0,True,1,0,0,9497,"GMO Internet, Inc.",0,1,1,True,0,"Nijimo, Inc.",87,False,,,0.1296
https://m.js8841.com/,m.js8841.com,1,21,0,2,4,3.085,1,1,0,0,1,0,0,0.0,0,0,0,0,com,0.15,1,0,0,0.0,0,True,1,0,0,,,0,0,0,True,0,Let's Encrypt,38,False,,,0.1067
https://testmoz.com/,testmoz.com,0,20,0,1,0,2.914,0,1,0,0,1,0,0,0.0,0,0,0,0,com,0.15,1,0,0,0.0,0,True,1,0,1,,,0,0,0,True,0,ZeroSSL GmbH,54,False,,,0.1033
https://urlshort-linkmrrw8xy67e8j.esu2n5lwqi.workers.dev/site/elster-mein-fca3hd,urlshort-linkmrrw8xy67e8j.esu2n5lwqi.workers.dev,1,80,1,3,6,4.4489,2,1,0,0,24,0,0,0.0,0,0,0,0,dev,0.5,0,0,0,0.0,0,True,2,1,0,,,0,0,0,True,0,Google Trust Services,81,False,,,0.239
http://sp3ct-kesnik-biz8-malqem-rudor.pages.dev/appeals/submit-appeal-form/return,sp3ct-kesnik-biz8-malqem-rudor.pages.dev,1,81,4,2,2,4.4031,1,0,0,0,34,0,0,0.0,0,0,0,0,dev,0.5,0,0,0,0.0,0,True,2,1,0,,,0,0,0,True,0,Google Trust Services,82,False,,,0.2381
http://sp5ct-burek-biz8-soniv-larex.pages.dev/appeals/submit-appeal-form/return,sp5ct-burek-biz8-soniv-larex.pages.dev,1,79,4,2,2,4.3333,1,0,0,0,34,0,0,0.0,0,0,0,0,dev,0.5,0,0,0,0.0,0,True,2,1,0,,,0,0,0,True,0,Google Trust Services,83,False,,,0.2367
https://ciberserver.com,ciberserver.com,0,23,0,1,0,3.1396,0,1,0,0,0,0,0,0.0,0,0,0,0,com,0.15,1,0,0,0.0,0,True,1,0,1,8818,PDR Ltd. d/b/a PublicDomainRegistry.com,0,0,1,True,0,Let's Encrypt,74,False,,,0.1078
https://mitsubishi-motors.co.jp/support/contact,mitsubishi-motors.co.jp,0,47,1,2,0,3.6425,1,1,0,0,16,0,0,0.0,0,0,0,0,jp,0.5,0,0,0,0.0,0,True,1,0,1,11306,,0,0,1,False,0,,,,,,0.2228
https://famosas.lat,famosas.lat,0,19,0,1,0,2.8454,0,1,0,0,0,0,0,0.0,0,0,0,0,lat,0.5,0,0,0,0.0,0,True,2,1,1,188,"NameCheap, Inc.",0,0,1,True,0,Let's Encrypt,54,False,,,0.2069
https://emcd.network/api/v1/status,emcd.network,0,34,0,1,0,3.4183,0,1,0,0,14,0,0,0.0,0,0,0,0,network,0.5,0,0,0,0.0,0,False,0,0,1,,,0,0,0,False,0,,,,,,0.2184
https://corevibe-network.com,corevibe-network.com,0,28,1,1,0,3.6464,0,1,0,0,0,0,0,0.0,0,0,0,0,com,0.15,1,0,0,0.0,0,True,2,1,0,225,"ENOM, INC.",0,1,1,True,0,Google Trust Services,42,False,,,0.1179
https://freshedge.net/team/index.html,freshedge.net,0,37,0,1,0,3.0851,0,1,0,0,16,0,0,0.0,0,0,0,0,net,0.22,1,0,0,0.0,0,False,0,0,1,2294,"Amazon Registrar, Inc.",0,0,1,False,0,,,,,,0.1277
http://moonpay-commerce-git-fix-com2-1733-deposit-activ-a40a12-heliofi.vercel.app/,moonpay-commerce-git-fix-com2-1733-deposit-activ-a40a12-heliofi.vercel.app,1,82,9,2,9,4.3847,1,0,0,0,1,0,0,0.25,3,0,3,0,app,0.35,1,0,0,0.0,0,True,2,0,0,,,0,0,0,True,0,Google Trust Services,60,False,,,0.2927
https://www.asiaone.com/,www.asiaone.com,0,24,0,2,0,3.1899,1,1,0,0,1,0,0,0.0,0,0,0,0,com,0.15,1,0,0,0.0,0,True,4,1,0,,,0,0,0,True,0,Amazon,178,False,,,0.1088
http://sp3ct-qarnik-biz8-lovqas-furem.pages.dev/appeals/submit-appeal-form/return,sp3ct-qarnik-biz8-lovqas-furem.pages.dev,1,81,4,2,2,4.4653,1,0,0,0,34,0,0,0.0,0,0,0,0,dev,0.5,0,0,0,0.0,0,True,2,1,0,,,0,0,0,True,0,Google Trust Services,82,False,,,0.2393
https://www.speakeasy.net/,www.speakeasy.net,0,26,0,2,0,3.1751,1,1,0,0,1,0,0,0.0,0,0,0,0,net,0.22,1,0,0,0.0,0,True,2,1,0,11376,"Network Solutions, LLC",0,0,1,True,0,Google Trust Services,77,False,,,0.1295
https://kaptest.com,kaptest.com,0,19,0,1,0,3.2776,0,1,0,0,0,0,0,0.0,0,0,0,0,com,0.15,1,0,0,0.0,0,True,4,0,1,,,0,0,0,True,0,Amazon,188,False,,,0.1106
https://allstar.gg,allstar.gg,0,18,0,1,0,2.7219,0,1,0,0,0,0,0,0.0,0,0,0,0,gg,0.5,0,0,0,0.0,0,True,4,0,1,,101domain GRS Limited (http://www.101domain.com),0,0,1,True,0,Amazon,223,False,,,0.2044
https://www.espn.com/,www.espn.com,0,21,0,2,0,3.0221,1,1,0,0,1,0,0,0.0833,1,0,1,0,com,0.15,1,0,0,0.0,0,True,4,1,0,,,0,0,0,True,0,Sectigo Limited,100,False,,,0.1388
https://tweakers.net,tweakers.net,0,20,0,1,0,3.0221,0,1,0,0,0,0,0,0.0,0,0,0,0,net,0.22,1,0,0,0.0,0,True,2,1,1,10035,Key-Systems GmbH,0,1,1,True,0,DigiCert Inc,71,False,,,0.1264
https://1c-cabinet.ru/products,1c-cabinet.ru,0,30,1,1,1,3.5466,0,1,0,0,9,0,0,0.0,0,0,0,0,ru,0.5,0,0,0,0.0,0,False,0,0,1,2542,RU-CENTER-RU,0,0,1,False,0,,,,,,0.2209
https://www.bard.edu/,www.bard.edu,0,21,0,2,0,2.8554,1,1,0,0,1,0,0,0.0,0,0,0,0,edu,0.02,1,0,0,0.0,0,True,2,1,0,13075,,0,0,1,True,0,Let's Encrypt,82,False,,,0.0631
https://www.uffizi.it/,www.uffizi.it,0,22,0,2,0,2.6612,1,1,0,0,1,0,0,0.0,0,0,0,0,it,0.5,0,0,0,0.0,0,True,2,1,0,9770,Consortium GARR,0,0,1,True,0,Let's Encrypt,55,False,,,0.2032
https://matamsklogex.gitbook.io/is,matamsklogex.gitbook.io,1,34,0,2,0,3.567,1,1,0,0,3,0,0,0.0,0,0,0,0,io,0.28,1,0,0,0.0,0,True,2,1,0,4502,"Cloudflare, Inc",0,0,1,True,0,Google Trust Services,79,False,,,0.1553
http://aktf-dnaid.ibxx.my.id/,aktf-dnaid.ibxx.my.id,1,29,1,3,0,3.5226,2,0,0,0,1,0,0,0.0,0,0,0,0,id,0.5,0,0,0,0.0,0,False,0,0,0,,,0,0,0,False,0,,,,,,0.2205
https://www.facebooke-login.blogspot.com/,www.facebooke-login.blogspot.com,1,41,1,3,0,3.9056,2,1,0,0,1,0,0,0.0,0,0,0,1,com,0.15,1,0,0,0.0,0,True,2,1,0,,,0,0,0,False,0,,,False,,,0.1231
https://www.medindia.net/,www.medindia.net,0,25,0,2,0,3.0778,1,1,0,0,1,0,0,0.0,0,0,0,0,net,0.22,1,0,0,0.0,0,True,3,1,0,9630,"ENOM, INC.",0,1,1,True,0,Google Trust Services,44,False,,,0.1276
https://reliefweb.int,reliefweb.int,0,21,0,1,0,3.1808,0,1,0,0,0,0,0,0.0833,1,0,1,0,int,0.5,0,0,0,0.0,0,True,3,1,1,,,0,0,0,True,0,Amazon,149,False,,,0.2469
https://dns.net.nz/blog/update,dns.net.nz,0,30,0,2,0,2.6464,1,1,0,0,12,0,0,0.0833,1,0,1,0,nz,0.5,0,0,0,0.0,0,False,0,0,1,,,0,0,0,False,0,,,,,,0.2362
https://vrchat.cloud/en-us/home,vrchat.cloud,0,31,0,1,0,3.4183,0,1,0,0,11,0,0,0.0,0,0,0,0,cloud,0.5,0,0,0,0.0,0,False,0,0,1,3742,"Name.com, Inc.",0,0,1,False,0,,,,,,0.2184
http://docs-ledgerr-us-on.pages.dev/,docs-ledgerr-us-on.pages.dev,1,36,3,2,0,3.7265,1,0,0,0,1,0,0,0.0,0,0,0,0,dev,0.5,0,0,0,0.0,0,True,2,1,0,,,0,0,0,True,0,Google Trust Services,63,False,,,0.2245
https://olxmbg.com/products,olxmbg.com,0,27,0,1,0,2.9219,0,1,0,0,9,0,0,0.0,0,0,0,0,com,0.15,1,0,0,0.0,0,True,2,1,0,78,"GoDaddy.com, LLC",0,0,1,True,0,Let's Encrypt,86,False,,,0.1034
https://www.roblox.com.ml/users/251015572631/profile,www.roblox.com.ml,1,52,0,3,0,3.0131,2,1,0,0,27,0,0,0.0,0,0,0,0,ml,0.93,1,0,0,0.0,0,True,1,0,0,,,0,0,0,True,0,Let's Encrypt,72,False,,,0.3393
https://www.kuikanxllognn.godaddysites.com/,www.kuikanxllognn.godaddysites.com,1,43,0,3,0,4.0353,2,1,0,0,1,0,0,0.0,0,0,0,0,com,0.15,1,0,0,0.0,0,True,2,0,0,4634,"GoDaddy.com, LLC",0,0,1,False,0,,,False,,,0.1257
https://www.maison-travaux.fr/,www.maison-travaux.fr,0,30,1,2,0,3.749,1,1,0,0,1,0,0,0.0,0,0,0,0,fr,0.5,0,0,0,0.0,0,True,3,1,0,11156,GANDI,0,0,1,True,0,Let's Encrypt,80,False,,,0.225
http://iridescent-sunflower-c04459.netlify.app/,iridescent-sunflower-c04459.netlify.app,1,47,2,2,5,4.3236,1,0,0,0,1,0,0,0.0833,1,0,1,0,app,0.35,1,0,0,0.0,0,True,2,1,0,,,0,0,0,True,0,DigiCert Inc,234,False,,,0.2248
https://sp3ct-rolqas-biz8-farnik-vusem.pages.dev/,sp3ct-rolqas-biz8-farnik-vusem.pages.dev,1,49,4,2,2,4.4342,1,1,0,0,1,0,0,0.25,1,1,0,0,dev,0.5,0,0,0,0.0,0,True,2,1,0,,,0,0,0,True,0,Google Trust Services,82,False,,,0.3387
https://sp5ct-hurev-biz8-lorem-safik.pages.dev/,sp5ct-hurev-biz8-lorem-safik.pages.dev,1,47,4,2,2,4.386,1,1,0,0,1,0,0,0.0,0,0,0,0,dev,0.5,0,0,0,0.0,0,True,2,1,0,,,0,0,0,True,0,Google Trust Services,83,False,,,0.2377
https://koininlloginin.webflow.io/,koininlloginin.webflow.io,1,34,0,2,0,3.1893,1,1,0,0,1,0,0,0.0,0,0,0,0,io,0.28,1,0,0,0.0,0,True,2,1,0,4829,"MarkMonitor, Inc.",0,0,1,True,0,Google Trust Services,86,False,,,0.1478
http://sp3ct-lusvek-biz8-kormin-fadel.pages.dev/,sp3ct-lusvek-biz8-kormin-fadel.pages.dev,1,48,4,2,2,4.4031,1,0,0,0,1,0,0,0.0,0,0,0,0,dev,0.5,0,0,0,0.0,0,True,2,1,0,,,0,0,0,True,0,Google Trust Services,81,False,,,0.2381
https://yalemedicine.org,yalemedicine.org,0,24,0,1,0,3.5778,0,1,0,0,0,0,0,0.0,0,0,0,0,org,0.1,1,0,0,0.0,0,True,1,0,1,5611,"Network Solutions, LLC",0,0,1,True,0,GlobalSign nv-sa,113,False,,,0.1016
https://disabled-peach-m28zu4sp.edgeone.dev/,disabled-peach-m28zu4sp.edgeone.dev,1,44,2,2,3,4.1719,1,1,0,0,1,0,0,0.0,0,0,0,0,dev,0.5,0,0,0,0.0,0,True,2,0,0,,,0,0,0,True,0,"DigiCert, Inc.",114,False,,,0.2334
https://www.roblox.com.ml/users/134511723561/profile,www.roblox.com.ml,1,52,0,3,0,3.0131,2,1,0,0,27,0,0,0.0,0,0,0,0,ml,0.93,1,0,0,0.0,0,True,1,0,0,,,0,0,0,True,0,Let's Encrypt,72,False,,,0.3393
https://new-line.net/about,new-line.net,0,26,1,1,0,2.7925,0,1,0,0,6,0,0,0.0833,1,0,1,0,net,0.22,1,0,0,0.0,0,True,1,0,1,,,0,0,0,True,0,Let's Encrypt,62,False,,,0.1552
http://facebook-video-share.blogspot.com/,facebook-video-share.blogspot.com,1,41,2,2,0,4.0667,1,0,0,0,1,0,0,0.0,0,0,0,0,com,0.15,1,0,0,0.0,0,True,2,1,0,,,0,0,0,True,0,Google Trust Services,55,False,,,0.1263
https://www.sport-fm.gr/,www.sport-fm.gr,0,24,1,2,0,3.3232,1,1,0,0,1,0,0,0.0,0,0,0,0,gr,0.5,0,0,0,0.0,0,True,2,0,0,,,0,0,0,True,0,Sectigo Limited,71,False,,,0.2165
http://0rfch-v197-e0v-v003zb-uqoh2m.pages.dev/,0rfch-v197-e0v-v003zb-uqoh2m.pages.dev,1,46,4,2,9,4.386,1,0,0,0,1,0,0,0.0,0,0,0,0,dev,0.5,0,0,0,0.0,0,True,2,1,0,,,0,0,0,True,0,Google Trust Services,59,False,,,0.2377
http://www.centralsimplesfinanciamentoo.fun/,www.centralsimplesfinanciamentoo.fun,1,44,0,2,0,3.8747,1,0,0,0,1,0,0,0.0,0,0,0,0,fun,0.5,0,0,0,0.0,0,True,1,0,1,,,0,0,0,True,0,Let's Encrypt,68,False,,,0.2275
https://www.revenue.ie/en/home.aspx,www.revenue.ie,0,35,0,2,0,2.7534,1,1,0,0,13,0,0,0.0,0,0,0,0,ie,0.5,0,0,0,0.0,0,True,8,1,0,9511,Dept of Public Expenditure,0,0,1,True,0,Sectigo Limited,50,False,,,0.2051
http://amazonenterprise3.com/,amazonenterprise3.com,1,29,0,1,1,3.6897,0,0,0,0,1,0,0,0.0,0,0,0,0,com,0.15,1,0,0,0.0,0,True,1,0,0,,,0,0,0,True,0,"TrustAsia Technologies, Inc.",82,False,,,0.1188
http://kkkukoimlgnn.godaddysites.com/,kkkukoimlgnn.godaddysites.com,1,37,0,2,0,3.8404,1,0,0,0,1,0,0,0.0,0,0,0,0,com,0.15,1,0,0,0.0,0,True,2,0,0,4634,"GoDaddy.com, LLC",0,0,1,True,0,GoDaddy.com,165,False,,,0.1218
https://musicdream.club/about,musicdream.club,0,29,0,1,0,3.5069,0,1,0,0,6,0,0,0.0,0,0,0,0,club,0.5,0,0,0,0.0,0,False,0,0,0,,,0,0,0,False,0,,,,,,0.2201
https://mketqua.net,mketqua.net,0,19,0,1,0,3.0958,0,1,0,0,0,0,0,0.0,0,0,0,0,net,0.22,1,0,0,0.0,0,True,2,1,0,1864,"GoDaddy.com, LLC",0,0,1,True,0,Google Trust Services,77,False,,,0.1279
https://dongqiudi.com/blog/help,dongqiudi.com,0,31,0,1,0,3.2389,0,1,0,0,10,0,0,0.0,0,0,0,0,com,0.15,1,0,0,0.0,0,True,1,0,1,5030,"DNSPod, Inc.",0,0,1,True,0,GlobalSign nv-sa,253,False,,,0.1098
https://djljz.cn/search?q=update,djljz.cn,0,32,0,1,0,2.75,0,1,0,0,7,1,2,0.0,0,0,0,0,cn,0.5,0,0,0,0.0,0,True,8,0,1,2560,阿里云计算有限公司（万网）,0,0,1,False,0,,,False,,,0.205
https://www.veteranscrisisline.net/,www.veteranscrisisline.net,0,35,0,2,0,3.4305,1,1,0,0,1,0,0,0.0,0,0,0,0,net,0.22,1,0,0,0.0,0,True,2,1,0,5639,"Wild West Domains, LLC",0,0,1,True,0,DigiCert Inc,175,False,,,0.1346
https://www.checkdomain.de/,www.checkdomain.de,0,27,0,2,0,3.4613,1,1,0,0,1,0,0,0.0,0,0,0,0,de,0.5,0,0,0,0.0,0,True,1,0,1,,,0,0,0,True,0,Let's Encrypt,87,False,,,0.2192
http://sp3ct-morsak-biz8-helqen-vudam.pages.dev/appeals/submit-appeal-form/return,sp3ct-morsak-biz8-helqen-vudam.pages.dev,1,81,4,2,2,4.4342,1,0,0,0,34,0,0,0.0,0,0,0,0,dev,0.5,0,0,0,0.0,0,True,2,1,0,,,0,0,0,True,0,Google Trust Services,82,False,,,0.2387
https://www.magnite.com/,www.magnite.com,0,24,0,2,0,3.3232,1,1,0,0,1,0,0,0.0,0,0,0,0,com,0.15,1,0,0,0.0,0,True,4,1,0,5416,"GoDaddy.com, LLC",0,0,1,True,0,Certainly,18,False,,,0.1115
http://zyq-ri6yyz-lg0b2n-rhgjv-v9k9.pages.dev/appeals/submit-appeal-form/return,zyq-ri6yyz-lg0b2n-rhgjv-v9k9.pages.dev,1,79,4,2,5,4.3989,1,0,0,0,34,0,0,0.0,0,0,0,0,dev,0.5,0,0,0,0.0,0,True,2,1,0,,,0,0,0,True,0,Google Trust Services,82,False,,,0.238
https://kingqf.com/login,kingqf.com,0,24,0,1,0,3.3219,0,1,0,0,6,0,0,0.0,0,0,0,0,com,0.15,1,0,0,0.0,0,False,0,0,0,1265,"GoDaddy.com, LLC",0,0,1,False,0,,,,,,0.1114
https://satya-1205.github.io/NetflixWebsite/,satya-1205.github.io,1,44,1,2,4,3.9219,1,1,0,0,16,0,0,0.0,0,0,0,0,io,0.28,1,0,0,0.0,0,True,4,1,0,,,0,0,0,True,0,Let's Encrypt,36,False,,,0.1624
http://uqmzdz-w7ce-947-4g1br-a3w.netlify.app/,uqmzdz-w7ce-947-4g1br-a3w.netlify.app,1,45,4,2,7,4.5608,1,0,0,0,1,0,0,0.0833,1,0,1,0,app,0.35,1,0,0,0.0,0,True,2,1,0,,,0,0,0,True,0,DigiCert Inc,234,False,,,0.2295
https://biobiochile.cl/blog/docs,biobiochile.cl,0,32,0,1,0,2.8963,0,1,0,0,10,0,0,0.0,0,0,0,0,cl,0.5,0,0,0,0.0,0,True,1,0,1,,NIC Chile,0,0,1,True,0,DigiCert Inc,55,False,,,0.2079
http://tersre-suit-e.pages.dev/,tersre-suit-e.pages.dev,1,31,2,2,0,3.4642,1,0,0,0,1,0,0,0.0833,1,0,1,0,dev,0.5,0,0,0,0.0,0,True,2,1,0,,,0,0,0,True,0,Google Trust Services,77,False,,,0.2526
https://sfgov.org,sfgov.org,0,17,0,1,0,2.7255,0,1,0,0,0,0,0,0.0833,1,0,1,0,org,0.1,1,0,0,0.0,0,True,2,0,1,9901,"Network Solutions, LLC",0,0,1,False,0,,,,,,0.1178
https://www.aha.org/,www.aha.org,0,20,0,2,0,2.6635,1,1,0,0,1,0,0,0.0,0,0,0,0,org,0.1,1,0,0,0.0,0,True,1,1,0,11961,"NETWORK SOLUTIONS, LLC.",0,0,1,True,0,Let's Encrypt,85,False,,,0.0833
https://lnk.ink/SEUR.ES,lnk.ink,1,23,0,1,0,2.2359,0,1,0,0,8,0,0,0.1667,1,0,2,0,ink,0.5,0,0,0,0.0,0,True,2,1,1,450,"NameCheap, Inc.",0,1,1,True,0,Google Trust Services,54,False,,,0.2614
https://goo.su/lVUOJ,goo.su,1,20,0,1,0,2.2516,0,1,0,0,6,0,0,0.0,0,0,0,0,su,0.5,0,0,0,0.0,0,True,1,0,1,,,0,0,0,True,0,GlobalSign nv-sa,168,False,,,0.195
https://sp5ct-lonar-biz8-kurev-fasim.pages.dev/,sp5ct-lonar-biz8-kurev-fasim.pages.dev,1,47,4,2,2,4.3989,1,1,0,0,1,0,0,0.0,0,0,0,0,dev,0.5,0,0,0,0.0,0,True,2,1,0,,,0,0,0,True,0,Google Trust Services,83,False,,,0.238
https://hb9trx.net/support/contact,hb9trx.net,0,34,0,1,1,3.1219,0,1,0,0,16,0,0,0.0,0,0,0,0,net,0.22,1,0,0,0.0,0,False,0,0,1,,,0,0,0,False,0,,,,,,0.1284
https://fapality.com,fapality.com,0,20,0,1,0,3.4183,0,1,0,0,0,0,0,0.0,0,0,0,0,com,0.15,1,0,0,0.0,0,True,2,0,1,4274,Moniker Online Services LLC,0,1,1,True,0,Google Trust Services,84,False,,,0.1134
https://videohype.net/update/index.html,videohype.net,0,39,0,1,0,3.3347,0,1,0,0,18,0,0,0.0,0,0,0,0,net,0.22,1,0,0,0.0,0,False,0,0,1,2014,Registrar of Domain Names REG.RU LLC,0,0,1,False,0,,,,,,0.1327
http://amazon-clone-f73c.panda.new/,amazon-clone-f73c.panda.new,1,35,2,2,2,3.7919,1,0,0,0,1,0,0,0.0833,1,0,1,0,new,0.5,0,0,0,0.0,0,True,4,0,0,,,0,0,0,True,0,Let's Encrypt,75,False,,,0.2592
https://www.unir.net/,www.unir.net,0,21,0,2,0,2.8554,1,1,0,0,1,0,0,0.0833,1,0,1,0,net,0.22,1,0,0,0.0,0,True,4,1,0,11144,GANDI SAS,0,0,1,True,0,DigiCert Inc,147,False,,,0.1564
https://www.99acres.com/,www.99acres.com,0,24,0,2,2,3.1899,1,1,0,0,1,0,0,0.0,0,0,0,0,com,0.15,1,0,0,0.0,0,True,2,0,0,7706,"Network Solutions, LLC",0,0,1,True,0,GlobalSign nv-sa,258,False,,,0.1088
https://instagram-m277.vercel.app/register,instagram-m277.vercel.app,1,42,1,2,3,3.9737,1,1,0,0,9,0,0,0.0833,1,0,1,0,app,0.35,1,0,0,0.0,0,True,2,0,0,,,0,0,0,True,0,Google Trust Services,60,False,,,0.2178
https://klclick.com/login,klclick.com,0,25,0,1,0,2.6635,0,1,0,0,6,0,0,0.0,0,0,0,0,com,0.15,1,0,0,0.0,0,True,8,0,1,3563,"NameCheap, Inc.",0,0,1,False,0,,,,,,0.0983
http://xam6d.cc/,xam6d.cc,1,16,0,1,1,2.75,0,0,0,0,1,0,0,0.0,0,0,0,0,cc,0.5,0,0,0,0.0,0,True,2,0,0,8,Dynadot Inc,1,0,1,True,0,Let's Encrypt,87,False,,,0.205
http://feratyxz.faydnx.web.id/,feratyxz.faydnx.web.id,1,30,0,3,0,3.6978,2,0,0,0,1,0,0,0.1667,2,0,2,0,id,0.5,0,0,0,0.0,0,False,0,0,0,,,0,0,0,False,0,,,,,,0.2906
https://uol.de/,uol.de,0,15,0,1,0,2.585,0,1,0,0,1,0,0,0.0833,1,0,1,0,de,0.5,0,0,0,0.0,0,True,1,1,1,,,0,0,0,True,0,Hellenic Academic and Research Institutions CA,112,False,,,0.235
https://www.cpmstar.com/,www.cpmstar.com,0,24,0,2,0,3.1899,1,1,0,0,1,0,0,0.0,0,0,0,0,com,0.15,1,0,0,0.0,0,True,4,0,0,8009,"GoDaddy.com, LLC",0,0,1,True,0,Google Trust Services,64,False,,,0.1088
http://sp5ct-horex-biz8-valek-surin.pages.dev/appeals/submit-appeal-form/return,sp5ct-horex-biz8-valek-surin.pages.dev,1,79,4,2,2,4.386,1,0,0,0,34,0,0,0.0,0,0,0,0,dev,0.5,0,0,0,0.0,0,True,2,1,0,,,0,0,0,True,0,Google Trust Services,83,False,,,0.2377
https://kucoin_loigin.godaddysites.com/,kucoin_loigin.godaddysites.com,1,39,0,2,0,3.8817,1,1,0,0,1,0,1,0.0,0,0,0,0,com,0.15,1,0,0,0.0,0,True,2,0,0,4634,"GoDaddy.com, LLC",0,0,1,False,0,,,False,,,0.1226
https://www.error-sites.blogspot.com/,www.error-sites.blogspot.com,1,37,1,3,0,3.6995,2,1,0,0,1,0,0,0.0833,1,0,1,0,com,0.15,1,0,0,0.0,0,True,2,1,0,,,0,0,0,False,0,,,False,,,0.1523
http://sp4ct-kalrex-biz8-dorel-fusan.pages.dev/,sp4ct-kalrex-biz8-dorel-fusan.pages.dev,1,47,4,2,2,4.3749,1,0,0,0,1,0,0,0.0,0,0,0,0,dev,0.5,0,0,0,0.0,0,True,2,1,0,,,0,0,0,True,0,Google Trust Services,83,False,,,0.2375
https://www.roblox.com.am/users/219680187466/profile,www.roblox.com.am,1,52,0,3,0,3.1307,2,1,0,0,27,0,0,0.0,0,0,0,0,am,0.5,0,0,0,0.0,0,True,1,0,0,,name (NAME LLC),0,0,1,True,0,Let's Encrypt,72,False,,,0.2126
https://www.overkiz.com/,www.overkiz.com,0,24,0,2,0,3.3232,1,1,0,0,1,0,0,0.0,0,0,0,0,com,0.15,1,0,0,0.0,0,True,1,0,0,6074,"OVH, SAS",0,1,1,True,0,Let's Encrypt,86,False,,,0.1115
https://harshmistry215.github.io/amazone-clone/,harshmistry215.github.io,1,47,0,2,3,3.8554,1,1,0,0,15,0,0,0.0,0,0,0,0,io,0.28,1,0,0,0.0,0,True,4,1,0,,,0,0,0,True,0,Let's Encrypt,36,False,,,0.1611
https://mine.nu,mine.nu,0,15,0,1,0,2.5216,0,1,0,0,0,0,0,0.0833,1,0,1,0,nu,0.5,0,0,0,0.0,0,True,1,0,0,9857,MarkMonitor Inc,0,0,1,False,0,,,,,,0.2338
https://www.narrative.io/,www.narrative.io,0,25,0,2,0,3.2028,1,1,0,0,1,0,0,0.0,0,0,0,0,io,0.28,1,0,0,0.0,0,True,1,1,0,4327,Key-Systems GmbH,0,0,1,True,0,Google Trust Services,33,False,,,0.1481
https://www.kcrg.com/,www.kcrg.com,0,21,0,2,0,2.8554,1,1,0,0,1,0,0,0.0,0,0,0,0,com,0.15,1,0,0,0.0,0,True,2,1,0,11435,"GoDaddy Corporate Domains, LLC",0,0,1,True,0,Let's Encrypt,15,False,,,0.1021
https://fwpub1.com,fwpub1.com,0,18,0,1,1,3.3219,0,1,0,0,0,0,0,0.0,0,0,0,0,com,0.15,1,0,0,0.0,0,False,0,0,0,1721,"Amazon Registrar, Inc.",0,1,1,False,0,,,,,,0.1114
http://6a61fe48b600916c5f3ddfec--ka-seller-connect.netlify.app/,6a61fe48b600916c5f3ddfec--ka-seller-connect.netlify.app,1,63,4,2,13,4.44,1,0,0,0,1,0,0,0.0833,1,0,1,0,app,0.35,1,0,0,0.0,0,True,2,1,0,,,0,0,0,True,0,DigiCert Inc,234,False,,,0.2271
https://crt.sh,crt.sh,0,14,0,1,0,2.585,0,1,0,0,0,0,0,0.0,0,0,0,0,sh,0.5,0,0,0,0.0,0,True,1,1,0,4092,"CSC Corporate Domains, Inc.",0,0,1,True,0,Sectigo Limited,85,False,,,0.2017
https://ja-blog.com,ja-blog.com,0,19,1,1,0,3.2776,0,1,0,0,0,0,0,0.0,0,0,0,0,com,0.15,1,0,0,0.0,0,True,2,1,0,2117,"NameCheap, Inc.",0,0,1,True,0,Google Trust Services,62,False,,,0.1106
https://congrts-invite-blue-badge.surge.sh/,congrts-invite-blue-badge.surge.sh,1,43,3,2,0,4.0209,1,1,0,0,1,0,0,0.0,0,0,0,0,sh,0.5,0,0,0,0.0,0,True,1,0,0,,,0,0,0,True,0,Sectigo Limited,141,False,,,0.2304
https://www.metro.net/,www.metro.net,0,22,0,2,0,2.8731,1,1,0,0,1,0,0,0.0,0,0,0,0,net,0.22,1,0,0,0.0,0,True,2,0,1,,,0,0,0,True,0,DigiCert Inc,139,False,,,0.1235
https://rogmovies.rest/,rogmovies.rest,0,23,0,1,0,3.2359,0,1,0,0,1,0,0,0.0,0,0,0,0,rest,0.5,0,0,0,0.0,0,True,2,1,0,158,NAMECHEAP,0,0,1,True,0,Google Trust Services,70,False,,,0.2147
https://spybets.io,spybets.io,0,18,0,1,0,3.1219,0,1,0,0,0,0,0,0.0,0,0,0,0,io,0.28,1,0,0,0.0,0,True,2,1,0,378,"NameCheap, Inc.",0,0,1,True,0,Google Trust Services,78,False,,,0.1464
https://nordu.net,nordu.net,0,17,0,1,0,2.9477,0,1,0,0,0,0,0,0.0,0,0,0,0,net,0.22,1,0,0,0.0,0,True,1,1,1,15182,"Network Solutions, LLC",0,0,1,True,0,Let's Encrypt,33,False,,,0.125
https://sp5ct-marek-biz8-lurev-foniq.pages.dev/,sp5ct-marek-biz8-lurev-foniq.pages.dev,1,47,4,2,2,4.4585,1,1,0,0,1,0,0,0.0,0,0,0,0,dev,0.5,0,0,0,0.0,0,True,2,1,0,,,0,0,0,True,0,Google Trust Services,83,False,,,0.2392
https://sp29ct-kelqor-biz-hastik-fomlen.pages.dev/,sp29ct-kelqor-biz-hastik-fomlen.pages.dev,1,50,4,2,2,4.4611,1,1,0,0,1,0,0,0.1667,2,0,2,0,dev,0.5,0,0,0,0.0,0,True,2,1,0,,,0,0,0,True,0,Google Trust Services,81,False,,,0.3059
https://www.wwltv.com/,www.wwltv.com,0,22,0,2,0,2.6535,1,1,0,0,1,0,0,0.0,0,0,0,0,com,0.15,1,0,0,0.0,0,True,4,0,0,10260,"Name.com, Inc.",0,0,1,True,0,Let's Encrypt,23,False,,,0.0981
https://dengekionline.com,dengekionline.com,0,25,0,1,0,3.2928,0,1,0,0,0,0,0,0.0,0,0,0,0,com,0.15,1,0,0,0.0,0,True,4,0,1,9574,"GMO Internet, Inc.",0,0,1,True,0,Amazon,211,False,,,0.1109
https://g4educacao-google.vercel.app/,g4educacao-google.vercel.app,1,37,1,2,1,3.6281,1,1,0,0,1,0,0,0.0833,1,0,1,0,app,0.35,1,0,0,0.0,0,True,2,0,0,,,0,0,0,True,0,Google Trust Services,60,False,,,0.2109
https://japan-autoverify.index-login05.qdkb.cc/jF5mQ7xA6mD9wS0uR0aD7cE2dY1xP4xY7qZ1tJ8k/,japan-autoverify.index-login05.qdkb.cc,1,88,2,3,2,4.4843,2,1,0,0,42,0,0,0.0,0,0,0,0,cc,0.5,0,0,0,0.0,0,True,1,0,0,336,"Hefei Juming Network Technology Co., Ltd.",0,1,1,True,0,Let's Encrypt,81,False,,,0.2397
http://xelvora-gld-belquza-c6x2hp78.pages.dev/appeals/submit-appeal-form/return,xelvora-gld-belquza-c6x2hp78.pages.dev,1,79,3,2,4,4.3462,1,0,0,0,34,0,0,0.0,0,0,0,0,dev,0.5,0,0,0,0.0,0,True,2,1,0,,,0,0,0,True,0,Google Trust Services,82,False,,,0.2369
http://uphloll-xlugnm-io.godaddysites.com/,uphloll-xlugnm-io.godaddysites.com,1,42,2,2,0,4.0653,1,0,0,0,1,0,0,0.0,0,0,0,0,com,0.15,1,0,0,0.0,0,True,2,0,0,4634,"GoDaddy.com, LLC",0,0,1,True,0,GoDaddy.com,165,False,,,0.1263
https://cuni.cz,cuni.cz,0,15,0,1,0,2.5216,0,1,0,0,0,0,0,0.0833,1,0,1,0,cz,0.5,0,0,0,0.0,0,True,1,1,1,11097,REG-CZNIC,0,0,1,True,0,Hellenic Academic and Research Institutions CA,28,False,,,0.2338
http://pertamina-pemesanan-ia.vercel.app/,pertamina-pemesanan-ia.vercel.app,1,41,2,2,0,3.5331,1,0,0,0,1,0,0,0.0833,1,0,1,0,app,0.35,1,0,0,0.0,0,True,2,0,0,,,0,0,0,True,0,Google Trust Services,60,False,,,0.209
https://sistema.ru,sistema.ru,0,18,0,1,0,3.1219,0,1,0,0,0,0,0,0.0,0,0,0,0,ru,0.5,0,0,0,0.0,0,True,1,0,1,10572,RU-CENTER-RU,0,0,1,True,0,GlobalSign nv-sa,88,False,,,0.2124
https://solseed.cn/search?q=profile,solseed.cn,0,35,0,1,0,2.9219,0,1,0,0,7,1,2,0.0,0,0,0,0,cn,0.5,0,0,0,0.0,0,False,0,0,0,1951,泛息企业管理咨询(上海)有限公司,0,0,1,False,0,,,,,,0.2084
https://en-desktop-leddgr-docs.pages.dev/,en-desktop-leddgr-docs.pages.dev,1,41,3,2,0,3.7272,1,1,0,0,1,0,0,0.0,0,0,0,0,dev,0.5,0,0,0,0.0,0,True,2,1,0,,,0,0,0,True,0,Google Trust Services,62,False,,,0.2245
https://www.caroda.io,www.caroda.io,0,21,0,2,0,2.8731,1,1,0,0,0,0,0,0.0,0,0,0,0,io,0.28,1,0,0,0.0,0,True,1,1,0,3669,"GoDaddy.com, LLC",0,0,1,True,0,Google Trust Services,63,False,,,0.1415
http://www.deogooddk.net/,www.deogooddk.net,1,25,0,2,0,3.0131,1,0,0,0,1,0,0,0.0,0,0,0,0,net,0.22,1,0,0,0.0,0,True,2,0,0,3,"Wild West Domains, LLC",1,0,1,False,0,,,False,,,0.1263
https://www.shardocmn.vercel.app/,www.shardocmn.vercel.app,1,33,0,3,0,3.7721,2,1,0,0,1,0,0,0.0833,1,0,1,0,app,0.35,1,0,0,0.0,0,True,2,0,0,,,0,0,0,False,0,,,False,,,0.2138
http://c2y-temaq-fk4ed-v763-til.pages.dev/,c2y-temaq-fk4ed-v763-til.pages.dev,1,42,4,2,5,4.3228,1,0,0,0,1,0,0,0.0,0,0,0,0,dev,0.5,0,0,0,0.0,0,True,2,1,0,,,0,0,0,True,0,Google Trust Services,76,False,,,0.2365
https://altin.in,altin.in,0,16,0,1,0,2.5,0,1,0,0,0,0,0,0.0,0,0,0,0,in,0.2,1,0,0,0.0,0,True,2,1,1,5914,GoDaddy,0,0,1,True,0,"GoDaddy.com, Inc.",129,False,,,0.11
http://sp3ct-kelqas-biz8-ramvik-foden.pages.dev/appeals/submit-appeal-form/return,sp3ct-kelqas-biz8-ramvik-foden.pages.dev,1,81,4,2,2,4.3842,1,0,0,0,34,0,0,0.25,1,1,0,0,dev,0.5,0,0,0,0.0,0,True,2,1,0,,,0,0,0,True,0,Google Trust Services,82,False,,,0.3377
https://www.autoscout24.de/,www.autoscout24.de,0,27,0,2,2,3.4613,1,1,0,0,1,0,0,0.0,0,0,0,0,de,0.5,0,0,0,0.0,0,True,4,0,0,,,0,0,0,True,0,Amazon,77,False,,,0.2192
https://www.xxxbpvideo.com/,www.xxxbpvideo.com,0,27,0,2,0,3.4194,1,1,0,0,1,0,0,0.0,0,0,0,0,com,0.15,1,0,0,0.0,0,True,2,1,0,840,"Name.com, Inc.",0,0,1,True,0,Google Trust Services,79,False,,,0.1134
http://www.vt.mlulxpl.com/,www.vt.mlulxpl.com,1,26,0,3,0,3.2663,2,0,0,0,1,0,0,0.0,0,0,0,0,com,0.15,1,0,0,0.0,0,True,1,0,1,23,IONOS SE,1,1,1,True,0,Let's Encrypt,75,False,,,0.1103
http://sp3ct-xavlor-biz8-ranqik-pused.pages.dev/appeals/submit-appeal-form/return,sp3ct-xavlor-biz8-ranqik-pused.pages.dev,1,81,4,2,2,4.3964,1,0,0,0,34,0,0,0.0,0,0,0,0,dev,0.5,0,0,0,0.0,0,True,2,1,0,,,0,0,0,True,0,Google Trust Services,82,False,,,0.2379
https://watchporn.to,watchporn.to,0,20,0,1,0,3.2516,0,1,0,0,0,0,0,0.0,0,0,0,0,to,0.5,0,0,0,0.0,0,True,1,0,0,558,Government of Kingdom of Tonga,0,0,1,True,0,Let's Encrypt,6,False,,,0.215
https://green-month-640647.framer.app/,green-month-640647.framer.app,1,38,2,2,6,3.9783,1,1,0,0,1,0,0,0.0833,1,0,1,0,app,0.35,1,0,0,0.0,0,True,2,0,0,,,0,0,0,True,0,Let's Encrypt,37,False,,,0.2179
http://sp29ct-favtor-biz-hersik-zalqen.pages.dev/,sp29ct-favtor-biz-hersik-zalqen.pages.dev,1,49,4,2,2,4.3939,1,0,0,0,1,0,0,0.1667,2,0,2,0,dev,0.5,0,0,0,0.0,0,True,2,1,0,,,0,0,0,True,0,Google Trust Services,81,False,,,0.3046
https://www.minecraftskins.com/,www.minecraftskins.com,0,31,0,2,0,3.6978,1,1,0,0,1,0,0,0.0,0,0,0,0,com,0.15,1,0,0,0.0,0,True,2,1,0,5804,"GoDaddy.com, LLC",0,0,1,True,0,Google Trust Services,37,False,,,0.119
https://www.facebookloginapp.blogspot.com/,www.facebookloginapp.blogspot.com,1,42,0,3,0,3.8391,2,1,0,0,1,0,0,0.0,0,0,0,0,com,0.15,1,0,0,0.0,0,True,2,1,0,,,0,0,0,False,0,,,False,,,0.1218
https://antonetegailofficial.blogspot.com/,antonetegailofficial.blogspot.com,1,42,0,2,0,3.7526,1,1,0,0,1,0,0,0.0,0,0,0,0,com,0.15,1,0,0,0.0,0,True,2,1,0,,,0,0,0,True,0,Google Trust Services,55,False,,,0.1201
https://www.1aauto.com/,www.1aauto.com,0,23,0,2,1,3.0391,1,1,0,0,1,0,0,0.0,0,0,0,0,com,0.15,1,0,0,0.0,0,True,3,1,0,,,0,0,0,True,0,DigiCert Inc,122,False,,,0.1058
https://cscse.edu.cn/search?q=pricing,cscse.edu.cn,0,37,0,2,0,2.6887,1,1,0,0,7,1,2,0.0,0,0,0,0,cn,0.5,0,0,0,0.0,0,True,2,0,1,,,0,0,0,False,0,,,,,,0.2038
https://account-recovery-id100029852269.vercel.app/business,account-recovery-id100029852269.vercel.app,1,59,2,2,12,4.3384,1,1,0,0,9,0,0,0.2333,1,0,1,1,app,0.35,1,0,0,0.0,0,True,2,0,0,,,0,0,0,True,0,Google Trust Services,60,False,,,0.2851
https://www.partslink24.com/partslink24/index.jsp,www.partslink24.com,0,49,0,2,2,3.8924,1,1,0,0,22,0,0,0.0,0,0,0,0,com,0.15,1,0,0,0.0,0,True,2,0,0,8466,Eurodns S.A.,0,0,1,True,0,DigiCert Inc,126,False,,,0.1228
https://amazon-ads-attestation.com,amazon-ads-attestation.com,0,34,2,1,0,3.4557,0,1,0,0,0,0,0,0.0833,1,0,1,0,com,0.15,1,0,0,0.0,0,False,0,0,0,777,"MarkMonitor, Inc.",0,0,1,False,0,,,,,,0.1474
http://sp5ct-ronel-biz8-vurem-fasik.pages.dev/,sp5ct-ronel-biz8-vurem-fasik.pages.dev,1,46,4,2,2,4.386,1,0,0,0,1,0,0,0.0,0,0,0,0,dev,0.5,0,0,0,0.0,0,True,2,1,0,,,0,0,0,True,0,Google Trust Services,83,False,,,0.2377
https://sp25ct7-marnor-biz-dolsen-zefrik.pages.dev/,sp25ct7-marnor-biz-dolsen-zefrik.pages.dev,1,51,4,2,3,4.404,1,1,0,0,1,0,0,0.1667,2,0,2,0,dev,0.5,0,0,0,0.0,0,True,2,1,0,,,0,0,0,True,0,Google Trust Services,80,False,,,0.3048
https://stock-shawl.pages.dev/,stock-shawl.pages.dev,1,30,1,2,0,3.8802,1,1,0,0,1,0,0,0.0,0,0,0,0,dev,0.5,0,0,0,0.0,0,True,2,1,0,,,0,0,0,True,0,Google Trust Services,73,False,,,0.2276
http://balsa-bet365.com.cn/,balsa-bet365.com.cn,1,27,1,2,3,3.8269,1,0,0,0,1,0,0,0.0,0,0,0,0,cn,0.5,0,0,0,0.0,0,True,1,0,0,45,广东互易网络知识产权有限公司,0,0,1,True,0,Let's Encrypt,47,False,,,0.2265
http://whmx-zyq-jh2cl-9712of-2ojml.pages.dev/appeals/submit-appeal-form/return,whmx-zyq-jh2cl-9712of-2ojml.pages.dev,1,78,4,2,6,4.4863,1,0,0,0,34,0,0,0.0,0,0,0,0,dev,0.5,0,0,0,0.0,0,True,2,1,0,,,0,0,0,True,0,Google Trust Services,82,False,,,0.2397
https://facebook.alheekmah.edu.pk/,facebook.alheekmah.edu.pk,1,34,0,3,0,3.5933,2,1,0,0,1,0,0,0.0,0,0,0,0,pk,0.5,0,0,0,0.0,0,True,1,0,0,298,,0,0,1,True,0,Let's Encrypt,85,False,,,0.2219
https://whos.amung.us/,whos.amung.us,0,22,0,2,0,3.2389,1,1,0,0,1,0,0,0.0,0,0,0,0,us,0.5,0,0,0,0.0,0,True,2,1,0,7071,"GoDaddy.com, LLC",0,0,1,True,0,Google Trust Services,47,False,,,0.2148
https://cloudpit.com/support/contact,cloudpit.com,0,36,0,1,0,3.2516,0,1,0,0,16,0,0,0.0,0,0,0,0,com,0.15,1,0,0,0.0,0,True,1,0,0,5667,RegistryGate GmbH,0,1,1,False,0,,,,,,0.11
http://tsnhtfsdx.eu.cc/es,tsnhtfsdx.eu.cc,1,25,0,2,0,3.3736,1,0,0,0,3,0,0,0.0,0,0,0,0,cc,0.5,0,0,0,0.0,0,True,1,0,0,10515,Gname.com Pte. Ltd.,0,1,1,True,0,Let's Encrypt,85,False,,,0.2175
https://www.roblox.com.bi/users/660063149848/profile,www.roblox.com.bi,1,52,0,3,0,3.1307,2,1,0,0,27,0,0,0.0,0,0,0,0,bi,0.5,0,0,0,0.0,0,True,1,0,0,144,Afriregister1,0,0,1,True,0,Let's Encrypt,38,False,,,0.2126
https://www.redhat.com/en/ansible-collaborative?intcmp=7015Y000003t7aWQAQ,www.redhat.com,0,73,0,2,0,3.3249,1,1,0,0,25,1,2,0.0,0,0,0,0,com,0.15,1,0,0,0.0,0,True,2,1,0,11751,NOM-IQ Ltd dba Com Laude,0,0,1,True,0,DigiCert Inc,74,False,,,0.1115
https://ifc.edu.br,ifc.edu.br,0,18,0,2,0,3.1219,1,1,0,0,0,0,0,0.0833,1,0,1,0,br,0.5,0,0,0,0.0,0,True,1,1,1,6287,,0,0,1,True,0,REDE NACIONAL DE ENSINO E PESQUISA - RNP,260,False,,,0.2458
https://www.roblox.com.mu/users/2284427568/profile,www.roblox.com.mu,1,50,0,3,0,3.1307,2,1,0,0,25,0,0,0.0,0,0,0,0,mu,0.5,0,0,0,0.0,0,True,1,0,0,51,Register.mu,0,0,1,True,0,Let's Encrypt,43,False,,,0.2126
http://sp5ct-curel-biz8-moniq-zarev.pages.dev/,sp5ct-curel-biz8-moniq-zarev.pages.dev,1,46,4,2,2,4.3532,1,0,0,0,1,0,0,0.0,0,0,0,0,dev,0.5,0,0,0,0.0,0,True,2,1,0,,,0,0,0,True,0,Google Trust Services,83,False,,,0.2371
https://www.iheartmedia.com/,www.iheartmedia.com,0,28,0,2,0,3.4714,1,1,0,0,1,0,0,0.0,0,0,0,0,com,0.15,1,0,0,0.0,0,True,2,1,0,7806,"MarkMonitor, Inc.",0,0,1,True,0,DigiCert Inc,77,False,,,0.1144
http://sp29ct-havqor-biz-farnik-lestok.pages.dev/,sp29ct-havqor-biz-farnik-lestok.pages.dev,1,49,4,2,2,4.4243,1,0,0,0,1,0,0,0.1667,2,0,2,0,dev,0.5,0,0,0,0.0,0,True,2,1,0,,,0,0,0,True,0,Google Trust Services,81,False,,,0.3052
http://noble-yak-959506.framer.app/,noble-yak-959506.framer.app,1,35,2,2,6,4.0603,1,0,0,0,1,0,0,0.0833,1,0,1,0,app,0.35,1,0,0,0.0,0,True,2,0,0,,,0,0,0,True,0,Let's Encrypt,37,False,,,0.2195
http://facebook-247-support.blogspot.com/,facebook-247-support.blogspot.com,1,41,2,2,3,4.0667,1,0,0,0,1,0,0,0.0,0,0,0,1,com,0.15,1,0,0,0.0,0,True,2,1,0,,,0,0,0,True,0,Google Trust Services,55,False,,,0.1263
https://wpstacja.pl,wpstacja.pl,0,19,0,1,0,3.0958,0,1,0,0,0,0,0,0.0,0,0,0,0,pl,0.5,0,0,0,0.0,0,True,1,0,0,3185,OVH SAS,0,0,1,True,0,Let's Encrypt,82,False,,,0.2119
https://www.kuiongloinc.godaddysites.com/,www.kuiongloinc.godaddysites.com,1,41,0,3,0,3.9056,2,1,0,0,1,0,0,0.0,0,0,0,0,com,0.15,1,0,0,0.0,0,True,2,0,0,4634,"GoDaddy.com, LLC",0,0,1,False,0,,,False,,,0.1231
https://rohansohamdey-art.github.io/spotify-clone/,rohansohamdey-art.github.io,1,50,1,2,0,3.9303,1,1,0,0,15,0,0,0.0,0,0,0,0,io,0.28,1,0,0,0.0,0,True,4,1,0,,,0,0,0,True,0,Let's Encrypt,36,False,,,0.1626
http://mateladepormhub.phemayameltahub.site/enable-import-buffer-file-iot-config-embedding,mateladepormhub.phemayameltahub.site,1,90,0,2,0,3.7608,1,0,0,0,47,0,0,0.1667,1,0,1,0,site,0.7,1,0,0,0.0,0,True,1,0,1,,,0,0,0,False,0,,,,,,0.3519
https://trezer-bridgge.pages.dev/,trezer-bridgge.pages.dev,1,33,1,2,0,3.5383,1,1,0,0,1,0,0,0.0,0,0,0,0,dev,0.5,0,0,0,0.0,0,True,2,1,0,,,0,0,0,True,0,Google Trust Services,36,False,,,0.2208
https://parseplatform.org/,parseplatform.org,0,26,0,1,0,3.4548,0,1,0,0,1,0,0,0.0,0,0,0,0,org,0.1,1,0,0,0.0,0,True,2,1,1,3425,"Cloudflare, Inc.",0,0,1,True,0,Google Trust Services,67,False,,,0.0991
https://myharmony.com/search?q=update,myharmony.com,0,37,0,1,0,3.027,0,1,0,0,7,1,2,0.0,0,0,0,0,com,0.15,1,0,0,0.0,0,True,4,0,1,7996,MarkMonitor Inc.,0,0,1,True,0,Amazon,136,False,,,0.1055
https://usemessages.com/about,usemessages.com,0,29,0,1,0,2.9232,0,1,0,0,6,0,0,0.0,0,0,0,0,com,0.15,1,0,0,0.0,0,False,0,0,0,3885,"MarkMonitor, Inc.",0,0,1,False,0,,,,,,0.1035
https://www.auto24.ee/,www.auto24.ee,0,22,0,2,2,3.027,1,1,0,0,1,0,0,0.0,0,0,0,0,ee,0.5,0,0,0,0.0,0,True,2,1,0,,Zone Media OÜ,0,0,1,True,0,Let's Encrypt,78,False,,,0.2105
http://ig-verify.apps.prov.cx/,ig-verify.apps.prov.cx,1,30,1,3,0,3.7544,2,0,0,0,1,0,0,0.0,0,0,0,1,cx,0.5,0,0,0,0.0,0,True,1,0,0,20,CentralNic Ltd,1,0,1,True,0,Let's Encrypt,88,False,,,0.2251
https://hosted.app/search?q=update,hosted.app,0,34,0,1,0,3.1219,0,1,0,0,7,1,2,0.0833,1,0,1,0,app,0.35,1,0,0,0.0,0,False,0,0,0,,,0,0,0,False,0,,,,,,0.2008
http://en-treezer-login-us.typedream.app/,en-treezer-login-us.typedream.app,1,41,3,2,0,3.8997,1,0,0,0,1,0,0,0.2333,1,0,1,1,app,0.35,1,0,0,0.0,0,True,2,0,0,,,0,0,0,True,0,Google Trust Services,88,False,,,0.2763
http://reactivate365xs.webcindario.com/,reactivate365xs.webcindario.com,1,39,0,2,3,4.0826,1,0,0,0,1,0,0,0.0,0,0,0,0,com,0.15,1,0,0,0.0,0,True,1,0,0,9280,"TUCOWS.COM, CO.",0,1,1,True,0,Let's Encrypt,20,False,,,0.1267
https://www.southampton.ac.uk/,www.southampton.ac.uk,0,30,0,3,0,3.5585,2,1,0,0,1,0,0,0.0,0,0,0,0,uk,0.5,0,0,0,0.0,0,True,3,1,0,10953,No registrar listed.  This domain is directly registered with Nominet.,0,0,1,True,0,DigiCert Inc,107,False,,,0.2212
https://samsungsiminfo.com/api/v1/status,samsungsiminfo.com,0,40,0,1,0,3.3083,0,1,0,0,14,0,0,0.0,0,0,0,0,com,0.15,1,0,0,0.0,0,False,0,0,0,321,"Amazon Registrar, Inc.",0,1,1,False,0,,,,,,0.1112
http://www.netflix-clone-gold-nine.vercel.app/,www.netflix-clone-gold-nine.vercel.app,1,46,3,3,0,3.9354,2,0,0,0,1,0,0,0.1667,2,0,2,0,app,0.35,1,0,0,0.0,0,True,2,0,0,,,0,0,0,False,0,,,False,,,0.2504
https://maersk.com/account/settings,maersk.com,0,35,0,1,0,3.1219,0,1,0,0,17,0,0,0.0,0,0,0,0,com,0.15,1,0,0,0.0,0,True,2,0,1,,,0,0,0,True,0,Let's Encrypt,30,False,,,0.1074
http://sp3ct-ransik-biz8-zelqem-fudor.pages.dev/appeals/submit-appeal-form/return,sp3ct-ransik-biz8-zelqem-fudor.pages.dev,1,81,4,2,2,4.4531,1,0,0,0,34,0,0,0.0,0,0,0,0,dev,0.5,0,0,0,0.0,0,True,2,1,0,,,0,0,0,True,0,Google Trust Services,82,False,,,0.2391
https://162.in-addr.arpa/en-us/home,162.in-addr.arpa,0,35,1,2,3,3.3278,1,1,0,0,11,0,0,0.0,0,0,0,0,arpa,0.5,0,0,0,0.0,0,False,0,0,0,,,0,0,0,False,0,,,,,,0.2166
http://a01l1-a01lw3bma1l.wasmer.app/,a01l1-a01lw3bma1l.wasmer.app,1,36,1,2,7,3.5801,1,0,0,0,1,0,0,0.0833,1,0,1,0,app,0.35,1,0,0,0.0,0,True,1,1,0,,,0,0,0,True,0,Let's Encrypt,47,False,,,0.2099
https://iptorrents.com/login.php,iptorrents.com,0,32,0,1,0,3.3788,0,1,0,0,10,0,0,0.0,0,0,0,0,com,0.15,1,0,0,0.0,0,True,6,0,1,7405,"easyDNS Technologies, Inc.",0,1,1,True,0,Let's Encrypt,71,False,,,0.1126
https://mi-img.com/support/contact,mi-img.com,0,34,1,1,0,2.6464,0,1,0,0,16,0,0,0.0,0,0,0,0,com,0.15,1,0,0,0.0,0,False,0,0,0,5156,"eName Technology Co., Ltd.",0,0,1,False,0,,,,,,0.0979
https://www.nst.com.my/,www.nst.com.my,0,23,0,3,0,2.9852,2,1,0,0,1,0,0,0.1667,2,0,2,0,my,0.5,0,0,0,0.0,0,True,2,1,0,9546,Rafatech System Sdn Bhd,0,0,1,True,0,Google Trust Services,50,False,,,0.2764
https://www.leroymerlin.pl/,www.leroymerlin.pl,0,27,0,2,0,3.3083,1,1,0,0,1,0,0,0.0,0,0,0,0,pl,0.5,0,0,0,0.0,0,True,4,0,0,10353,Nameshield,0,0,1,True,0,GlobalSign nv-sa,235,False,,,0.2162
https://sony.tv/en-us/home,sony.tv,0,26,0,1,0,2.8074,0,1,0,0,11,0,0,0.0,0,0,0,0,tv,0.5,0,0,0,0.0,0,False,0,0,0,8336,"PSI-Japan, Inc.",0,0,1,False,0,,,,,,0.2061
https://www.suedkurier.de/,www.suedkurier.de,0,26,0,2,0,3.0575,1,1,0,0,1,0,0,0.0,0,0,0,0,de,0.5,0,0,0,0.0,0,True,4,1,0,,,0,0,0,True,0,Amazon,129,False,,,0.2112
https://www.ringcentral.com/ringcentral-video.html,www.ringcentral.com,0,50,0,2,0,3.5766,1,1,0,0,23,0,0,0.0,0,0,0,0,com,0.15,1,0,0,0.0,0,True,2,0,0,9944,"MarkMonitor, Inc.",0,0,1,True,0,DigiCert Inc,202,False,,,0.1165
https://live-swisscom.firebaseapp.com/,live-swisscom.firebaseapp.com,1,38,1,2,0,3.8404,1,1,0,0,1,0,0,0.0833,1,0,1,0,com,0.15,1,0,0,0.0,0,True,1,1,0,,,0,0,0,True,0,Google Trust Services,82,False,,,0.1551
https://mozilla-europe.org,mozilla-europe.org,0,26,1,1,0,3.5724,0,1,0,0,0,0,0,0.0,0,0,0,0,org,0.1,1,0,0,0.0,0,True,1,0,0,8267,MarkMonitor Inc.,0,0,1,False,0,,,,,,0.1014
https://xspmail.jp/pricing/index.html,xspmail.jp,0,37,0,1,0,3.1219,0,1,0,0,19,0,0,0.0,0,0,0,0,jp,0.5,0,0,0,0.0,0,False,0,0,1,,,0,0,0,False,0,,,,,,0.2124
http://sp29ct-pronak-biz-helsik-zomqer.pages.dev/,sp29ct-pronak-biz-helsik-zomqer.pages.dev,1,49,4,2,2,4.3939,1,0,0,0,1,0,0,0.1667,2,0,2,0,dev,0.5,0,0,0,0.0,0,True,2,1,0,,,0,0,0,True,0,Google Trust Services,80,False,,,0.3046
http://drunf-xplorq-jmudz-e6c582-shrr-gronix.pages.dev/,drunf-xplorq-jmudz-e6c582-shrr-gronix.pages.dev,1,55,5,2,4,4.5178,1,0,0,0,1,0,0,0.0,0,0,0,0,dev,0.5,0,0,0,0.0,0,True,2,1,0,,,0,0,0,True,0,Google Trust Services,81,False,,,0.2404
http://sp5ct-zurev-biz8-pamex-lorik.pages.dev/appeals/submit-appeal-form/return,sp5ct-zurev-biz8-pamex-lorik.pages.dev,1,79,4,2,2,4.3333,1,0,0,0,34,0,0,0.0,0,0,0,0,dev,0.5,0,0,0,0.0,0,True,2,1,0,,,0,0,0,True,0,Google Trust Services,83,False,,,0.2367
https://qweidfnjsdfoo.eu.cc/es,qweidfnjsdfoo.eu.cc,1,30,0,2,0,3.6163,1,1,0,0,3,0,0,0.0,0,0,0,0,cc,0.5,0,0,0,0.0,0,True,1,0,0,10515,Gname.com Pte. Ltd.,0,1,1,True,0,Let's Encrypt,31,False,,,0.2223
https://instagramlogin77.blogspot.com/?m=1,instagramlogin77.blogspot.com,1,42,0,2,2,3.7975,1,1,0,0,1,1,2,0.0,0,0,0,0,com,0.15,1,0,0,0.0,0,True,2,1,0,,,0,0,0,True,0,Google Trust Services,55,False,,,0.121
https://pron.click/first/,pron.click,0,25,0,1,0,3.1219,0,1,0,0,7,0,0,0.0,0,0,0,0,click,0.88,1,0,0,0.0,0,True,1,0,1,2216,PDR Ltd. d/b/a PublicDomainRegistry.com,0,0,1,True,0,Let's Encrypt,66,False,,,0.3264
http://sp3ct-lurvak-biz8-fornel-midam.pages.dev/appeals/submit-appeal-form/return,sp3ct-lurvak-biz8-fornel-midam.pages.dev,1,81,4,2,2,4.4342,1,0,0,0,34,0,0,0.0833,1,0,1,0,dev,0.5,0,0,0,0.0,0,True,2,1,0,,,0,0,0,True,0,Google Trust Services,82,False,,,0.272
https://avminox.com,avminox.com,0,19,0,1,0,3.0958,0,1,0,0,0,0,0,0.0,0,0,0,0,com,0.15,1,0,0,0.0,0,True,2,1,0,256,"NameCheap, Inc.",0,0,1,True,0,Let's Encrypt,89,False,,,0.1069
https://steamrip.com,steamrip.com,0,20,0,1,0,3.4183,0,1,0,0,0,0,0,0.0,0,0,0,0,com,0.15,1,0,0,0.0,0,True,3,1,1,1918,"NameCheap, Inc.",0,0,1,True,0,Google Trust Services,47,False,,,0.1134
https://www.robiox.com.py/users/217056826743/profile,www.robiox.com.py,1,52,0,3,0,3.2484,2,1,0,0,27,0,0,0.0,0,0,0,0,py,0.5,0,0,0,0.0,0,True,1,0,0,,,0,0,0,True,0,Let's Encrypt,72,False,,,0.215
https://876vb87b687.pages.dev/,876vb87b687.pages.dev,1,30,0,2,8,3.4633,1,1,0,0,1,0,0,0.0,0,0,0,0,dev,0.5,0,0,0,0.0,0,True,2,1,0,,,0,0,0,True,0,Let's Encrypt,68,False,,,0.2193
https://wear2.jp/search?q=help,wear2.jp,0,30,0,1,1,3.0,0,1,0,0,7,1,2,0.0,0,0,0,0,jp,0.5,0,0,0,0.0,0,False,0,0,0,2653,,0,0,1,False,0,,,,,,0.21
http://kucoinloginiu.webflow.io/,kucoinloginiu.webflow.io,1,32,0,2,0,3.5016,1,0,0,0,1,0,0,0.0,0,0,0,0,io,0.28,1,0,0,0.0,0,True,2,1,0,4829,"MarkMonitor, Inc.",0,0,1,True,0,Google Trust Services,86,False,,,0.154
https://primebetz.net,primebetz.net,0,21,0,1,0,3.1808,0,1,0,0,0,0,0,0.0,0,0,0,0,net,0.22,1,0,0,0.0,0,True,2,1,0,378,"NameCheap, Inc.",0,0,1,True,0,Google Trust Services,73,False,,,0.1296
https://ledger-3yb.pages.dev/,ledger-3yb.pages.dev,1,29,1,2,1,3.6219,1,1,0,0,1,0,0,0.0833,1,0,1,0,dev,0.5,0,0,0,0.0,0,True,2,1,0,,,0,0,0,True,0,Let's Encrypt,46,False,,,0.2558
https://sp4ct-jorvurin-biz8-furem-kazon.pages.dev/,sp4ct-jorvurin-biz8-furem-kazon.pages.dev,1,50,4,2,2,4.4427,1,1,0,0,1,0,0,0.0,0,0,0,0,dev,0.5,0,0,0,0.0,0,True,2,1,0,,,0,0,0,True,0,Google Trust Services,83,False,,,0.2389
https://area120.google.com/,area120.google.com,0,27,0,2,3,3.4613,1,1,0,0,1,0,0,0.0,0,0,0,0,com,0.15,1,0,0,0.0,0,True,1,1,0,,,0,0,0,True,0,Google Trust Services,55,False,,,0.1142
http://rwan1122.github.io/amazon-project,rwan1122.github.io,1,40,0,2,4,3.7255,1,0,0,0,15,0,0,0.0,0,0,0,0,io,0.28,1,0,0,0.0,0,True,4,1,0,,,0,0,0,True,0,Let's Encrypt,36,False,,,0.1585
https://inicio-cad.pages.dev/,inicio-cad.pages.dev,1,29,1,2,0,3.5842,1,1,0,0,1,0,0,0.0833,1,0,1,0,dev,0.5,0,0,0,0.0,0,True,2,1,0,,,0,0,0,True,0,Google Trust Services,86,False,,,0.255
https://newsbloger.com,newsbloger.com,0,22,0,1,0,3.5216,0,1,0,0,0,0,0,0.0,0,0,0,0,com,0.15,1,0,0,0.0,0,True,2,1,1,2410,"NameCheap, Inc.",0,0,1,True,0,Google Trust Services,82,False,,,0.1154
https://seatguru.com,seatguru.com,0,20,0,1,0,3.4183,0,1,0,0,0,0,0,0.0,0,0,0,0,com,0.15,1,0,0,0.0,0,True,4,0,1,,,0,0,0,True,0,Amazon,123,False,,,0.1134
https://www.openrec.tv/,www.openrec.tv,0,23,0,2,0,3.182,1,1,0,0,1,0,0,0.0,0,0,0,0,tv,0.5,0,0,0,0.0,0,True,4,0,0,4456,"GMO Internet, Inc.",0,0,1,True,0,Amazon,148,False,,,0.2136
http://boogiestore.in/,boogiestore.in,1,22,0,1,0,3.182,0,0,0,0,1,0,0,0.0,0,0,0,0,in,0.2,1,0,0,0.0,0,True,1,1,0,319,GoDaddy,0,0,1,False,0,,,,,,0.1236
https://rcn.com/api/v1/status,rcn.com,0,29,0,1,0,2.5216,0,1,0,0,14,0,0,0.0,0,0,0,0,com,0.15,1,0,0,0.0,0,True,1,0,1,,,0,0,0,True,0,Let's Encrypt,84,False,,,0.0954
http://www.facebookpageslinkk.blogspot.com/,www.facebookpageslinkk.blogspot.com,1,43,0,3,0,3.9329,2,0,0,0,1,0,0,0.0,0,0,0,0,com,0.15,1,0,0,0.0,0,True,2,1,0,,,0,0,0,False,0,,,False,,,0.1237
https://www.mawarpildun.com/,www.mawarpildun.com,0,28,0,2,0,3.5111,1,1,0,0,1,0,0,0.0,0,0,0,0,com,0.15,1,0,0,0.0,0,True,2,1,0,52,"NameCheap, Inc.",0,0,1,True,0,Google Trust Services,37,False,,,0.1152
http://j92g.vip/,j92g.vip,1,16,0,1,2,3.0,0,0,0,0,1,0,0,0.0,0,0,0,0,vip,0.5,0,0,0,0.0,0,True,2,0,0,41,NameMart Pte. Ltd.,0,0,1,True,0,Let's Encrypt,79,False,,,0.21
http://www.djflslfjflslfikrorie.blogspot.com/,www.djflslfjflslfikrorie.blogspot.com,1,45,0,3,0,3.9156,2,0,0,0,1,0,0,0.0,0,0,0,0,com,0.15,1,0,0,0.0,0,True,2,1,0,,,0,0,0,False,0,,,False,,,0.1233
https://maltatoday.com.mt,maltatoday.com.mt,0,25,0,2,0,3.0131,1,1,0,0,0,0,0,0.0,0,0,0,0,mt,0.5,0,0,0,0.0,0,True,3,0,1,,,0,0,0,True,0,Google Trust Services,47,False,,,0.2103
http://cm304030111133.xhost.live/skyglass,cm304030111133.xhost.live,1,41,0,2,12,3.7337,1,0,0,0,9,0,0,0.0833,1,0,1,0,live,0.6,1,0,0,0.0,0,True,2,1,0,,,0,0,0,True,0,Google Trust Services,53,False,,,0.288
https://filmix.gg/,filmix.gg,0,18,0,1,0,2.7255,0,1,0,0,1,0,0,0.0,0,0,0,0,gg,0.5,0,0,0,0.0,0,True,3,1,0,,Porkbun LLC (https://porkbun.com/),0,0,1,True,0,Google Trust Services,63,False,,,0.2045
https://sp5ct-xonel-biz8-furem-kariv.pages.dev/,sp5ct-xonel-biz8-furem-kariv.pages.dev,1,47,4,2,2,4.4585,1,1,0,0,1,0,0,0.0,0,0,0,0,dev,0.5,0,0,0,0.0,0,True,2,1,0,,,0,0,0,True,0,Google Trust Services,83,False,,,0.2392
https://www.unpad.ac.id/,www.unpad.ac.id,0,24,0,3,0,3.0062,2,1,0,0,1,0,0,0.0,0,0,0,0,id,0.5,0,0,0,0.0,0,True,2,1,0,,,0,0,0,True,0,Google Trust Services,73,False,,,0.2101
https://nature.com/account/settings,nature.com,0,35,0,1,0,3.3219,0,1,0,0,17,0,0,0.0,0,0,0,0,com,0.15,1,0,0,0.0,0,True,1,0,1,,,0,0,0,True,0,Let's Encrypt,57,False,,,0.1114
http://sp5ct-zurek-biz8-melov-tarnix.pages.dev/appeals/submit-appeal-form/return,sp5ct-zurek-biz8-melov-tarnix.pages.dev,1,80,4,2,2,4.4136,1,0,0,0,34,0,0,0.0833,1,0,1,0,dev,0.5,0,0,0,0.0,0,True,2,1,0,,,0,0,0,True,0,Google Trust Services,83,False,,,0.2716
https://globalcdn.co/en-us/home,globalcdn.co,0,31,0,1,0,3.085,0,1,0,0,11,0,0,0.0,0,0,0,0,co,0.3,1,0,0,0.0,0,True,1,1,1,,,0,0,0,False,0,,,,,,0.1517
https://investor.vanguard.com/corporate-portal,investor.vanguard.com,0,46,0,2,0,3.8209,1,1,0,0,17,0,0,0.0,0,0,0,0,com,0.15,1,0,0,0.0,0,True,4,0,0,11283,"MarkMonitor, Inc.",0,0,1,True,0,Let's Encrypt,55,False,,,0.1214
http://personnelcompte.moncompte.site/,personnelcompte.moncompte.site,1,38,0,2,0,3.4193,1,0,0,0,1,0,0,0.1667,1,0,1,0,site,0.7,1,0,0,0.0,0,False,0,0,0,,,0,0,0,False,0,,,,,,0.3451
http://kflyp-zgron-bvark-8os49d-qrxp-vryska.pages.dev/,kflyp-zgron-bvark-8os49d-qrxp-vryska.pages.dev,1,54,5,2,3,4.3196,1,0,0,0,1,0,0,0.0,0,0,0,0,dev,0.5,0,0,0,0.0,0,True,2,1,0,,,0,0,0,True,0,Google Trust Services,81,False,,,0.2364
http://xelquro-gld-zentela-c7x1hp98.pages.dev/,xelquro-gld-zentela-c7x1hp98.pages.dev,1,46,3,2,4,4.3764,1,0,0,0,1,0,0,0.0,0,0,0,0,dev,0.5,0,0,0,0.0,0,True,2,1,0,,,0,0,0,True,0,Google Trust Services,83,False,,,0.2375
https://serasaregulariza.click/ped/,serasaregulariza.click,1,35,0,1,0,3.4251,0,1,0,0,5,0,0,0.0,0,0,0,0,click,0.88,1,0,0,0.0,0,True,2,1,0,2,"Dynadot, LLC",1,0,1,True,0,Google Trust Services,87,False,,,0.3325
https://www.ml-facebook.blogspot.com/,www.ml-facebook.blogspot.com,1,37,1,3,0,3.7674,2,1,0,0,1,0,0,0.0,0,0,0,0,com,0.15,1,0,0,0.0,0,True,2,1,0,,,0,0,0,False,0,,,False,,,0.1203
https://ngakaknakal.store,ngakaknakal.store,0,25,0,1,0,3.2195,0,1,0,0,0,0,0,0.0,0,0,0,0,store,0.5,0,0,0,0.0,0,True,2,1,0,,,0,0,0,True,0,Google Trust Services,69,False,,,0.2144
https://menuphimsexhay.com,menuphimsexhay.com,0,26,0,1,0,3.6835,0,1,0,0,0,0,0,0.0,0,0,0,0,com,0.15,1,0,0,0.0,0,True,2,1,0,32,"NameCheap, Inc.",0,0,1,True,0,Google Trust Services,57,False,,,0.1187
https://codetel.net.do/help/index.html,codetel.net.do,0,38,0,2,0,2.8963,1,1,0,0,16,0,0,0.0,0,0,0,0,do,0.5,0,0,0,0.0,0,True,1,0,1,,,0,0,0,False,0,,,,,,0.2079
https://www.roblox.com.ml/users/128360482363/profile,www.roblox.com.ml,1,52,0,3,0,3.0131,2,1,0,0,27,0,0,0.0,0,0,0,0,ml,0.93,1,0,0,0.0,0,True,1,0,0,,,0,0,0,True,0,Let's Encrypt,72,False,,,0.3393
https://858096.xyz/support/contact,858096.xyz,0,34,0,1,6,3.1219,0,1,0,0,16,0,0,0.0,0,0,0,0,xyz,0.94,1,0,0,0.0,0,False,0,0,0,,,0,0,0,False,0,,,,,,0.3444
https://exehbiit.cfd/,exehbiit.cfd,1,21,0,1,0,3.2516,0,1,0,0,1,0,0,0.0,0,0,0,0,cfd,0.5,0,0,0,0.0,0,True,1,0,0,118,Gname.com Pte. Ltd.,0,1,1,True,0,Let's Encrypt,58,False,,,0.215
https://www.rbc.com/,www.rbc.com,0,20,0,2,0,2.6635,1,1,0,0,1,0,0,0.0833,1,0,1,0,com,0.15,1,0,0,0.0,0,True,1,0,0,11600,"GoDaddy Corporate Domains, LLC",0,0,1,True,0,Sectigo Limited,217,False,,,0.1316
https://gale.com,gale.com,0,16,0,1,0,3.0,0,1,0,0,0,0,0,0.0,0,0,0,0,com,0.15,1,0,0,0.0,0,True,2,1,1,11742,Key-Systems GmbH,0,1,1,True,0,Google Trust Services,46,False,,,0.105
https://sp3ct-jolvek-biz8-trisak-morul.pages.dev/,sp3ct-jolvek-biz8-trisak-morul.pages.dev,1,49,4,2,2,4.3842,1,1,0,0,1,0,0,0.0,0,0,0,0,dev,0.5,0,0,0,0.0,0,True,2,1,0,,,0,0,0,True,0,Google Trust Services,81,False,,,0.2377
https://overheid.nl,overheid.nl,0,19,0,1,0,3.2776,0,1,0,0,0,0,0,0.0,0,0,0,0,nl,0.5,0,0,0,0.0,0,True,1,1,1,10098,Rijksoverheid,0,0,1,True,0,CERTSIGN SA,84,False,,,0.2156
https://fazebook-clone.vercel.app/login,fazebook-clone.vercel.app,1,39,1,2,0,3.7337,1,1,0,0,6,0,0,0.0833,1,0,1,0,app,0.35,1,0,0,0.0,0,True,2,0,0,,,0,0,0,True,0,Google Trust Services,60,False,,,0.213
https://dloria.cc/login,dloria.cc,0,23,0,1,0,2.9477,0,1,0,0,6,0,0,0.0,0,0,0,0,cc,0.5,0,0,0,0.0,0,False,0,0,0,42,"Cloudflare, Inc.",0,0,1,False,0,,,,,,0.209
http://www.authentication-login-page.duckdns.org/,www.authentication-login-page.duckdns.org,1,49,2,3,0,4.1067,2,0,0,0,1,0,0,0.0,0,0,0,1,org,0.1,1,0,0,0.0,0,True,1,0,1,,,0,0,0,False,0,,,False,,,0.1121
http://sp3ct-lorvak-biz8-mesqor-zudan.pages.dev/appeals/submit-appeal-form/return,sp3ct-lorvak-biz8-mesqor-zudan.pages.dev,1,81,4,2,2,4.4153,1,0,0,0,34,0,0,0.0,0,0,0,0,dev,0.5,0,0,0,0.0,0,True,2,1,0,,,0,0,0,True,0,Google Trust Services,82,False,,,0.2383
http://m.12612.co/,m.12612.co,1,18,0,2,5,2.7219,1,0,0,0,1,0,0,0.0,0,0,0,0,co,0.3,1,0,0,0.0,0,False,0,0,0,,,0,0,0,False,0,,,,,,0.1444
https://battle.net/blog/docs,battle.net,0,28,0,1,0,2.6464,0,1,0,0,10,0,0,0.0,0,0,0,0,net,0.22,1,0,0,0.0,0,True,4,0,1,11080,MarkMonitor Inc.,0,0,1,True,0,Amazon,69,False,,,0.1189
https://facebook9facebook.blogspot.com/?m=1,facebook9facebook.blogspot.com,1,43,0,2,1,3.6015,1,1,0,0,1,1,2,0.0,0,0,0,0,com,0.15,1,0,0,0.0,0,True,2,1,0,,,0,0,0,True,0,Google Trust Services,55,False,,,0.117
https://hotukdeals.com,hotukdeals.com,0,22,0,1,0,3.6645,0,1,0,0,0,0,0,0.0,0,0,0,0,com,0.15,1,0,0,0.0,0,True,2,1,1,8020,GANDI SAS,0,0,1,True,0,Let's Encrypt,78,False,,,0.1183
https://86541.s3.amazonaws.com/ey1daz7e_kt5yeszehnb37bm1_evmfyc8blu8auydt8tigw.html,86541.s3.amazonaws.com,1,83,0,3,6,3.7544,2,1,0,0,53,0,2,0.0,0,0,0,0,com,0.15,1,0,0,0.0,0,True,24,0,0,7649,"MarkMonitor, Inc.",0,0,1,True,0,Amazon,101,False,,,0.1201
https://deliveroo.co.uk,deliveroo.co.uk,0,23,0,2,0,3.3232,1,1,0,0,0,0,0,0.0,0,0,0,0,uk,0.5,0,0,0,0.0,0,True,2,1,1,5152,Markmonitor Inc. [Tag = MARKMONITOR],0,0,1,True,0,Google Trust Services,33,False,,,0.2165
https://www.gov.uk/government/organisations/hm-revenue-customs,www.gov.uk,0,62,0,2,0,2.6464,1,1,0,0,44,0,0,0.0833,1,0,1,0,uk,0.5,0,0,0,0.0,0,True,4,1,0,10953,No registrar listed.  This domain is directly registered with Nominet.,0,0,1,True,0,GlobalSign nv-sa,153,False,,,0.2362
https://neilpatel.com,neilpatel.com,0,21,0,1,0,3.3927,0,1,0,0,0,0,0,0.0,0,0,0,0,com,0.15,1,0,0,0.0,0,True,2,1,1,10517,"GoDaddy.com, LLC",0,0,1,True,0,Google Trust Services,79,False,,,0.1129
http://sp5ct-murek-biz8-vonar-halex.pages.dev/appeals/submit-appeal-form/return,sp5ct-murek-biz8-vonar-halex.pages.dev,1,79,4,2,2,4.4386,1,0,0,0,34,0,0,0.0,0,0,0,0,dev,0.5,0,0,0,0.0,0,True,2,1,0,,,0,0,0,True,0,Google Trust Services,83,False,,,0.2388
http://sp5ct-korem-biz8-salix-fuven.pages.dev/appeals/submit-appeal-form/return,sp5ct-korem-biz8-salix-fuven.pages.dev,1,79,4,2,2,4.4386,1,0,0,0,34,0,0,0.0,0,0,0,0,dev,0.5,0,0,0,0.0,0,True,2,1,0,,,0,0,0,True,0,Google Trust Services,83,False,,,0.2388
https://net-ledger-wallet-data-webs.vercel.app/ledger%20form/verify.html,net-ledger-wallet-data-webs.vercel.app,1,72,4,2,0,3.7109,1,1,0,0,26,0,1,0.1667,2,0,2,0,app,0.35,1,0,0,0.0,0,True,2,0,0,,,0,0,0,True,0,Google Trust Services,60,False,,,0.2459
https://123moviesfree.net,123moviesfree.net,0,25,0,1,3,3.6169,0,1,0,0,0,0,0,0.0,0,0,0,0,net,0.22,1,0,0,0.0,0,True,2,1,0,3724,"TUCOWS.COM, CO.",0,1,1,True,0,Google Trust Services,47,False,,,0.1383
http://c2rq-o018-mk5-c5dl4o-1lk.pages.dev/,c2rq-o018-mk5-c5dl4o-1lk.pages.dev,1,42,4,2,8,4.3228,1,0,0,0,1,0,0,0.0,0,0,0,0,dev,0.5,0,0,0,0.0,0,True,2,1,0,,,0,0,0,True,0,Google Trust Services,65,False,,,0.2365
http://sp5ct-zanor-biz8-furem-lovik.pages.dev/,sp5ct-zanor-biz8-furem-lovik.pages.dev,1,46,4,2,2,4.4386,1,0,0,0,1,0,0,0.0,0,0,0,0,dev,0.5,0,0,0,0.0,0,True,2,1,0,,,0,0,0,True,0,Google Trust Services,83,False,,,0.2388
https://craftluna.net,craftluna.net,0,21,0,1,0,3.2389,0,1,0,0,0,0,0,0.0,0,0,0,0,net,0.22,1,0,0,0.0,0,True,2,1,1,891,"NameCheap, Inc.",0,0,1,True,0,Google Trust Services,35,False,,,0.1308
https://mdwrite.net,mdwrite.net,0,19,0,1,0,3.0958,0,1,0,0,0,0,0,0.0,0,0,0,0,net,0.22,1,0,0,0.0,0,True,2,1,0,1323,"NameCheap, Inc.",0,0,1,True,0,Google Trust Services,45,False,,,0.1279
http://xenon-tulip.pages.dev/,xenon-tulip.pages.dev,1,29,1,2,0,3.8802,1,0,0,0,1,0,0,0.0,0,0,0,0,dev,0.5,0,0,0,0.0,0,True,2,1,0,,,0,0,0,True,0,Google Trust Services,73,False,,,0.2276
https://moovitapp.com,moovitapp.com,0,21,0,1,0,3.027,0,1,0,0,0,0,0,0.0,0,0,0,0,com,0.15,1,0,0,0.0,0,True,4,0,1,5072,"GoDaddy.com, LLC",0,0,1,True,0,Amazon,230,False,,,0.1055
https://mawartotoril.com,mawartotoril.com,0,24,0,1,0,3.2028,0,1,0,0,0,0,0,0.0,0,0,0,0,com,0.15,1,0,0,0.0,0,True,2,1,0,44,"Spaceship, Inc.",0,0,1,True,0,Google Trust Services,45,False,,,0.1091
http://kucio-nloggn.godaddysites.com/,kucio-nloggn.godaddysites.com,1,37,1,2,0,3.9094,1,0,0,0,1,0,0,0.0,0,0,0,0,com,0.15,1,0,0,0.0,0,True,2,0,0,4634,"GoDaddy.com, LLC",0,0,1,True,0,GoDaddy.com,165,False,,,0.1232
https://clodo.ru,clodo.ru,0,16,0,1,0,2.75,0,1,0,0,0,0,0,0.0,0,0,0,0,ru,0.5,0,0,0,0.0,0,True,3,0,1,6005,RU-CENTER-RU,0,0,1,True,0,Let's Encrypt,70,False,,,0.205
https://flypeach.com/about,flypeach.com,0,26,0,1,0,3.4183,0,1,0,0,6,0,0,0.0,0,0,0,0,com,0.15,1,0,0,0.0,0,True,2,1,1,5637,"GoDaddy.com, LLC",0,0,1,True,0,DigiCert Inc,95,False,,,0.1134
https://www.aplaceformom.com/,www.aplaceformom.com,0,29,0,2,0,3.3087,1,1,0,0,1,0,0,0.0,0,0,0,0,com,0.15,1,0,0,0.0,0,True,4,0,0,9518,"GoDaddy.com, LLC",0,0,1,True,0,Amazon,64,False,,,0.1112
https://sildenaguide.com,sildenaguide.com,0,24,0,1,0,3.625,0,1,0,0,0,0,0,0.0,0,0,0,0,com,0.15,1,0,0,0.0,0,True,2,1,0,404,"NameSilo, LLC",0,1,1,True,0,Google Trust Services,41,False,,,0.1175
https://nwu.ac.za/support/contact,nwu.ac.za,0,33,0,2,0,2.7255,1,1,0,0,16,0,0,0.0,0,0,0,0,za,0.5,0,0,0,0.0,0,False,0,0,1,,,0,0,0,False,0,,,,,,0.2045
https://facebook-di.blogspot.com/?m=1,facebook-di.blogspot.com,1,37,1,2,0,3.8512,1,1,0,0,1,1,2,0.0,0,0,0,0,com,0.15,1,0,0,0.0,0,True,2,1,0,,,0,0,0,True,0,Google Trust Services,55,False,,,0.122
http://www.robux4youz.blogspot.com/,www.robux4youz.blogspot.com,1,35,0,3,1,3.8245,2,0,0,0,1,0,0,0.0,0,0,0,0,com,0.15,1,0,0,0.0,0,True,2,1,0,,,0,0,0,False,0,,,False,,,0.1215
https://syndicatedsearch.goog,syndicatedsearch.goog,0,29,0,1,0,3.7257,0,1,0,0,0,0,0,0.0,0,0,0,0,goog,0.5,0,0,0,0.0,0,True,1,1,0,,,0,0,0,True,0,Google Trust Services,55,False,,,0.2245
https://cloudsmith.io/user/login/,cloudsmith.io,0,33,0,1,0,3.3927,0,1,0,0,12,0,0,0.0,0,0,0,0,io,0.28,1,0,0,0.0,0,True,4,1,1,4465,GANDI SAS,0,0,1,True,0,Amazon,147,False,,,0.1519
https://cyberduck.io,cyberduck.io,0,20,0,1,0,3.4183,0,1,0,0,0,0,0,0.0,0,0,0,0,io,0.28,1,0,0,0.0,0,True,1,0,1,4700,GANDI SAS,0,0,1,True,0,Let's Encrypt,34,False,,,0.1524
https://shiftdigitalapps.io/api/v1/status,shiftdigitalapps.io,0,41,0,1,0,3.4058,0,1,0,0,14,0,0,0.0,0,0,0,0,io,0.28,1,0,0,0.0,0,False,0,0,0,1018,"GoDaddy.com, LLC",0,0,1,False,0,,,,,,0.1521
http://sancionesgobhgf.com/,sancionesgobhgf.com,1,27,0,1,0,3.5766,0,0,0,0,1,0,0,0.0,0,0,0,0,com,0.15,1,0,0,0.0,0,True,1,1,1,115,IONOS SE,0,1,1,True,0,Sectigo Limited,65,False,,,0.1165
https://tpu.ru,tpu.ru,0,14,0,1,0,2.2516,0,1,0,0,0,0,0,0.0833,1,0,1,0,ru,0.5,0,0,0,0.0,0,True,1,0,1,10850,RU-CENTER-RU,0,0,1,True,0,Let's Encrypt,81,False,,,0.2284
https://www.econstor.eu/,www.econstor.eu,0,24,0,2,0,3.1899,1,1,0,0,1,0,0,0.0,0,0,0,0,eu,0.5,0,0,0,0.0,0,True,1,0,0,,Ascio Technologies Inc.,0,0,1,True,0,Let's Encrypt,57,False,,,0.2138
https://yuanta.com.tw/products,yuanta.com.tw,0,30,0,2,0,3.2389,1,1,0,0,9,0,0,0.0,0,0,0,0,tw,0.5,0,0,0,0.0,0,False,0,0,0,10679,NET-CHINESE,0,0,1,False,0,,,,,,0.2148
http://sp3ct-yavlor-biz8-mesrik-qodan.pages.dev/appeals/submit-appeal-form/return,sp3ct-yavlor-biz8-mesrik-qodan.pages.dev,1,81,4,2,2,4.4153,1,0,0,0,34,0,0,0.0,0,0,0,0,dev,0.5,0,0,0,0.0,0,True,2,1,0,,,0,0,0,True,0,Google Trust Services,82,False,,,0.2383
http://xelveta-gld-lormavi-c7x5hp43.pages.dev/,xelveta-gld-lormavi-c7x5hp43.pages.dev,1,46,3,2,4,4.2737,1,0,0,0,1,0,0,0.0,0,0,0,0,dev,0.5,0,0,0,0.0,0,True,2,1,0,,,0,0,0,True,0,Google Trust Services,83,False,,,0.2355
https://www.pakistantoday.com.pk/,www.pakistantoday.com.pk,0,33,0,3,0,3.6573,2,1,0,0,1,0,0,0.0,0,0,0,0,pk,0.5,0,0,0,0.0,0,True,2,1,0,5962,,0,0,1,True,0,Google Trust Services,72,False,,,0.2231
https://le.ac.uk/en-us/home,le.ac.uk,0,27,0,2,0,2.75,1,1,0,0,11,0,0,0.0,0,0,0,0,uk,0.5,0,0,0,0.0,0,True,1,0,1,10953,No registrar listed.  This domain is directly registered with Nominet.,0,0,1,True,0,Let's Encrypt,33,False,,,0.205
https://en-ledgarlive-eng.pages.dev/,en-ledgarlive-eng.pages.dev,1,36,2,2,0,3.4858,1,1,0,0,1,0,0,0.0833,1,0,1,0,dev,0.5,0,0,0,0.0,0,True,2,1,0,,,0,0,0,True,0,Google Trust Services,33,False,,,0.253
http://clavor-bintel-3b82fc-mrkt-grendal.pages.dev/,clavor-bintel-3b82fc-mrkt-grendal.pages.dev,1,51,4,2,3,4.3503,1,0,0,0,1,0,0,0.0833,1,0,1,0,dev,0.5,0,0,0,0.0,0,True,2,1,0,,,0,0,0,True,0,Google Trust Services,64,False,,,0.2703
https://www.roblox.com.ml/users/378611598334/profile,www.roblox.com.ml,1,52,0,3,0,3.0131,2,1,0,0,27,0,0,0.0,0,0,0,0,ml,0.93,1,0,0,0.0,0,True,1,0,0,,,0,0,0,True,0,Let's Encrypt,72,False,,,0.3393
http://sp5ct-marex-biz8-furem-sonik.pages.dev/appeals/submit-appeal-form/return,sp5ct-marex-biz8-furem-sonik.pages.dev,1,79,4,2,2,4.386,1,0,0,0,34,0,0,0.0,0,0,0,0,dev,0.5,0,0,0,0.0,0,True,2,1,0,,,0,0,0,True,0,Google Trust Services,83,False,,,0.2377
https://attfiber.pages.dev/,attfiber.pages.dev,1,27,0,2,0,3.5724,1,1,0,0,1,0,0,0.0,0,0,0,0,dev,0.5,0,0,0,0.0,0,True,2,1,0,,,0,0,0,True,0,Let's Encrypt,67,False,,,0.2214
https://www.advancedmd.com/,www.advancedmd.com,0,27,0,2,0,3.1972,1,1,0,0,1,0,0,0.0,0,0,0,0,com,0.15,1,0,0,0.0,0,True,2,0,0,8701,"Amazon Registrar, Inc.",0,0,1,True,0,Google Trust Services,48,False,,,0.1089
https://www.netflix-clone-html-css-webpage-git-master-husinats-projects.vercel.app/,www.netflix-clone-html-css-webpage-git-master-husinats-projects.vercel.app,1,83,8,3,0,4.236,2,1,0,0,1,0,0,0.25,3,0,3,0,app,0.35,1,0,0,0.0,0,True,2,0,0,,,0,0,0,False,0,,,False,,,0.2897
http://jubilant-travelers-314515.framer.app/,jubilant-travelers-314515.framer.app,1,44,2,2,6,4.2045,1,0,0,0,1,0,0,0.0833,1,0,1,0,app,0.35,1,0,0,0.0,0,True,2,0,0,,,0,0,0,True,0,Let's Encrypt,37,False,,,0.2224
https://gamemasha.com,gamemasha.com,0,21,0,1,0,2.9689,0,1,0,0,0,0,0,0.0,0,0,0,0,com,0.15,1,0,0,0.0,0,True,2,1,0,2043,"GoDaddy.com, LLC",0,0,1,True,0,Google Trust Services,83,False,,,0.1044
https://booksy.com/en-us/,booksy.com,0,25,0,1,0,2.8464,0,1,0,0,7,0,0,0.0,0,0,0,0,com,0.15,1,0,0,0.0,0,True,1,1,1,9672,"OVH, SAS",0,1,1,True,0,home.pl S.A.,192,False,,,0.1019
https://www.stackadapt.com/,www.stackadapt.com,0,27,0,2,0,3.3083,1,1,0,0,1,0,0,0.0,0,0,0,0,com,0.15,1,0,0,0.0,0,True,1,0,0,4592,GANDI SAS,0,0,1,True,0,Let's Encrypt,70,False,,,0.1112
https://www.xvideos.com/,www.xvideos.com,0,24,0,2,0,3.3232,1,1,0,0,1,0,0,0.0,0,0,0,0,com,0.15,1,0,0,0.0,0,True,15,0,1,,,0,0,0,False,0,,,,,,0.1115
https://forums.somethingawful.com/,forums.somethingawful.com,0,34,0,2,0,3.9435,1,1,0,0,1,0,0,0.0,0,0,0,0,com,0.15,1,0,0,0.0,0,True,2,0,0,9750,"Network Solutions, LLC",0,0,1,True,0,Google Trust Services,45,False,,,0.1239
http://aktiffkan-paylater.enn.my.id/,aktiffkan-paylater.enn.my.id,1,36,1,3,0,3.7534,2,0,0,0,1,0,0,0.0833,1,0,1,0,id,0.5,0,0,0,0.0,0,False,0,0,0,,,0,0,0,False,0,,,,,,0.2584
https://mkkdzmw.pages.dev/,mkkdzmw.pages.dev,1,26,0,2,0,3.4992,1,1,0,0,1,0,0,0.0,0,0,0,0,dev,0.5,0,0,0,0.0,0,True,2,1,0,,,0,0,0,True,0,Google Trust Services,71,False,,,0.22
https://mail3outlook.vercel.app/out.html,mail3outlook.vercel.app,1,40,0,2,1,3.7623,1,1,0,0,9,0,0,0.0833,1,0,1,0,app,0.35,1,0,0,0.0,0,True,2,0,0,,,0,0,0,True,0,Google Trust Services,60,False,,,0.2136
https://svmkinfra.com/search?q=pricing,svmkinfra.com,0,38,0,1,0,3.5466,0,1,0,0,7,1,2,0.0,0,0,0,0,com,0.15,1,0,0,0.0,0,False,0,0,0,2336,"MarkMonitor, Inc.",0,0,1,False,0,,,,,,0.1159
https://stripchat.porn,stripchat.porn,0,22,0,1,0,3.3788,0,1,0,0,0,0,0,0.0,0,0,0,0,porn,0.5,0,0,0,0.0,0,True,2,1,0,1178,"NameCheap, Inc.",0,1,1,True,0,Google Trust Services,72,False,,,0.2176
http://ycnxuf-jug-ak4-g0npqm-21fa8y.pages.dev/appeals/submit-appeal-form/return,ycnxuf-jug-ak4-g0npqm-21fa8y.pages.dev,1,79,4,2,5,4.4187,1,0,0,0,34,0,0,0.0,0,0,0,0,dev,0.5,0,0,0,0.0,0,True,2,1,0,,,0,0,0,True,0,Google Trust Services,82,False,,,0.2384
https://banlek.com,banlek.com,0,18,0,1,0,3.3219,0,1,0,0,0,0,0,0.0,0,0,0,0,com,0.15,1,0,0,0.0,0,True,2,1,1,2627,"ENOM, INC.",0,1,1,True,0,Google Trust Services,44,False,,,0.1114
https://aragon.es/about,aragon.es,0,23,0,1,0,2.9477,0,1,0,0,6,0,0,0.0,0,0,0,0,es,0.5,0,0,0,0.0,0,False,0,0,0,,,0,0,0,False,0,,,,,,0.209
https://gocarty.net,gocarty.net,0,19,0,1,0,3.2776,0,1,0,0,0,0,0,0.0,0,0,0,0,net,0.22,1,0,0,0.0,0,True,1,0,1,371,"Amazon Registrar, Inc.",0,0,1,True,0,DigiCert Inc,177,False,,,0.1316
http://zfnrw8a67gp-kdplykmja-8e3f6b-dfj05c.pages.dev/,zfnrw8a67gp-kdplykmja-8e3f6b-dfj05c.pages.dev,1,53,3,2,8,4.5912,1,0,0,0,1,0,0,0.0,0,0,0,0,dev,0.5,0,0,0,0.0,0,True,2,1,0,,,0,0,0,True,0,Google Trust Services,82,False,,,0.2418
http://sp5ct-zavik-biz8-mureq-falon.pages.dev/appeals/submit-appeal-form/return,sp5ct-zavik-biz8-mureq-falon.pages.dev,1,79,4,2,2,4.4714,1,0,0,0,34,0,0,0.0,0,0,0,0,dev,0.5,0,0,0,0.0,0,True,2,1,0,,,0,0,0,True,0,Google Trust Services,83,False,,,0.2394
https://reasonable-salmon-lhwiek2z.edgeone.dev/home,reasonable-salmon-lhwiek2z.edgeone.dev,1,51,2,2,1,4.0197,1,1,0,0,5,0,0,0.0,0,0,0,0,dev,0.5,0,0,0,0.0,0,True,2,0,0,,,0,0,0,True,0,"DigiCert, Inc.",114,False,,,0.2304
https://mobaelo2000.cc/api/v1/status,mobaelo2000.cc,0,36,0,1,4,3.182,0,1,0,0,14,0,0,0.0,0,0,0,0,cc,0.5,0,0,0,0.0,0,True,1,0,0,247,"Cloudflare, Inc.",0,0,1,False,0,,,,,,0.2136
https://trustwallet.com-two-factor-authentication12.ao.yesixrq.com/,trustwallet.com-two-factor-authentication12.ao.yesixrq.com,1,67,3,4,2,4.1659,3,1,0,0,1,0,0,0.0,0,0,0,0,com,0.15,1,0,0,0.0,0,True,1,0,0,44,IONOS SE,0,1,1,False,0,,,,,,0.1283
https://www.ilo.org/,www.ilo.org,0,20,0,2,0,2.6635,1,1,0,0,1,0,0,0.0,0,0,0,0,org,0.1,1,0,0,0.0,0,True,2,1,0,11016,"Network Solutions, LLC",0,0,1,True,0,Google Trust Services,51,False,,,0.0833
https://www.redhat.com/en/technologies/cloud-computing/openshift,www.redhat.com,0,64,0,2,0,3.3249,1,1,0,0,42,0,0,0.0,0,0,0,0,com,0.15,1,0,0,0.0,0,True,2,1,0,11751,NOM-IQ Ltd dba Com Laude,0,0,1,True,0,DigiCert Inc,74,False,,,0.1115
https://www.gegen-hartz.de/,www.gegen-hartz.de,0,27,1,2,0,3.4194,1,1,0,0,1,0,0,0.0,0,0,0,0,de,0.5,0,0,0,0.0,0,True,1,1,1,,,0,0,0,True,0,Let's Encrypt,44,False,,,0.2184
https://finanzaonline.com,finanzaonline.com,0,25,0,1,0,3.2639,0,1,0,0,0,0,0,0.0,0,0,0,0,com,0.15,1,0,0,0.0,0,True,3,1,1,10106,"TUCOWS.COM, CO.",0,1,1,True,0,Let's Encrypt,36,False,,,0.1103
http://mateladepormhub.phemayameltahub.site/core-vulnerability-virtual-render-unity,mateladepormhub.phemayameltahub.site,1,83,0,2,0,3.7608,1,0,0,0,40,0,0,0.1667,1,0,1,0,site,0.7,1,0,0,0.0,0,True,1,0,1,,,0,0,0,False,0,,,,,,0.3519
https://bridgge-trezrr.pages.dev/,bridgge-trezrr.pages.dev,1,33,1,2,0,3.5535,1,1,0,0,1,0,0,0.0,0,0,0,0,dev,0.5,0,0,0,0.0,0,True,2,1,0,,,0,0,0,True,0,Google Trust Services,50,False,,,0.2211
http://sp29ct-qarnel-biz-mostik-havqen.pages.dev/,sp29ct-qarnel-biz-mostik-havqen.pages.dev,1,49,4,2,2,4.3939,1,0,0,0,1,0,0,0.1667,2,0,2,0,dev,0.5,0,0,0,0.0,0,True,2,1,0,,,0,0,0,True,0,Google Trust Services,80,False,,,0.3046
http://sp3ct-larnik-biz8-movqem-husor.pages.dev/appeals/submit-appeal-form/return,sp3ct-larnik-biz8-movqem-husor.pages.dev,1,81,4,2,2,4.4842,1,0,0,0,34,0,0,0.0,0,0,0,0,dev,0.5,0,0,0,0.0,0,True,2,1,0,,,0,0,0,True,0,Google Trust Services,82,False,,,0.2397
https://ixbt.site/products,ixbt.site,0,26,0,1,0,2.7255,0,1,0,0,9,0,0,0.1667,1,0,1,0,site,0.7,1,0,0,0.0,0,False,0,0,1,,,0,0,0,False,0,,,,,,0.3312
https://www.are.na/,www.are.na,0,19,0,2,0,2.4464,1,1,0,0,1,0,0,0.0,0,0,0,0,na,0.5,0,0,0,0.0,0,True,2,1,0,,,0,0,0,True,0,Google Trust Services,41,False,,,0.1989
http://sp3ct-pavlor-biz8-zesqik-horun.pages.dev/appeals/submit-appeal-form/return,sp3ct-pavlor-biz8-zesqik-horun.pages.dev,1,81,4,2,2,4.4153,1,0,0,0,34,0,0,0.0,0,0,0,0,dev,0.5,0,0,0,0.0,0,True,2,1,0,,,0,0,0,True,0,Google Trust Services,82,False,,,0.2383
https://www.prozeny.cz/,www.prozeny.cz,0,23,0,2,0,3.182,1,1,0,0,1,0,0,0.0,0,0,0,0,cz,0.5,0,0,0,0.0,0,True,2,1,0,9564,REG-CZNIC,0,0,1,True,0,Let's Encrypt,30,False,,,0.2136
http://sp5ct-malek-biz8-surem-horiv.pages.dev/appeals/submit-appeal-form/return,sp5ct-malek-biz8-surem-horiv.pages.dev,1,79,4,2,2,4.3333,1,0,0,0,34,0,0,0.0,0,0,0,0,dev,0.5,0,0,0,0.0,0,True,2,1,0,,,0,0,0,True,0,Google Trust Services,83,False,,,0.2367
http://atigi-bet365.com.cn/,atigi-bet365.com.cn,1,27,1,2,3,3.8269,1,0,0,0,1,0,0,0.0,0,0,0,0,cn,0.5,0,0,0,0.0,0,True,1,0,0,45,广东互易网络知识产权有限公司,0,0,1,False,0,,,,,,0.2265
http://fastidious-biscochitos-904214.netlify.app/,fastidious-biscochitos-904214.netlify.app,1,49,2,2,6,4.3059,1,0,0,0,1,0,0,0.3333,2,1,1,0,app,0.35,1,0,0,0.0,0,True,2,1,0,,,0,0,0,True,0,DigiCert Inc,234,False,,,0.3244
https://foemovie.co.uk/products,foemovie.co.uk,0,31,0,2,0,3.182,1,1,0,0,9,0,0,0.0,0,0,0,0,uk,0.5,0,0,0,0.0,0,False,0,0,0,219,"Dynadot, LLC t/a Dynadot [Tag = DYNADOT]",0,0,1,False,0,,,,,,0.2136
https://www.northwestern.edu/,www.northwestern.edu,0,29,0,2,0,3.2842,1,1,0,0,1,0,0,0.0,0,0,0,0,edu,0.02,1,0,0,0.0,0,True,1,1,0,10022,,0,0,1,True,0,Internet2,52,False,,,0.0717
https://www.instagramfollowers7894.blogspot.com/,www.instagramfollowers7894.blogspot.com,1,48,0,3,4,4.1604,2,1,0,0,1,0,0,0.0,0,0,0,0,com,0.15,1,0,0,0.0,0,True,2,1,0,,,0,0,0,False,0,,,False,,,0.1282
https://www.golfdigest.co.jp/,www.golfdigest.co.jp,0,29,0,3,0,3.6464,2,1,0,0,1,0,0,0.0,0,0,0,0,jp,0.5,0,0,0,0.0,0,True,4,0,0,9408,,0,0,1,True,0,"Cybertrust Japan Co., Ltd.",218,False,,,0.2229
https://click.ru,click.ru,0,16,0,1,0,2.75,0,1,0,0,0,0,0,0.0,0,0,0,0,ru,0.5,0,0,0,0.0,0,True,1,0,1,10530,RU-CENTER-RU,0,0,1,True,0,Let's Encrypt,55,False,,,0.205
https://axadns.com,axadns.com,0,18,0,1,0,3.1219,0,1,0,0,0,0,0,0.0,0,0,0,0,com,0.15,1,0,0,0.0,0,True,1,0,0,789,"Name.com, Inc.",0,0,1,True,0,DigiCert Inc,78,False,,,0.1074
http://sp5ct-horek-biz8-lurev-panix.pages.dev/appeals/submit-appeal-form/return,sp5ct-horek-biz8-lurev-panix.pages.dev,1,79,4,2,2,4.386,1,0,0,0,34,0,0,0.0,0,0,0,0,dev,0.5,0,0,0,0.0,0,True,2,1,0,,,0,0,0,True,0,Google Trust Services,83,False,,,0.2377
http://sp5ct-horik-biz8-kurem-lafen.pages.dev/,sp5ct-horik-biz8-kurem-lafen.pages.dev,1,46,4,2,2,4.4585,1,0,0,0,1,0,0,0.0,0,0,0,0,dev,0.5,0,0,0,0.0,0,True,2,1,0,,,0,0,0,True,0,Google Trust Services,83,False,,,0.2392
https://bngdin.com,bngdin.com,0,18,0,1,0,3.1219,0,1,0,0,0,0,0,0.0,0,0,0,0,com,0.15,1,0,0,0.0,0,True,3,0,0,1230,"NameCheap, Inc.",0,0,1,True,0,GoGetSSL,242,False,,,0.1074
https://www.abhibus.com/,www.abhibus.com,0,24,0,2,0,3.3232,1,1,0,0,1,0,0,0.0,0,0,0,0,com,0.15,1,0,0,0.0,0,True,2,1,0,7158,"GoDaddy.com, LLC",0,0,1,True,0,Google Trust Services,31,False,,,0.1115
https://www.ly.com/,www.ly.com,0,19,0,2,0,2.6464,1,1,0,0,1,0,0,0.0,0,0,0,0,com,0.15,1,0,0,0.0,0,True,4,1,0,11303,"DNSPod, Inc.",0,0,1,True,0,Let's Encrypt,77,False,,,0.0979
https://neonova.net,neonova.net,0,19,0,1,0,2.6635,0,1,0,0,0,0,0,0.0,0,0,0,0,net,0.22,1,0,0,0.0,0,True,1,1,1,10266,"NameCheap, Inc.",0,0,1,False,0,,,False,,,0.1193
https://www.upsc.gov.in,www.upsc.gov.in,0,23,0,3,0,3.2729,2,1,0,0,0,0,0,0.1667,2,0,2,0,gov.in,0.01,1,0,0,0.0,0,True,4,1,0,8550,National Informatics Centre,0,0,1,True,0,Let's Encrypt,27,False,,,0.1351
https://upse.edu.ec,upse.edu.ec,0,19,0,2,0,2.6635,1,1,0,0,0,0,0,0.0833,1,0,1,0,ec,0.5,0,0,0,0.0,0,True,1,0,1,7775,.ec DOMINIOS ECUADOR,0,0,1,True,0,DigiCert Inc,87,False,,,0.2366
https://www.instagramlogin-k.blogspot.com/,www.instagramlogin-k.blogspot.com,1,42,1,3,0,3.9455,2,1,0,0,1,0,0,0.0,0,0,0,0,com,0.15,1,0,0,0.0,0,True,2,1,0,,,0,0,0,False,0,,,False,,,0.1239
http://sp3ct-porsel-biz8-havqik-fudan.pages.dev/appeals/submit-appeal-form/return,sp3ct-porsel-biz8-havqik-fudan.pages.dev,1,81,4,2,2,4.4464,1,0,0,0,34,0,0,0.0,0,0,0,0,dev,0.5,0,0,0,0.0,0,True,2,1,0,,,0,0,0,True,0,Google Trust Services,82,False,,,0.2389
https://statutory-blush-jnxb8kdq.edgeone.dev/,statutory-blush-jnxb8kdq.edgeone.dev,1,45,2,2,1,4.2947,1,1,0,0,1,0,0,0.0,0,0,0,0,dev,0.5,0,0,0,0.0,0,True,2,0,0,,,0,0,0,True,0,"DigiCert, Inc.",114,False,,,0.2359
https://trustpool.ru,trustpool.ru,0,20,0,1,0,2.9183,0,1,0,0,0,0,0,0.0,0,0,0,0,ru,0.5,0,0,0,0.0,0,True,3,1,0,,,0,0,0,True,0,Google Trust Services,39,False,,,0.2084
https://cadeau-a-la-carte.be/team/index.html,cadeau-a-la-carte.be,0,44,3,1,0,3.166,0,1,0,0,16,0,0,0.0,0,0,0,0,be,0.5,0,0,0,0.0,0,True,1,0,1,1533,,0,0,1,True,0,Let's Encrypt,65,False,,,0.2133
http://app102-facebook.blogspot.com/,app102-facebook.blogspot.com,1,36,1,2,3,3.9372,1,0,0,0,1,0,0,0.0,0,0,0,0,com,0.15,1,0,0,0.0,0,True,2,1,0,,,0,0,0,True,0,Google Trust Services,55,False,,,0.1237
http://sp5ct-purem-biz8-vorek-salin.pages.dev/,sp5ct-purem-biz8-vorek-salin.pages.dev,1,46,4,2,2,4.3135,1,0,0,0,1,0,0,0.0,0,0,0,0,dev,0.5,0,0,0,0.0,0,True,2,1,0,,,0,0,0,True,0,Google Trust Services,83,False,,,0.2363
http://facebooklogin123.blogspot.com/2010/10/blog-post.html,facebooklogin123.blogspot.com,1,59,0,2,3,3.9783,1,0,0,0,23,0,0,0.0,0,0,0,0,com,0.15,1,0,0,0.0,0,True,2,1,0,,,0,0,0,True,0,Google Trust Services,55,False,,,0.1246
http://plixy-zgron-jmudz-1fd82e-wjkv-skrypn.pages.dev/,plixy-zgron-jmudz-1fd82e-wjkv-skrypn.pages.dev,1,54,5,2,3,4.5263,1,0,0,0,1,0,0,0.0,0,0,0,0,dev,0.5,0,0,0,0.0,0,True,2,1,0,,,0,0,0,True,0,Google Trust Services,81,False,,,0.2405
https://www.facebooksociallink.blogspot.com/,www.facebooksociallink.blogspot.com,1,44,0,3,0,3.857,2,1,0,0,1,0,0,0.0,0,0,0,0,com,0.15,1,0,0,0.0,0,True,2,1,0,,,0,0,0,False,0,,,False,,,0.1221
https://www.lcdxw.cn/,www.lcdxw.cn,1,21,0,2,0,2.585,1,1,0,0,1,0,0,0.0,0,0,0,0,cn,0.5,0,0,0,0.0,0,False,0,0,0,770,Web Commerce Communications Limited,0,0,1,False,0,,,,,,0.2017
http://www.facebook.alheekmah.edu.pk/,www.facebook.alheekmah.edu.pk,1,37,0,4,0,3.6764,3,0,0,0,1,0,0,0.0,0,0,0,0,pk,0.5,0,0,0,0.0,0,True,1,0,0,298,,0,0,1,True,0,Let's Encrypt,85,False,,,0.2235
https://luscious.net,luscious.net,0,20,0,1,0,3.2516,0,1,0,0,0,0,0,0.0,0,0,0,0,net,0.22,1,0,0,0.0,0,True,3,1,1,8846,"NameCheap, Inc.",0,0,1,True,0,Let's Encrypt,63,False,,,0.131
https://smartsuppcdn.com/products,smartsuppcdn.com,0,33,0,1,0,3.5,0,1,0,0,9,0,0,0.0,0,0,0,0,com,0.15,1,0,0,0.0,0,False,0,0,1,,,0,0,0,False,0,,,,,,0.115
https://2farobux.com/redeem/13nzw8NevbOi,2farobux.com,1,40,0,1,1,3.4183,0,1,0,0,20,0,0,0.0,0,0,0,0,com,0.15,1,0,0,0.0,0,True,1,0,0,,,0,0,0,True,0,Let's Encrypt,53,False,,,0.1134
https://trilltrill.jp,trilltrill.jp,0,21,0,1,0,2.6235,0,1,0,0,0,0,0,0.0,0,0,0,0,jp,0.5,0,0,0,0.0,0,True,4,1,0,4445,,0,0,1,True,0,Amazon,86,False,,,0.2025
https://web-web-embed-iframe-test-harness-uniswap.vercel.app/explore/tokens/base/0xcbB7C0000aB88B473b1f5aFd9ef808440eed33Bf?chain=multichain,web-web-embed-iframe-test-harness-uniswap.vercel.app,1,140,6,2,0,3.9878,1,1,0,0,63,1,2,0.4167,3,0,5,0,app,0.35,1,0,0,0.0,0,True,2,0,0,,,0,0,0,True,0,Google Trust Services,60,False,,,0.3514
https://diyoucloud.com/account/settings,diyoucloud.com,0,39,0,1,0,3.0391,0,1,0,0,17,0,0,0.0,0,0,0,0,com,0.15,1,0,0,0.0,0,False,0,0,0,566,Alibaba Cloud Computing Ltd. d/b/a HiChina (www.net.cn),0,0,1,False,0,,,,,,0.1058
http://vi-facebook.blogspot.com/,vi-facebook.blogspot.com,1,32,1,2,0,3.8512,1,0,0,0,1,0,0,0.0,0,0,0,0,com,0.15,1,0,0,0.0,0,True,2,1,0,,,0,0,0,True,0,Google Trust Services,55,False,,,0.122
https://kundenserver.de,kundenserver.de,0,23,0,1,0,2.9736,0,1,0,0,0,0,0,0.0,0,0,0,0,de,0.5,0,0,0,0.0,0,True,1,0,1,,,0,0,0,True,0,Sectigo Limited,114,False,,,0.2095
https://sp3ct-ralqen-biz8-morvik-supel.pages.dev/,sp3ct-ralqen-biz8-morvik-supel.pages.dev,1,49,4,2,2,4.3842,1,1,0,0,1,0,0,0.0,0,0,0,0,dev,0.5,0,0,0,0.0,0,True,2,1,0,,,0,0,0,True,0,Google Trust Services,81,False,,,0.2377
https://raiffiesen.social/,raiffiesen.social,1,26,0,1,0,3.3372,0,1,0,0,1,0,0,0.0,0,0,0,0,social,0.5,0,0,0,0.0,0,True,1,0,0,,,0,0,0,True,0,DigiCert Inc,88,False,,,0.2167
https://krista.ru,krista.ru,0,17,0,1,0,2.9477,0,1,0,0,0,0,0,0.0,0,0,0,0,ru,0.5,0,0,0,0.0,0,True,1,0,1,,,0,0,0,True,0,Let's Encrypt,64,False,,,0.209
https://rule34video.com,rule34video.com,0,23,0,1,2,3.6402,0,1,0,0,0,0,0,0.0,0,0,0,0,com,0.15,1,0,0,0.0,0,True,1,0,0,2773,"NameCheap, Inc.",0,0,1,True,0,Let's Encrypt,28,False,,,0.1178
https://www.ruv.is/,www.ruv.is,0,19,0,2,0,2.6464,1,1,0,0,1,0,0,0.0,0,0,0,0,is,0.5,0,0,0,0.0,0,True,2,1,0,11484,,0,0,1,True,0,Google Trust Services,35,False,,,0.2029
https://titan.co.in,titan.co.in,0,19,0,2,0,2.7322,1,1,0,0,0,0,0,0.0,0,0,0,0,co.in,0.15,1,0,0,0.0,0,True,2,1,1,8550,MarkMonitor Inc.,0,0,1,True,0,Google Trust Services,48,False,,,0.0996
https://www.twilio.com/en-us/sendgrid,www.twilio.com,0,37,0,2,0,2.8074,1,1,0,0,15,0,0,0.0,0,0,0,0,com,0.15,1,0,0,0.0,0,True,8,0,0,6849,"MarkMonitor, Inc.",0,0,1,True,0,Amazon,228,False,,,0.1011
https://en-play.grepolis.com/,en-play.grepolis.com,0,29,1,2,0,3.8219,1,1,0,0,1,0,0,0.0833,1,0,1,0,com,0.15,1,0,0,0.0,0,True,1,1,0,6769,INWX GmbH,0,1,1,True,0,Let's Encrypt,62,False,,,0.1548
http://help-base-start-sso.typedream.app/,help-base-start-sso.typedream.app,1,41,3,2,0,3.6653,1,0,0,0,1,0,0,0.1667,2,0,2,0,app,0.35,1,0,0,0.0,0,True,2,0,0,,,0,0,0,True,0,Google Trust Services,88,False,,,0.245
https://sp6ct-wernik-biz8-caskor-luvren.pages.dev/,sp6ct-wernik-biz8-caskor-luvren.pages.dev,1,50,4,2,2,4.3451,1,1,0,0,1,0,0,0.0,0,0,0,0,dev,0.5,0,0,0,0.0,0,True,2,1,0,,,0,0,0,True,0,Google Trust Services,83,False,,,0.2369
https://web-web-embed-iframe-test-harness-uniswap.vercel.app/swap,web-web-embed-iframe-test-harness-uniswap.vercel.app,1,65,6,2,0,3.9878,1,1,0,0,5,0,0,0.4167,3,0,5,0,app,0.35,1,0,0,0.0,0,True,2,0,0,,,0,0,0,True,0,Google Trust Services,60,False,,,0.3514
https://zwurd-bfrnk-skrunt-6lp27a-ijbyh-prentz.pages.dev/,zwurd-bfrnk-skrunt-6lp27a-ijbyh-prentz.pages.dev,1,57,5,2,3,4.5042,1,1,0,0,1,0,0,0.0,0,0,0,0,dev,0.5,0,0,0,0.0,0,True,2,1,0,,,0,0,0,True,0,Google Trust Services,81,False,,,0.2401
https://cloudsecurityalliance.org,cloudsecurityalliance.org,0,33,0,1,0,3.7835,0,1,0,0,0,0,0,0.0,0,0,0,0,org,0.1,1,0,0,0.0,0,True,3,1,1,6411,"Cloudflare, Inc.",0,0,1,True,0,Let's Encrypt,80,False,,,0.1057
http://sp3ct-favrik-biz8-lorqor-mused.pages.dev/appeals/submit-appeal-form/return,sp3ct-favrik-biz8-lorqor-mused.pages.dev,1,81,4,2,2,4.4153,1,0,0,0,34,0,0,0.0,0,0,0,0,dev,0.5,0,0,0,0.0,0,True,2,1,0,,,0,0,0,True,0,Google Trust Services,82,False,,,0.2383
https://www.sexselector.com/,www.sexselector.com,0,28,0,2,0,3.3264,1,1,0,0,1,0,0,0.0,0,0,0,0,com,0.15,1,0,0,0.0,0,True,1,0,0,1791,Moniker Online Services LLC,0,1,1,True,0,Let's Encrypt,83,False,,,0.1115
http://www.ledger-wallet.vercel.app/,www.ledger-wallet.vercel.app,1,36,1,3,0,3.4372,2,0,0,0,1,0,0,0.0833,1,0,1,0,app,0.35,1,0,0,0.0,0,True,2,0,0,,,0,0,0,False,0,,,False,,,0.2071
https://cnrtl.fr/account/settings,cnrtl.fr,0,33,0,1,0,2.75,0,1,0,0,17,0,0,0.0,0,0,0,0,fr,0.5,0,0,0,0.0,0,True,1,0,1,7445,GIP RENATER,0,0,1,False,0,,,,,,0.205
https://reedelsevier.com/update/index.html,reedelsevier.com,0,42,0,1,0,3.1494,0,1,0,0,18,0,0,0.0,0,0,0,0,com,0.15,1,0,0,0.0,0,True,1,0,1,10015,"MarkMonitor, Inc.",0,0,1,False,0,,,,,,0.108
http://sp3ct-vasrik-biz8-kelqen-horad.pages.dev/appeals/submit-appeal-form/return,sp3ct-vasrik-biz8-kelqen-horad.pages.dev,1,81,4,2,2,4.3342,1,0,0,0,34,0,0,0.0,0,0,0,0,dev,0.5,0,0,0,0.0,0,True,2,1,0,,,0,0,0,True,0,Google Trust Services,82,False,,,0.2367
https://nytrng.com,nytrng.com,0,18,0,1,0,3.1219,0,1,0,0,0,0,0,0.0,0,0,0,0,com,0.15,1,0,0,0.0,0,True,2,0,0,3150,"NameCheap, Inc.",0,0,1,True,0,Amazon,177,False,,,0.1074
https://mawartotosanji.com/account/settings,mawartotosanji.com,0,43,0,1,0,3.4194,0,1,0,0,17,0,0,0.0,0,0,0,0,com,0.15,1,0,0,0.0,0,True,2,1,0,36,"Spaceship, Inc.",0,0,1,True,0,Google Trust Services,53,False,,,0.1134
https://pinaybold.tv,pinaybold.tv,0,20,0,1,0,3.585,0,1,0,0,0,0,0,0.0,0,0,0,0,tv,0.5,0,0,0,0.0,0,True,2,1,1,227,"Spaceship, Inc.",0,1,1,True,0,Google Trust Services,50,False,,,0.2217
https://marnavi-gld-belquza-p7x2dw53.pages.dev/thn-yjm-uio-lkh?welcome=1118242994700330&stt=1118242994700330&name_stt=Repure%20Wellness,marnavi-gld-belquza-p7x2dw53.pages.dev,1,135,3,2,4,4.3989,1,1,0,0,16,3,8,0.0,0,0,0,0,dev,0.5,0,0,0,0.0,0,True,2,1,0,,,0,0,0,True,0,Google Trust Services,84,False,,,0.238
https://spdx.dev/,spdx.dev,0,17,0,1,0,2.75,0,1,0,0,1,0,0,0.0,0,0,0,0,dev,0.5,0,0,0,0.0,0,True,1,1,0,,,0,0,0,True,0,Let's Encrypt,30,False,,,0.205
https://musicnotes.com,musicnotes.com,0,22,0,1,0,3.2359,0,1,0,0,0,0,0,0.0,0,0,0,0,com,0.15,1,0,0,0.0,0,True,2,1,1,10099,"Network Solutions, LLC",0,0,1,True,0,DigiCert Inc,21,False,,,0.1097
https://bgchprod.info/account/settings,bgchprod.info,0,38,0,1,0,3.5466,0,1,0,0,17,0,0,0.0833,1,0,1,0,info,0.55,1,0,0,0.0,0,False,0,0,1,,,0,0,0,False,0,,,,,,0.2693
https://www.indystar.com/,www.indystar.com,0,25,0,2,0,3.5778,1,1,0,0,1,0,0,0.0,0,0,0,0,com,0.15,1,0,0,0.0,0,True,4,0,0,11583,"GoDaddy Corporate Domains, LLC",0,0,1,True,0,Let's Encrypt,35,False,,,0.1166
https://mrshmc.com/search?q=team,mrshmc.com,0,32,0,1,0,2.6464,0,1,0,0,7,1,2,0.0,0,0,0,0,com,0.15,1,0,0,0.0,0,True,1,0,0,11317,"MarkMonitor, Inc.",0,0,1,False,0,,,,,,0.0979
https://h5.nmetamasks.top/,h5.nmetamasks.top,1,26,0,2,1,3.4992,1,1,0,0,1,0,0,0.0,0,0,0,0,top,0.9,1,0,0,0.0,0,False,0,0,0,,,0,0,0,False,0,,,,,,0.34
http://bridge-en-help.square.site/,bridge-en-help.square.site,1,34,2,2,0,3.8693,1,0,0,0,1,0,0,0.1667,1,0,1,0,site,0.7,1,0,0,0.0,0,True,2,0,0,,,0,0,0,True,0,Let's Encrypt,67,False,,,0.3541
https://www.schneier.com/,www.schneier.com,0,25,0,2,0,3.3278,1,1,0,0,1,0,0,0.0,0,0,0,0,com,0.15,1,0,0,0.0,0,True,2,0,0,9929,"Network Solutions, LLC",0,0,1,True,0,Google Trust Services,48,False,,,0.1116
https://trust-ledger-login-patch-testing.vercel.app/ledger%20form/index.html/,trust-ledger-login-patch-testing.vercel.app,1,77,4,2,0,3.9789,1,1,0,0,26,0,1,0.2333,1,0,1,1,app,0.35,1,0,0,0.0,0,True,2,0,0,,,0,0,0,True,0,Google Trust Services,60,False,,,0.2779
https://imaitix.com/blog/docs,imaitix.com,0,29,0,1,0,2.8454,0,1,0,0,10,0,0,0.0,0,0,0,0,com,0.15,1,0,0,0.0,0,False,0,0,0,,,0,0,0,False,0,,,,,,0.1019
https://chjoy.com,chjoy.com,0,17,0,1,0,2.7255,0,1,0,0,0,0,0,0.0,0,0,0,0,com,0.15,1,0,0,0.0,0,True,2,1,1,4616,"Name.com, Inc.",0,0,1,True,0,Let's Encrypt,58,False,,,0.0995
https://www.rakuten.com,www.rakuten.com,0,23,0,2,0,3.4566,1,1,0,0,0,0,0,0.0,0,0,0,0,com,0.15,1,0,0,0.0,0,True,1,0,0,10546,"MarkMonitor, Inc.",0,0,1,True,0,DigiCert Inc,135,False,,,0.1141
https://vpko7t.com/blog/update,vpko7t.com,0,30,0,1,1,3.1219,0,1,0,0,12,0,0,0.0,0,0,0,0,com,0.15,1,0,0,0.0,0,False,0,0,0,,,0,0,0,False,0,,,,,,0.1074
https://teletalk.com.bd,teletalk.com.bd,0,23,0,2,0,3.3736,1,1,0,0,0,0,0,0.0,0,0,0,0,bd,0.5,0,0,0,0.0,0,True,1,0,1,,,0,0,0,False,0,,,,,,0.2175
https://www.secure.firstcitb.com/,www.secure.firstcitb.com,1,33,0,3,0,3.5739,2,1,0,0,1,0,0,0.0,0,0,0,1,com,0.15,1,0,0,0.0,0,False,0,0,0,,,0,0,0,False,0,,,,,,0.1165
http://sp3ct-nerqil-biz8-ventok-lusar.pages.dev/,sp3ct-nerqil-biz8-ventok-lusar.pages.dev,1,48,4,2,2,4.3531,1,0,0,0,1,0,0,0.0,0,0,0,0,dev,0.5,0,0,0,0.0,0,True,2,1,0,,,0,0,0,True,0,Google Trust Services,81,False,,,0.2371
http://www.zensi-sukhadiya-amazon-clone.vercel.app/,www.zensi-sukhadiya-amazon-clone.vercel.app,1,51,3,3,0,4.2023,2,0,0,0,1,0,0,0.1667,2,0,2,0,app,0.35,1,0,0,0.0,0,True,2,0,0,,,0,0,0,False,0,,,False,,,0.2557
https://priyankacrazy039-lgtm.github.io/NETFLIX/,priyankacrazy039-lgtm.github.io,1,48,1,2,3,4.3248,1,1,0,0,9,0,0,0.0,0,0,0,0,io,0.28,1,0,0,0.0,0,True,4,1,0,,,0,0,0,True,0,Let's Encrypt,36,False,,,0.1705
https://j03365.com/,j03365.com,1,19,0,1,5,3.1219,0,1,0,0,1,0,0,0.0,0,0,0,0,com,0.15,1,0,0,0.0,0,True,1,0,0,3554,"GoDaddy.com, LLC",0,0,1,False,0,,,False,,,0.1074
http://facebook-system.blogspot.com/,facebook-system.blogspot.com,1,36,1,2,0,3.7943,1,0,0,0,1,0,0,0.0,0,0,0,0,com,0.15,1,0,0,0.0,0,True,2,1,0,,,0,0,0,True,0,Google Trust Services,55,False,,,0.1209
https://www.pagefreezer.com/,www.pagefreezer.com,0,28,0,2,0,3.3661,1,1,0,0,1,0,0,0.0,0,0,0,0,com,0.15,1,0,0,0.0,0,True,2,1,0,6070,"GoDaddy.com, LLC",0,0,1,True,0,Let's Encrypt,42,False,,,0.1123
https://luna-sta.com,luna-sta.com,0,20,1,1,0,3.4183,0,1,0,0,0,0,0,0.1667,2,0,2,0,com,0.15,1,0,0,0.0,0,True,1,0,0,111,"GMO Internet, Inc.",0,1,1,False,0,,,,,,0.18
https://wandzapi.com/about,wandzapi.com,0,26,0,1,0,3.4183,0,1,0,0,6,0,0,0.0,0,0,0,0,com,0.15,1,0,0,0.0,0,False,0,0,0,979,"GoDaddy.com, LLC",0,0,1,False,0,,,,,,0.1134
https://blogzet.com,blogzet.com,0,19,0,1,0,3.2776,0,1,0,0,0,0,0,0.0,0,0,0,0,com,0.15,1,0,0,0.0,0,True,2,1,1,3916,"NameCheap, Inc.",0,0,1,True,0,Google Trust Services,81,False,,,0.1106
http://n19ssvip.top/,n19ssvip.top,1,20,0,1,2,3.2516,0,0,0,0,1,0,0,0.0,0,0,0,0,top,0.9,1,0,0,0.0,0,True,2,1,0,,,0,0,0,True,0,Google Trust Services,88,False,,,0.335
https://urlshort-linkmrrwjc0kdzql.esu2n5lwqi.workers.dev/site/elster-mein-46oz4q,urlshort-linkmrrwjc0kdzql.esu2n5lwqi.workers.dev,1,80,1,3,3,4.3499,2,1,0,0,24,0,0,0.0,0,0,0,0,dev,0.5,0,0,0,0.0,0,True,2,1,0,,,0,0,0,True,0,Google Trust Services,81,False,,,0.237
https://mender.io,mender.io,0,17,0,1,0,2.9477,0,1,0,0,0,0,0,0.0,0,0,0,0,io,0.28,1,0,0,0.0,0,True,2,0,1,4070,Key-Systems GmbH,0,0,1,True,0,Google Trust Services,77,False,,,0.143
https://www.neogen.com/,www.neogen.com,0,23,0,2,0,2.8963,1,1,0,0,1,0,0,0.0,0,0,0,0,com,0.15,1,0,0,0.0,0,True,2,1,0,10038,"MarkMonitor, Inc.",0,0,1,True,0,"GoDaddy.com, Inc.",129,False,,,0.1029
http://glowing-alfajores-31590d.netlify.app/,glowing-alfajores-31590d.netlify.app,1,44,2,2,5,4.4058,1,0,0,0,1,0,0,0.0833,1,0,1,0,app,0.35,1,0,0,0.0,0,True,2,1,0,,,0,0,0,True,0,DigiCert Inc,234,False,,,0.2264
https://cinepolis.com/in,cinepolis.com,0,24,0,1,0,3.2389,0,1,0,0,3,0,0,0.0,0,0,0,0,com,0.15,1,0,0,0.0,0,True,4,0,1,10282,"Amazon Registrar, Inc.",0,0,1,True,0,Amazon,230,False,,,0.1098
https://playwright.dev,playwright.dev,0,22,0,1,0,3.8074,0,1,0,0,0,0,0,0.0,0,0,0,0,dev,0.5,0,0,0,0.0,0,True,4,0,0,,,0,0,0,True,0,Let's Encrypt,53,False,,,0.2261
https://pattern-wiki.win/about,pattern-wiki.win,0,30,1,1,0,3.3278,0,1,0,0,6,0,0,0.0,0,0,0,0,win,0.87,1,0,0,0.0,0,True,3,0,1,,,0,0,0,False,0,,,False,,,0.3276
https://trezor-io-start-en-es.wasmer.app/,trezor-io-start-en-es.wasmer.app,1,41,4,2,0,3.6167,1,1,0,0,1,0,0,0.0833,1,0,1,0,app,0.35,1,0,0,0.0,0,True,1,1,0,,,0,0,0,True,0,Let's Encrypt,47,False,,,0.2107
http://uphoolduslogii.godaddysites.com/,uphoolduslogii.godaddysites.com,1,39,0,2,0,3.7568,1,0,0,0,1,0,0,0.0,0,0,0,0,com,0.15,1,0,0,0.0,0,True,2,0,0,4634,"GoDaddy.com, LLC",0,0,1,True,0,GoDaddy.com,165,False,,,0.1201
https://www.google.com/,www.google.com,0,23,0,2,0,2.8424,1,1,0,0,1,0,0,0.0,0,0,0,0,com,0.15,1,0,0,0.0,0,True,8,1,0,10543,MarkMonitor Inc.,0,0,1,True,0,Google Trust Services,55,False,,,0.1018
http://sp5ct-turel-biz8-famex-sorin.pages.dev/appeals/submit-appeal-form/return,sp5ct-turel-biz8-famex-sorin.pages.dev,1,79,4,2,2,4.386,1,0,0,0,34,0,0,0.0,0,0,0,0,dev,0.5,0,0,0,0.0,0,True,2,1,0,,,0,0,0,True,0,Google Trust Services,83,False,,,0.2377
https://net-ledger-wallet-data-repository.vercel.app/ledger%20form/index.html/,net-ledger-wallet-data-repository.vercel.app,1,78,4,2,0,3.8593,1,1,0,0,26,0,1,0.0833,1,0,1,0,app,0.35,1,0,0,0.0,0,True,2,0,0,,,0,0,0,True,0,Google Trust Services,60,False,,,0.2155
https://www.bfs.de/DE/home/home_node.html,www.bfs.de,0,41,0,2,0,2.6464,1,1,0,0,23,0,1,0.0,0,0,0,0,de,0.5,0,0,0,0.0,0,True,1,0,0,,,0,0,0,False,0,,,,,,0.2029
https://central-tomato-nmhnjxlh.edgeone.dev/home,central-tomato-nmhnjxlh.edgeone.dev,1,48,2,2,0,3.8973,1,1,0,0,5,0,0,0.1667,1,0,1,0,dev,0.5,0,0,0,0.0,0,True,2,0,0,,,0,0,0,True,0,"DigiCert, Inc.",114,False,,,0.2946
https://www.moviemaker.com/,www.moviemaker.com,0,27,0,2,0,3.3083,1,1,0,0,1,0,0,0.0,0,0,0,0,com,0.15,1,0,0,0.0,0,True,3,1,0,11439,"GoDaddy.com, LLC",0,0,1,True,0,Let's Encrypt,54,False,,,0.1112
http://sp3ct-ramnik-biz8-zelqas-hudor.pages.dev/appeals/submit-appeal-form/return,sp3ct-ramnik-biz8-zelqas-hudor.pages.dev,1,81,4,2,2,4.4653,1,0,0,0,34,0,0,0.0,0,0,0,0,dev,0.5,0,0,0,0.0,0,True,2,1,0,,,0,0,0,True,0,Google Trust Services,82,False,,,0.2393
http://tv.utzcfz.net/info/,tv.utzcfz.net,1,26,0,2,0,3.027,1,0,0,0,6,0,0,0.0,0,0,0,0,net,0.22,1,0,0,0.0,0,True,1,0,1,65,IONOS SE,0,1,1,True,0,Let's Encrypt,32,False,,,0.1265
https://www.typeform.com/,www.typeform.com,0,25,0,2,0,3.3278,1,1,0,0,1,0,0,0.0,0,0,0,0,com,0.15,1,0,0,0.0,0,True,8,1,0,8803,"Amazon Registrar, Inc.",0,0,1,True,0,Amazon,137,False,,,0.1116
https://www.ihc.ru/,www.ihc.ru,0,19,0,2,0,2.6464,1,1,0,0,1,0,0,0.0,0,0,0,0,ru,0.5,0,0,0,0.0,0,True,1,0,1,,,0,0,0,True,0,Let's Encrypt,31,False,,,0.2029
https://fal.ai,fal.ai,0,14,0,1,0,2.2516,0,1,0,0,0,0,0,0.0,0,0,0,0,ai,0.5,0,0,0,0.0,0,True,1,0,1,2083,"NameCheap, Inc.",0,0,1,True,0,Let's Encrypt,52,False,,,0.195
http://sp5ct-marek-biz8-lurev-foniq.pages.dev/appeals/submit-appeal-form/return,sp5ct-marek-biz8-lurev-foniq.pages.dev,1,79,4,2,2,4.4585,1,0,0,0,34,0,0,0.0,0,0,0,0,dev,0.5,0,0,0,0.0,0,True,2,1,0,,,0,0,0,True,0,Google Trust Services,83,False,,,0.2392
https://www.leadconnectorhq.com/,www.leadconnectorhq.com,0,32,0,2,0,3.6425,1,1,0,0,1,0,0,0.0,0,0,0,0,com,0.15,1,0,0,0.0,0,True,1,0,0,2103,"GoDaddy.com, LLC",0,0,1,True,0,Let's Encrypt,74,False,,,0.1179
http://sp5ct-korin-biz8-varel-sunex.pages.dev/appeals/submit-appeal-form/return,sp5ct-korin-biz8-varel-sunex.pages.dev,1,79,4,2,2,4.3333,1,0,0,0,34,0,0,0.0,0,0,0,0,dev,0.5,0,0,0,0.0,0,True,2,1,0,,,0,0,0,True,0,Google Trust Services,83,False,,,0.2367
https://papy.co.jp,papy.co.jp,0,18,0,2,0,2.6464,1,1,0,0,0,0,0,0.0833,1,0,1,0,jp,0.5,0,0,0,0.0,0,True,2,0,1,10924,,0,0,1,True,0,Amazon,192,False,,,0.2362
https://tse.go.cr,tse.go.cr,0,17,0,2,0,2.9477,1,1,0,0,0,0,0,0.0,0,0,0,0,cr,0.5,0,0,0,0.0,0,True,1,0,1,5807,NIC-REG1,0,0,1,True,0,GlobalSign nv-sa,251,False,,,0.209
http://sp3ct-torvex-biz8-ransik-delvo.pages.dev/,sp3ct-torvex-biz8-ransik-delvo.pages.dev,1,48,4,2,2,4.2842,1,0,0,0,1,0,0,0.0,0,0,0,0,dev,0.5,0,0,0,0.0,0,True,2,1,0,,,0,0,0,True,0,Google Trust Services,81,False,,,0.2357
http://doxm-6gq-rqy6-7niex-c5kiay.pages.dev/,doxm-6gq-rqy6-7niex-c5kiay.pages.dev,1,44,4,2,4,4.3156,1,0,0,0,1,0,0,0.0,0,0,0,0,dev,0.5,0,0,0,0.0,0,True,2,1,0,,,0,0,0,True,0,Google Trust Services,83,False,,,0.2363
https://89b6n76b.pages.dev/,89b6n76b.pages.dev,1,27,0,2,5,3.7255,1,1,0,0,1,0,0,0.0,0,0,0,0,dev,0.5,0,0,0,0.0,0,True,2,1,0,,,0,0,0,True,0,Let's Encrypt,78,False,,,0.2245
https://web-web-embed-iframe-test-harness-uniswap.vercel.app/launches,web-web-embed-iframe-test-harness-uniswap.vercel.app,1,69,6,2,0,3.9878,1,1,0,0,9,0,0,0.4167,3,0,5,0,app,0.35,1,0,0,0.0,0,True,2,0,0,,,0,0,0,True,0,Google Trust Services,60,False,,,0.3514
http://pubg-mobile.specialvent.com/,pubg-mobile.specialvent.com,1,35,1,2,0,3.9862,1,0,0,0,1,0,0,0.0833,1,0,1,0,com,0.15,1,0,0,0.0,0,False,0,0,0,80,Aceville Pte. Ltd.,0,0,1,False,0,,,,,,0.158
https://behindthevoiceactors.com,behindthevoiceactors.com,0,32,0,1,0,3.7406,0,1,0,0,0,0,0,0.0,0,0,0,0,com,0.15,1,0,0,0.0,0,True,2,1,1,6392,"Wild West Domains, LLC",0,0,1,True,0,Google Trust Services,36,False,,,0.1198
https://www.icloud.com.cn/,www.icloud.com.cn,0,26,0,3,0,3.1307,2,1,0,0,1,0,0,0.0,0,0,0,0,cn,0.5,0,0,0,0.0,0,True,2,1,0,6823,"Nom-IQ Limited, dba Com Laude",0,0,1,True,0,Apple Inc.,163,False,,,0.2126
https://sp5ct-rameq-biz8-lonik-furev.pages.dev/,sp5ct-rameq-biz8-lonik-furev.pages.dev,1,47,4,2,2,4.4585,1,1,0,0,1,0,0,0.0,0,0,0,0,dev,0.5,0,0,0,0.0,0,True,2,1,0,,,0,0,0,True,0,Google Trust Services,83,False,,,0.2392
http://zfnrw8a67gp-kdplykmja-8e3f6b-dfj05c.pages.dev/appeals/submit-appeal-form/return,zfnrw8a67gp-kdplykmja-8e3f6b-dfj05c.pages.dev,1,86,3,2,8,4.5912,1,0,0,0,34,0,0,0.0,0,0,0,0,dev,0.5,0,0,0,0.0,0,True,2,1,0,,,0,0,0,True,0,Google Trust Services,82,False,,,0.2418
https://www.wall-node.com/,www.wall-node.com,1,26,1,2,0,3.2639,1,1,0,0,1,0,0,0.0833,1,0,1,0,com,0.15,1,0,0,0.0,0,False,0,0,0,3,"TUCOWS.COM, CO.",1,1,1,False,0,,,,,,0.1436
https://one.cz,one.cz,0,14,0,1,0,2.585,0,1,0,0,0,0,0,0.0833,1,0,1,0,cz,0.5,0,0,0,0.0,0,True,1,0,1,10699,REG-MOJEID,0,0,1,True,0,Let's Encrypt,60,False,,,0.235
https://www.audible.com.au/,www.audible.com.au,0,27,0,3,0,3.4194,2,1,0,0,1,0,0,0.0,0,0,0,0,au,0.5,0,0,0,0.0,0,True,2,0,0,,Tucows (Australia) Pty Ltd trading as OpenSRS,0,0,1,True,0,Amazon,67,False,,,0.2184
https://onamae.com,onamae.com,0,18,0,1,0,2.7219,0,1,0,0,0,0,0,0.0,0,0,0,0,com,0.15,1,0,0,0.0,0,True,2,0,1,9719,"GMO Internet, Inc.",0,0,1,True,0,GlobalSign nv-sa,64,False,,,0.0994
https://4based.com,4based.com,0,18,0,1,1,3.3219,0,1,0,0,0,0,0,0.0,0,0,0,0,com,0.15,1,0,0,0.0,0,True,2,1,1,2264,"NameCheap, Inc.",0,0,1,True,0,Google Trust Services,68,False,,,0.1114
https://readyfor.jp,readyfor.jp,0,19,0,1,0,3.2776,0,1,0,0,0,0,0,0.0,0,0,0,0,jp,0.5,0,0,0,0.0,0,True,4,1,1,5714,,0,0,1,True,0,GlobalSign nv-sa,166,False,,,0.2156
https://pc-instagram.cn/,pc-instagram.cn,1,24,1,1,0,3.5069,0,1,0,0,1,0,0,0.0,0,0,0,0,cn,0.5,0,0,0,0.0,0,True,2,0,0,3,北京新网数码信息技术有限公司,1,0,1,True,0,Let's Encrypt,86,False,,,0.2201
http://aktf-dnaid.adrnt.my.id/,aktf-dnaid.adrnt.my.id,1,30,1,3,0,3.3908,2,0,0,0,1,0,0,0.0,0,0,0,0,id,0.5,0,0,0,0.0,0,False,0,0,0,,,0,0,0,False,0,,,,,,0.2178
https://hikmvn.com/pop/download.html,hikmvn.com,1,36,0,1,0,3.1219,0,1,0,0,18,0,0,0.0,0,0,0,0,com,0.15,1,0,0,0.0,0,True,1,0,1,65,IONOS SE,0,1,1,True,0,Let's Encrypt,32,False,,,0.1074
http://home-webaods.pages.dev/,home-webaods.pages.dev,1,30,1,2,0,3.6412,1,0,0,0,1,0,0,0.0,0,0,0,0,dev,0.5,0,0,0,0.0,0,True,2,1,0,,,0,0,0,True,0,Google Trust Services,31,False,,,0.2228
https://mapleprimes.com,mapleprimes.com,0,23,0,1,0,3.3232,0,1,0,0,0,0,0,0.0,0,0,0,0,com,0.15,1,0,0,0.0,0,True,1,0,1,9098,"GoDaddy.com, LLC",0,0,1,True,0,Starfield Technologies,83,False,,,0.1115
https://bloomington.iu.edu,bloomington.iu.edu,0,26,0,2,0,3.4613,1,1,0,0,0,0,0,0.0,0,0,0,0,edu,0.02,1,0,0,0.0,0,True,2,1,0,10749,,0,0,1,True,0,Internet2,158,False,,,0.0752
https://www.soft112.com/,www.soft112.com,0,24,0,2,3,3.1899,1,1,0,0,1,0,0,0.0,0,0,0,0,com,0.15,1,0,0,0.0,0,True,2,0,1,6943,"GoDaddy.com, LLC",0,0,1,True,0,ZeroSSL GmbH,30,False,,,0.1088
https://cr-001.github.io/sample-work/,cr-001.github.io,1,37,1,2,3,3.625,1,1,0,0,13,0,0,0.0,0,0,0,0,io,0.28,1,0,0,0.0,0,True,4,1,0,,,0,0,0,True,0,Let's Encrypt,36,False,,,0.1565
https://sdk-license.com/account/settings,sdk-license.com,0,40,1,1,0,3.5069,0,1,0,0,17,0,0,0.1667,2,0,2,0,com,0.15,1,0,0,0.0,0,False,0,0,0,339,"MarkMonitor, Inc.",0,0,1,False,0,,,,,,0.1818
https://facebookloginnew.blogspot.com/?m=1,facebookloginnew.blogspot.com,1,42,0,2,0,3.8404,1,1,0,0,1,1,2,0.0,0,0,0,0,com,0.15,1,0,0,0.0,0,True,2,1,0,,,0,0,0,True,0,Google Trust Services,55,False,,,0.1218
https://sp5ct-horex-biz8-valek-surin.pages.dev/,sp5ct-horex-biz8-valek-surin.pages.dev,1,47,4,2,2,4.386,1,1,0,0,1,0,0,0.0,0,0,0,0,dev,0.5,0,0,0,0.0,0,True,2,1,0,,,0,0,0,True,0,Google Trust Services,83,False,,,0.2377
http://xelquna-gld-belquza-c5x9hc66.pages.dev/appeals/submit-appeal-form/return,xelquna-gld-belquza-c5x9hc66.pages.dev,1,79,3,2,4,4.241,1,0,0,0,34,0,0,0.0,0,0,0,0,dev,0.5,0,0,0,0.0,0,True,2,1,0,,,0,0,0,True,0,Google Trust Services,82,False,,,0.2348
https://md-habibullah-99.github.io/amazon_rc/,md-habibullah-99.github.io,1,45,2,2,2,3.6903,1,1,0,0,11,0,1,0.0,0,0,0,0,io,0.28,1,0,0,0.0,0,True,4,1,0,,,0,0,0,True,0,Let's Encrypt,36,False,,,0.1578
https://dashfi.dev,dashfi.dev,0,18,0,1,0,3.1219,0,1,0,0,0,0,0,0.0,0,0,0,0,dev,0.5,0,0,0,0.0,0,False,0,0,0,,,0,0,0,False,0,,,,,,0.2124
http://mkrjb1dqtwil-qtzxv109nnx-5b2c9d-vzk58a.pages.dev/,mkrjb1dqtwil-qtzxv109nnx-5b2c9d-vzk58a.pages.dev,1,56,3,2,9,4.7461,1,0,0,0,1,0,0,0.0,0,0,0,0,dev,0.5,0,0,0,0.0,0,True,2,1,0,,,0,0,0,True,0,Google Trust Services,83,False,,,0.2449
https://ut.edu.vn,ut.edu.vn,0,17,0,2,0,2.7255,1,1,0,0,0,0,0,0.0,0,0,0,0,vn,0.5,0,0,0,0.0,0,True,3,1,1,,,0,0,0,True,0,Google Trust Services,55,False,,,0.2045
https://odexglobal.com,odexglobal.com,0,22,0,1,0,3.3249,0,1,0,0,0,0,0,0.0,0,0,0,0,com,0.15,1,0,0,0.0,0,True,1,0,1,2310,"GoDaddy.com, LLC",0,0,1,True,0,Let's Encrypt,42,False,,,0.1115
https://www.kiocoimnlogoxm.godaddysites.com/,www.kiocoimnlogoxm.godaddysites.com,1,44,0,3,0,3.8354,2,1,0,0,1,0,0,0.0,0,0,0,0,com,0.15,1,0,0,0.0,0,True,2,0,0,4634,"GoDaddy.com, LLC",0,0,1,False,0,,,False,,,0.1217
https://hosting.com,hosting.com,0,19,0,1,0,3.2776,0,1,0,0,0,0,0,0.0,0,0,0,0,com,0.15,1,0,0,0.0,0,True,3,1,1,11127,"Cloudflare, Inc.",0,0,1,True,0,Google Trust Services,87,False,,,0.1106
https://magalupromocoes-grupodeoferta.vercel.app/,magalupromocoes-grupodeoferta.vercel.app,1,49,1,2,0,3.8414,1,1,0,0,1,0,0,0.0833,1,0,1,0,app,0.35,1,0,0,0.0,0,True,2,0,0,,,0,0,0,True,0,Google Trust Services,60,False,,,0.2151
https://unlimited.rs,unlimited.rs,0,20,0,1,0,3.4183,0,1,0,0,0,0,0,0.0,0,0,0,0,rs,0.5,0,0,0,0.0,0,True,3,1,1,3993,United Internet d.o.o.,0,0,1,True,0,Google Trust Services,88,False,,,0.2184
http://www.xfinttythtty.weebly.com/,www.xfinttythtty.weebly.com,1,35,0,3,0,3.6023,2,0,0,0,1,0,0,0.0,0,0,0,0,com,0.15,1,0,0,0.0,0,True,2,0,0,7426,"MarkMonitor, Inc.",0,0,1,False,0,,,,,,0.117
http://sp3ct-zurnak-biz8-telqor-lovem.pages.dev/appeals/submit-appeal-form/return,sp3ct-zurnak-biz8-telqor-lovem.pages.dev,1,81,4,2,2,4.4219,1,0,0,0,34,0,0,0.0,0,0,0,0,dev,0.5,0,0,0,0.0,0,True,2,1,0,,,0,0,0,True,0,Google Trust Services,82,False,,,0.2384
https://fwdby.com/login,fwdby.com,0,23,0,1,0,3.1699,0,1,0,0,6,0,0,0.0,0,0,0,0,com,0.15,1,0,0,0.0,0,True,1,0,0,5050,"Alibaba Cloud Computing (Beijing) Co., Ltd.",0,0,1,False,0,,,,,,0.1084
https://limbuscompanyapi.com/about,limbuscompanyapi.com,0,34,0,1,0,3.5842,0,1,0,0,6,0,0,0.0,0,0,0,0,com,0.15,1,0,0,0.0,0,False,0,0,0,1635,"Amazon Registrar, Inc.",0,0,1,False,0,,,,,,0.1167
https://whatsapp-correo.webcindario.com/,whatsapp-correo.webcindario.com,1,40,1,2,0,3.9134,1,1,0,0,1,0,0,0.0,0,0,0,0,com,0.15,1,0,0,0.0,0,True,1,0,0,9280,"TUCOWS.COM, CO.",0,1,1,True,0,Let's Encrypt,20,False,,,0.1233
http://fynta-qtwiz-vlypx-4b82fc-gblt-krulax.pages.dev/,fynta-qtwiz-vlypx-4b82fc-gblt-krulax.pages.dev,1,54,5,2,3,4.5698,1,0,0,0,1,0,0,0.0833,1,0,1,0,dev,0.5,0,0,0,0.0,0,True,2,1,0,,,0,0,0,True,0,Google Trust Services,81,False,,,0.2747
https://pages-ledge-live.pages.dev/,pages-ledge-live.pages.dev,1,35,2,2,0,3.3056,1,1,0,0,1,0,0,0.0833,1,0,1,0,dev,0.5,0,0,0,0.0,0,True,2,1,0,,,0,0,0,True,0,Google Trust Services,61,False,,,0.2494
https://jn.onfhvt.com/,jn.onfhvt.com,1,22,0,2,0,3.2389,1,1,0,0,1,0,0,0.0,0,0,0,0,com,0.15,1,0,0,0.0,0,True,1,0,1,44,IONOS SE,0,1,1,True,0,Let's Encrypt,78,False,,,0.1098
http://sp3ct-belvak-biz8-korsel-funed.pages.dev/appeals/submit-appeal-form/return,sp3ct-belvak-biz8-korsel-funed.pages.dev,1,81,4,2,2,4.3128,1,0,0,0,34,0,0,0.0,0,0,0,0,dev,0.5,0,0,0,0.0,0,True,2,1,0,,,0,0,0,True,0,Google Trust Services,82,False,,,0.2363
https://www.roblox.com.ml/users/226542993849/profile,www.roblox.com.ml,1,52,0,3,0,3.0131,2,1,0,0,27,0,0,0.0,0,0,0,0,ml,0.93,1,0,0,0.0,0,True,1,0,0,,,0,0,0,True,0,Let's Encrypt,72,False,,,0.3393
https://orangeautossale.com/about-us/,orangeautossale.com,1,37,0,1,0,3.5369,0,1,0,0,10,0,0,0.0,0,0,0,0,com,0.15,1,0,0,0.0,0,True,2,1,1,85,"TUCOWS.COM, CO.",0,1,1,False,0,,,,,,0.1157
https://okx-doh.com/about,okx-doh.com,0,25,1,1,0,3.0272,0,1,0,0,6,0,0,0.0,0,0,0,0,com,0.15,1,0,0,0.0,0,False,0,0,0,1578,"Amazon Registrar, Inc.",0,0,1,False,0,,,,,,0.1055
http://sp5ct-yarek-biz8-vonel-rimak.pages.dev/appeals/submit-appeal-form/return,sp5ct-yarek-biz8-vonel-rimak.pages.dev,1,79,4,2,2,4.3333,1,0,0,0,34,0,0,0.0,0,0,0,0,dev,0.5,0,0,0,0.0,0,True,2,1,0,,,0,0,0,True,0,Google Trust Services,83,False,,,0.2367
https://connect.nhs.net/,connect.nhs.net,0,24,0,2,0,2.8402,1,1,0,0,1,0,0,0.0,0,0,0,0,net,0.22,1,0,0,0.0,0,True,1,0,1,,,0,0,0,True,0,GlobalSign nv-sa,94,False,,,0.1228
https://sp5ct-kunel-biz8-sorev-lamin.pages.dev/,sp5ct-kunel-biz8-sorev-lamin.pages.dev,1,47,4,2,2,4.3333,1,1,0,0,1,0,0,0.0,0,0,0,0,dev,0.5,0,0,0,0.0,0,True,2,1,0,,,0,0,0,True,0,Google Trust Services,83,False,,,0.2367
https://www.europe1.fr/,www.europe1.fr,0,23,0,2,1,3.0391,1,1,0,0,1,0,0,0.0,0,0,0,0,fr,0.5,0,0,0,0.0,0,True,2,1,0,11074,GANDI,0,0,1,True,0,Google Trust Services,72,False,,,0.2108
https://houzz.com/profile/index.html,houzz.com,0,36,0,1,0,2.7255,0,1,0,0,19,0,0,0.0,0,0,0,0,com,0.15,1,0,0,0.0,0,True,4,0,1,,,0,0,0,True,0,GlobalSign nv-sa,171,False,,,0.0995
https://www.cdw.com/,www.cdw.com,0,20,0,2,0,2.3685,1,1,0,0,1,0,0,0.0,0,0,0,0,com,0.15,1,0,0,0.0,0,True,2,0,0,11606,"MarkMonitor, Inc.",0,0,1,True,0,Sectigo Limited,190,False,,,0.0924
https://nlr.ru,nlr.ru,0,14,0,1,0,2.2516,0,1,0,0,0,0,0,0.0,0,0,0,0,ru,0.5,0,0,0,0.0,0,True,1,0,1,10528,RU-CENTER-RU,0,0,1,True,0,GlobalSign nv-sa,133,False,,,0.195
http://evicgame232.blogspot.com/,evicgame232.blogspot.com,1,32,0,2,3,3.8868,1,0,0,0,1,0,0,0.0,0,0,0,0,com,0.15,1,0,0,0.0,0,True,2,1,0,,,0,0,0,True,0,Google Trust Services,55,False,,,0.1227
https://hscoscdn10.net/about,hscoscdn10.net,0,28,0,1,2,3.3788,0,1,0,0,6,0,0,0.0,0,0,0,0,net,0.22,1,0,0,0.0,0,False,0,0,0,3268,MarkMonitor Inc.,0,0,1,False,0,,,,,,0.1336
https://jinxandjack.co.uk/en-us/home,jinxandjack.co.uk,0,36,0,2,0,3.3816,1,1,0,0,11,0,0,0.0,0,0,0,0,uk,0.5,0,0,0,0.0,0,False,0,0,1,40,"Namecheap, Inc. [Tag = NAMECHEAP-INC]",0,0,1,False,0,,,,,,0.2176
https://salespider.com,salespider.com,0,22,0,1,0,3.5216,0,1,0,0,0,0,0,0.0,0,0,0,0,com,0.15,1,0,0,0.0,0,True,2,1,1,7853,"TUCOWS.COM, CO.",0,1,1,True,0,Google Trust Services,67,False,,,0.1154
https://ray-balance.space/products,ray-balance.space,0,34,1,1,0,3.3816,0,1,0,0,9,0,0,0.0833,1,0,1,0,space,0.5,0,0,0,0.0,0,False,0,0,0,,,0,0,0,False,0,,,,,,0.251
https://briteline.de,briteline.de,0,20,0,1,0,3.0221,0,1,0,0,0,0,0,0.0,0,0,0,0,de,0.5,0,0,0,0.0,0,True,1,1,1,,,0,0,0,True,0,Let's Encrypt,41,False,,,0.2104
https://problogger.com,problogger.com,0,22,0,1,0,3.182,0,1,0,0,0,0,0,0.0,0,0,0,0,com,0.15,1,0,0,0.0,0,True,2,1,1,8212,"GoDaddy.com, LLC",0,0,1,True,0,Google Trust Services,81,False,,,0.1086
https://mdacxls.us.cc/5g/home.html,mdacxls.us.cc,1,34,0,2,0,3.027,1,1,0,0,13,0,0,0.0,0,0,0,0,cc,0.5,0,0,0,0.0,0,True,1,0,0,7416,Gname.com Pte. Ltd.,0,1,1,True,0,Let's Encrypt,87,False,,,0.2105
http://sp3ct-havrik-biz8-korqas-polen.pages.dev/appeals/submit-appeal-form/return,sp3ct-havrik-biz8-korqas-polen.pages.dev,1,81,4,2,2,4.3464,1,0,0,0,34,0,0,0.0,0,0,0,0,dev,0.5,0,0,0,0.0,0,True,2,1,0,,,0,0,0,True,0,Google Trust Services,82,False,,,0.2369
http://messenger-clone-zeta-ten.vercel.app/,messenger-clone-zeta-ten.vercel.app,1,43,3,2,0,3.7147,1,0,0,0,1,0,0,0.0833,1,0,1,0,app,0.35,1,0,0,0.0,0,True,2,0,0,,,0,0,0,True,0,Google Trust Services,60,False,,,0.2126
https://wartsila.com/en-us/home,wartsila.com,0,31,0,1,0,3.4183,0,1,0,0,11,0,0,0.0,0,0,0,0,com,0.15,1,0,0,0.0,0,True,1,0,1,,,0,0,0,True,0,DigiCert Inc,155,False,,,0.1134
http://8s0o5f-52r3by-hxhr-e600hl.pages.dev/,8s0o5f-52r3by-hxhr-e600hl.pages.dev,1,43,3,2,9,4.3573,1,0,0,0,1,0,0,0.0,0,0,0,0,dev,0.5,0,0,0,0.0,0,True,2,1,0,,,0,0,0,True,0,Google Trust Services,79,False,,,0.2371
https://skyinplay.com/support/contact,skyinplay.com,0,37,0,1,0,3.5466,0,1,0,0,16,0,0,0.0,0,0,0,0,com,0.15,1,0,0,0.0,0,True,8,0,0,3055,"GoDaddy.com, LLC",0,0,1,False,0,,,,,,0.1159
http://trust-wallet.daservglobal.com/prometheus/Home.html,trust-wallet.daservglobal.com,1,57,1,2,0,3.9094,1,0,0,0,21,0,0,0.0,0,0,0,0,com,0.15,1,0,0,0.0,0,True,1,0,0,3491,"GoDaddy.com, LLC",0,0,1,False,0,,,False,,,0.1232
https://nikith-reddy-31.github.io/Netflix/,nikith-reddy-31.github.io,1,42,2,2,2,3.9239,1,1,0,0,9,0,0,0.0,0,0,0,0,io,0.28,1,0,0,0.0,0,True,4,1,0,,,0,0,0,True,0,Let's Encrypt,36,False,,,0.1625
https://uniswap-clone-p22obeq5n-kirankumargonti.vercel.app/swap,uniswap-clone-p22obeq5n-kirankumargonti.vercel.app,1,63,3,2,3,4.3113,1,1,0,0,5,0,0,0.0833,1,0,1,0,app,0.35,1,0,0,0.0,0,True,2,0,0,,,0,0,0,True,0,Google Trust Services,60,False,,,0.2245
https://www.polestar.com/,www.polestar.com,0,25,0,2,0,3.4528,1,1,0,0,1,0,0,0.0,0,0,0,0,com,0.15,1,0,0,0.0,0,True,2,1,0,11656,Eurodns S.A.,0,0,1,True,0,Let's Encrypt,45,False,,,0.1141
https://elperiodicodearagon.com/about,elperiodicodearagon.com,0,37,0,1,0,3.5342,0,1,0,0,6,0,0,0.0,0,0,0,0,com,0.15,1,0,0,0.0,0,True,1,0,1,9692,"10DENCEHISPAHARD, S.L",0,0,1,False,0,,,,,,0.1157
https://codeigniter.com,codeigniter.com,0,23,0,1,0,3.3736,0,1,0,0,0,0,0,0.0,0,0,0,0,com,0.15,1,0,0,0.0,0,True,2,1,1,7498,"NameCheap, Inc.",0,0,1,True,0,Google Trust Services,69,False,,,0.1125
https://vishruth09.github.io/amazon-homepage-clone/,vishruth09.github.io,1,51,0,2,2,3.5464,1,1,0,0,23,0,0,0.0,0,0,0,0,io,0.28,1,0,0,0.0,0,True,4,1,0,,,0,0,0,True,0,Let's Encrypt,36,False,,,0.1549
https://uniswap-clone-p22obeq5n-kirankumargonti.vercel.app/,uniswap-clone-p22obeq5n-kirankumargonti.vercel.app,1,59,3,2,3,4.3113,1,1,0,0,1,0,0,0.0833,1,0,1,0,app,0.35,1,0,0,0.0,0,True,2,0,0,,,0,0,0,True,0,Google Trust Services,60,False,,,0.2245
http://qbactivationcode.com/,qbactivationcode.com,1,28,0,1,0,3.5464,0,0,0,0,1,0,0,0.0,0,0,0,0,com,0.15,1,0,0,0.0,0,True,1,0,1,,,0,0,0,True,0,Let's Encrypt,68,False,,,0.1159
https://seurfyfq.eu.cc/es,seurfyfq.eu.cc,1,25,0,2,0,3.0931,1,1,0,0,3,0,0,0.0,0,0,0,0,cc,0.5,0,0,0,0.0,0,True,1,0,0,10515,Gname.com Pte. Ltd.,0,1,1,True,0,Let's Encrypt,87,False,,,0.2119
https://facebook-community.blogspot.com/,facebook-community.blogspot.com,1,40,1,2,0,3.9536,1,1,0,0,1,0,0,0.0,0,0,0,0,com,0.15,1,0,0,0.0,0,True,2,1,0,,,0,0,0,True,0,Google Trust Services,55,False,,,0.1241
https://donweb.com/es-int/,donweb.com,0,26,0,1,0,3.1219,0,1,0,0,8,0,0,0.0,0,0,0,0,com,0.15,1,0,0,0.0,0,True,2,1,1,,,0,0,0,True,0,Sectigo Limited,103,False,,,0.1074
https://jsyraf.cn/api/v1/status,jsyraf.cn,0,31,0,1,0,3.1699,0,1,0,0,14,0,0,0.0,0,0,0,0,cn,0.5,0,0,0,0.0,0,True,1,0,0,1825,成都西维数码科技有限公司,0,0,1,False,0,,,,,,0.2134
https://www.thebalancemoney.com/small-business-5181174,www.thebalancemoney.com,0,54,0,2,0,3.5884,1,1,0,0,23,0,0,0.0,0,0,0,0,com,0.15,1,0,0,0.0,0,True,2,1,0,3058,"MarkMonitor, Inc.",0,0,1,True,0,Let's Encrypt,34,False,,,0.1168
https://chartertimeupdate.framer.website/,chartertimeupdate.framer.website,1,41,0,2,0,3.6792,1,1,0,0,1,0,0,0.0,0,0,0,0,website,0.68,1,0,0,0.0,0,True,2,0,0,,,0,0,0,True,0,Let's Encrypt,58,False,,,0.2776
https://www.facebooksecurepage.blogspot.com/,www.facebooksecurepage.blogspot.com,1,44,0,3,0,3.8757,2,1,0,0,1,0,0,0.0,0,0,0,0,com,0.15,1,0,0,0.0,0,True,2,1,0,,,0,0,0,False,0,,,False,,,0.1225
https://service-windows.com/api/v1/status,service-windows.com,0,41,1,1,0,3.6163,0,1,0,0,14,0,0,0.0,0,0,0,1,com,0.15,1,0,0,0.0,0,False,0,0,0,1648,"NameCheap, Inc.",0,0,1,False,0,,,,,,0.1173
https://grento.cc/account/settings,grento.cc,0,34,0,1,0,2.9477,0,1,0,0,17,0,0,0.0,0,0,0,0,cc,0.5,0,0,0,0.0,0,False,0,0,0,228,Dynadot Inc,0,0,1,False,0,,,,,,0.209
https://m.ezhj2znh069c.com:9229/account/reg?code=49438,m.ezhj2znh069c.com:9229,1,54,0,2,4,3.6144,1,1,0,0,12,1,2,0.0,0,0,0,0,com,0.15,1,0,0,0.0,0,False,0,0,0,,,0,0,0,False,0,,,,,,0.1173
http://roblox.com.bi/,roblox.com.bi,1,21,0,2,0,3.027,1,0,0,0,1,0,0,0.0,0,0,0,0,bi,0.5,0,0,0,0.0,0,True,1,0,0,144,Afriregister1,0,0,1,True,0,Let's Encrypt,38,False,,,0.2105
http://trust-wallet.daservglobal.com/,trust-wallet.daservglobal.com,1,37,1,2,0,3.9094,1,0,0,0,1,0,0,0.0,0,0,0,0,com,0.15,1,0,0,0.0,0,True,1,0,0,3491,"GoDaddy.com, LLC",0,0,1,False,0,,,False,,,0.1232
https://loginmyfacebook.blogspot.com/?m=1,loginmyfacebook.blogspot.com,1,41,0,2,0,3.8249,1,1,0,0,1,1,2,0.0,0,0,0,0,com,0.15,1,0,0,0.0,0,True,2,1,0,,,0,0,0,True,0,Google Trust Services,55,False,,,0.1215
https://www.fun88company.site/,www.fun88company.site,0,30,0,2,2,3.8802,1,1,0,0,1,0,0,0.1667,1,0,1,0,site,0.7,1,0,0,0.0,0,True,2,1,0,,,0,0,0,True,0,Google Trust Services,81,False,,,0.3543
https://instagramreeldownloder01.blogspot.com/,instagramreeldownloder01.blogspot.com,1,46,0,2,2,4.0777,1,1,0,0,1,0,0,0.0,0,0,0,0,com,0.15,1,0,0,0.0,0,True,2,1,0,,,0,0,0,True,0,Google Trust Services,55,False,,,0.1266
https://cato-heroik.com,cato-heroik.com,0,23,1,1,0,3.4566,0,1,0,0,0,0,0,0.0,0,0,0,0,com,0.15,1,0,0,0.0,0,True,2,0,0,67,"NameCheap, Inc.",0,0,1,True,0,Google Trust Services,81,False,,,0.1141
https://pm2.io/,pm2.io,0,15,0,1,1,2.585,0,1,0,0,1,0,0,0.0833,1,0,1,0,io,0.28,1,0,0,0.0,0,True,4,0,1,4658,GANDI SAS,0,0,1,True,0,Let's Encrypt,58,False,,,0.169
https://www.national-lottery.co.uk/,www.national-lottery.co.uk,0,35,1,3,0,3.7381,2,1,0,0,1,0,0,0.0,0,0,0,0,uk,0.5,0,0,0,0.0,0,True,8,1,0,10953,Allwyn Entertainment Limited t/a Allwyn Entertainment Ltd [Tag = ALLWYN],0,0,1,True,0,Amazon,149,False,,,0.2248
https://smartcasttv.com,smartcasttv.com,0,23,0,1,0,3.0566,0,1,0,0,0,0,0,0.0,0,0,0,0,com,0.15,1,0,0,0.0,0,False,0,0,1,2551,"Amazon Registrar, Inc.",0,1,1,False,0,,,,,,0.1061
https://158-158-120-184.cprapid.com/de/update.php?token=3si97rl3zw55s8p7t98j,158-158-120-184.cprapid.com,1,76,3,2,12,3.8101,1,1,0,0,14,1,2,0.0,0,0,0,0,com,0.15,1,0,0,0.0,0,False,0,0,0,2629,"TUCOWS.COM, CO.",0,1,1,False,0,,,,,,0.1212
http://sp3ct-delqem-biz8-farnik-mused.pages.dev/appeals/submit-appeal-form/return,sp3ct-delqem-biz8-farnik-mused.pages.dev,1,81,4,2,2,4.3439,1,0,0,0,34,0,0,0.0,0,0,0,0,dev,0.5,0,0,0,0.0,0,True,2,1,0,,,0,0,0,True,0,Google Trust Services,82,False,,,0.2369
https://finansbank.com/blog/pricing,finansbank.com,0,35,0,1,0,3.3249,0,1,0,0,13,0,0,0.0,0,0,0,0,com,0.15,1,0,0,0.0,0,False,0,0,0,11038,"IHS Telekom, Inc",0,0,1,False,0,,,,,,0.1115
http://www.x21c.vip/,www.x21c.vip,1,20,0,2,2,3.0221,1,0,0,0,1,0,0,0.0,0,0,0,0,vip,0.5,0,0,0,0.0,0,True,2,0,0,60,NameMart Pte. Ltd.,0,0,1,True,0,Let's Encrypt,46,False,,,0.2104
https://anaconda.org,anaconda.org,0,20,0,1,0,2.8554,0,1,0,0,0,0,0,0.0,0,0,0,0,org,0.1,1,0,0,0.0,0,True,2,1,1,9482,"NameCheap, Inc.",0,0,1,True,0,Let's Encrypt,56,False,,,0.0871
https://www.192.com/,www.192.com,0,20,0,2,3,2.8454,1,1,0,0,1,0,0,0.0,0,0,0,0,com,0.15,1,0,0,0.0,0,True,2,1,0,10637,123-Reg Limited,0,0,1,True,0,Sectigo Limited,173,False,,,0.1019
https://creditchina.gov.cn/api/v1/status,creditchina.gov.cn,0,40,0,2,0,3.5724,1,1,0,0,14,0,0,0.0833,1,0,1,0,cn,0.5,0,0,0,0.0,0,False,0,0,1,4435,北京国科云计算技术有限公司（原北京中科三方网络技术有限公司）,0,0,1,False,0,,,,,,0.2548
http://kucoini-uvslogn.godaddysites.com/,kucoini-uvslogn.godaddysites.com,1,40,1,2,0,3.9917,1,0,0,0,1,0,0,0.0,0,0,0,0,com,0.15,1,0,0,0.0,0,True,2,0,0,4634,"GoDaddy.com, LLC",0,0,1,True,0,GoDaddy.com,165,False,,,0.1248
http://netcoins-login-x-auth.webflow.io/,netcoins-login-x-auth.webflow.io,1,40,3,2,0,3.9917,1,0,0,0,1,0,0,0.0,0,0,0,1,io,0.28,1,0,0,0.0,0,True,2,1,0,4829,"MarkMonitor, Inc.",0,0,1,True,0,Google Trust Services,86,False,,,0.1638
https://paadars.com,paadars.com,0,19,0,1,0,3.0272,0,1,0,0,0,0,0,0.0,0,0,0,0,com,0.15,1,0,0,0.0,0,True,2,0,0,4041,Hosting Concepts B.V. d/b/a Registrar.eu,0,0,1,True,0,Asseco Data Systems S.A.,100,False,,,0.1055
https://dravemi-gld-zorquni-r4x1hq97.pages.dev/,dravemi-gld-zorquni-r4x1hq97.pages.dev,1,47,3,2,4,4.4316,1,1,0,0,1,0,0,0.0,0,0,0,0,dev,0.5,0,0,0,0.0,0,True,2,1,0,,,0,0,0,True,0,Google Trust Services,83,False,,,0.2386
https://kfee-m8hv-yoi3.review-docusigntrello-com-s-account.workers.dev/,kfee-m8hv-yoi3.review-docusigntrello-com-s-account.workers.dev,1,71,6,3,2,4.314,2,1,0,0,1,0,0,0.2333,1,0,1,1,dev,0.5,0,0,0,0.0,0,True,2,1,0,,,0,0,0,True,0,Google Trust Services,83,False,,,0.3296
https://xhamster46.desi,xhamster46.desi,0,23,0,1,2,3.6402,0,1,0,0,0,0,0,0.0833,1,0,1,0,desi,0.5,0,0,0,0.0,0,True,2,1,0,,,0,0,0,True,0,Google Trust Services,44,False,,,0.2561
https://dravemi-gld-zorquni-r4x1hq97.pages.dev/thn-yjm-uio-lkh?welcome=104416014675991&stt=104416014675991&name_stt=B&B%20punto%20v%C3%A9lo,dravemi-gld-zorquni-r4x1hq97.pages.dev,1,139,3,2,4,4.4316,1,1,0,0,16,4,12,0.0,0,0,0,0,dev,0.5,0,0,0,0.0,0,True,2,1,0,,,0,0,0,True,0,Google Trust Services,83,False,,,0.2386
https://wano-serix-28n11.pages.dev/heartily_welcome?id=478435878679398&page_name=Team%20Excellence%20Photography,wano-serix-28n11.pages.dev,1,112,2,2,4,4.056,1,1,0,0,17,2,8,0.0833,1,0,1,0,dev,0.5,0,0,0,0.0,0,True,2,1,0,,,0,0,0,True,0,Google Trust Services,84,False,,,0.2644
https://dbankcdn.ru/account/settings,dbankcdn.ru,0,36,0,1,0,3.0958,0,1,0,0,17,0,0,0.0,0,0,0,0,ru,0.5,0,0,0,0.0,0,False,0,0,0,1607,RU-CENTER-RU,0,0,1,False,0,,,,,,0.2119
http://sp3ct-torqik-biz8-vesnar-holud.pages.dev/,sp3ct-torqik-biz8-vesnar-holud.pages.dev,1,48,4,2,2,4.4342,1,0,0,0,1,0,0,0.0,0,0,0,0,dev,0.5,0,0,0,0.0,0,True,2,1,0,,,0,0,0,True,0,Google Trust Services,81,False,,,0.2387
https://www.yorkshireeveningpost.co.uk/,www.yorkshireeveningpost.co.uk,0,39,0,3,0,3.9396,2,1,0,0,1,0,0,0.0,0,0,0,0,uk,0.5,0,0,0,0.0,0,True,2,1,0,9930,Team Blue Internet Services UK Limited t/a Team Blue Internet Services Limited t/a names.co.uk [Tag = NAMESCO],0,0,1,True,0,Let's Encrypt,54,False,,,0.2288
https://irbank.net,irbank.net,0,18,0,1,0,3.1219,0,1,0,0,0,0,0,0.0,0,0,0,0,net,0.22,1,0,0,0.0,0,True,4,0,0,4678,"eNom, LLC",0,0,1,True,0,Amazon,169,False,,,0.1284
https://24703859.xyz/login,24703859.xyz,0,26,0,1,8,3.585,0,1,0,0,6,0,0,0.0,0,0,0,0,xyz,0.94,1,0,0,0.0,0,False,0,0,0,,,0,0,0,False,0,,,,,,0.3537
https://s4w.in/www-roblox-com-users-32721679054-profile,s4w.in,1,55,0,1,1,2.585,0,1,0,0,41,0,0,0.0833,1,0,1,0,in,0.2,1,0,0,0.0,0,True,2,1,1,6829,GoDaddy,0,0,1,True,0,Let's Encrypt,50,False,,,0.145
https://facebookloginzone.blogspot.com/,facebookloginzone.blogspot.com,1,39,0,2,0,3.7852,1,1,0,0,1,0,0,0.0,0,0,0,0,com,0.15,1,0,0,0.0,0,True,2,1,0,,,0,0,0,True,0,Google Trust Services,55,False,,,0.1207
https://www.rackspace.com/data/rackspace-dbaas,www.rackspace.com,0,46,0,2,0,3.2928,1,1,0,0,21,0,0,0.0,0,0,0,0,com,0.15,1,0,0,0.0,0,True,2,1,0,,,0,0,0,True,0,DigiCert Inc,110,False,,,0.1109
http://servicionatural.webcindario.com/,servicionatural.webcindario.com,1,39,0,2,0,3.889,1,0,0,0,1,0,0,0.0,0,0,0,0,com,0.15,1,0,0,0.0,0,True,1,0,0,9280,"TUCOWS.COM, CO.",0,1,1,True,0,Let's Encrypt,20,False,,,0.1228
https://infox.sg/api/v1/status,infox.sg,0,30,0,1,0,3.0,0,1,0,0,14,0,0,0.0,0,0,0,0,sg,0.5,0,0,0,0.0,0,True,1,0,1,4861,Key-Systems GmbH,0,0,1,False,0,,,,,,0.21
https://garcanocan.co/,garcanocan.co,1,22,0,1,0,2.6612,0,1,0,0,1,0,0,0.0,0,0,0,0,co,0.3,1,0,0,0.0,0,True,1,0,0,4,Dynadot Inc,1,0,1,False,0,,,False,,,0.1432
https://oregonstate.edu,oregonstate.edu,0,23,0,1,0,3.3232,0,1,0,0,0,0,0,0.0,0,0,0,0,edu,0.02,1,0,0,0.0,0,True,1,0,1,10031,,0,0,1,True,0,Internet2,243,False,,,0.0725
http://sp3ct-torlem-biz8-karsik-voden.pages.dev/appeals/submit-appeal-form/return,sp3ct-torlem-biz8-karsik-voden.pages.dev,1,81,4,2,2,4.3031,1,0,0,0,34,0,0,0.0,0,0,0,0,dev,0.5,0,0,0,0.0,0,True,2,1,0,,,0,0,0,True,0,Google Trust Services,82,False,,,0.2361
https://eng-ledgrr-eng.pages.dev/,eng-ledgrr-eng.pages.dev,1,33,2,2,0,3.3512,1,1,0,0,1,0,0,0.1667,1,0,2,0,dev,0.5,0,0,0,0.0,0,True,2,1,0,,,0,0,0,True,0,Google Trust Services,62,False,,,0.2837
http://sp5ct-lanik-biz8-vurem-horex.pages.dev/appeals/submit-appeal-form/return,sp5ct-lanik-biz8-vurem-horex.pages.dev,1,79,4,2,2,4.4585,1,0,0,0,34,0,0,0.0,0,0,0,0,dev,0.5,0,0,0,0.0,0,True,2,1,0,,,0,0,0,True,0,Google Trust Services,83,False,,,0.2392
https://www.mafra.cz/,www.mafra.cz,0,21,0,2,0,2.8554,1,1,0,0,1,0,0,0.0,0,0,0,0,cz,0.5,0,0,0,0.0,0,True,1,0,0,10467,REG-INTERNET-CZ,0,0,1,True,0,SSL Corporation,197,False,,,0.2071
https://www.syseleven.de/,www.syseleven.de,0,25,0,2,0,2.9528,1,1,0,0,1,0,0,0.0,0,0,0,0,de,0.5,0,0,0,0.0,0,True,1,0,0,,,0,0,0,True,0,DigiCert Inc,179,False,,,0.2091
https://transsion.com,transsion.com,0,21,0,1,0,3.2389,0,1,0,0,0,0,0,0.0,0,0,0,0,com,0.15,1,0,0,0.0,0,True,1,0,1,4739,"Alibaba Cloud Computing (Beijing) Co., Ltd.",0,0,1,True,0,"DigiCert, Inc.",104,False,,,0.1098
https://instagramfollowers9101.blogspot.com/,instagramfollowers9101.blogspot.com,1,44,0,2,4,4.1259,1,1,0,0,1,0,0,0.0,0,0,0,0,com,0.15,1,0,0,0.0,0,True,2,1,0,,,0,0,0,True,0,Google Trust Services,55,False,,,0.1275
https://orange-1.vercel.app/,orange-1.vercel.app,1,28,1,2,1,3.5766,1,1,0,0,1,0,0,0.0833,1,0,1,0,app,0.35,1,0,0,0.0,0,True,2,0,0,,,0,0,0,True,0,Google Trust Services,60,False,,,0.2099
https://chessdatabase.science,chessdatabase.science,0,29,0,1,0,3.1776,0,1,0,0,0,0,0,0.0,0,0,0,0,science,0.5,0,0,0,0.0,0,True,2,0,0,,,0,0,0,True,0,Let's Encrypt,50,False,,,0.2136
http://www.tikflow.live.gorobux.live/,www.tikflow.live.gorobux.live,1,37,0,4,0,3.6764,3,0,0,0,1,0,0,0.1667,1,0,2,0,live,0.6,1,0,0,0.0,0,False,0,0,0,,,0,0,0,False,0,,,,,,0.3202
https://kurogame.xyz,kurogame.xyz,0,20,0,1,0,3.585,0,1,0,0,0,0,0,0.0,0,0,0,0,xyz,0.94,1,0,0,0.0,0,True,1,0,1,1978,Alibaba Cloud Computing Ltd. d/b/a HiChina (www.net.cn),0,0,1,True,0,DigiCert Inc,179,False,,,0.3537
https://pokefarm.com,pokefarm.com,0,20,0,1,0,3.2516,0,1,0,0,0,0,0,0.0,0,0,0,0,com,0.15,1,0,0,0.0,0,True,3,1,1,6948,"Cloudflare, Inc.",0,1,1,True,0,Google Trust Services,48,False,,,0.11
https://www.mistplay.com/,www.mistplay.com,0,25,0,2,0,3.4528,1,1,0,0,1,0,0,0.0,0,0,0,0,com,0.15,1,0,0,0.0,0,True,1,1,0,3954,"Amazon Registrar, Inc.",0,0,1,True,0,Google Trust Services,63,False,,,0.1141
https://voodoo.io,voodoo.io,0,17,0,1,0,1.88,0,1,0,0,0,0,0,0.0,0,0,0,0,io,0.28,1,0,0,0.0,0,True,2,0,1,4763,GANDI SAS,0,0,1,True,0,Let's Encrypt,77,False,,,0.1216
https://bxtag.com/login,bxtag.com,0,23,0,1,0,3.1699,0,1,0,0,6,0,0,0.0,0,0,0,0,com,0.15,1,0,0,0.0,0,False,0,0,0,,,0,0,0,False,0,,,,,,0.1084
https://www.wetransfer-mu.vercel.app/,www.wetransfer-mu.vercel.app,1,37,1,3,0,3.7534,2,1,0,0,1,0,0,0.0833,1,0,1,0,app,0.35,1,0,0,0.0,0,True,2,0,0,,,0,0,0,False,0,,,False,,,0.2134
https://s.teams-tj.com/p/fjbd-cbch/tfothddi/,s.teams-tj.com,1,44,1,2,0,3.2359,1,1,0,0,22,0,0,0.0,0,0,0,0,com,0.15,1,0,0,0.0,0,True,2,1,0,10,Registrar of Domain Names REG.RU LLC,1,0,1,True,0,Google Trust Services,79,False,,,0.1097
https://hentaistube.com/blog/profile,hentaistube.com,0,36,0,1,0,3.6402,0,1,0,0,13,0,0,0.0,0,0,0,0,com,0.15,1,0,0,0.0,0,False,0,0,0,3934,"NameCheap, Inc.",0,0,1,False,0,,,,,,0.1178
https://fullxcinema.com,fullxcinema.com,0,23,0,1,0,3.5069,0,1,0,0,0,0,0,0.0,0,0,0,0,com,0.15,1,0,0,0.0,0,True,2,1,1,2964,"NameCheap, Inc.",0,0,1,True,0,Google Trust Services,34,False,,,0.1151
https://www.sectigo.com/,www.sectigo.com,0,24,0,2,0,3.1899,1,1,0,0,1,0,0,0.0,0,0,0,0,com,0.15,1,0,0,0.0,0,True,2,1,0,,,0,0,0,True,0,Sectigo Limited,38,False,,,0.1088
https://www.xnxx.tv/,www.xnxx.tv,0,20,0,2,0,2.4131,1,1,0,0,1,0,0,0.0,0,0,0,0,tv,0.5,0,0,0,0.0,0,True,15,0,1,7096,"NameCheap, Inc.",0,1,1,False,0,,,,,,0.1983
http://ylhrii-7shvr3-pdzmo-2gv-cz1y.pages.dev/appeals/submit-appeal-form/return,ylhrii-7shvr3-pdzmo-2gv-cz1y.pages.dev,1,79,4,2,4,4.3333,1,0,0,0,34,0,0,0.0,0,0,0,0,dev,0.5,0,0,0,0.0,0,True,2,1,0,,,0,0,0,True,0,Google Trust Services,82,False,,,0.2367
https://identity.digital/,identity.digital,0,25,0,1,0,3.0778,0,1,0,0,1,0,0,0.0,0,0,0,0,digital,0.5,0,0,0,0.0,0,True,1,0,1,,,0,0,0,True,0,Google Trust Services,71,False,,,0.2116
http://www.teyhgdghdd.weebly.com/,www.teyhgdghdd.weebly.com,1,33,0,3,0,3.5133,2,0,0,0,1,0,0,0.0,0,0,0,0,com,0.15,1,0,0,0.0,0,True,2,0,0,7426,"MarkMonitor, Inc.",0,0,1,False,0,,,,,,0.1153
https://www.sri.com/,www.sri.com,0,20,0,2,0,2.8454,1,1,0,0,1,0,0,0.3333,3,0,3,0,com,0.15,1,0,0,0.0,0,True,1,0,1,14801,"Network Solutions, LLC",0,0,1,True,0,Let's Encrypt,64,False,,,0.2352
http://sp5ct-rameq-biz8-lonik-furev.pages.dev/appeals/submit-appeal-form/return,sp5ct-rameq-biz8-lonik-furev.pages.dev,1,79,4,2,2,4.4585,1,0,0,0,34,0,0,0.0,0,0,0,0,dev,0.5,0,0,0,0.0,0,True,2,1,0,,,0,0,0,True,0,Google Trust Services,83,False,,,0.2392
https://sp3ct-turqen-biz8-domvik-larex.pages.dev/,sp3ct-turqen-biz8-domvik-larex.pages.dev,1,49,4,2,2,4.4719,1,1,0,0,1,0,0,0.0,0,0,0,0,dev,0.5,0,0,0,0.0,0,True,2,1,0,,,0,0,0,True,0,Google Trust Services,81,False,,,0.2394
https://89419.xyz/,89419.xyz,1,18,0,1,5,2.9477,0,1,0,0,1,0,0,0.0,0,0,0,0,xyz,0.94,1,0,0,0.0,0,False,0,0,0,177,Gname.com Pte. Ltd.,0,1,1,False,0,,,,,,0.341
https://fastsecurehost.com,fastsecurehost.com,0,26,0,1,0,3.4613,0,1,0,0,0,0,0,0.0,0,0,0,0,com,0.15,1,0,0,0.0,0,True,1,0,1,8177,"TUCOWS.COM, CO.",0,1,1,True,0,Let's Encrypt,84,False,,,0.1142
https://www.hbomax.com/,www.hbomax.com,0,23,0,2,0,3.0391,1,1,0,0,1,0,0,0.0,0,0,0,0,com,0.15,1,0,0,0.0,0,True,4,1,0,9656,"MarkMonitor, Inc.",0,0,1,True,0,Let's Encrypt,83,False,,,0.1058
http://facebook-login-facebook.blogspot.com/,facebook-login-facebook.blogspot.com,1,44,2,2,0,3.7947,1,0,0,0,1,0,0,0.0,0,0,0,1,com,0.15,1,0,0,0.0,0,True,2,1,0,,,0,0,0,True,0,Google Trust Services,55,False,,,0.1209
https://pgsgames.games,pgsgames.games,0,22,0,1,0,2.6995,0,1,0,0,0,0,0,0.0,0,0,0,0,games,0.5,0,0,0,0.0,0,True,3,1,0,,,0,0,0,True,0,Google Trust Services,59,False,,,0.204
https://ledger-wallets-auth-edges.vercel.app/ledger%20form/verify.html,ledger-wallets-auth-edges.vercel.app,1,70,3,2,0,3.7488,1,1,0,0,26,0,1,0.0833,1,0,1,0,app,0.35,1,0,0,0.0,0,True,2,0,0,,,0,0,0,True,0,Google Trust Services,60,False,,,0.2133
http://documentsecureservice.online/fd6d12bc949f173d6402a7add3f241c5,documentsecureservice.online,1,68,0,1,0,3.5567,0,0,0,0,33,0,0,0.0,0,0,0,0,online,0.65,1,0,0,0.0,0,False,0,0,0,,,0,0,0,False,0,,,,,,0.2661
https://yn.gov.cn/login,yn.gov.cn,0,23,0,2,0,2.7255,1,1,0,0,6,0,0,0.0833,1,0,1,0,cn,0.5,0,0,0,0.0,0,True,2,0,1,9980,阿里云计算有限公司（万网）,0,0,1,False,0,,,,,,0.2378
https://polymarket.us,polymarket.us,0,21,0,1,0,3.7004,0,1,0,0,0,0,0,0.0,0,0,0,0,us,0.5,0,0,0,0.0,0,True,1,0,1,1958,Squarespace Domains II LLC,0,0,1,True,0,Let's Encrypt,68,False,,,0.224
https://ki.se,ki.se,0,13,0,1,0,2.3219,0,1,0,0,0,0,0,0.0,0,0,0,0,se,0.5,0,0,0,0.0,0,True,1,0,1,13200,Loopia AB,0,0,1,True,0,Hellenic Academic and Research Institutions CA,112,False,,,0.1964
http://en-us-trzr-bridge.pages.dev/,en-us-trzr-bridge.pages.dev,1,35,3,2,0,3.8101,1,0,0,0,1,0,0,0.0,0,0,0,0,dev,0.5,0,0,0,0.0,0,True,2,1,0,,,0,0,0,True,0,Google Trust Services,32,False,,,0.2262
http://lustrous-crostata-fea8df.netlify.app/,lustrous-crostata-fea8df.netlify.app,1,44,2,2,1,4.0169,1,0,0,0,1,0,0,0.0833,1,0,1,0,app,0.35,1,0,0,0.0,0,True,2,1,0,,,0,0,0,True,0,DigiCert Inc,234,False,,,0.2187
https://www.realme.com/global/,www.realme.com,0,30,0,2,0,3.0391,1,1,0,0,8,0,0,0.0,0,0,0,0,com,0.15,1,0,0,0.0,0,True,1,0,0,10511,"Alibaba Cloud Computing (Beijing) Co., Ltd.",0,0,1,True,0,DigiCert Inc,137,False,,,0.1058
https://www.trekbikes.com/in/en_IN/,www.trekbikes.com,0,35,0,2,0,3.4548,1,1,0,0,10,0,1,0.0,0,0,0,0,com,0.15,1,0,0,0.0,0,True,2,1,0,11277,"MarkMonitor, Inc.",0,0,1,True,0,DigiCert Inc,171,False,,,0.1141
http://zjstr5bpzgobk-qcfzk98plsi-3e4f7a-fyn2c.pages.dev/appeals/submit-appeal-form/return,zjstr5bpzgobk-qcfzk98plsi-3e4f7a-fyn2c.pages.dev,1,89,3,2,7,4.7406,1,0,0,0,34,0,0,0.0,0,0,0,0,dev,0.5,0,0,0,0.0,0,True,2,1,0,,,0,0,0,True,0,Google Trust Services,82,False,,,0.2448
http://moonpay-commerce-git-fix-com2-1732-deposit-activ-992e83-heliofi.vercel.app/,moonpay-commerce-git-fix-com2-1732-deposit-activ-992e83-heliofi.vercel.app,1,82,9,2,10,4.3841,1,0,0,0,1,0,0,0.25,3,0,3,0,app,0.35,1,0,0,0.0,0,True,2,0,0,,,0,0,0,True,0,Google Trust Services,60,False,,,0.2927
http://sp3ct-tersak-biz8-lovqor-hufem.pages.dev/appeals/submit-appeal-form/return,sp3ct-tersak-biz8-lovqor-hufem.pages.dev,1,81,4,2,2,4.4531,1,0,0,0,34,0,0,0.0,0,0,0,0,dev,0.5,0,0,0,0.0,0,True,2,1,0,,,0,0,0,True,0,Google Trust Services,82,False,,,0.2391
https://fiservapp.com/about,fiservapp.com,0,27,0,1,0,3.5466,0,1,0,0,6,0,0,0.0,0,0,0,0,com,0.15,1,0,0,0.0,0,True,1,0,0,,,0,0,0,False,0,,,,,,0.1159
http://xu80-qyh104-lr35-w48mb3-ryjw.pages.dev/appeals/submit-appeal-form/return,xu80-qyh104-lr35-w48mb3-ryjw.pages.dev,1,79,4,2,10,4.5637,1,0,0,0,34,0,0,0.0,0,0,0,0,dev,0.5,0,0,0,0.0,0,True,2,1,0,,,0,0,0,True,0,Google Trust Services,83,False,,,0.2413
https://bostondynamics.com,bostondynamics.com,0,26,0,1,0,3.4613,0,1,0,0,0,0,0,0.0,0,0,0,0,com,0.15,1,0,0,0.0,0,True,2,0,1,9617,Squarespace Domains II LLC,0,0,1,True,0,Google Trust Services,37,False,,,0.1142
https://sp5ct-marem-biz8-lurek-hovin.pages.dev/,sp5ct-marem-biz8-lurek-hovin.pages.dev,1,47,4,2,2,4.4058,1,1,0,0,1,0,0,0.0,0,0,0,0,dev,0.5,0,0,0,0.0,0,True,2,1,0,,,0,0,0,True,0,Google Trust Services,83,False,,,0.2381
https://net-ledger-wallet-data-userend.vercel.app/ledger%20form/device.html/,net-ledger-wallet-data-userend.vercel.app,1,76,4,2,0,3.6926,1,1,0,0,27,0,1,0.0833,1,0,1,0,app,0.35,1,0,0,0.0,0,True,2,0,0,,,0,0,0,True,0,Google Trust Services,60,False,,,0.2122
https://muji.com/blog/news,muji.com,0,26,0,1,0,2.75,0,1,0,0,10,0,0,0.1667,2,0,2,0,com,0.15,1,0,0,0.0,0,True,8,0,1,10637,1API GmbH,0,1,1,False,0,,,,,,0.1667
http://fnworth.top/,fnworth.top,1,19,0,1,0,3.0958,0,0,0,0,1,0,0,0.0,0,0,0,0,top,0.9,1,0,0,0.0,0,True,2,1,0,159,PDR Ltd. d/b/a PublicDomainRegistry.com,0,1,1,True,0,Let's Encrypt,48,False,,,0.3319
https://realtimely.io/pricing/index.html,realtimely.io,0,40,0,1,0,3.2389,0,1,0,0,19,0,0,0.0,0,0,0,0,io,0.28,1,0,0,0.0,0,False,0,0,1,1564,"Cloudflare, Inc",0,0,1,False,0,,,,,,0.1488
https://epicf.lat/,epicf.lat,1,18,0,1,0,3.1699,0,1,0,0,1,0,0,0.0,0,0,0,0,lat,0.5,0,0,0,0.0,0,False,0,0,0,,,0,0,0,False,0,,,,,,0.2134
https://www.himfr.com/,www.himfr.com,0,22,0,2,0,3.027,1,1,0,0,1,0,0,0.0,0,0,0,0,com,0.15,1,0,0,0.0,0,True,1,0,1,6686,"GoDaddy.com, LLC",0,0,1,True,0,Let's Encrypt,87,False,,,0.1055
https://vtvdigital.vn,vtvdigital.vn,0,21,0,1,0,3.027,0,1,0,0,0,0,0,0.0,0,0,0,0,vn,0.5,0,0,0,0.0,0,False,0,0,1,,,0,0,0,False,0,,,,,,0.2105
https://kdply8avstr-blpqrkmja-4d9e1f-rqv42c.pages.dev/,kdply8avstr-blpqrkmja-4d9e1f-rqv42c.pages.dev,1,54,3,2,6,4.4855,1,1,0,0,1,0,0,0.0,0,0,0,0,dev,0.5,0,0,0,0.0,0,True,2,1,0,,,0,0,0,True,0,Google Trust Services,82,False,,,0.2397
https://www.xnview.com/en/,www.xnview.com,0,26,0,2,0,3.0931,1,1,0,0,4,0,0,0.0,0,0,0,0,com,0.15,1,0,0,0.0,0,True,2,1,0,9582,"OVH, SAS",0,1,1,True,0,Let's Encrypt,82,False,,,0.1069
https://wixmp.com/login,wixmp.com,0,23,0,1,0,2.9477,0,1,0,0,6,0,0,0.0,0,0,0,0,com,0.15,1,0,0,0.0,0,True,3,0,1,,,0,0,0,True,0,Let's Encrypt,43,False,,,0.104
https://st-note.com,st-note.com,0,19,1,1,0,3.0958,0,1,0,0,0,0,0,0.0833,1,0,1,0,com,0.15,1,0,0,0.0,0,False,0,0,0,2629,"Amazon Registrar, Inc.",0,0,1,False,0,,,,,,0.1402
https://www.distacart.com/,www.distacart.com,0,26,0,2,0,3.3372,1,1,0,0,1,0,0,0.0,0,0,0,0,com,0.15,1,0,0,0.0,0,True,1,1,0,3228,Squarespace Domains II LLC,0,0,1,True,0,Let's Encrypt,43,False,,,0.1117
https://charter384492.framer.website/,charter384492.framer.website,1,37,0,2,6,3.9502,1,1,0,0,1,0,0,0.0,0,0,0,0,website,0.68,1,0,0,0.0,0,True,2,0,0,,,0,0,0,True,0,Let's Encrypt,58,False,,,0.283
http://moonpay-commerce-nh8cagtat-heliofi.vercel.app/,moonpay-commerce-nh8cagtat-heliofi.vercel.app,1,53,3,2,1,4.0724,1,0,0,0,1,0,0,0.0833,1,0,1,0,app,0.35,1,0,0,0.0,0,True,2,0,0,,,0,0,0,True,0,Google Trust Services,60,False,,,0.2198
https://www.milanotoday.it/,www.milanotoday.it,0,27,0,2,0,3.3502,1,1,0,0,1,0,0,0.0,0,0,0,0,it,0.5,0,0,0,0.0,0,True,5,0,0,8106,SupportHost OÜ,0,0,1,True,0,Let's Encrypt,65,False,,,0.217
https://www.roblox.com.bi/games/4924922222/Brookhaven-RP?privateServerLinkCode=58931826107352940412972932422945,www.roblox.com.bi,1,111,0,3,0,3.1307,2,1,0,0,31,1,2,0.0,0,0,0,0,bi,0.5,0,0,0,0.0,0,True,1,0,0,144,Afriregister1,0,0,1,True,0,Let's Encrypt,38,False,,,0.2126
https://cg112322.tw1.ru/,cg112322.tw1.ru,1,24,0,2,7,3.1396,1,1,0,0,1,0,0,0.0,0,0,0,0,ru,0.5,0,0,0,0.0,0,True,1,0,1,,,0,0,0,True,0,GlobalSign nv-sa,232,False,,,0.2128
https://uerj.br,uerj.br,0,15,0,1,0,2.5216,0,1,0,0,0,0,0,0.0,0,0,0,0,br,0.5,0,0,0,0.0,0,False,0,0,1,11531,,0,0,1,False,0,,,,,,0.2004
https://sp5ct-surev-biz8-fonel-varik.pages.dev/,sp5ct-surev-biz8-fonel-varik.pages.dev,1,47,4,2,2,4.3135,1,1,0,0,1,0,0,0.0,0,0,0,0,dev,0.5,0,0,0,0.0,0,True,2,1,0,,,0,0,0,True,0,Google Trust Services,83,False,,,0.2363
https://www.panopto.com/,www.panopto.com,0,24,0,2,0,3.0062,1,1,0,0,1,0,0,0.0,0,0,0,0,com,0.15,1,0,0,0.0,0,True,2,0,1,,,0,0,0,True,0,Google Trust Services,36,False,,,0.1051
http://sp3ct-navrik-biz8-horsel-fidam.pages.dev/appeals/submit-appeal-form/return,sp3ct-navrik-biz8-horsel-fidam.pages.dev,1,81,4,2,2,4.3964,1,0,0,0,34,0,0,0.0833,1,0,1,0,dev,0.5,0,0,0,0.0,0,True,2,1,0,,,0,0,0,True,0,Google Trust Services,82,False,,,0.2712
http://suntrust-onlinebanking.blogspot.com/,suntrust-onlinebanking.blogspot.com,1,43,1,2,0,3.9544,1,0,0,0,1,0,0,0.0,0,0,0,0,com,0.15,1,0,0,0.0,0,True,2,1,0,,,0,0,0,True,0,Google Trust Services,55,False,,,0.1241
https://udesk.cn,udesk.cn,0,16,0,1,0,3.0,0,1,0,0,0,0,0,0.0,0,0,0,0,cn,0.5,0,0,0,0.0,0,True,1,0,1,4969,阿里云计算有限公司（万网）,0,0,1,True,0,DigiCert Inc,142,False,,,0.21
http://sp6ct-kelmor-biz8-zintar-luvek.pages.dev/,sp6ct-kelmor-biz8-zintar-luvek.pages.dev,1,48,4,2,2,4.3719,1,0,0,0,1,0,0,0.0,0,0,0,0,dev,0.5,0,0,0,0.0,0,True,2,1,0,,,0,0,0,True,0,Google Trust Services,83,False,,,0.2374
https://www.gsu.edu/,www.gsu.edu,0,20,0,2,0,2.6635,1,1,0,0,1,0,0,0.0833,1,0,1,0,edu,0.02,1,0,0,0.0,0,True,2,1,0,13182,,0,0,1,True,0,"InCommon, LLC",154,False,,,0.0926
https://instagramggghdz.blogspot.com/?m=1,instagramggghdz.blogspot.com,1,41,0,2,0,3.8658,1,1,0,0,1,1,2,0.0,0,0,0,0,com,0.15,1,0,0,0.0,0,True,2,1,0,,,0,0,0,True,0,Google Trust Services,55,False,,,0.1223
https://fazebook-clone.vercel.app/groups,fazebook-clone.vercel.app,1,40,1,2,0,3.7337,1,1,0,0,7,0,0,0.0833,1,0,1,0,app,0.35,1,0,0,0.0,0,True,2,0,0,,,0,0,0,True,0,Google Trust Services,60,False,,,0.213
https://www.stuba.sk/,www.stuba.sk,0,21,0,2,0,2.8554,1,1,0,0,1,0,0,0.0,0,0,0,0,sk,0.5,0,0,0,0.0,0,True,1,0,0,8281,"SWAN, a. s.",0,0,1,True,0,Hellenic Academic and Research Institutions CA,123,False,,,0.2071
https://volza.com,volza.com,0,17,0,1,0,2.9477,0,1,0,0,0,0,0,0.0,0,0,0,0,com,0.15,1,0,0,0.0,0,True,2,1,1,4025,"Network Solutions, LLC",0,0,1,True,0,Google Trust Services,71,False,,,0.104
http://theearldavis.com/drive.google.com/1drpn/,theearldavis.com,1,47,0,1,0,3.75,0,0,0,0,24,0,0,0.0,0,0,0,0,com,0.15,1,0,0,0.0,0,True,1,0,1,22,"GoDaddy.com, LLC",1,0,1,True,0,Let's Encrypt,67,False,,,0.12
https://volcfcdndvs2.com/about,volcfcdndvs2.com,0,30,0,1,1,3.3278,0,1,0,0,6,0,0,0.0,0,0,0,0,com,0.15,1,0,0,0.0,0,False,0,0,0,,,0,0,0,False,0,,,,,,0.1116
https://viaconex.com/products,viaconex.com,0,29,0,1,0,3.2516,0,1,0,0,9,0,0,0.0,0,0,0,0,com,0.15,1,0,0,0.0,0,False,0,0,0,9615,"MarkMonitor, Inc.",0,0,1,False,0,,,,,,0.11
https://devowl.io,devowl.io,0,17,0,1,0,2.9477,0,1,0,0,0,0,0,0.0,0,0,0,0,io,0.28,1,0,0,0.0,0,True,3,1,1,2461,1API GmbH,0,0,1,True,0,Google Trust Services,64,False,,,0.143
https://sp6ct-paskor-biz8-jevlin-hormek.pages.dev/,sp6ct-paskor-biz8-jevlin-hormek.pages.dev,1,50,4,2,2,4.3939,1,1,0,0,1,0,0,0.0,0,0,0,0,dev,0.5,0,0,0,0.0,0,True,2,1,0,,,0,0,0,True,0,Google Trust Services,83,False,,,0.2379
https://sp3ct-durvek-biz8-palqor-hesin.pages.dev/,sp3ct-durvek-biz8-palqor-hesin.pages.dev,1,49,4,2,2,4.3842,1,1,0,0,1,0,0,0.0,0,0,0,0,dev,0.5,0,0,0,0.0,0,True,2,1,0,,,0,0,0,True,0,Google Trust Services,81,False,,,0.2377
http://www.rblx-r0bux30xyz.blogspot.com/,www.rblx-r0bux30xyz.blogspot.com,1,40,1,3,3,4.0695,2,0,0,0,1,0,0,0.0,0,0,0,0,com,0.15,1,0,0,0.0,0,True,2,1,0,,,0,0,0,False,0,,,False,,,0.1264
https://lyngred.com,lyngred.com,0,19,0,1,0,3.4594,0,1,0,0,0,0,0,0.0,0,0,0,0,com,0.15,1,0,0,0.0,0,True,10,0,0,4497,"NameCheap, Inc.",0,0,1,True,0,Let's Encrypt,54,False,,,0.1142
https://zkillboard.com,zkillboard.com,0,22,0,1,0,3.5216,0,1,0,0,0,0,0,0.0,0,0,0,0,com,0.15,1,0,0,0.0,0,True,3,1,0,5352,"NameCheap, Inc.",0,0,1,True,0,Google Trust Services,73,False,,,0.1154
https://www.netnanny.com/,www.netnanny.com,0,25,0,2,0,3.0778,1,1,0,0,1,0,0,0.0,0,0,0,0,com,0.15,1,0,0,0.0,0,True,3,0,1,10211,Dynadot Inc,0,0,1,True,0,Amazon,190,False,,,0.1066
https://sourcedns.com/about,sourcedns.com,0,27,0,1,0,3.2389,0,1,0,0,6,0,0,0.0,0,0,0,0,com,0.15,1,0,0,0.0,0,True,1,0,1,,,0,0,0,False,0,,,,,,0.1098
https://www.link.quantum-financialsystems.com/,www.link.quantum-financialsystems.com,1,46,1,3,0,4.006,2,1,0,0,1,0,0,0.0,0,0,0,0,com,0.15,1,0,0,0.0,0,True,1,0,0,,,0,0,0,True,0,Let's Encrypt,56,False,,,0.1251
https://www.vdab.be/,www.vdab.be,0,20,0,2,0,2.6635,1,1,0,0,1,0,0,0.0,0,0,0,0,be,0.5,0,0,0,0.0,0,True,1,0,0,11313,,0,0,1,True,0,GlobalSign nv-sa,244,False,,,0.2033
https://ledger-wallets-auth-edges.vercel.app/ledger%20form/verify.html/,ledger-wallets-auth-edges.vercel.app,1,71,3,2,0,3.7488,1,1,0,0,27,0,1,0.0833,1,0,1,0,app,0.35,1,0,0,0.0,0,True,2,0,0,,,0,0,0,True,0,Google Trust Services,60,False,,,0.2133
https://tanuja-pandarkar.github.io/ansible-nginx-webdeployment/,tanuja-pandarkar.github.io,1,63,1,2,0,3.7924,1,1,0,0,29,0,0,0.0,0,0,0,0,io,0.28,1,0,0,0.0,0,True,4,1,0,,,0,0,0,True,0,Let's Encrypt,36,False,,,0.1598
https://www.ffacebooklogin.blogspot.com/,www.ffacebooklogin.blogspot.com,1,40,0,3,0,3.8245,2,1,0,0,1,0,0,0.0,0,0,0,0,com,0.15,1,0,0,0.0,0,True,2,1,0,,,0,0,0,False,0,,,False,,,0.1215
https://www.cnouxyex.com/de,www.cnouxyex.com,1,27,0,2,0,3.2028,1,1,0,0,3,0,0,0.0,0,0,0,0,com,0.15,1,0,0,0.0,0,True,1,0,0,105,"Amazon Registrar, Inc.",0,0,1,True,0,"Aliyun Computing Co, Ltd.",77,False,,,0.1091
https://sp5ct-hamek-biz8-vurel-sonix.pages.dev/,sp5ct-hamek-biz8-vurel-sonix.pages.dev,1,47,4,2,2,4.4386,1,1,0,0,1,0,0,0.0,0,0,0,0,dev,0.5,0,0,0,0.0,0,True,2,1,0,,,0,0,0,True,0,Google Trust Services,83,False,,,0.2388
http://skrp85lkwwm-kqlop65zwur-6b8f0a-skr9b.pages.dev/,skrp85lkwwm-kqlop65zwur-6b8f0a-skr9b.pages.dev,1,54,3,2,8,4.485,1,0,0,0,1,0,0,0.0,0,0,0,0,dev,0.5,0,0,0,0.0,0,True,2,1,0,,,0,0,0,True,0,Google Trust Services,81,False,,,0.2397
http://free-blue-verified-badge.surge.sh/,free-blue-verified-badge.surge.sh,1,41,3,2,0,3.6759,1,0,0,0,1,0,0,0.0,0,0,0,1,sh,0.5,0,0,0,0.0,0,True,1,0,0,,,0,0,0,True,0,Sectigo Limited,141,False,,,0.2235
https://sakshikarpe11.github.io/amazon-clone/,sakshikarpe11.github.io,1,45,0,2,2,3.7951,1,1,0,0,14,0,0,0.0,0,0,0,0,io,0.28,1,0,0,0.0,0,True,4,1,0,,,0,0,0,True,0,Let's Encrypt,36,False,,,0.1599
https://janrain.com/en-us/home,janrain.com,0,30,0,1,0,3.0958,0,1,0,0,11,0,0,0.0,0,0,0,0,com,0.15,1,0,0,0.0,0,True,0,1,1,9328,"Amazon Registrar, Inc.",0,0,1,False,0,,,,,,0.1069
https://daniel-spk.github.io/SPOTIFY/,daniel-spk.github.io,1,37,1,2,0,3.9842,1,1,0,0,9,0,0,0.1667,2,0,2,0,io,0.28,1,0,0,0.0,0,True,4,1,0,,,0,0,0,True,0,Let's Encrypt,36,False,,,0.2304
http://sdigitnn-max.github.io/amazon-pro-clone,sdigitnn-max.github.io,1,46,1,2,0,3.7322,1,0,0,0,17,0,0,0.0,0,0,0,0,io,0.28,1,0,0,0.0,0,True,4,1,0,,,0,0,0,True,0,Let's Encrypt,36,False,,,0.1586
https://pulse.insure/account/settings,pulse.insure,0,37,0,1,0,3.085,0,1,0,0,17,0,0,0.0,0,0,0,0,insure,0.5,0,0,0,0.0,0,True,1,0,1,,,0,0,0,True,0,Let's Encrypt,29,False,,,0.2117
https://www.empik.com/,www.empik.com,0,22,0,2,0,3.027,1,1,0,0,1,0,0,0.0,0,0,0,0,com,0.15,1,0,0,0.0,0,True,2,1,0,10583,"Network Solutions, LLC",0,0,1,True,0,Asseco Data Systems S.A.,155,False,,,0.1055
https://www.washingtoninstitute.org/,www.washingtoninstitute.org,0,36,0,2,0,3.5138,1,1,0,0,1,0,0,0.0,0,0,0,0,org,0.1,1,0,0,0.0,0,True,1,1,0,10954,"NETWORK SOLUTIONS, LLC.",0,0,1,True,0,Let's Encrypt,77,False,,,0.1003
https://www.suzhoudress.com/,www.suzhoudress.com,0,28,0,2,0,3.4316,1,1,0,0,1,0,0,0.0,0,0,0,0,com,0.15,1,0,0,0.0,0,True,1,1,0,4928,Alibaba Cloud Computing Ltd. d/b/a HiChina (www.net.cn),0,0,1,True,0,Let's Encrypt,37,False,,,0.1136
https://www.discover.com/company/,www.discover.com,0,33,0,2,0,3.3278,1,1,0,0,9,0,0,0.0,0,0,0,0,com,0.15,1,0,0,0.0,0,True,2,0,0,,,0,0,0,True,0,DigiCert Inc,16,False,,,0.1116
https://1jpa-e90u-9ti8.gahasim575-kierko-com-s-account.workers.dev/,1jpa-e90u-9ti8.gahasim575-kierko-com-s-account.workers.dev,1,67,6,3,8,4.5125,2,1,0,0,1,0,0,0.0,0,0,0,1,dev,0.5,0,0,0,0.0,0,True,2,1,0,,,0,0,0,True,0,Google Trust Services,86,False,,,0.2403
https://instagramfollowers146.blogspot.com/?m=1,instagramfollowers146.blogspot.com,1,47,0,2,3,4.1134,1,1,0,0,1,1,2,0.0,0,0,0,0,com,0.15,1,0,0,0.0,0,True,2,1,0,,,0,0,0,True,0,Google Trust Services,55,False,,,0.1273
https://ingresaahoramx.webcindario.com/index1.html,ingresaahoramx.webcindario.com,1,50,0,2,0,3.8314,1,1,0,0,12,0,0,0.0,0,0,0,0,com,0.15,1,0,0,0.0,0,True,1,0,0,9280,"TUCOWS.COM, CO.",0,1,1,True,0,Let's Encrypt,20,False,,,0.1216
https://www.ksyun.com/,www.ksyun.com,0,22,0,2,0,3.1808,1,1,0,0,1,0,0,0.0,0,0,0,0,com,0.15,1,0,0,0.0,0,True,1,0,0,5601,"MarkMonitor, Inc.",0,0,1,True,0,"DigiCert, Inc.",17,False,,,0.1086
https://facebook-services-login.blogspot.com/?m=1,facebook-services-login.blogspot.com,1,49,2,2,0,4.0095,1,1,0,0,1,1,2,0.0,0,0,0,1,com,0.15,1,0,0,0.0,0,True,2,1,0,,,0,0,0,True,0,Google Trust Services,55,False,,,0.1252
https://g2288.com,g2288.com,0,17,0,1,4,2.7255,0,1,0,0,0,0,0,0.0,0,0,0,0,com,0.15,1,0,0,0.0,0,True,2,1,0,5986,"NameCheap, Inc.",0,0,1,True,0,Google Trust Services,76,False,,,0.0995
https://www.decathlon.de/,www.decathlon.de,0,25,0,2,0,3.3278,1,1,0,0,1,0,0,0.0,0,0,0,0,de,0.5,0,0,0,0.0,0,True,2,0,0,,,0,0,0,True,0,Google Trust Services,29,False,,,0.2166
https://www.roblox.com.ml/users/392320503643/profile,www.roblox.com.ml,1,52,0,3,0,3.0131,2,1,0,0,27,0,0,0.0,0,0,0,0,ml,0.93,1,0,0,0.0,0,True,1,0,0,,,0,0,0,True,0,Let's Encrypt,72,False,,,0.3393
https://www.haberler.com/,www.haberler.com,0,25,0,2,0,3.3278,1,1,0,0,1,0,0,0.0,0,0,0,0,com,0.15,1,0,0,0.0,0,True,2,1,0,9983,Moniker Online Services LLC,0,1,1,True,0,Google Trust Services,69,False,,,0.1116
https://xbit.jp,xbit.jp,0,15,0,1,0,2.8074,0,1,0,0,0,0,0,0.0833,1,0,1,0,jp,0.5,0,0,0,0.0,0,True,1,0,1,7819,,0,0,1,True,0,Let's Encrypt,89,False,,,0.2395
https://gogrid.com/support/contact,gogrid.com,0,34,0,1,0,2.9219,0,1,0,0,16,0,0,0.0,0,0,0,0,com,0.15,1,0,0,0.0,0,True,1,0,1,,,0,0,0,False,0,,,,,,0.1034
https://akash142005.github.io/javascript-amazon-project/,akash142005.github.io,1,56,0,2,6,3.9161,1,1,0,0,27,0,0,0.0,0,0,0,0,io,0.28,1,0,0,0.0,0,True,4,1,0,,,0,0,0,True,0,Let's Encrypt,36,False,,,0.1623
https://bpay.blogspot.com/,bpay.blogspot.com,1,26,0,2,0,3.4548,1,1,0,0,1,0,0,0.1667,1,0,1,0,com,0.15,1,0,0,0.0,0,True,2,1,0,,,0,0,0,True,0,Google Trust Services,55,False,,,0.1808
https://ufrgs.br/blog/pricing,ufrgs.br,0,29,0,1,0,2.75,0,1,0,0,13,0,0,0.0,0,0,0,0,br,0.5,0,0,0,0.0,0,True,1,1,1,11531,,0,0,1,True,0,GlobalSign nv-sa,42,False,,,0.205
http://fugusa.sbs/offer/,fugusa.sbs,1,24,0,1,0,2.6464,0,0,0,0,7,0,0,0.25,2,0,2,0,sbs,0.5,0,0,0,0.0,0,True,2,1,0,4,Dynadot Inc,1,0,1,True,0,Google Trust Services,87,False,,,0.3029
http://sp5ct-ronek-biz8-vilun-karex.pages.dev/appeals/submit-appeal-form/return,sp5ct-ronek-biz8-vilun-karex.pages.dev,1,79,4,2,2,4.3532,1,0,0,0,34,0,0,0.0,0,0,0,0,dev,0.5,0,0,0,0.0,0,True,2,1,0,,,0,0,0,True,0,Google Trust Services,83,False,,,0.2371
http://sp5ct-zurel-biz8-pamek-vorin.pages.dev/appeals/submit-appeal-form/return,sp5ct-zurel-biz8-pamek-vorin.pages.dev,1,79,4,2,2,4.3333,1,0,0,0,34,0,0,0.0,0,0,0,0,dev,0.5,0,0,0,0.0,0,True,2,1,0,,,0,0,0,True,0,Google Trust Services,83,False,,,0.2367
http://sp5ct-voniq-biz8-rasek-molun.pages.dev/appeals/submit-appeal-form/return,sp5ct-voniq-biz8-rasek-molun.pages.dev,1,79,4,2,2,4.4187,1,0,0,0,34,0,0,0.0,0,0,0,0,dev,0.5,0,0,0,0.0,0,True,2,1,0,,,0,0,0,True,0,Google Trust Services,83,False,,,0.2384
http://zfnrw84dfj-kdply37rqvk-9d2c6f-gtb82p.pages.dev/,zfnrw84dfj-kdply37rqvk-9d2c6f-gtb82p.pages.dev,1,54,3,2,9,4.6917,1,0,0,0,1,0,0,0.0,0,0,0,0,dev,0.5,0,0,0,0.0,0,True,2,1,0,,,0,0,0,True,0,Google Trust Services,82,False,,,0.2438
https://www.inbox.lv/,www.inbox.lv,0,21,0,2,0,3.0221,1,1,0,0,1,0,0,0.0,0,0,0,0,lv,0.5,0,0,0,0.0,0,True,2,0,0,,,0,0,0,True,0,Google Trust Services,54,False,,,0.2104
https://sp25ct7-yelnix-biz-fomsen-karvik.pages.dev/,sp25ct7-yelnix-biz-fomsen-karvik.pages.dev,1,51,4,2,3,4.4992,1,1,0,0,1,0,0,0.1667,2,0,2,0,dev,0.5,0,0,0,0.0,0,True,2,1,0,,,0,0,0,True,0,Google Trust Services,80,False,,,0.3067
https://r1servers.com,r1servers.com,0,21,0,1,1,3.027,0,1,0,0,0,0,0,0.0,0,0,0,0,com,0.15,1,0,0,0.0,0,True,1,0,1,7154,"ENOM, INC.",0,1,1,False,0,,,,,,0.1055
https://truckstop.com,truckstop.com,0,21,0,1,0,3.2389,0,1,0,0,0,0,0,0.0,0,0,0,0,com,0.15,1,0,0,0.0,0,True,2,0,1,11341,"Amazon Registrar, Inc.",0,0,1,True,0,"GoDaddy.com, Inc.",137,False,,,0.1098
https://verywellmind.com,verywellmind.com,0,24,0,1,0,3.625,0,1,0,0,0,0,0,0.0,0,0,0,0,com,0.15,1,0,0,0.0,0,True,2,1,1,3204,"MarkMonitor, Inc.",0,0,1,True,0,Let's Encrypt,34,False,,,0.1175
http://sp5ct-jorex-biz8-lavik-funor.pages.dev/appeals/submit-appeal-form/return,sp5ct-jorex-biz8-lavik-funor.pages.dev,1,79,4,2,2,4.4912,1,0,0,0,34,0,0,0.0,0,0,0,0,dev,0.5,0,0,0,0.0,0,True,2,1,0,,,0,0,0,True,0,Google Trust Services,83,False,,,0.2398
https://ultipro.com,ultipro.com,0,19,0,1,0,3.2776,0,1,0,0,0,0,0,0.0,0,0,0,0,com,0.15,1,0,0,0.0,0,True,1,0,0,10024,"NETWORK SOLUTIONS, LLC.",0,0,1,True,0,Google Trust Services,31,False,,,0.1106
https://net-ledger-wallet-data-webs.vercel.app/ledger%20form/device.html/,net-ledger-wallet-data-webs.vercel.app,1,73,4,2,0,3.7109,1,1,0,0,27,0,1,0.1667,2,0,2,0,app,0.35,1,0,0,0.0,0,True,2,0,0,,,0,0,0,True,0,Google Trust Services,60,False,,,0.2459
https://cleanmymac.com,cleanmymac.com,0,22,0,1,0,2.9852,0,1,0,0,0,0,0,0.0,0,0,0,0,com,0.15,1,0,0,0.0,0,True,2,1,1,6412,GANDI SAS,0,0,1,True,0,Google Trust Services,39,False,,,0.1047
https://b786876b.pages.dev/,b786876b.pages.dev,1,27,0,2,6,3.5033,1,1,0,0,1,0,0,0.0,0,0,0,0,dev,0.5,0,0,0,0.0,0,True,2,1,0,,,0,0,0,True,0,Let's Encrypt,78,False,,,0.2201
https://meteofor.com,meteofor.com,0,20,0,1,0,2.8554,0,1,0,0,0,0,0,0.0,0,0,0,0,com,0.15,1,0,0,0.0,0,True,3,1,1,1530,Squarespace Domains II LLC,0,0,1,True,0,Google Trust Services,51,False,,,0.1021
https://www.thomann.it/,www.thomann.it,0,23,0,2,0,3.0391,1,1,0,0,1,0,0,0.0,0,0,0,0,it,0.5,0,0,0,0.0,0,True,2,0,0,6744,InterNetX GmbH,0,0,1,True,0,Google Trust Services,64,False,,,0.2108
http://exodus-wallet-e.webflow.io/,exodus-wallet-e.webflow.io,1,34,2,2,0,3.6903,1,0,0,0,1,0,0,0.0,0,0,0,0,io,0.28,1,0,0,0.0,0,True,2,1,0,4829,"MarkMonitor, Inc.",0,0,1,True,0,Google Trust Services,86,False,,,0.1578
https://hubspotusercontent-na1.net/blog/signup,hubspotusercontent-na1.net,0,46,1,1,1,3.6714,0,1,0,0,12,0,0,0.0,0,0,0,0,net,0.22,1,0,0,0.0,0,False,0,0,0,1761,MarkMonitor Inc.,0,0,1,False,0,,,,,,0.1394
https://www.dc.crsorgi.gov.in.index.crs.certificate4.com/general-publi,www.dc.crsorgi.gov.in.index.crs.certificate4.com,1,70,0,8,1,3.8478,7,1,0,0,14,0,0,0.0833,1,0,1,0,com,0.15,1,0,0,0.0,0,True,1,0,0,37,"GoDaddy.com, LLC",0,0,1,True,0,Let's Encrypt,57,False,,,0.1553
http://mail3outlook.vercel.app/,mail3outlook.vercel.app,1,31,0,2,1,3.7623,1,0,0,0,1,0,0,0.0833,1,0,1,0,app,0.35,1,0,0,0.0,0,True,2,0,0,,,0,0,0,True,0,Google Trust Services,60,False,,,0.2136
https://www.moz.de/,www.moz.de,0,19,0,2,0,2.6464,1,1,0,0,1,0,0,0.0,0,0,0,0,de,0.5,0,0,0,0.0,0,True,8,1,0,,,0,0,0,True,0,Amazon,128,False,,,0.2029
https://www.tinybird.co/,www.tinybird.co,0,24,0,2,0,3.3232,1,1,0,0,1,0,0,0.0,0,0,0,0,co,0.3,1,0,0,0.0,0,True,2,0,0,2695,Tucows Domains Inc.,0,0,1,True,0,Let's Encrypt,33,False,,,0.1565
https://sp5ct-korem-biz8-salix-fuven.pages.dev/,sp5ct-korem-biz8-salix-fuven.pages.dev,1,47,4,2,2,4.4386,1,1,0,0,1,0,0,0.0,0,0,0,0,dev,0.5,0,0,0,0.0,0,True,2,1,0,,,0,0,0,True,0,Google Trust Services,83,False,,,0.2388
http://sp5ct-forik-biz8-surem-laven.pages.dev/,sp5ct-forik-biz8-surem-laven.pages.dev,1,46,4,2,2,4.386,1,0,0,0,1,0,0,0.0,0,0,0,0,dev,0.5,0,0,0,0.0,0,True,2,1,0,,,0,0,0,True,0,Google Trust Services,83,False,,,0.2377
http://comcast-1.xhost.live/mgifunds,comcast-1.xhost.live,1,36,1,2,1,3.8219,1,0,0,0,9,0,0,0.0833,1,0,1,0,live,0.6,1,0,0,0.0,0,True,2,1,0,,,0,0,0,True,0,Google Trust Services,53,False,,,0.2898
https://mangabuddy1.co.uk,mangabuddy1.co.uk,0,25,0,2,1,3.6169,1,1,0,0,0,0,0,0.0,0,0,0,0,uk,0.5,0,0,0,0.0,0,True,2,1,0,72,"Namecheap, Inc. [Tag = NAMECHEAP-INC]",0,0,1,True,0,Google Trust Services,18,False,,,0.2223
https://iniestagram.github.io/my-webpage,iniestagram.github.io,1,40,0,2,0,3.6304,1,1,0,0,11,0,0,0.0,0,0,0,0,io,0.28,1,0,0,0.0,0,True,4,1,0,,,0,0,0,True,0,Let's Encrypt,36,False,,,0.1566
https://manasgupta13116-netizen.github.io/Flixstudio-UI--Clone/,manasgupta13116-netizen.github.io,1,63,1,2,5,4.0815,1,1,0,0,22,0,0,0.0,0,0,0,0,io,0.28,1,0,0,0.0,0,True,4,1,0,,,0,0,0,True,0,Let's Encrypt,36,False,,,0.1656
https://www.bybitamlchecker.com/connect,www.bybitamlchecker.com,1,39,0,2,0,3.7623,1,1,0,0,8,0,0,0.0,0,0,0,0,com,0.15,1,0,0,0.0,0,True,1,0,0,65,Dynadot Inc,0,0,1,True,0,Let's Encrypt,84,False,,,0.1202
https://www.similarweb.com/,www.similarweb.com,0,27,0,2,0,3.3921,1,1,0,0,1,0,0,0.0,0,0,0,0,com,0.15,1,0,0,0.0,0,True,8,1,0,6682,GANDI SAS,0,0,1,True,0,Amazon,109,False,,,0.1128
https://articlesblogger.com,articlesblogger.com,0,27,0,1,0,3.6163,0,1,0,0,0,0,0,0.0,0,0,0,0,com,0.15,1,0,0,0.0,0,True,2,1,1,3053,"NameCheap, Inc.",0,0,1,True,0,Google Trust Services,82,False,,,0.1173
http://mateladepormhub.phemayameltahub.site/public-authorize-hardware-service-peer-realtime,mateladepormhub.phemayameltahub.site,1,91,0,2,0,3.7608,1,0,0,0,48,0,0,0.1667,1,0,1,0,site,0.7,1,0,0,0.0,0,True,1,0,1,,,0,0,0,False,0,,,,,,0.3519
https://2.in-addr.arpa/api/v1/status,2.in-addr.arpa,0,36,1,2,1,3.0391,1,1,0,0,14,0,0,0.0,0,0,0,0,arpa,0.5,0,0,0,0.0,0,False,0,0,0,,,0,0,0,False,0,,,,,,0.2108
https://adrise.io/support/contact,adrise.io,0,33,0,1,0,2.9477,0,1,0,0,16,0,0,0.0,0,0,0,0,io,0.28,1,0,0,0.0,0,False,0,0,0,1242,"GoDaddy Corporate Domains, LLC",0,0,1,False,0,,,,,,0.143
https://msu.edu,msu.edu,0,15,0,1,0,2.5216,0,1,0,0,0,0,0,0.0,0,0,0,0,edu,0.02,1,0,0,0.0,0,True,2,0,1,14328,,0,0,1,True,0,GlobalSign nv-sa,58,False,,,0.0564
https://transactions-esl-text.top/,transactions-esl-text.top,1,34,2,1,0,3.5893,0,1,0,0,1,0,0,0.1667,2,0,2,0,top,0.9,1,0,0,0.0,0,False,0,0,0,2,"NameSilo, LLC",1,1,1,False,0,,,,,,0.4085
http://facebook-sigma-ruby.vercel.app/,facebook-sigma-ruby.vercel.app,1,38,2,2,0,4.1232,1,0,0,0,1,0,0,0.0833,1,0,1,0,app,0.35,1,0,0,0.0,0,True,2,0,0,,,0,0,0,True,0,Google Trust Services,60,False,,,0.2208
https://letsporn.com,letsporn.com,0,20,0,1,0,3.4183,0,1,0,0,0,0,0,0.0,0,0,0,0,com,0.15,1,0,0,0.0,0,True,1,0,1,3149,URL SOLUTIONS INC.,0,1,1,True,0,Let's Encrypt,88,False,,,0.1134
http://4o2-rbx9ev-ergn2-3pa5-t7m.pages.dev/,4o2-rbx9ev-ergn2-3pa5-t7m.pages.dev,1,43,4,2,7,4.2721,1,0,0,0,1,0,0,0.0833,1,0,1,0,dev,0.5,0,0,0,0.0,0,True,2,1,0,,,0,0,0,True,0,Google Trust Services,76,False,,,0.2688
https://tld-servers.ru,tld-servers.ru,0,22,1,1,0,3.182,0,1,0,0,0,0,0,0.0,0,0,0,0,ru,0.5,0,0,0,0.0,0,False,0,0,0,2801,RU-CENTER-RU,0,0,1,False,0,,,,,,0.2136
https://plushcinema.com,plushcinema.com,0,23,0,1,0,3.6402,0,1,0,0,0,0,0,0.0,0,0,0,0,com,0.15,1,0,0,0.0,0,True,2,1,0,97,"NameCheap, Inc.",0,0,1,True,0,Let's Encrypt,51,False,,,0.1178
https://skims.com/en-in,skims.com,0,23,0,1,0,2.7255,0,1,0,0,6,0,0,0.0,0,0,0,0,com,0.15,1,0,0,0.0,0,True,1,1,1,,,0,0,0,True,0,Let's Encrypt,61,False,,,0.0995
https://www.motorolasolutions.com/,www.motorolasolutions.com,0,34,0,2,0,3.4333,1,1,0,0,1,0,0,0.0,0,0,0,0,com,0.15,1,0,0,0.0,0,True,1,0,0,9554,NOM-IQ Ltd dba Com Laude,0,0,1,True,0,GlobalSign nv-sa,50,False,,,0.1137
https://instagramlogin-k.blogspot.com/,instagramlogin-k.blogspot.com,1,38,1,2,0,3.8664,1,1,0,0,1,0,0,0.0,0,0,0,0,com,0.15,1,0,0,0.0,0,True,2,1,0,,,0,0,0,True,0,Google Trust Services,55,False,,,0.1223
https://rajabandotdamai60.com/pricing/index.html,rajabandotdamai60.com,0,48,0,1,2,3.5538,0,1,0,0,19,0,0,0.0,0,0,0,0,com,0.15,1,0,0,0.0,0,False,0,0,0,52,"NameCheap, Inc.",0,0,1,False,0,,,,,,0.1161
https://whatsapp-desk.pc-chat-whatsapps.hi.cn/,whatsapp-desk.pc-chat-whatsapps.hi.cn,1,46,3,3,0,3.5814,2,1,0,0,1,0,0,0.0,0,0,0,0,cn,0.5,0,0,0,0.0,0,True,1,0,0,26,北京新网数码信息技术有限公司,1,0,1,True,0,Let's Encrypt,62,False,,,0.2216
http://amazon-clone-jg.vercel.app/checkout.html,amazon-clone-jg.vercel.app,1,47,2,2,0,3.7962,1,0,0,0,14,0,0,0.1667,2,0,2,0,app,0.35,1,0,0,0.0,0,True,2,0,0,,,0,0,0,True,0,Google Trust Services,60,False,,,0.2476
https://www.boursier.com/,www.boursier.com,0,25,0,2,0,3.3278,1,1,0,0,1,0,0,0.0,0,0,0,0,com,0.15,1,0,0,0.0,0,True,4,1,0,10370,Nameshield SAS,0,0,1,True,0,DigiCert Inc,163,False,,,0.1116
https://tdr8fdranxl-drunf87olpw-5a6b2c-vry7n.pages.dev/,tdr8fdranxl-drunf87olpw-5a6b2c-vry7n.pages.dev,1,55,3,2,7,4.5178,1,1,0,0,1,0,0,0.0,0,0,0,0,dev,0.5,0,0,0,0.0,0,True,2,1,0,,,0,0,0,True,0,Google Trust Services,81,False,,,0.2404
https://www.roblox.com.ml/users/245633510667/profile,www.roblox.com.ml,1,52,0,3,0,3.0131,2,1,0,0,27,0,0,0.0,0,0,0,0,ml,0.93,1,0,0,0.0,0,True,1,0,0,,,0,0,0,True,0,Let's Encrypt,72,False,,,0.3393
https://sptvp.com/search?q=docs,sptvp.com,0,31,0,1,0,2.9477,0,1,0,0,7,1,2,0.0,0,0,0,0,com,0.15,1,0,0,0.0,0,False,0,0,0,1850,"NameCheap, Inc.",0,0,1,False,0,,,,,,0.104
https://www.sharecare.com/,www.sharecare.com,0,26,0,2,0,3.2195,1,1,0,0,1,0,0,0.0,0,0,0,0,com,0.15,1,0,0,0.0,0,True,2,0,0,,,0,0,0,True,0,Let's Encrypt,29,False,,,0.1094
https://www.ssa.gov/,www.ssa.gov,0,20,0,2,0,2.6635,1,1,0,0,1,0,0,0.1667,2,0,2,0,gov,0.03,1,0,0,0.0,0,True,4,1,0,10526,get.gov,0,1,1,True,0,DigiCert Inc,84,False,,,0.129
https://trrez-rsutte.wasmer.app/,trrez-rsutte.wasmer.app,1,32,1,2,0,3.4144,1,1,0,0,1,0,0,0.0833,1,0,1,0,app,0.35,1,0,0,0.0,0,True,1,1,0,,,0,0,0,True,0,Let's Encrypt,47,False,,,0.2066
https://www.facebookloginconfirm.blogspot.com/,www.facebookloginconfirm.blogspot.com,1,46,0,3,0,3.9144,2,1,0,0,1,0,0,0.0,0,0,0,0,com,0.15,1,0,0,0.0,0,True,2,1,0,,,0,0,0,False,0,,,False,,,0.1233
http://spotify-clone-yuvraj.netlify.app/,spotify-clone-yuvraj.netlify.app,1,40,2,2,0,4.0778,1,0,0,0,1,0,0,0.0833,1,0,1,0,app,0.35,1,0,0,0.0,0,True,2,1,0,,,0,0,0,True,0,DigiCert Inc,234,False,,,0.2199
https://sp5ct-sorem-biz8-hurev-lakon.pages.dev/,sp5ct-sorem-biz8-hurev-lakon.pages.dev,1,47,4,2,2,4.386,1,1,0,0,1,0,0,0.0,0,0,0,0,dev,0.5,0,0,0,0.0,0,True,2,1,0,,,0,0,0,True,0,Google Trust Services,83,False,,,0.2377
http://www.login-page-instagram.blogspot.com/,www.login-page-instagram.blogspot.com,1,45,2,3,0,3.9591,2,0,0,0,1,0,0,0.0,0,0,0,1,com,0.15,1,0,0,0.0,0,True,2,1,0,,,0,0,0,False,0,,,False,,,0.1242
https://home-wallit-hardwere.square.site/,home-wallit-hardwere.square.site,1,41,2,2,0,3.84,1,1,0,0,1,0,0,0.1667,1,0,1,0,site,0.7,1,0,0,0.0,0,True,2,0,0,,,0,0,0,True,0,Let's Encrypt,67,False,,,0.3535
https://kxlims.com,kxlims.com,0,18,0,1,0,3.1219,0,1,0,0,0,0,0,0.0,0,0,0,0,com,0.15,1,0,0,0.0,0,True,1,0,0,3450,"DNSPod, Inc.",0,0,1,False,0,,,False,,,0.1074
http://sp6ct-vorlen-biz8-trasken-mivor.pages.dev/appeals/submit-appeal-form/return,sp6ct-vorlen-biz8-trasken-mivor.pages.dev,1,82,4,2,2,4.2779,1,0,0,0,34,0,0,0.0,0,0,0,0,dev,0.5,0,0,0,0.0,0,True,2,1,0,,,0,0,0,True,0,Google Trust Services,83,False,,,0.2356
https://www.facebooklogin99999.blogspot.com/,www.facebooklogin99999.blogspot.com,1,44,0,3,5,3.8542,2,1,0,0,1,0,0,0.0,0,0,0,0,com,0.15,1,0,0,0.0,0,True,2,1,0,,,0,0,0,False,0,,,False,,,0.1221
https://dogespin.net/wp-admin/24/cafe.html,dogespin.net,1,42,0,1,0,3.2516,0,1,0,0,22,0,0,0.0,0,0,0,0,net,0.22,1,0,0,0.0,0,False,0,0,0,,,0,0,0,False,0,,,,,,0.131
https://awsdns-49.org/account/settings,awsdns-49.org,0,38,1,1,2,3.5466,0,1,0,0,17,0,0,0.0,0,0,0,0,org,0.1,1,0,0,0.0,0,False,0,0,0,5758,"MarkMonitor, Inc.",0,0,1,False,0,,,,,,0.1009
http://www.apply-on-free-here.surge.sh/,www.apply-on-free-here.surge.sh,1,39,3,3,0,3.7726,2,0,0,0,1,0,0,0.0,0,0,0,1,sh,0.5,0,0,0,0.0,0,True,1,0,0,,,0,0,0,False,0,,,False,,,0.2255
https://aaronweintraubwantstobecyberpolice.com/en-us/home,aaronweintraubwantstobecyberpolice.com,0,57,0,1,0,3.8854,0,1,0,0,11,0,0,0.0,0,0,0,0,com,0.15,1,0,0,0.0,0,True,9,0,0,,,0,0,0,False,0,,,,,,0.1227
https://sp3ct-solnar-biz8-kimvor-halek.pages.dev/,sp3ct-solnar-biz8-kimvor-halek.pages.dev,1,49,4,2,2,4.3653,1,1,0,0,1,0,0,0.0,0,0,0,0,dev,0.5,0,0,0,0.0,0,True,2,1,0,,,0,0,0,True,0,Google Trust Services,81,False,,,0.2373
https://qu-ax.pro,qu-ax.pro,0,17,1,1,0,3.1699,0,1,0,0,0,0,0,0.1667,2,0,2,0,pro,0.5,0,0,0,0.0,0,True,2,1,1,,,0,0,0,True,0,Google Trust Services,61,False,,,0.2801
https://www.floridatoday.com/,www.floridatoday.com,0,29,0,2,0,3.5464,1,1,0,0,1,0,0,0.0,0,0,0,0,com,0.15,1,0,0,0.0,0,True,4,0,0,10856,"GoDaddy Corporate Domains, LLC",0,0,1,True,0,Let's Encrypt,64,False,,,0.1159
http://imtkeno.pro/,imtkeno.pro,1,19,0,1,0,3.2776,0,0,0,0,1,0,0,0.1667,2,0,2,0,pro,0.5,0,0,0,0.0,0,False,0,0,0,,,0,0,0,False,0,,,,,,0.2822
https://chnsrv.com,chnsrv.com,0,18,0,1,0,3.1219,0,1,0,0,0,0,0,0.0,0,0,0,0,com,0.15,1,0,0,0.0,0,False,0,0,0,,,0,0,0,False,0,,,,,,0.1074
https://thlivehub.com,thlivehub.com,0,21,0,1,0,3.5466,0,1,0,0,0,0,0,0.0,0,0,0,0,com,0.15,1,0,0,0.0,0,True,2,1,0,303,"Name.com, Inc.",0,0,1,True,0,Google Trust Services,83,False,,,0.1159
https://jwforum.net/,jwforum.net,1,20,0,1,0,3.4594,0,1,0,0,1,0,0,0.0,0,0,0,0,net,0.22,1,0,0,0.0,0,True,1,0,1,7801,LIQUIDNET Ltd.,0,1,1,True,0,Let's Encrypt,86,False,,,0.1352
https://ftd.agency/signup/index.html,ftd.agency,0,36,0,1,0,3.3219,0,1,0,0,18,0,0,0.0,0,0,0,0,agency,0.5,0,0,0,0.0,0,True,2,1,1,,,0,0,0,True,0,Google Trust Services,72,False,,,0.2164
http://www.x17q.top/,www.x17q.top,1,20,0,2,2,3.0221,1,0,0,0,1,0,0,0.0,0,0,0,0,top,0.9,1,0,0,0.0,0,True,2,0,0,,,0,0,0,True,0,Let's Encrypt,46,False,,,0.3304
https://maxcxis.us.cc/5g/home.html,maxcxis.us.cc,1,34,0,2,0,2.8731,1,1,0,0,13,0,0,0.0,0,0,0,0,cc,0.5,0,0,0,0.0,0,True,1,0,0,7416,Gname.com Pte. Ltd.,0,1,1,True,0,Let's Encrypt,86,False,,,0.2075
http://mateladepormhub.phemayameltahub.site/incident-migrate-strict-linux-trigger-vault-clean,mateladepormhub.phemayameltahub.site,1,93,0,2,0,3.7608,1,0,0,0,50,0,0,0.1667,1,0,1,0,site,0.7,1,0,0,0.0,0,True,1,0,1,,,0,0,0,False,0,,,,,,0.3519
https://minttstudio.com/,minttstudio.com,0,24,0,1,0,3.1899,0,1,0,0,1,0,0,0.0,0,0,0,0,com,0.15,1,0,0,0.0,0,True,2,1,1,2534,"Cloudflare, Inc.",0,1,1,True,0,Google Trust Services,50,False,,,0.1088
https://www.roblox.com.ml/users/337982854645/profile,www.roblox.com.ml,1,52,0,3,0,3.0131,2,1,0,0,27,0,0,0.0,0,0,0,0,ml,0.93,1,0,0,0.0,0,True,1,0,0,,,0,0,0,True,0,Let's Encrypt,72,False,,,0.3393
http://dwuqlp-41gg-tbsx-cje6-scrx.pages.dev/,dwuqlp-41gg-tbsx-cje6-scrx.pages.dev,1,44,4,2,3,4.2737,1,0,0,0,1,0,0,0.0,0,0,0,0,dev,0.5,0,0,0,0.0,0,True,2,1,0,,,0,0,0,True,0,Google Trust Services,83,False,,,0.2355
https://fitur-aktivasipay.paylater.buzz/,fitur-aktivasipay.paylater.buzz,1,40,1,2,0,3.8858,1,1,0,0,1,0,0,0.0,0,0,0,0,buzz,0.5,0,0,0,0.0,0,True,2,1,0,59,CV. Jogjacamp,0,0,1,True,0,Let's Encrypt,89,False,,,0.2277
https://nanowrimo.org,nanowrimo.org,0,21,0,1,0,3.027,0,1,0,0,0,0,0,0.0,0,0,0,0,org,0.1,1,0,0,0.0,0,True,2,0,1,9032,"GoDaddy.com, LLC",0,0,1,True,0,"GoDaddy.com, Inc.",20,False,,,0.0905
http://www.managementservices973724507-emaild.online/,www.managementservices973724507-emaild.online,1,53,1,2,9,4.3078,1,0,0,0,1,0,0,0.0,0,0,0,0,online,0.65,1,0,0,0.0,0,True,1,0,0,,,0,0,0,True,0,Let's Encrypt,84,False,,,0.2812
https://indiadafa.com/products,indiadafa.com,0,30,0,1,0,3.027,0,1,0,0,9,0,0,0.0,0,0,0,0,com,0.15,1,0,0,0.0,0,True,2,0,0,1362,Dynadot Inc,0,0,1,True,0,Let's Encrypt,33,False,,,0.1055
https://www.netflix-clone-css-eight.vercel.app/,www.netflix-clone-css-eight.vercel.app,1,47,3,3,0,4.0536,2,1,0,0,1,0,0,0.0833,1,0,1,0,app,0.35,1,0,0,0.0,0,True,2,0,0,,,0,0,0,False,0,,,False,,,0.2194
https://skrab-qtwiz-vlypx-5c04ad-srkt-vlasco.pages.dev/,skrab-qtwiz-vlypx-5c04ad-srkt-vlasco.pages.dev,1,55,5,2,3,4.4287,1,1,0,0,1,0,0,0.0,0,0,0,0,dev,0.5,0,0,0,0.0,0,True,2,1,0,,,0,0,0,True,0,Google Trust Services,81,False,,,0.2386
http://a01i-w3bm1a10.wasmer.app/,a01i-w3bm1a10.wasmer.app,1,32,1,2,6,3.6368,1,0,0,0,1,0,0,0.0833,1,0,1,0,app,0.35,1,0,0,0.0,0,True,1,1,0,,,0,0,0,True,0,Let's Encrypt,47,False,,,0.2111
https://netsmartcloud.com/news/index.html,netsmartcloud.com,0,41,0,1,0,3.6169,0,1,0,0,16,0,0,0.0,0,0,0,0,com,0.15,1,0,0,0.0,0,True,1,0,1,5562,"MarkMonitor, Inc.",0,0,1,False,0,,,,,,0.1173
https://iclocator.com,iclocator.com,0,21,0,1,0,2.9689,0,1,0,0,0,0,0,0.0,0,0,0,0,com,0.15,1,0,0,0.0,0,True,2,1,1,6427,"TUCOWS.COM, CO.",0,1,1,True,0,Google Trust Services,45,False,,,0.1044
http://asivok-belnar-1fd82e-njygh-4ab561.pages.dev/,asivok-belnar-1fd82e-njygh-4ab561.pages.dev,1,51,4,2,7,4.496,1,0,0,0,1,0,0,0.0,0,0,0,0,dev,0.5,0,0,0,0.0,0,True,2,1,0,,,0,0,0,True,0,Google Trust Services,64,False,,,0.2399
https://tallmii.github.io/Insta-login/,tallmii.github.io,1,38,0,2,0,3.2639,1,1,0,0,13,0,0,0.0,0,0,0,0,io,0.28,1,0,0,0.0,0,True,4,1,0,,,0,0,0,True,0,Let's Encrypt,36,False,,,0.1493
https://y77d3-w8qn2q-kt2j-5iz3hs.pages.dev/,y77d3-w8qn2q-kt2j-5iz3hs.pages.dev,1,43,3,2,8,4.477,1,1,0,0,1,0,0,0.0,0,0,0,0,dev,0.5,0,0,0,0.0,0,True,2,1,0,,,0,0,0,True,0,Google Trust Services,82,False,,,0.2395
https://www.binance.bh/,www.binance.bh,0,23,0,2,0,3.0391,1,1,0,0,1,0,0,0.0,0,0,0,0,bh,0.5,0,0,0,0.0,0,True,4,0,0,,,0,0,0,True,0,Amazon,65,False,,,0.2108
http://sp5ct-kameq-biz8-furel-ronix.pages.dev/,sp5ct-kameq-biz8-furel-ronix.pages.dev,1,46,4,2,2,4.5111,1,0,0,0,1,0,0,0.0,0,0,0,0,dev,0.5,0,0,0,0.0,0,True,2,1,0,,,0,0,0,True,0,Google Trust Services,83,False,,,0.2402
https://ghoaspanmacopicv3784648402022727363690303.edgeone.dev/genhrportal234902827273637765092-289776.html?eta=dforbes,ghoaspanmacopicv3784648402022727363690303.edgeone.dev,1,118,0,2,25,4.3056,1,1,0,0,45,1,2,0.0,0,0,0,0,dev,0.5,0,0,0,0.0,0,True,2,0,0,,,0,0,0,True,0,"DigiCert, Inc.",114,False,,,0.2361
https://error-sites.blogspot.com/?m=1,error-sites.blogspot.com,1,37,1,2,0,3.6054,1,1,0,0,1,1,2,0.0833,1,0,1,0,com,0.15,1,0,0,0.0,0,True,2,1,0,,,0,0,0,True,0,Google Trust Services,55,False,,,0.1504
http://sp5ct-rurem-biz8-kalon-firex.pages.dev/appeals/submit-appeal-form/return,sp5ct-rurem-biz8-kalon-firex.pages.dev,1,79,4,2,2,4.4386,1,0,0,0,34,0,0,0.0,0,0,0,0,dev,0.5,0,0,0,0.0,0,True,2,1,0,,,0,0,0,True,0,Google Trust Services,83,False,,,0.2388
https://ecma-international.org,ecma-international.org,0,30,1,1,0,3.5726,0,1,0,0,0,0,0,0.0,0,0,0,0,org,0.1,1,0,0,0.0,0,True,1,0,1,8612,Key-Systems GmbH,0,1,1,True,0,Let's Encrypt,55,False,,,0.1015
https://segundatemtudonahavan.shop/produto.php?slug&#61,segundatemtudonahavan.shop,1,55,0,1,0,3.6714,0,1,0,0,12,2,3,0.0,0,0,0,0,shop,0.55,1,0,0,0.0,0,True,2,1,0,,,0,0,0,True,0,Google Trust Services,89,False,,,0.2384
https://insidermonkey.com,insidermonkey.com,0,25,0,1,0,3.4992,0,1,0,0,0,0,0,0.0,0,0,0,0,com,0.15,1,0,0,0.0,0,True,4,0,1,5838,"NameCheap, Inc.",0,0,1,True,0,Amazon,189,False,,,0.115
https://www.hd.se/,www.hd.se,0,18,0,2,0,2.4194,1,1,0,0,1,0,0,0.0,0,0,0,0,se,0.5,0,0,0,0.0,0,True,1,1,0,12059,Abion AB,0,0,1,True,0,Let's Encrypt,69,False,,,0.1984
http://other-aqua-2qb7qzos.edgeone.app/,other-aqua-2qb7qzos.edgeone.app,1,39,2,2,2,4.0424,1,0,0,0,1,0,0,0.0833,1,0,1,0,app,0.35,1,0,0,0.0,0,True,1,0,0,,,0,0,0,True,0,"DigiCert, Inc.",111,False,,,0.2192
https://gamewith.jp,gamewith.jp,0,19,0,1,0,3.4594,0,1,0,0,0,0,0,0.0,0,0,0,0,jp,0.5,0,0,0,0.0,0,True,4,1,1,4795,,0,0,1,True,0,Amazon,122,False,,,0.2192
http://netflix-c-six.vercel.app/,netflix-c-six.vercel.app,1,32,2,2,0,3.8035,1,0,0,0,1,0,0,0.1667,2,0,2,0,app,0.35,1,0,0,0.0,0,True,2,0,0,,,0,0,0,True,0,Google Trust Services,60,False,,,0.2478
http://v-ext-chase-business-complexcon.vercel.app/,v-ext-chase-business-complexcon.vercel.app,1,50,4,2,0,4.0051,1,0,0,0,1,0,0,0.0833,1,0,1,0,app,0.35,1,0,0,0.0,0,True,2,0,0,,,0,0,0,True,0,Google Trust Services,60,False,,,0.2184
http://validupdatewhat.webcindario.com/,validupdatewhat.webcindario.com,1,39,0,2,0,4.0023,1,0,0,0,1,0,0,0.0,0,0,0,0,com,0.15,1,0,0,0.0,0,True,1,0,0,9280,"TUCOWS.COM, CO.",0,1,1,True,0,Let's Encrypt,20,False,,,0.125
https://sp5ct-vurem-biz8-lonex-harik.pages.dev/,sp5ct-vurem-biz8-lonex-harik.pages.dev,1,47,4,2,2,4.4585,1,1,0,0,1,0,0,0.0,0,0,0,0,dev,0.5,0,0,0,0.0,0,True,2,1,0,,,0,0,0,True,0,Google Trust Services,83,False,,,0.2392
https://www.rtl.nl/,www.rtl.nl,0,19,0,2,0,2.4464,1,1,0,0,1,0,0,0.0,0,0,0,0,nl,0.5,0,0,0,0.0,0,True,2,0,0,10247,Registrar.eu,0,0,1,True,0,DigiCert Inc,122,False,,,0.1989
http://pagesygkkk.pages.dev/,pagesygkkk.pages.dev,1,28,0,2,0,3.2087,1,0,0,0,1,0,0,0.0,0,0,0,0,dev,0.5,0,0,0,0.0,0,True,2,1,0,,,0,0,0,True,0,Google Trust Services,31,False,,,0.2142
https://rubyblu.com,rubyblu.com,0,19,0,1,0,3.0958,0,1,0,0,0,0,0,0.0,0,0,0,0,com,0.15,1,0,0,0.0,0,True,1,0,1,5384,https://www.101domain.com/,0,0,1,True,0,Let's Encrypt,65,False,,,0.1069
https://capycore.ru/support/contact,capycore.ru,0,35,0,1,0,3.0958,0,1,0,0,16,0,0,0.0,0,0,0,0,ru,0.5,0,0,0,0.0,0,False,0,0,1,,,0,0,0,False,0,,,,,,0.2119
https://trust-ledger-login-patch-gateway.vercel.app/ledger%20form/index.html,trust-ledger-login-patch-gateway.vercel.app,1,76,4,2,0,4.0628,1,1,0,0,25,0,1,0.2333,1,0,1,1,app,0.35,1,0,0,0.0,0,True,2,0,0,,,0,0,0,True,0,Google Trust Services,60,False,,,0.2796
http://walletconnect-demo-2.vercel.app/,walletconnect-demo-2.vercel.app,1,39,2,2,1,3.8213,1,0,0,0,1,0,0,0.0833,1,0,1,0,app,0.35,1,0,0,0.0,0,True,2,0,0,,,0,0,0,True,0,Google Trust Services,60,False,,,0.2147
https://www.mlive.com/,www.mlive.com,0,22,0,2,0,3.027,1,1,0,0,1,0,0,0.0,0,0,0,0,com,0.15,1,0,0,0.0,0,True,4,1,0,,,0,0,0,True,0,Let's Encrypt,72,False,,,0.1055
https://zonakids.com/login,zonakids.com,0,26,0,1,0,3.4183,0,1,0,0,6,0,0,0.0,0,0,0,0,com,0.15,1,0,0,0.0,0,True,4,0,1,5403,"ENOM, INC.",0,1,1,True,0,Let's Encrypt,51,False,,,0.1134
https://fortinfo.lol/,fortinfo.lol,1,21,0,1,0,2.8554,0,1,0,0,1,0,0,0.0,0,0,0,0,lol,0.5,0,0,0,0.0,0,False,0,0,0,138,PDR Ltd. d/b/a PublicDomainRegistry.com,0,0,1,False,0,,,,,,0.2071
https://neubox.com,neubox.com,0,18,0,1,0,3.1219,0,1,0,0,0,0,0,0.0,0,0,0,0,com,0.15,1,0,0,0.0,0,True,2,1,1,8349,NEUBOX Internet S.A. de C.V.,0,0,1,True,0,Let's Encrypt,54,False,,,0.1074
https://console.clickhouse.cloud/,console.clickhouse.cloud,0,33,0,2,0,3.3868,1,1,0,0,1,0,0,0.0,0,0,0,0,cloud,0.5,0,0,0,0.0,0,True,4,0,0,2196,Squarespace Domains II LLC,0,0,1,True,0,Let's Encrypt,66,False,,,0.2177
https://gsma.com,gsma.com,0,16,0,1,0,2.75,0,1,0,0,0,0,0,0.0833,1,0,1,0,com,0.15,1,0,0,0.0,0,True,2,1,0,11394,"Cloudflare, Inc.",0,1,1,True,0,DigiCert Inc,79,False,,,0.1333
https://playarenax.in,playarenax.in,0,21,0,1,0,3.1808,0,1,0,0,0,0,0,0.0,0,0,0,0,in,0.2,1,0,0,0.0,0,True,2,1,0,157,"HOSTINGER operations, UAB",0,0,1,True,0,Let's Encrypt,53,False,,,0.1236
https://niadd.com,niadd.com,0,17,0,1,0,2.9477,0,1,0,0,0,0,0,0.0,0,0,0,0,com,0.15,1,0,0,0.0,0,True,3,1,0,5549,"GoDaddy.com, LLC",0,0,1,True,0,Google Trust Services,36,False,,,0.104
https://government.se,government.se,0,21,0,1,0,3.1808,0,1,0,0,0,0,0,0.25,1,1,0,0,se,0.5,0,0,0,0.0,0,True,2,1,0,8524,ExcedoNetworksAB,0,0,1,True,0,DigiCert Inc,85,False,,,0.3136
https://net-flix-clone-unarine.netlify.app/,net-flix-clone-unarine.netlify.app,1,43,3,2,0,3.797,1,1,0,0,1,0,0,0.0833,1,0,1,0,app,0.35,1,0,0,0.0,0,True,2,1,0,,,0,0,0,True,0,DigiCert Inc,234,False,,,0.2143
http://www.technicalstruck.com/meta/ledger.html,www.technicalstruck.com,1,47,0,2,0,3.7951,1,0,0,0,17,0,0,0.0,0,0,0,0,com,0.15,1,0,0,0.0,0,True,2,1,0,123,"Network Solutions, LLC",0,0,1,True,0,Google Trust Services,49,False,,,0.1209
https://mfacebook.vn/sfbdf67cfaj?a&l,mfacebook.vn,1,36,0,1,0,3.4183,0,1,0,0,12,2,2,0.0,0,0,0,0,vn,0.5,0,0,0,0.0,0,True,1,0,0,,,0,0,0,True,0,Let's Encrypt,64,False,,,0.2184
https://www.instagram-jennifer.blogspot.com/?m=1,www.instagram-jennifer.blogspot.com,1,48,1,3,0,4.1287,2,1,0,0,1,1,2,0.0,0,0,0,0,com,0.15,1,0,0,0.0,0,True,2,1,0,,,0,0,0,False,0,,,False,,,0.1276
https://smtpbear.github.io/glowing-journey/,smtpbear.github.io,1,43,0,2,0,3.7255,1,1,0,0,17,0,0,0.0,0,0,0,0,io,0.28,1,0,0,0.0,0,True,4,1,0,,,0,0,0,True,0,Let's Encrypt,36,False,,,0.1585
http://sp5ct-ronel-biz8-vurem-fasik.pages.dev/appeals/submit-appeal-form/return,sp5ct-ronel-biz8-vurem-fasik.pages.dev,1,79,4,2,2,4.386,1,0,0,0,34,0,0,0.0,0,0,0,0,dev,0.5,0,0,0,0.0,0,True,2,1,0,,,0,0,0,True,0,Google Trust Services,83,False,,,0.2377
https://abb.com/en-us/home,abb.com,0,26,0,1,0,2.5216,0,1,0,0,11,0,0,0.1667,2,0,2,0,com,0.15,1,0,0,0.0,0,True,1,0,1,,,0,0,0,True,0,DigiCert Inc,93,False,,,0.1621
https://www.infolibre.es/,www.infolibre.es,0,25,0,2,0,3.3278,1,1,0,0,1,0,0,0.0,0,0,0,0,es,0.5,0,0,0,0.0,0,True,2,1,0,,,0,0,0,True,0,Let's Encrypt,70,False,,,0.2166
https://3658gold78200.cc/,3658gold78200.cc,1,25,0,1,9,3.625,0,1,0,0,1,0,0,0.0,0,0,0,0,cc,0.5,0,0,0,0.0,0,True,3,0,0,41,Dynadot Inc,0,0,1,True,0,Let's Encrypt,48,False,,,0.2225
https://www.retailcrm.ru,www.retailcrm.ru,0,24,0,2,0,3.2806,1,1,0,0,0,0,0,0.0,0,0,0,0,ru,0.5,0,0,0,0.0,0,True,1,0,0,,,0,0,0,True,0,Let's Encrypt,61,False,,,0.2156
https://www.aumentocupo-transaccional.vercel.app/,www.aumentocupo-transaccional.vercel.app,1,49,1,3,0,3.9185,2,1,0,0,1,0,0,0.0833,1,0,1,0,app,0.35,1,0,0,0.0,0,True,2,0,0,,,0,0,0,False,0,,,False,,,0.2167
http://ubiquitous-fox-1d2094.netlify.app/,ubiquitous-fox-1d2094.netlify.app,1,41,2,2,5,4.3926,1,0,0,0,1,0,0,0.0833,1,0,1,0,app,0.35,1,0,0,0.0,0,True,2,1,0,,,0,0,0,True,0,DigiCert Inc,234,False,,,0.2262
http://fortnitetop.info/,fortnitetop.info,1,24,0,1,0,3.0306,0,0,0,0,1,0,0,0.0833,1,0,1,0,info,0.55,1,0,0,0.0,0,True,2,1,0,,,0,0,0,True,0,Let's Encrypt,57,False,,,0.2589
https://guitar-photograph-maintaining-realized.trycloudflare.com/,guitar-photograph-maintaining-realized.trycloudflare.com,1,65,3,2,0,4.1555,1,1,0,0,1,0,0,0.0,0,0,0,0,com,0.15,1,0,0,0.0,0,False,0,0,0,,,0,0,0,False,0,,,,,,0.1281
http://3ex3x3x3x.pages.dev/,3ex3x3x3x.pages.dev,1,27,0,2,4,3.0503,1,0,0,0,1,0,0,0.0,0,0,0,0,dev,0.5,0,0,0,0.0,0,True,2,1,0,,,0,0,0,True,0,Google Trust Services,83,False,,,0.211
http://sp6ct-yaskel-biz8-frenok-veltar.pages.dev/appeals/submit-appeal-form/return,sp6ct-yaskel-biz8-frenok-veltar.pages.dev,1,82,4,2,2,4.3059,1,0,0,0,34,0,0,0.0,0,0,0,0,dev,0.5,0,0,0,0.0,0,True,2,1,0,,,0,0,0,True,0,Google Trust Services,83,False,,,0.2361
http://cheerful-sunflower-89c5c6.netlify.app/,cheerful-sunflower-89c5c6.netlify.app,1,45,2,2,4,4.2834,1,0,0,0,1,0,0,0.0833,1,0,1,0,app,0.35,1,0,0,0.0,0,True,2,1,0,,,0,0,0,True,0,DigiCert Inc,234,False,,,0.224
http://poetic-raindrop-6b2d15.netlify.app/,poetic-raindrop-6b2d15.netlify.app,1,42,2,2,4,4.1829,1,0,0,0,1,0,0,0.0833,1,0,1,0,app,0.35,1,0,0,0.0,0,True,2,1,0,,,0,0,0,True,0,DigiCert Inc,234,False,,,0.222
https://dns.google/,dns.google,0,19,0,1,0,2.9219,0,1,0,0,1,0,0,0.0833,1,0,1,0,google,0.5,0,0,0,0.0,0,True,2,1,0,,,0,0,0,True,0,Google Trust Services,55,False,,,0.2418
https://wgwam-ydpsi-ydl-hpt-trpb.pages.dev/,wgwam-ydpsi-ydl-hpt-trpb.pages.dev,1,43,4,2,0,4.0064,1,1,0,0,1,0,0,0.1667,2,0,2,0,dev,0.5,0,0,0,0.0,0,True,2,1,0,,,0,0,0,True,0,Google Trust Services,83,False,,,0.2968
http://aktiffkan-paylater.cmm.my.id/,aktiffkan-paylater.cmm.my.id,1,36,1,3,0,3.8249,2,0,0,0,1,0,0,0.0,0,0,0,0,id,0.5,0,0,0,0.0,0,False,0,0,0,,,0,0,0,False,0,,,,,,0.2265
https://rogsvc.com/en-us/home,rogsvc.com,0,29,0,1,0,2.9219,0,1,0,0,11,0,0,0.0,0,0,0,0,com,0.15,1,0,0,0.0,0,False,0,0,0,1250,"Wild West Domains, LLC",0,0,1,False,0,,,,,,0.1034
https://www.tradera.com/,www.tradera.com,0,24,0,2,0,3.1899,1,1,0,0,1,0,0,0.0,0,0,0,0,com,0.15,1,0,0,0.0,0,True,1,0,0,10019,"GoDaddy.com, LLC",0,0,1,True,0,Google Trust Services,70,False,,,0.1088
https://playgamester.com,playgamester.com,0,24,0,1,0,3.625,0,1,0,0,0,0,0,0.0,0,0,0,0,com,0.15,1,0,0,0.0,0,True,2,1,0,138,"HOSTINGER operations, UAB",0,0,1,True,0,Google Trust Services,78,False,,,0.1175
http://sp5ct-sunek-biz8-palore-femix.pages.dev/appeals/submit-appeal-form/return,sp5ct-sunek-biz8-palore-femix.pages.dev,1,80,4,2,2,4.3849,1,0,0,0,34,0,0,0.0,0,0,0,0,dev,0.5,0,0,0,0.0,0,True,2,1,0,,,0,0,0,True,0,Google Trust Services,83,False,,,0.2377
https://tryhackme.com,tryhackme.com,0,21,0,1,0,3.3927,0,1,0,0,0,0,0,0.0,0,0,0,0,com,0.15,1,0,0,0.0,0,True,2,0,1,2944,"NameCheap, Inc.",0,0,1,True,0,Let's Encrypt,85,False,,,0.1129
http://write-lake.pages.dev/,write-lake.pages.dev,1,28,1,2,0,3.7219,1,0,0,0,1,0,0,0.0833,1,0,1,0,dev,0.5,0,0,0,0.0,0,True,2,1,0,,,0,0,0,True,0,Google Trust Services,73,False,,,0.2578
https://bfldr.com,bfldr.com,0,17,0,1,0,3.1699,0,1,0,0,0,0,0,0.0,0,0,0,0,com,0.15,1,0,0,0.0,0,True,4,0,0,2288,"MarkMonitor, Inc.",0,0,1,True,0,GlobalSign nv-sa,165,False,,,0.1084
https://vlitag.com/api/v1/status,vlitag.com,0,32,0,1,0,3.3219,0,1,0,0,14,0,0,0.0,0,0,0,0,com,0.15,1,0,0,0.0,0,False,0,0,1,2468,"NameCheap, Inc.",0,0,1,False,0,,,,,,0.1114
https://www.rijksmuseum.nl/,www.rijksmuseum.nl,0,27,0,2,0,3.4613,1,1,0,0,1,0,0,0.0,0,0,0,0,nl,0.5,0,0,0,0.0,0,True,2,1,0,11257,SURF B.V.,0,0,1,True,0,DigiCert Inc,106,False,,,0.2192
https://chtrptr.net/blog/pricing,chtrptr.net,0,32,0,1,0,2.8454,0,1,0,0,13,0,0,0.0,0,0,0,0,net,0.22,1,0,0,0.0,0,False,0,0,0,,,0,0,0,False,0,,,,,,0.1229
https://best82.com/games/tank_stars/,best82.com,0,36,0,1,2,3.3219,0,1,0,0,18,0,1,0.0,0,0,0,0,com,0.15,1,0,0,0.0,0,True,2,1,1,,,0,0,0,True,0,Google Trust Services,48,False,,,0.1114
https://lnk.ink/seurentregada,lnk.ink,1,29,0,1,0,2.2359,0,1,0,0,14,0,0,0.1667,1,0,2,0,ink,0.5,0,0,0,0.0,0,True,2,1,1,450,"NameCheap, Inc.",0,1,1,True,0,Google Trust Services,54,False,,,0.2614
https://jwx.com/,jwx.com,0,16,0,1,0,2.8074,0,1,0,0,1,0,0,0.0,0,0,0,0,com,0.15,1,0,0,0.0,0,True,2,0,1,,,0,0,0,True,0,Let's Encrypt,87,False,,,0.1011
https://www.retailcrm.ru,www.retailcrm.ru,0,24,0,2,0,3.2806,1,1,0,0,0,0,0,0.0,0,0,0,0,ru,0.5,0,0,0,0.0,0,True,1,0,0,,,0,0,0,True,0,Let's Encrypt,61,False,,,0.2156
http://invoice-generator-tool.pages.dev/,invoice-generator-tool.pages.dev,1,40,2,2,0,3.8247,1,0,0,0,1,0,0,0.0,0,0,0,0,dev,0.5,0,0,0,0.0,0,True,2,1,0,,,0,0,0,True,0,Let's Encrypt,86,False,,,0.2265
http://sp3ct-rensak-biz8-felqik-movad.pages.dev/appeals/submit-appeal-form/return,sp3ct-rensak-biz8-felqik-movad.pages.dev,1,81,4,2,2,4.3842,1,0,0,0,34,0,0,0.0,0,0,0,0,dev,0.5,0,0,0,0.0,0,True,2,1,0,,,0,0,0,True,0,Google Trust Services,82,False,,,0.2377
https://glbth.com,glbth.com,0,17,0,1,0,3.1699,0,1,0,0,0,0,0,0.0,0,0,0,0,com,0.15,1,0,0,0.0,0,True,4,0,1,4535,"GoDaddy.com, LLC",0,0,1,True,0,Amazon,196,False,,,0.1084
https://write.as,write.as,0,16,0,1,0,3.0,0,1,0,0,0,0,0,0.0833,1,0,1,0,as,0.5,0,0,0,0.0,0,True,1,1,1,4226,gdns,0,0,1,True,0,Let's Encrypt,53,False,,,0.2433
https://www.allbusiness.com/,www.allbusiness.com,0,28,0,2,0,3.5369,1,1,0,0,1,0,0,0.0,0,0,0,0,com,0.15,1,0,0,0.0,0,True,4,0,0,10008,"GoDaddy.com, LLC",0,0,1,True,0,GlobalSign nv-sa,199,False,,,0.1157
https://www.eventbrite.com.au,www.eventbrite.com.au,0,29,0,3,0,3.6178,2,1,0,0,0,0,0,0.0,0,0,0,0,au,0.5,0,0,0,0.0,0,True,8,0,0,,Corporation Service Company (Aust) Pty Ltd,0,0,1,True,0,Amazon,152,False,,,0.2224
https://www.websiteplanet.com/,www.websiteplanet.com,0,30,0,2,0,3.5945,1,1,0,0,1,0,0,0.0,0,0,0,0,com,0.15,1,0,0,0.0,0,True,2,1,0,8447,"GoDaddy.com, LLC",0,0,1,True,0,Google Trust Services,73,False,,,0.1169
http://www.facebook-linkedin.blogspot.com/,www.facebook-linkedin.blogspot.com,1,42,1,3,0,4.0545,2,0,0,0,1,0,0,0.0,0,0,0,0,com,0.15,1,0,0,0.0,0,True,2,1,0,,,0,0,0,False,0,,,False,,,0.1261
http://0lblop-rol-dlxbl-qgo-fl6kbg.pages.dev/,0lblop-rol-dlxbl-qgo-fl6kbg.pages.dev,1,45,4,2,2,3.9723,1,0,0,0,1,0,0,0.0,0,0,0,0,dev,0.5,0,0,0,0.0,0,True,2,1,0,,,0,0,0,True,0,Google Trust Services,83,False,,,0.2294
https://dravemi-gld-zorquni-r4x1hq97.pages.dev/send_appeal_request,dravemi-gld-zorquni-r4x1hq97.pages.dev,1,66,3,2,4,4.4316,1,1,0,0,20,0,2,0.0,0,0,0,0,dev,0.5,0,0,0,0.0,0,True,2,1,0,,,0,0,0,True,0,Google Trust Services,83,False,,,0.2386
https://bbs.ruliweb.com/,bbs.ruliweb.com,0,24,0,2,0,3.4566,1,1,0,0,1,0,0,0.0833,1,0,1,0,com,0.15,1,0,0,0.0,0,True,1,0,0,,,0,0,0,True,0,Sectigo Limited,183,False,,,0.1475
https://teleport.sh,teleport.sh,0,19,0,1,0,3.0958,0,1,0,0,0,0,0,0.0,0,0,0,0,sh,0.5,0,0,0,0.0,0,True,3,0,0,3342,"Amazon Registrar, Inc.",0,0,1,True,0,Let's Encrypt,56,False,,,0.2119
https://z8rc-l8ma-x9n4.bemir67147-kierko-com-s-account.workers.dev/,z8rc-l8ma-x9n4.bemir67147-kierko-com-s-account.workers.dev,1,67,6,3,9,4.4893,2,1,0,0,1,0,0,0.0,0,0,0,1,dev,0.5,0,0,0,0.0,0,True,2,1,0,,,0,0,0,True,0,Google Trust Services,86,False,,,0.2398
https://account.gov.uk,account.gov.uk,0,22,0,2,0,3.2359,1,1,0,0,0,0,0,0.2333,1,0,1,1,uk,0.5,0,0,0,0.0,0,True,4,0,0,10953,No registrar listed.  This domain is directly registered with Nominet.,0,0,1,True,0,Amazon,115,False,,,0.308
https://www.silive.com/,www.silive.com,0,23,0,2,0,3.182,1,1,0,0,1,0,0,0.0,0,0,0,0,com,0.15,1,0,0,0.0,0,True,2,1,0,,,0,0,0,True,0,Let's Encrypt,72,False,,,0.1086
http://sp29ct-zalkor-biz-fenvak-morsik.pages.dev/,sp29ct-zalkor-biz-fenvak-morsik.pages.dev,1,49,4,2,2,4.3571,1,0,0,0,1,0,0,0.1667,2,0,2,0,dev,0.5,0,0,0,0.0,0,True,2,1,0,,,0,0,0,True,0,Google Trust Services,80,False,,,0.3038
https://3658coni571.cc/,3658coni571.cc,1,23,0,1,7,3.3249,0,1,0,0,1,0,0,0.0,0,0,0,0,cc,0.5,0,0,0,0.0,0,True,3,0,0,32,Dynadot Inc,0,0,1,True,0,Let's Encrypt,57,False,,,0.2165
https://www.instagramlogin68.blogspot.com/,www.instagramlogin68.blogspot.com,1,42,0,3,2,3.9455,2,1,0,0,1,0,0,0.0,0,0,0,0,com,0.15,1,0,0,0.0,0,True,2,1,0,,,0,0,0,False,0,,,False,,,0.1239
https://gmpg.org,gmpg.org,0,16,0,1,0,2.4056,0,1,0,0,0,0,0,0.0,0,0,0,0,org,0.1,1,0,0,0.0,0,True,1,0,1,8479,"MarkMonitor, Inc.",0,0,1,True,0,Let's Encrypt,49,False,,,0.0781
https://wwd.com,wwd.com,0,15,0,1,0,2.5216,0,1,0,0,0,0,0,0.0,0,0,0,0,com,0.15,1,0,0,0.0,0,True,1,0,1,11317,"ENOM, INC.",0,1,1,True,0,Let's Encrypt,77,False,,,0.0954
https://mailchimp.com/features/,mailchimp.com,0,31,0,1,0,3.027,0,1,0,0,10,0,0,0.0,0,0,0,0,com,0.15,1,0,0,0.0,0,True,1,0,1,9159,MarkMonitor Inc.,0,0,1,True,0,DigiCert Inc,172,False,,,0.1055
http://justcharterupdate.framer.website/,justcharterupdate.framer.website,1,40,0,2,0,3.8011,1,0,0,0,1,0,0,0.0,0,0,0,0,website,0.68,1,0,0,0.0,0,True,2,0,0,,,0,0,0,True,0,Let's Encrypt,58,False,,,0.28
https://www.cleanpng.com/,www.cleanpng.com,0,25,0,2,0,3.3278,1,1,0,0,1,0,0,0.0,0,0,0,0,com,0.15,1,0,0,0.0,0,True,2,1,0,,,0,0,0,True,0,Google Trust Services,88,False,,,0.1116
https://www.bikemap.net/,www.bikemap.net,0,24,0,2,0,3.3232,1,1,0,0,1,0,0,0.0,0,0,0,0,net,0.22,1,0,0,0.0,0,True,4,0,0,8722,EPAG Domainservices GmbH,0,0,1,True,0,Amazon,154,False,,,0.1325
https://pradeeprajbhar1.github.io/Amazon_Website_Clone/,pradeeprajbhar1.github.io,1,55,0,2,1,3.7835,1,1,0,0,22,0,2,0.0,0,0,0,0,io,0.28,1,0,0,0.0,0,True,4,1,0,,,0,0,0,True,0,Let's Encrypt,36,False,,,0.1597
http://sp5ct-jonex-biz8-vurem-falek.pages.dev/appeals/submit-appeal-form/return,sp5ct-jonex-biz8-vurem-falek.pages.dev,1,79,4,2,2,4.4687,1,0,0,0,34,0,0,0.0,0,0,0,0,dev,0.5,0,0,0,0.0,0,True,2,1,0,,,0,0,0,True,0,Google Trust Services,83,False,,,0.2394
https://internet-positif.info,internet-positif.info,0,29,1,1,0,3.2728,0,1,0,0,0,0,0,0.0833,1,0,1,0,info,0.55,1,0,0,0.0,0,True,3,1,0,,,0,0,0,True,0,Google Trust Services,62,False,,,0.2638
https://wcdnga.com,wcdnga.com,0,18,0,1,0,3.1219,0,1,0,0,0,0,0,0.0,0,0,0,0,com,0.15,1,0,0,0.0,0,False,0,0,0,2681,"TUCOWS.COM, CO.",0,1,1,False,0,,,,,,0.1074
http://sede-agentributarigob.top/es,sede-agentributarigob.top,1,35,1,1,0,3.7835,0,0,0,0,3,0,0,0.0833,1,0,1,0,top,0.9,1,0,0,0.0,0,False,0,0,0,4,Dynadot LLC,1,1,1,False,0,,,,,,0.379
https://viiukuhe.com,viiukuhe.com,0,20,0,1,0,3.2516,0,1,0,0,0,0,0,0.0,0,0,0,0,com,0.15,1,0,0,0.0,0,True,2,1,0,318,Danesco Trading Ltd.,0,1,1,True,0,Google Trust Services,66,False,,,0.11
http://vxmzk8fdran-zfnrw87olpw-1a9b4c-kd285m.pages.dev/,vxmzk8fdran-zfnrw87olpw-1a9b4c-kd285m.pages.dev,1,55,3,2,9,4.6818,1,0,0,0,1,0,0,0.0,0,0,0,0,dev,0.5,0,0,0,0.0,0,True,2,1,0,,,0,0,0,True,0,Google Trust Services,82,False,,,0.2436
https://www.topsec.com/,www.topsec.com,0,23,0,2,0,3.0391,1,1,0,0,1,0,0,0.0,0,0,0,0,com,0.15,1,0,0,0.0,0,True,1,0,0,8186,Key-Systems GmbH,0,1,1,True,0,Sectigo Limited,150,False,,,0.1058
https://trust-ledger-login-patch-gateway.vercel.app/ledger%20form/device.html,trust-ledger-login-patch-gateway.vercel.app,1,77,4,2,0,4.0628,1,1,0,0,26,0,1,0.2333,1,0,1,1,app,0.35,1,0,0,0.0,0,True,2,0,0,,,0,0,0,True,0,Google Trust Services,60,False,,,0.2796
https://reserva.87d7652542efb1e25a2c78270e06af13.cfd/?token=6d61642e636f6d65726369616c2e70746164656c736f6c4061656e612e6573&gad_source=7&gclid=EAIaIQobChMImv_IzI218AIVt4BQBh3qwwtKEAAYASAAEgKV3PD_BwE,reserva.87d7652542efb1e25a2c78270e06af13.cfd,1,197,0,2,22,4.0621,1,1,0,0,1,3,9,0.0,0,0,0,0,cfd,0.5,0,0,0,0.0,0,True,1,0,0,,,0,0,0,True,0,Let's Encrypt,82,False,,,0.2312
https://www.webinargeek.com/,www.webinargeek.com,0,28,0,2,0,3.4714,1,1,0,0,1,0,0,0.0,0,0,0,0,com,0.15,1,0,0,0.0,0,True,4,0,0,4499,InterNetX GmbH,0,0,1,True,0,Let's Encrypt,42,False,,,0.1144
https://veronap.republican/update/index.html,veronap.republican,0,44,0,1,0,3.6144,0,1,0,0,18,0,0,0.0,0,0,0,0,republican,0.5,0,0,0,0.0,0,False,0,0,0,,,0,0,0,False,0,,,,,,0.2223
https://www.eyoucms.com/,www.eyoucms.com,0,24,0,2,0,3.0566,1,1,0,0,1,0,0,0.0,0,0,0,0,com,0.15,1,0,0,0.0,0,True,1,0,0,3034,"Alibaba Cloud Computing (Beijing) Co., Ltd.",0,0,1,True,0,Asseco Data Systems S.A.,129,False,,,0.1061
https://www.dailypay.com/,www.dailypay.com,0,25,0,2,0,3.3278,1,1,0,0,1,0,0,0.0,0,0,0,0,com,0.15,1,0,0,0.0,0,True,2,0,0,8585,"NameCheap, Inc.",0,0,1,True,0,Sectigo Limited,100,False,,,0.1116
https://zelenaya.net/search?q=team,zelenaya.net,0,34,0,1,0,2.8554,0,1,0,0,7,1,2,0.0,0,0,0,0,net,0.22,1,0,0,0.0,0,True,1,0,1,6552,"Regional Network Information Center, JSC dba RU-CENTER",0,0,1,False,0,,,,,,0.1231
http://sp3ct-bavlor-biz8-mersik-fudan.pages.dev/appeals/submit-appeal-form/return,sp3ct-bavlor-biz8-mersik-fudan.pages.dev,1,81,4,2,2,4.4153,1,0,0,0,34,0,0,0.0,0,0,0,0,dev,0.5,0,0,0,0.0,0,True,2,1,0,,,0,0,0,True,0,Google Trust Services,82,False,,,0.2383
https://www.roblox.com.bi/users/394094227272/profile,www.roblox.com.bi,1,52,0,3,0,3.1307,2,1,0,0,27,0,0,0.0,0,0,0,0,bi,0.5,0,0,0,0.0,0,True,1,0,0,144,Afriregister1,0,0,1,True,0,Let's Encrypt,38,False,,,0.2126
https://www.netflix-landing-page-kappa.vercel.app/,www.netflix-landing-page-kappa.vercel.app,1,50,3,3,0,3.9187,2,1,0,0,1,0,0,0.0833,1,0,1,0,app,0.35,1,0,0,0.0,0,True,2,0,0,,,0,0,0,False,0,,,False,,,0.2167
http://danaa-iindonesiaa.rll.my.id/,danaa-iindonesiaa.rll.my.id,1,35,1,3,0,3.4262,2,0,0,0,1,0,0,0.0,0,0,0,0,id,0.5,0,0,0,0.0,0,False,0,0,0,,,0,0,0,False,0,,,,,,0.2185
https://uncocleypercha.com,uncocleypercha.com,0,26,0,1,0,3.5033,0,1,0,0,0,0,0,0.0,0,0,0,0,com,0.15,1,0,0,0.0,0,True,4,0,0,333,Danesco Trading Ltd.,0,1,1,True,0,Let's Encrypt,60,False,,,0.1151
https://hellopublic.com/about,hellopublic.com,0,29,0,1,0,3.3232,0,1,0,0,6,0,0,0.0,0,0,0,0,com,0.15,1,0,0,0.0,0,False,0,0,1,3235,"Amazon Registrar, Inc.",0,0,1,False,0,,,,,,0.1115
https://www.ada.cx/,www.ada.cx,0,19,0,2,0,2.4464,1,1,0,0,1,0,0,0.0,0,0,0,0,cx,0.5,0,0,0,0.0,0,True,2,1,0,3045,CentralNic Ltd,0,0,1,True,0,Google Trust Services,83,False,,,0.1989
http://sp29ct-pronsik-biz-kelvak-homtor.pages.dev/appeals/submit-appeal-form/return,sp29ct-pronsik-biz-kelvak-homtor.pages.dev,1,83,4,2,2,4.3501,1,0,0,0,34,0,0,0.1667,2,0,2,0,dev,0.5,0,0,0,0.0,0,True,2,1,0,,,0,0,0,True,0,Google Trust Services,81,False,,,0.3037
https://www.swisscomlei.com/,www.swisscomlei.com,1,28,0,2,0,3.0503,1,1,0,0,1,0,0,0.0,0,0,0,0,com,0.15,1,0,0,0.0,0,True,1,0,0,4,"COREhub, S.R.L.",1,0,1,True,0,Let's Encrypt,89,False,,,0.106
http://sp5ct-rurev-biz8-folan-vekix.pages.dev/appeals/submit-appeal-form/return,sp5ct-rurev-biz8-folan-vekix.pages.dev,1,79,4,2,2,4.386,1,0,0,0,34,0,0,0.0,0,0,0,0,dev,0.5,0,0,0,0.0,0,True,2,1,0,,,0,0,0,True,0,Google Trust Services,83,False,,,0.2377
http://0t4ki-3m9sr3-x9elb-0i5sh.pages.dev/,0t4ki-3m9sr3-x9elb-0i5sh.pages.dev,1,42,3,2,8,4.3738,1,0,0,0,1,0,0,0.0,0,0,0,0,dev,0.5,0,0,0,0.0,0,True,2,1,0,,,0,0,0,True,0,Google Trust Services,64,False,,,0.2375
http://login-check-sog-fr.osc-fr1.scalingo.io/,login-check-sog-fr.osc-fr1.scalingo.io,1,46,4,3,1,3.8103,2,0,0,0,1,0,0,0.2333,1,0,1,1,io,0.28,1,0,0,0.0,0,True,4,0,0,4289,GANDI SAS,0,0,1,True,0,Gandi SAS,45,False,,,0.2535
https://www.roblox.com.gr/users/704924654303/profile,www.roblox.com.gr,1,52,0,3,0,3.1307,2,1,0,0,27,0,0,0.0,0,0,0,0,gr,0.5,0,0,0,0.0,0,True,1,0,0,,,0,0,0,True,0,Let's Encrypt,65,False,,,0.2126
http://moonpay-commerce-git-show-all-routes-heliofi.vercel.app/,moonpay-commerce-git-show-all-routes-heliofi.vercel.app,1,63,6,2,0,4.1257,1,0,0,0,1,0,0,0.25,3,0,3,0,app,0.35,1,0,0,0.0,0,True,2,0,0,,,0,0,0,True,0,Google Trust Services,60,False,,,0.2875
http://coderlog-dun.vercel.app/,coderlog-dun.vercel.app,1,31,1,2,0,3.7081,1,0,0,0,1,0,0,0.0833,1,0,1,0,app,0.35,1,0,0,0.0,0,True,2,0,0,,,0,0,0,True,0,Google Trust Services,60,False,,,0.2125
http://www.insta-web-wj98.vercel.app/,www.insta-web-wj98.vercel.app,1,37,2,3,2,3.9228,2,0,0,0,1,0,0,0.25,3,0,3,0,app,0.35,1,0,0,0.0,0,True,2,0,0,,,0,0,0,False,0,,,False,,,0.2835
https://jali.me,jali.me,0,15,0,1,0,2.8074,0,1,0,0,0,0,0,0.0,0,0,0,0,me,0.5,0,0,0,0.0,0,True,3,1,1,2029,"NameCheap, Inc.",0,0,1,True,0,Google Trust Services,48,False,,,0.2061
http://autoscout24ch.com/,autoscout24ch.com,1,25,0,1,2,3.2928,0,0,0,0,1,0,0,0.0,0,0,0,0,com,0.15,1,0,0,0.0,0,True,2,1,0,3,"TUCOWS.COM, CO.",1,1,1,True,0,Google Trust Services,86,False,,,0.1109
http://www.net-ledger-login-wallet-valid.vercel.app/,www.net-ledger-login-wallet-valid.vercel.app,1,52,4,3,0,3.811,2,0,0,0,1,0,0,0.2333,1,0,1,1,app,0.35,1,0,0,0.0,0,True,2,0,0,,,0,0,0,False,0,,,False,,,0.2745
https://veroxity.net/login,veroxity.net,0,26,0,1,0,3.2516,0,1,0,0,6,0,0,0.0,0,0,0,0,net,0.22,1,0,0,0.0,0,True,1,0,1,8993,"Network Solutions, LLC",0,0,1,False,0,,,,,,0.131
https://cf-01-2tu.pages.dev/,cf-01-2tu.pages.dev,1,28,2,2,3,3.9321,1,1,0,0,1,0,0,0.0,0,0,0,0,dev,0.5,0,0,0,0.0,0,True,2,1,0,,,0,0,0,True,0,Google Trust Services,86,False,,,0.2286
https://www.familytreedna.com/,www.familytreedna.com,0,30,0,2,0,3.7849,1,1,0,0,1,0,0,0.0,0,0,0,0,com,0.15,1,0,0,0.0,0,True,1,0,1,9607,"GoDaddy.com, LLC",0,0,1,True,0,"GoDaddy.com, Inc.",209,False,,,0.1207
https://www.letemps.ch,www.letemps.ch,0,22,0,2,0,3.182,1,1,0,0,0,0,0,0.0,0,0,0,0,ch,0.5,0,0,0,0.0,0,True,3,0,0,,,0,0,0,True,0,Google Trust Services,54,False,,,0.2136
http://squad-shark.pages.dev/,squad-shark.pages.dev,1,29,1,2,0,3.6538,1,0,0,0,1,0,0,0.0,0,0,0,0,dev,0.5,0,0,0,0.0,0,True,2,1,0,,,0,0,0,True,0,Google Trust Services,73,False,,,0.2231
https://iqzonertb.live,iqzonertb.live,0,22,0,1,0,3.5216,0,1,0,0,0,0,0,0.0833,1,0,1,0,live,0.6,1,0,0,0.0,0,True,16,0,0,,,0,0,0,False,0,,,False,,,0.2838
https://20287.de-infokonto.com/,20287.de-infokonto.com,1,31,1,2,5,3.8231,1,1,0,0,1,0,0,0.0,0,0,0,0,com,0.15,1,0,0,0.0,0,True,2,1,0,70,PDR Ltd. d/b/a PublicDomainRegistry.com,0,0,1,True,0,Let's Encrypt,78,False,,,0.1215
https://spbdns.com,spbdns.com,0,18,0,1,0,3.1219,0,1,0,0,0,0,0,0.0,0,0,0,0,com,0.15,1,0,0,0.0,0,True,2,0,1,1786,"Name.com, Inc.",0,0,1,True,0,ZeroSSL GmbH,46,False,,,0.1074
http://kuikoinslgnius.webflow.io/,kuikoinslgnius.webflow.io,1,33,0,2,0,3.5737,1,0,0,0,1,0,0,0.0,0,0,0,0,io,0.28,1,0,0,0.0,0,True,2,1,0,4829,"MarkMonitor, Inc.",0,0,1,True,0,Google Trust Services,86,False,,,0.1555
http://sp5ct-sunek-biz8-palore-femix.pages.dev/,sp5ct-sunek-biz8-palore-femix.pages.dev,1,47,4,2,2,4.3849,1,0,0,0,1,0,0,0.0,0,0,0,0,dev,0.5,0,0,0,0.0,0,True,2,1,0,,,0,0,0,True,0,Google Trust Services,83,False,,,0.2377
http://sp3ct-lorqik-biz8-furnel-mosed.pages.dev/appeals/submit-appeal-form/return,sp3ct-lorqik-biz8-furnel-mosed.pages.dev,1,81,4,2,2,4.4531,1,0,0,0,34,0,0,0.0,0,0,0,0,dev,0.5,0,0,0,0.0,0,True,2,1,0,,,0,0,0,True,0,Google Trust Services,82,False,,,0.2391
https://mybharat.gov.in,mybharat.gov.in,0,23,0,2,0,3.6402,1,1,0,0,0,0,0,0.0833,1,0,1,0,gov.in,0.01,1,0,0,0.0,0,True,2,0,1,1008,National Informatics Centre,0,0,1,True,0,Amazon,69,False,,,0.1091
http://zfnrw84dfj-kdply37rqvk-9d2c6f-gtb82p.pages.dev/appeals/submit-appeal-form/return,zfnrw84dfj-kdply37rqvk-9d2c6f-gtb82p.pages.dev,1,87,3,2,9,4.6917,1,0,0,0,34,0,0,0.0,0,0,0,0,dev,0.5,0,0,0,0.0,0,True,2,1,0,,,0,0,0,True,0,Google Trust Services,82,False,,,0.2438
http://bgrnd2e71kqo-phvjnplos-3c5d0a-pli7w.pages.dev/,bgrnd2e71kqo-phvjnplos-3c5d0a-pli7w.pages.dev,1,53,3,2,7,4.5971,1,0,0,0,1,0,0,0.0,0,0,0,0,dev,0.5,0,0,0,0.0,0,True,2,1,0,,,0,0,0,True,0,Google Trust Services,81,False,,,0.2419
https://pusher.com/,pusher.com,0,19,0,1,0,3.3219,0,1,0,0,1,0,0,0.0,0,0,0,0,com,0.15,1,0,0,0.0,0,True,4,0,1,10647,MarkMonitor Inc.,0,0,1,True,0,Amazon,64,False,,,0.1114
http://sp4ct-nalmurex-biz8-dorex-kafim.pages.dev/appeals/submit-appeal-form/return,sp4ct-nalmurex-biz8-dorex-kafim.pages.dev,1,82,4,2,2,4.4611,1,0,0,0,34,0,0,0.0,0,0,0,0,dev,0.5,0,0,0,0.0,0,True,2,1,0,,,0,0,0,True,0,Google Trust Services,83,False,,,0.2392
http://jmudz95kfly-zgron98pdrf-0e3a6b-gre2l.pages.dev/,jmudz95kfly-zgron98pdrf-0e3a6b-gre2l.pages.dev,1,54,3,2,8,4.6318,1,0,0,0,1,0,0,0.0,0,0,0,0,dev,0.5,0,0,0,0.0,0,True,2,1,0,,,0,0,0,True,0,Google Trust Services,81,False,,,0.2426
http://welcome-hardware.typedream.app/,welcome-hardware.typedream.app,1,38,1,2,0,3.6696,1,0,0,0,1,0,0,0.0833,1,0,1,0,app,0.35,1,0,0,0.0,0,True,2,0,0,,,0,0,0,True,0,Google Trust Services,88,False,,,0.2117
https://ranshervirk.github.io/class-room/,ranshervirk.github.io,1,41,0,2,0,3.749,1,1,0,0,12,0,0,0.0,0,0,0,0,io,0.28,1,0,0,0.0,0,True,4,1,0,,,0,0,0,True,0,Let's Encrypt,36,False,,,0.159
https://www.instagram-verifications.blogspot.com/,www.instagram-verifications.blogspot.com,1,49,1,3,0,4.0776,2,1,0,0,1,0,0,0.0,0,0,0,0,com,0.15,1,0,0,0.0,0,True,2,1,0,,,0,0,0,False,0,,,False,,,0.1266
https://www.revenuecat.com/,www.revenuecat.com,0,27,0,2,0,3.4194,1,1,0,0,1,0,0,0.0,0,0,0,0,com,0.15,1,0,0,0.0,0,True,4,0,0,3223,"TUCOWS.COM, CO.",0,1,1,True,0,Let's Encrypt,75,False,,,0.1134
http://facebook-five-nu.vercel.app/,facebook-five-nu.vercel.app,1,35,2,2,0,3.866,1,0,0,0,1,0,0,0.1667,2,0,2,0,app,0.35,1,0,0,0.0,0,True,2,0,0,,,0,0,0,True,0,Google Trust Services,60,False,,,0.249
http://www.amazon-clone-lemon-phi.vercel.app/,www.amazon-clone-lemon-phi.vercel.app,1,45,3,3,0,3.857,2,0,0,0,1,0,0,0.5833,5,0,7,0,app,0.35,1,0,0,0.0,0,True,2,0,0,,,0,0,0,False,0,,,False,,,0.4155
https://brand-display.com,brand-display.com,0,25,1,1,0,3.8522,0,1,0,0,0,0,0,0.0,0,0,0,0,com,0.15,1,0,0,0.0,0,True,4,0,1,5417,GANDI SAS,0,0,1,True,0,Amazon,197,False,,,0.122
https://sp5ct-konex-biz8-vurek-salor.pages.dev/,sp5ct-konex-biz8-vurek-salor.pages.dev,1,47,4,2,2,4.3333,1,1,0,0,1,0,0,0.0,0,0,0,0,dev,0.5,0,0,0,0.0,0,True,2,1,0,,,0,0,0,True,0,Google Trust Services,83,False,,,0.2367
http://sp3ct-welzar-biz8-tivrak-henol.pages.dev/,sp3ct-welzar-biz8-tivrak-henol.pages.dev,1,48,4,2,2,4.3531,1,0,0,0,1,0,0,0.0,0,0,0,0,dev,0.5,0,0,0,0.0,0,True,2,1,0,,,0,0,0,True,0,Google Trust Services,81,False,,,0.2371
https://wal-mart.com/search?q=news,wal-mart.com,0,34,1,1,0,3.2516,0,1,0,0,7,1,2,0.0,0,0,0,0,com,0.15,1,0,0,0.0,0,True,1,0,1,,,0,0,0,False,0,,,,,,0.11
http://secure-page-creator--george-x-x.replit.app/,secure-page-creator--george-x-x.replit.app,1,50,6,2,0,3.6237,1,0,0,0,1,0,0,0.2333,1,0,1,1,app,0.35,1,0,0,0.0,0,True,1,0,0,,,0,0,0,True,0,Google Trust Services,71,False,,,0.2708
https://mon-inscription-prime.com/config/pages/desktop/connexion/connexion.php,mon-inscription-prime.com,1,78,2,1,0,3.4333,0,1,0,0,45,0,0,0.0,0,0,0,0,com,0.15,1,0,0,0.0,0,True,1,0,0,5,"Name.com, Inc.",1,0,1,True,0,Let's Encrypt,84,False,,,0.1137
http://hilarious-daisy-634677.framer.app/,hilarious-daisy-634677.framer.app,1,41,2,2,6,4.1502,1,0,0,0,1,0,0,0.0833,1,0,1,0,app,0.35,1,0,0,0.0,0,True,2,0,0,,,0,0,0,True,0,Let's Encrypt,37,False,,,0.2213
https://yhnuj83mjwr-gfvcdrel-0b9d6e-xj777a.pages.dev/,yhnuj83mjwr-gfvcdrel-0b9d6e-xj777a.pages.dev,1,53,3,2,8,4.6181,1,1,0,0,1,0,0,0.0,0,0,0,0,dev,0.5,0,0,0,0.0,0,True,2,1,0,,,0,0,0,True,0,Google Trust Services,83,False,,,0.2424
https://www.selecao-diadospais.com/,www.selecao-diadospais.com,1,35,1,2,0,3.5843,1,1,0,0,1,0,0,0.0,0,0,0,0,com,0.15,1,0,0,0.0,0,True,1,0,0,,,0,0,0,True,0,Let's Encrypt,88,False,,,0.1167
https://static-homepage-en.pluto.tv/plutotv-is-not-available,static-homepage-en.pluto.tv,0,60,2,2,0,3.9121,1,1,0,0,25,0,0,0.0,0,0,0,0,tv,0.5,0,0,0,0.0,0,True,4,0,0,4902,"MarkMonitor, Inc.",0,0,1,True,0,Amazon,160,False,,,0.2282
https://www.betaseries.com/,www.betaseries.com,0,27,0,2,0,3.4194,1,1,0,0,1,0,0,0.0,0,0,0,0,com,0.15,1,0,0,0.0,0,True,3,1,0,6771,"OVH, SAS",0,1,1,True,0,Google Trust Services,51,False,,,0.1134
http://j101p.vip/,j101p.vip,1,17,0,1,3,2.7255,0,0,0,0,1,0,0,0.0,0,0,0,0,vip,0.5,0,0,0,0.0,0,True,2,0,0,35,NameMart Pte. Ltd.,0,0,1,True,0,Let's Encrypt,67,False,,,0.2045
http://sp3ct-tarnik-biz8-hesqor-ludem.pages.dev/appeals/submit-appeal-form/return,sp3ct-tarnik-biz8-hesqor-ludem.pages.dev,1,81,4,2,2,4.4531,1,0,0,0,34,0,0,0.0,0,0,0,0,dev,0.5,0,0,0,0.0,0,True,2,1,0,,,0,0,0,True,0,Google Trust Services,82,False,,,0.2391
https://www.portsmouth.co.uk/,www.portsmouth.co.uk,0,29,0,3,0,3.4087,2,1,0,0,1,0,0,0.0,0,0,0,0,uk,0.5,0,0,0,0.0,0,True,2,1,0,10953,Team Blue Internet Services UK Limited t/a Team Blue Internet Services Limited t/a names.co.uk [Tag = NAMESCO],0,0,1,True,0,Let's Encrypt,53,False,,,0.2182
https://sp4ct-jorex-biz8-lunvor-kadim.pages.dev/,sp4ct-jorex-biz8-lunvor-kadim.pages.dev,1,48,4,2,2,4.4968,1,1,0,0,1,0,0,0.0,0,0,0,0,dev,0.5,0,0,0,0.0,0,True,2,1,0,,,0,0,0,True,0,Google Trust Services,82,False,,,0.2399
http://frostyz.netlify.app/,frostyz.netlify.app,1,27,0,2,0,3.7216,1,0,0,0,1,0,0,0.0833,1,0,1,0,app,0.35,1,0,0,0.0,0,True,2,1,0,,,0,0,0,True,0,DigiCert Inc,234,False,,,0.2128
https://juliahub.com,juliahub.com,0,20,0,1,0,3.4183,0,1,0,0,0,0,0,0.0,0,0,0,0,com,0.15,1,0,0,0.0,0,True,4,0,1,4322,"NameCheap, Inc.",0,0,1,True,0,Amazon,125,False,,,0.1134
http://ledger-wallet.vercel.app/,ledger-wallet.vercel.app,1,32,1,2,0,3.4346,1,0,0,0,1,0,0,0.0833,1,0,1,0,app,0.35,1,0,0,0.0,0,True,2,0,0,,,0,0,0,True,0,Google Trust Services,60,False,,,0.207
http://instagram-clone-khaki-six.vercel.app/,instagram-clone-khaki-six.vercel.app,1,44,3,2,0,4.107,1,0,0,0,1,0,0,0.1667,2,0,2,0,app,0.35,1,0,0,0.0,0,True,2,0,0,,,0,0,0,True,0,Google Trust Services,60,False,,,0.2538
https://reactormag.com/,reactormag.com,0,23,0,1,0,3.0931,0,1,0,0,1,0,0,0.0,0,0,0,0,com,0.15,1,0,0,0.0,0,True,1,0,1,1007,"TUCOWS.COM, CO.",0,1,1,True,0,Let's Encrypt,58,False,,,0.1069
https://wilobank.evlink11.net/,wilobank.evlink11.net,1,30,0,2,2,3.5945,1,1,0,0,1,0,0,0.0,0,0,0,0,net,0.22,1,0,0,0.0,0,True,2,1,0,,,0,0,0,True,0,Google Trust Services,83,False,,,0.1379
https://www.redlights.be/,www.redlights.be,0,25,0,2,0,3.4528,1,1,0,0,1,0,0,0.0,0,0,0,0,be,0.5,0,0,0,0.0,0,True,1,1,1,7001,,0,0,1,True,0,Let's Encrypt,37,False,,,0.2191
https://sp5ct-ronel-biz8-vureq-famik.pages.dev/,sp5ct-ronel-biz8-vureq-famik.pages.dev,1,47,4,2,2,4.4585,1,1,0,0,1,0,0,0.0,0,0,0,0,dev,0.5,0,0,0,0.0,0,True,2,1,0,,,0,0,0,True,0,Google Trust Services,83,False,,,0.2392
https://qikunc168.com,qikunc168.com,0,21,0,1,3,3.5466,0,1,0,0,0,0,0,0.0,0,0,0,0,com,0.15,1,0,0,0.0,0,True,1,0,0,102,"GoDaddy.com, LLC",0,0,1,True,0,Let's Encrypt,53,False,,,0.1159
http://sp5ct-hariv-biz8-vurem-kolex.pages.dev/,sp5ct-hariv-biz8-vurem-kolex.pages.dev,1,46,4,2,2,4.386,1,0,0,0,1,0,0,0.0,0,0,0,0,dev,0.5,0,0,0,0.0,0,True,2,1,0,,,0,0,0,True,0,Google Trust Services,83,False,,,0.2377
https://3x233x2x32.pages.dev/,3x233x2x32.pages.dev,1,29,0,2,7,3.2464,1,1,0,0,1,0,0,0.0,0,0,0,0,dev,0.5,0,0,0,0.0,0,True,2,1,0,,,0,0,0,True,0,Google Trust Services,85,False,,,0.2149
https://clegc-gckey.gc.ca/j/SP-01-bil,clegc-gckey.gc.ca,0,37,1,2,0,2.8895,1,1,0,0,12,0,0,0.0,0,0,0,0,ca,0.5,0,0,0,0.0,0,True,1,0,1,,,0,0,0,True,0,Entrust Limited,151,False,,,0.2078
https://st-av.net/blog/docs,st-av.net,0,27,1,1,0,2.9477,0,1,0,0,10,0,0,0.0,0,0,0,0,net,0.22,1,0,0,0.0,0,False,0,0,0,3584,"Amazon Registrar, Inc.",0,0,1,False,0,,,,,,0.125
http://22bb-agfpfyc5g2f0dpcg.z02.azurefd.net/,22bb-agfpfyc5g2f0dpcg.z02.azurefd.net,1,45,1,3,7,4.0876,2,0,0,0,1,0,0,0.0,0,0,0,0,net,0.22,1,0,0,0.0,0,True,2,1,0,,,0,0,0,True,0,Microsoft Corporation,107,False,,,0.1478
https://tim.it,tim.it,0,14,0,1,0,1.9183,0,1,0,0,0,0,0,0.0833,1,0,1,0,it,0.5,0,0,0,0.0,0,True,2,0,1,11036,Telecom Italia s.p.a.,0,0,1,True,0,TI Trust Technologies S.R.L.,179,False,,,0.2217
https://www.tenantnetworks.com/default.aspx,www.tenantnetworks.com,0,43,0,2,0,3.3908,1,1,0,0,13,0,0,0.0,0,0,0,0,com,0.15,1,0,0,0.0,0,True,1,0,1,6132,"GoDaddy.com, LLC",0,0,1,True,0,"GoDaddy.com, Inc.",53,False,,,0.1128
http://skrunt-skrunt-qtwiz-3fd94a-zplv-vryska.pages.dev/,skrunt-skrunt-qtwiz-3fd94a-zplv-vryska.pages.dev,1,56,5,2,3,4.3895,1,0,0,0,1,0,0,0.0,0,0,0,0,dev,0.5,0,0,0,0.0,0,True,2,1,0,,,0,0,0,True,0,Google Trust Services,81,False,,,0.2378
https://xelzora-gld-belquna-a4x5hp81.pages.dev/,xelzora-gld-belquna-a4x5hp81.pages.dev,1,47,3,2,4,4.3135,1,1,0,0,1,0,0,0.0,0,0,0,0,dev,0.5,0,0,0,0.0,0,True,2,1,0,,,0,0,0,True,0,Google Trust Services,83,False,,,0.2363
https://65.jj37927.vip/,65.jj37927.vip,1,23,0,2,7,3.3788,1,1,0,0,1,0,0,0.0,0,0,0,0,vip,0.5,0,0,0,0.0,0,True,1,0,0,6,Dynadot Inc,1,1,1,True,0,Let's Encrypt,86,False,,,0.2176
http://sp3ct-mavnik-biz8-kolqor-hufem.pages.dev/appeals/submit-appeal-form/return,sp3ct-mavnik-biz8-kolqor-hufem.pages.dev,1,81,4,2,2,4.5531,1,0,0,0,34,0,0,0.0,0,0,0,0,dev,0.5,0,0,0,0.0,0,True,2,1,0,,,0,0,0,True,0,Google Trust Services,82,False,,,0.2411
https://mzgql3a26vs-yfhcnmja-5d1e0f-mzg64c.pages.dev/welcome_aboard?welcome=1000045790640960,mzgql3a26vs-yfhcnmja-5d1e0f-mzg64c.pages.dev,1,92,3,2,8,4.5555,1,1,0,0,15,1,3,0.0,0,0,0,0,dev,0.5,0,0,0,0.0,0,True,2,1,0,,,0,0,0,True,0,Google Trust Services,86,False,,,0.2411
https://www.lifetime-markapplynow-bluebadge.surge.sh/,www.lifetime-markapplynow-bluebadge.surge.sh,1,53,2,3,0,4.2805,2,1,0,0,1,0,0,0.0,0,0,0,0,sh,0.5,0,0,0,0.0,0,True,1,0,0,,,0,0,0,False,0,,,False,,,0.2356
http://sp5ct-zanor-biz8-furem-lovik.pages.dev/appeals/submit-appeal-form/return,sp5ct-zanor-biz8-furem-lovik.pages.dev,1,79,4,2,2,4.4386,1,0,0,0,34,0,0,0.0,0,0,0,0,dev,0.5,0,0,0,0.0,0,True,2,1,0,,,0,0,0,True,0,Google Trust Services,83,False,,,0.2388
https://www.wall-node.com/blog/introducing-the-walletconnect-foundation.html,www.wall-node.com,1,76,1,2,0,3.2639,1,1,0,0,51,0,0,0.0833,1,0,1,0,com,0.15,1,0,0,0.0,0,False,0,0,0,3,"TUCOWS.COM, CO.",1,1,1,False,0,,,,,,0.1436
http://wundz.netlify.app/,wundz.netlify.app,1,25,0,2,0,3.7345,1,0,0,0,1,0,0,0.0833,1,0,1,0,app,0.35,1,0,0,0.0,0,True,2,1,0,,,0,0,0,True,0,DigiCert Inc,234,False,,,0.213
https://facebooklogin770.blogspot.com/?m=1,facebooklogin770.blogspot.com,1,42,0,2,3,3.9094,1,1,0,0,1,1,2,0.0,0,0,0,0,com,0.15,1,0,0,0.0,0,True,2,1,0,,,0,0,0,True,0,Google Trust Services,55,False,,,0.1232
https://www.roblox.com.ml/users/256741721387/profile,www.roblox.com.ml,1,52,0,3,0,3.0131,2,1,0,0,27,0,0,0.0,0,0,0,0,ml,0.93,1,0,0,0.0,0,True,1,0,0,,,0,0,0,True,0,Let's Encrypt,72,False,,,0.3393
https://deloitteresources.com/search?q=profile,deloitteresources.com,0,46,0,1,0,3.404,0,1,0,0,7,1,2,0.0,0,0,0,0,com,0.15,1,0,0,0.0,0,True,2,0,0,9054,"MarkMonitor, Inc.",0,0,1,False,0,,,,,,0.1131
https://psbc.com/about,psbc.com,0,22,0,1,0,2.75,0,1,0,0,6,0,0,0.1667,2,0,2,0,com,0.15,1,0,0,0.0,0,True,1,0,1,,,0,0,0,False,0,,,,,,0.1667
https://www.pima.gov/,www.pima.gov,0,21,0,2,0,3.0221,1,1,0,0,1,0,0,0.0833,1,0,1,0,gov,0.03,1,0,0,0.0,0,True,2,1,0,10526,get.gov,0,1,1,True,0,Let's Encrypt,53,False,,,0.1028
https://lunarclientcdn.com/blog/signup,lunarclientcdn.com,0,38,0,1,0,3.5305,0,1,0,0,12,0,0,0.0,0,0,0,0,com,0.15,1,0,0,0.0,0,False,0,0,0,2116,"Cloudflare, Inc.",0,1,1,False,0,,,,,,0.1156
https://sian.it/search?q=signup,sian.it,0,31,0,1,0,2.5216,0,1,0,0,7,1,2,0.0,0,0,0,0,it,0.5,0,0,0,0.0,0,False,0,0,1,9673,Telecom Italia s.p.a.,0,0,1,False,0,,,,,,0.2004
http://facebookloginapp.blogspot.com/?m=1,facebookloginapp.blogspot.com,1,41,0,2,0,3.7454,1,0,0,0,1,1,2,0.0,0,0,0,0,com,0.15,1,0,0,0.0,0,True,2,1,0,,,0,0,0,True,0,Google Trust Services,55,False,,,0.1199
http://www.y218u.xyz/wp-admin/pomo/update1/update1/,www.y218u.xyz,1,51,0,2,3,3.027,1,0,0,0,31,0,0,0.0,0,0,0,0,xyz,0.94,1,0,0,0.0,0,False,0,0,0,108,Gname.com Pte. Ltd.,0,1,1,False,0,,,,,,0.3425
http://basitgiris.one/,basitgiris.one,1,22,0,1,0,3.3249,0,0,0,0,1,0,0,0.0833,1,0,1,0,one,0.5,0,0,0,0.0,0,False,0,0,0,20,Dynadot Inc,1,1,1,False,0,,,,,,0.2498
http://immense-crimson-4bnmix7f.edgeone.dev/,immense-crimson-4bnmix7f.edgeone.dev,1,44,2,2,2,3.8848,1,0,0,0,1,0,0,0.0,0,0,0,0,dev,0.5,0,0,0,0.0,0,True,2,0,0,,,0,0,0,True,0,"DigiCert, Inc.",114,False,,,0.2277
http://vormela-gld-belqumi-c1x6dw94.pages.dev/appeals/submit-appeal-form/return,vormela-gld-belqumi-c1x6dw94.pages.dev,1,79,3,2,4,4.3989,1,0,0,0,34,0,0,0.0,0,0,0,0,dev,0.5,0,0,0,0.0,0,True,2,1,0,,,0,0,0,True,0,Google Trust Services,83,False,,,0.238
http://sp5ct-varek-biz8-fonil-mureq.pages.dev/appeals/submit-appeal-form/return,sp5ct-varek-biz8-fonil-mureq.pages.dev,1,79,4,2,2,4.4585,1,0,0,0,34,0,0,0.0,0,0,0,0,dev,0.5,0,0,0,0.0,0,True,2,1,0,,,0,0,0,True,0,Google Trust Services,83,False,,,0.2392
https://ntp-servers.net/,ntp-servers.net,0,24,1,1,0,3.0566,0,1,0,0,1,0,0,0.0,0,0,0,0,net,0.22,1,0,0,0.0,0,True,1,0,0,6752,REGTIME LTD.,0,0,1,True,0,Let's Encrypt,73,False,,,0.1271
https://gudfast.com,gudfast.com,0,19,0,1,0,3.4594,0,1,0,0,0,0,0,0.0,0,0,0,0,com,0.15,1,0,0,0.0,0,True,3,1,1,699,"GoDaddy.com, LLC",0,0,1,True,0,Google Trust Services,48,False,,,0.1142
http://alertmsnofiimatc.webcindario.com/,alertmsnofiimatc.webcindario.com,1,40,0,2,0,3.8431,1,0,0,0,1,0,0,0.0,0,0,0,0,com,0.15,1,0,0,0.0,0,True,1,0,0,9280,"TUCOWS.COM, CO.",0,1,1,True,0,Let's Encrypt,20,False,,,0.1219
https://www.official-apple.vercel.app/,www.official-apple.vercel.app,1,38,1,3,0,3.5554,2,1,0,0,1,0,0,0.0833,1,0,1,0,app,0.35,1,0,0,0.0,0,True,2,0,0,,,0,0,0,False,0,,,False,,,0.2094
http://facebook-source.blogspot.com/,facebook-source.blogspot.com,1,36,1,2,0,3.7979,1,0,0,0,1,0,0,0.0,0,0,0,0,com,0.15,1,0,0,0.0,0,True,2,1,0,,,0,0,0,True,0,Google Trust Services,55,False,,,0.121
http://ephemeral-dodol-4ba5d6.netlify.app/,ephemeral-dodol-4ba5d6.netlify.app,1,42,2,2,3,4.1163,1,0,0,0,1,0,0,0.0833,1,0,1,0,app,0.35,1,0,0,0.0,0,True,2,1,0,,,0,0,0,True,0,DigiCert Inc,234,False,,,0.2206
https://www.mobilize.us/,www.mobilize.us,0,24,0,2,0,3.3232,1,1,0,0,1,0,0,0.0,0,0,0,0,us,0.5,0,0,0,0.0,0,True,2,1,0,8054,Gandi SAS,0,0,1,True,0,Google Trust Services,49,False,,,0.2165
https://www.cyberlink.com/index_en_IN.html?r=1,www.cyberlink.com,0,46,0,2,0,3.5725,1,1,0,0,17,1,4,0.0,0,0,0,0,com,0.15,1,0,0,0.0,0,True,4,1,0,10549,"Network Solutions, LLC",0,0,1,True,0,Amazon,198,False,,,0.1164
https://cepcallao.org.pe/autentificado/,cepcallao.org.pe,0,39,0,2,0,3.125,1,1,0,0,15,0,0,0.0,0,0,0,0,pe,0.5,0,0,0,0.0,0,True,2,1,0,,KEY ? SYSTEMS GmbH,0,0,1,True,0,Google Trust Services,67,False,,,0.2125
https://xfinttythtty.weebly.com/,xfinttythtty.weebly.com,1,32,0,2,0,3.6381,1,1,0,0,1,0,0,0.0,0,0,0,0,com,0.15,1,0,0,0.0,0,True,2,0,0,7426,"MarkMonitor, Inc.",0,0,1,True,0,Let's Encrypt,42,False,,,0.1178
http://gizzimeramz.strangled.net/xverify/verify,gizzimeramz.strangled.net,1,47,0,2,0,3.6235,1,0,0,0,15,0,0,0.0,0,0,0,0,net,0.22,1,0,0,0.0,0,True,1,0,0,,,0,0,0,True,0,Let's Encrypt,70,False,,,0.1385
http://timely-mandazi-daee40.netlify.app/,timely-mandazi-daee40.netlify.app,1,41,2,2,2,3.87,1,0,0,0,1,0,0,0.0833,1,0,1,0,app,0.35,1,0,0,0.0,0,True,2,1,0,,,0,0,0,True,0,DigiCert Inc,234,False,,,0.2157
https://www.ofgem.gov.uk/,www.ofgem.gov.uk,0,25,0,3,0,3.1556,2,1,0,0,1,0,0,0.0833,1,0,1,0,uk,0.5,0,0,0,0.0,0,True,4,0,0,10953,No registrar listed.  This domain is directly registered with Nominet.,0,0,1,True,0,Let's Encrypt,66,False,,,0.2464
https://foxaholic.com,foxaholic.com,0,21,0,1,0,3.1808,0,1,0,0,0,0,0,0.0,0,0,0,0,com,0.15,1,0,0,0.0,0,True,2,1,1,2432,"eNom, LLC",0,0,1,True,0,Google Trust Services,87,False,,,0.1086
https://md7b-gdxh-11bq-uaixx.b-cdn.net/,md7b-gdxh-11bq-uaixx.b-cdn.net,1,39,4,2,3,3.9647,1,1,0,0,1,0,0,0.0,0,0,0,0,net,0.22,1,0,0,0.0,0,True,1,1,0,3745,"Name.com, Inc.",0,0,1,True,0,Sectigo Limited,106,False,,,0.1453
https://www.newsbytesapp.com/,www.newsbytesapp.com,0,29,0,2,0,3.5219,1,1,0,0,1,0,0,0.0,0,0,0,0,com,0.15,1,0,0,0.0,0,True,4,1,0,4122,BigRock Solutions Ltd.,0,1,1,True,0,DigiCert Inc,51,False,,,0.1154
https://www.tlc.com/,www.tlc.com,0,20,0,2,0,2.6635,1,1,0,0,1,0,0,0.0,0,0,0,0,com,0.15,1,0,0,0.0,0,True,2,1,0,10377,NOM-IQ Ltd dba Com Laude,0,0,1,True,0,DigiCert Inc,111,False,,,0.0983
https://www.yenisafak.com/,www.yenisafak.com,0,26,0,2,0,3.5725,1,1,0,0,1,0,0,0.0,0,0,0,0,com,0.15,1,0,0,0.0,0,True,1,0,0,10340,"GoDaddy.com, LLC",0,0,1,True,0,DigiCert Inc,8,False,,,0.1164
https://www.cht.com.tw/home/consumer/broadband/preferential/hinetupgrade,www.cht.com.tw,0,72,0,3,0,2.6106,2,1,0,0,50,0,0,0.0,0,0,0,0,tw,0.5,0,0,0,0.0,0,True,7,1,0,10679,HINET,0,0,1,True,0,"Chunghwa Telecom Co., Ltd.",171,False,,,0.2022
https://rainn.org,rainn.org,0,17,0,1,0,2.7255,0,1,0,0,0,0,0,0.0,0,0,0,0,org,0.1,1,0,0,0.0,0,True,2,1,1,10828,"Amazon Registrar, Inc.",0,0,1,True,0,Google Trust Services,43,False,,,0.0845
http://sp5ct-kariv-biz8-lurem-hosek.pages.dev/appeals/submit-appeal-form/return,sp5ct-kariv-biz8-lurem-hosek.pages.dev,1,79,4,2,2,4.3333,1,0,0,0,34,0,0,0.0,0,0,0,0,dev,0.5,0,0,0,0.0,0,True,2,1,0,,,0,0,0,True,0,Google Trust Services,83,False,,,0.2367
https://sp5ct-sarik-biz8-hurel-fonex.pages.dev/,sp5ct-sarik-biz8-hurel-fonex.pages.dev,1,47,4,2,2,4.4386,1,1,0,0,1,0,0,0.0,0,0,0,0,dev,0.5,0,0,0,0.0,0,True,2,1,0,,,0,0,0,True,0,Google Trust Services,83,False,,,0.2388
https://eu-official-suites.pages.dev/,eu-official-suites.pages.dev,1,37,2,2,0,3.8249,1,1,0,0,1,0,0,0.0,0,0,0,0,dev,0.5,0,0,0,0.0,0,True,2,1,0,,,0,0,0,True,0,Google Trust Services,50,False,,,0.2265
https://fiberworld.net.np,fiberworld.net.np,0,25,0,2,0,3.6169,1,1,0,0,0,0,0,0.0,0,0,0,0,np,0.5,0,0,0,0.0,0,True,1,0,1,,,0,0,0,True,0,Let's Encrypt,32,False,,,0.2223
http://www.submit-your-form-here.surge.sh/,www.submit-your-form-here.surge.sh,1,42,3,3,0,3.8366,2,0,0,0,1,0,0,0.0,0,0,0,0,sh,0.5,0,0,0,0.0,0,True,1,0,0,,,0,0,0,False,0,,,False,,,0.2267
https://www.hostingplus.cl/,www.hostingplus.cl,0,27,0,2,0,3.5724,1,1,0,0,1,0,0,0.0,0,0,0,0,cl,0.5,0,0,0,0.0,0,True,1,0,0,,NIC Chile,0,0,1,True,0,Let's Encrypt,51,False,,,0.2214
https://instagramlogin124.blogspot.com/,instagramlogin124.blogspot.com,1,39,0,2,3,3.9484,1,1,0,0,1,0,0,0.0,0,0,0,0,com,0.15,1,0,0,0.0,0,True,2,1,0,,,0,0,0,True,0,Google Trust Services,55,False,,,0.124
https://bandainamcoid.com,bandainamcoid.com,0,25,0,1,0,3.1019,0,1,0,0,0,0,0,0.0,0,0,0,0,com,0.15,1,0,0,0.0,0,True,2,0,0,5425,"GMO Internet, Inc.",0,1,1,True,0,Amazon,130,False,,,0.107
https://usgs.gov/blog/team,usgs.gov,0,26,0,1,0,2.5,0,1,0,0,10,0,0,0.0833,1,0,1,0,gov,0.03,1,0,0,0.0,0,False,0,0,1,10526,get.gov,0,1,1,False,0,,,,,,0.0923
https://ersjournals.com,ersjournals.com,0,23,0,1,0,3.5069,0,1,0,0,0,0,0,0.0,0,0,0,0,com,0.15,1,0,0,0.0,0,True,5,0,0,8151,"TUCOWS.COM, CO.",0,1,1,True,0,Google Trust Services,68,False,,,0.1151
https://www.sport.ru/,www.sport.ru,0,21,0,2,0,2.8554,1,1,0,0,1,0,0,0.0,0,0,0,0,ru,0.5,0,0,0,0.0,0,True,1,0,0,,,0,0,0,True,0,Let's Encrypt,82,False,,,0.2071
https://livewallpapers.com,livewallpapers.com,0,26,0,1,0,3.5724,0,1,0,0,0,0,0,0.0,0,0,0,0,com,0.15,1,0,0,0.0,0,True,3,1,1,2778,"NameCheap, Inc.",0,0,1,True,0,Google Trust Services,72,False,,,0.1164
http://csplaygems.com/z2HMDHDv,csplaygems.com,1,30,0,1,0,3.3788,0,0,0,0,9,0,0,0.0,0,0,0,0,com,0.15,1,0,0,0.0,0,True,2,1,0,,,0,0,0,True,0,Google Trust Services,71,False,,,0.1126
https://www.psychologies.com/,www.psychologies.com,0,29,0,2,0,3.5464,1,1,0,0,1,0,0,0.0,0,0,0,0,com,0.15,1,0,0,0.0,0,True,3,1,0,10402,GANDI SAS,0,0,1,True,0,Let's Encrypt,80,False,,,0.1159
http://xelzora-gld-belquna-a4x5hp81.pages.dev/appeals/submit-appeal-form/return,xelzora-gld-belquna-a4x5hp81.pages.dev,1,79,3,2,4,4.3135,1,0,0,0,34,0,0,0.0,0,0,0,0,dev,0.5,0,0,0,0.0,0,True,2,1,0,,,0,0,0,True,0,Google Trust Services,83,False,,,0.2363
https://otzovik.com,otzovik.com,0,19,0,1,0,3.0272,0,1,0,0,0,0,0,0.0,0,0,0,0,com,0.15,1,0,0,0.0,0,True,1,0,1,5963,REGTIME LTD.,0,0,1,True,0,Sectigo Limited,146,False,,,0.1055
https://www.wired.it/,www.wired.it,0,21,0,2,0,2.585,1,1,0,0,1,0,0,0.0,0,0,0,0,it,0.5,0,0,0,0.0,0,True,4,1,0,10086,"CSC Corporate Domains, Inc.",0,0,1,True,0,Amazon,198,False,,,0.2017
http://sp3ct-hesrik-biz8-qolvak-durem.pages.dev/appeals/submit-appeal-form/return,sp3ct-hesrik-biz8-qolvak-durem.pages.dev,1,81,4,2,2,4.4031,1,0,0,0,34,0,0,0.0,0,0,0,0,dev,0.5,0,0,0,0.0,0,True,2,1,0,,,0,0,0,True,0,Google Trust Services,82,False,,,0.2381
https://jimmobile.be,jimmobile.be,0,20,0,1,0,2.9183,0,1,0,0,0,0,0,0.0,0,0,0,0,be,0.5,0,0,0,0.0,0,True,4,1,1,8317,,0,0,1,True,0,Amazon,225,False,,,0.2084
https://treasurydep.icu/hkcqylzr/,treasurydep.icu,1,33,0,1,0,3.5069,0,1,0,0,10,0,0,0.0,0,0,0,0,icu,0.9,1,0,0,0.0,0,True,1,0,0,288,Gname.com Pte. Ltd.,0,1,1,True,0,Let's Encrypt,87,False,,,0.3401
https://www.espncricinfo.com/,www.espncricinfo.com,0,29,0,2,0,3.4464,1,1,0,0,1,0,0,0.0,0,0,0,0,com,0.15,1,0,0,0.0,0,True,4,1,0,,,0,0,0,True,0,DigiCert Inc,94,False,,,0.1139
https://www.golfgalaxy.com/,www.golfgalaxy.com,0,27,0,2,0,3.3502,1,1,0,0,1,0,0,0.0,0,0,0,0,com,0.15,1,0,0,0.0,0,True,2,0,0,,,0,0,0,True,0,Sectigo Limited,87,False,,,0.112
https://sg1932.craftum.io/,sg1932.craftum.io,1,26,0,2,4,3.9698,1,1,0,0,1,0,0,0.0,0,0,0,0,io,0.28,1,0,0,0.0,0,True,1,0,0,1937,"Regional Network Information Center, JSC dba RU-CENTER",0,0,1,True,0,GlobalSign nv-sa,144,False,,,0.1634
https://wisepops.com,wisepops.com,0,20,0,1,0,3.085,0,1,0,0,0,0,0,0.0,0,0,0,0,com,0.15,1,0,0,0.0,0,True,3,1,1,5014,GANDI SAS,0,0,1,True,0,Google Trust Services,69,False,,,0.1067
http://sp5ct-zavik-biz8-mureq-falon.pages.dev/,sp5ct-zavik-biz8-mureq-falon.pages.dev,1,46,4,2,2,4.4714,1,0,0,0,1,0,0,0.0,0,0,0,0,dev,0.5,0,0,0,0.0,0,True,2,1,0,,,0,0,0,True,0,Google Trust Services,83,False,,,0.2394
https://yhnuj73mjwr-gfvcdrel-0b7d9e-xj299a.pages.dev/,yhnuj73mjwr-gfvcdrel-0b7d9e-xj299a.pages.dev,1,53,3,2,8,4.5726,1,1,0,0,1,0,0,0.0,0,0,0,0,dev,0.5,0,0,0,0.0,0,True,2,1,0,,,0,0,0,True,0,Google Trust Services,83,False,,,0.2415
https://www.eldebate.com/,www.eldebate.com,0,25,0,2,0,3.2806,1,1,0,0,1,0,0,0.0,0,0,0,0,com,0.15,1,0,0,0.0,0,True,4,1,0,9737,Dinahosting s.l.,0,0,1,True,0,Amazon,107,False,,,0.1106
https://bipartisanpolicy.org,bipartisanpolicy.org,0,28,0,1,0,3.6842,0,1,0,0,0,0,0,0.0,0,0,0,0,org,0.1,1,0,0,0.0,0,True,3,1,1,7500,"GoDaddy.com, LLC",0,0,1,True,0,Google Trust Services,41,False,,,0.1037
https://ledgr-info-lo.pages.dev/,ledgr-info-lo.pages.dev,1,32,2,2,0,3.7951,1,1,0,0,1,0,0,0.0833,1,0,1,0,dev,0.5,0,0,0,0.0,0,True,2,1,0,,,0,0,0,True,0,Google Trust Services,63,False,,,0.2592
https://cpanel.site/products,cpanel.site,0,28,0,1,0,3.2776,0,1,0,0,9,0,0,0.1667,1,0,1,0,site,0.7,1,0,0,0.0,0,False,0,0,0,,,0,0,0,False,0,,,,,,0.3422
http://rainbow-sunburst-76fc1b.netlify.app/,rainbow-sunburst-76fc1b.netlify.app,1,43,2,2,3,4.2861,1,0,0,0,1,0,0,0.0833,1,0,1,0,app,0.35,1,0,0,0.0,0,True,2,1,0,,,0,0,0,True,0,DigiCert Inc,234,False,,,0.224
https://www.chehejia.com,www.chehejia.com,0,24,0,2,0,3.2028,1,1,0,0,0,0,0,0.0,0,0,0,0,com,0.15,1,0,0,0.0,0,True,1,0,0,4472,"Alibaba Cloud Computing (Beijing) Co., Ltd.",0,0,1,True,0,sslTrus,77,False,,,0.1091
http://sp3ct-furnor-biz8-kelqik-dasem.pages.dev/appeals/submit-appeal-form/return,sp3ct-furnor-biz8-kelqik-dasem.pages.dev,1,81,4,2,2,4.4531,1,0,0,0,34,0,0,0.0,0,0,0,0,dev,0.5,0,0,0,0.0,0,True,2,1,0,,,0,0,0,True,0,Google Trust Services,82,False,,,0.2391
https://olm.vn,olm.vn,0,14,0,1,0,2.585,0,1,0,0,0,0,0,0.0,0,0,0,0,vn,0.5,0,0,0,0.0,0,True,3,1,1,,,0,0,0,True,0,Google Trust Services,68,False,,,0.2017
http://sp5ct-hurek-biz8-varem-lonix.pages.dev/appeals/submit-appeal-form/return,sp5ct-hurek-biz8-varem-lonix.pages.dev,1,79,4,2,2,4.4585,1,0,0,0,34,0,0,0.0,0,0,0,0,dev,0.5,0,0,0,0.0,0,True,2,1,0,,,0,0,0,True,0,Google Trust Services,83,False,,,0.2392
https://gannettinnovation.com,gannettinnovation.com,0,29,0,1,0,3.1962,0,1,0,0,0,0,0,0.0,0,0,0,0,com,0.15,1,0,0,0.0,0,True,4,0,0,5799,"GoDaddy Corporate Domains, LLC",0,0,1,True,0,Let's Encrypt,84,False,,,0.1089
https://alk.com/blog/profile,alk.com,0,28,0,1,0,2.8074,0,1,0,0,13,0,0,0.0,0,0,0,0,com,0.15,1,0,0,0.0,0,True,1,0,1,12068,"GoDaddy.com, LLC",0,0,1,False,0,,,,,,0.1011
https://www.zaiim.com/,www.zaiim.com,0,22,0,2,0,2.8731,1,1,0,0,1,0,0,0.0,0,0,0,0,com,0.15,1,0,0,0.0,0,True,2,1,0,,,0,0,0,True,0,Google Trust Services,62,False,,,0.1025
https://mainnameserver.com/support/contact,mainnameserver.com,0,42,0,1,0,3.3083,0,1,0,0,16,0,0,0.0,0,0,0,0,com,0.15,1,0,0,0.0,0,False,0,0,1,8486,GANDI SAS,0,0,1,False,0,,,,,,0.1112
https://sfndns.cn/blog/signup,sfndns.cn,0,29,0,1,0,2.4194,0,1,0,0,12,0,0,0.0,0,0,0,0,cn,0.5,0,0,0,0.0,0,False,0,0,0,2923,北京国科云计算技术有限公司（原北京中科三方网络技术有限公司）,0,0,1,False,0,,,,,,0.1984
https://iot-dns.com/blog/pricing,iot-dns.com,0,32,1,1,0,3.2776,0,1,0,0,13,0,0,0.0833,1,0,1,0,com,0.15,1,0,0,0.0,0,False,0,0,0,2636,"DNSPod, Inc.",0,0,1,False,0,,,,,,0.1439
https://hivebedrock.network/search?q=docs,hivebedrock.network,0,41,0,1,0,3.6819,0,1,0,0,7,1,2,0.0,0,0,0,0,network,0.5,0,0,0,0.0,0,True,5,0,0,,,0,0,0,False,0,,,,,,0.2236
https://poizdato.net,poizdato.net,0,20,0,1,0,3.2516,0,1,0,0,0,0,0,0.0,0,0,0,0,net,0.22,1,0,0,0.0,0,True,2,1,1,3167,"NameCheap, Inc.",0,0,1,True,0,Google Trust Services,64,False,,,0.131
https://blr.com,blr.com,0,15,0,1,0,2.8074,0,1,0,0,0,0,0,0.0,0,0,0,0,com,0.15,1,0,0,0.0,0,True,2,0,1,11492,"Register.com - Network Solutions, LLC",0,0,1,True,0,Amazon,226,False,,,0.1011
https://www.topcashback.co.uk/,www.topcashback.co.uk,0,30,0,3,0,3.4273,2,1,0,0,1,0,0,0.0,0,0,0,0,uk,0.5,0,0,0,0.0,0,True,4,0,0,7685,123-Reg Limited t/a 123-reg [Tag = 123-REG],0,0,1,True,0,Amazon,112,False,,,0.2185
https://vogueplay.com,vogueplay.com,0,21,0,1,0,3.5466,0,1,0,0,0,0,0,0.0,0,0,0,0,com,0.15,1,0,0,0.0,0,True,2,1,0,4654,Key-Systems GmbH,0,1,1,True,0,Google Trust Services,45,False,,,0.1159
http://new-bridge.typedream.app/,new-bridge.typedream.app,1,32,1,2,0,3.7202,1,0,0,0,1,0,0,0.0833,1,0,1,0,app,0.35,1,0,0,0.0,0,True,2,0,0,,,0,0,0,True,0,Google Trust Services,88,False,,,0.2127
http://qtwiz34bfrn-vlypx65skru-9d6c1f-tdr3a.pages.dev/,qtwiz34bfrn-vlypx65skru-9d6c1f-tdr3a.pages.dev,1,54,3,2,8,4.7787,1,0,0,0,1,0,0,0.0,0,0,0,0,dev,0.5,0,0,0,0.0,0,True,2,1,0,,,0,0,0,True,0,Google Trust Services,81,False,,,0.2456
https://sp3ct-vorkin-biz8-masel-jorun.pages.dev/,sp3ct-vorkin-biz8-masel-jorun.pages.dev,1,48,4,2,2,4.4262,1,1,0,0,1,0,0,0.0,0,0,0,0,dev,0.5,0,0,0,0.0,0,True,2,1,0,,,0,0,0,True,0,Google Trust Services,81,False,,,0.2385
https://www.robiox.com.py/games/920587237/Adopt-Me?privateServerLinkCode=639987113862875567381753651456,www.robiox.com.py,1,103,0,3,0,3.2484,2,1,0,0,25,1,2,0.0,0,0,0,0,py,0.5,0,0,0,0.0,0,True,1,0,0,,,0,0,0,True,0,Let's Encrypt,72,False,,,0.215
https://nationalgrid.com,nationalgrid.com,0,24,0,1,0,3.5,0,1,0,0,0,0,0,0.0,0,0,0,0,com,0.15,1,0,0,0.0,0,True,1,0,1,,,0,0,0,True,0,Let's Encrypt,81,False,,,0.115
https://www.edutopia.org/,www.edutopia.org,0,25,0,2,0,3.4528,1,1,0,0,1,0,0,0.0,0,0,0,0,org,0.1,1,0,0,0.0,0,True,8,1,0,8846,"Network Solutions, LLC",0,0,1,True,0,Amazon,130,False,,,0.0991
http://sp4ct-savron-biz8-lorex-fenik.pages.dev/,sp4ct-savron-biz8-lorex-fenik.pages.dev,1,47,4,2,2,4.343,1,0,0,0,1,0,0,0.0,0,0,0,0,dev,0.5,0,0,0,0.0,0,True,2,1,0,,,0,0,0,True,0,Google Trust Services,83,False,,,0.2369
http://sp3ct-selvak-biz8-fornik-darem.pages.dev/appeals/submit-appeal-form/return,sp3ct-selvak-biz8-fornik-darem.pages.dev,1,81,4,2,2,4.3342,1,0,0,0,34,0,0,0.0,0,0,0,0,dev,0.5,0,0,0,0.0,0,True,2,1,0,,,0,0,0,True,0,Google Trust Services,82,False,,,0.2367
https://www.taschen.com/en/,www.taschen.com,0,27,0,2,0,3.3232,1,1,0,0,4,0,0,0.0,0,0,0,0,com,0.15,1,0,0,0.0,0,True,2,1,0,11012,united domains AG,0,0,1,True,0,Let's Encrypt,23,False,,,0.1115
https://wilo.com/en/index.html,wilo.com,0,30,0,1,0,2.75,0,1,0,0,14,0,0,0.0,0,0,0,0,com,0.15,1,0,0,0.0,0,True,1,0,1,10890,united domains AG,0,0,1,True,0,DigiCert Inc,43,False,,,0.1
https://quickbooks.intuit.com/time-tracking/,quickbooks.intuit.com,0,44,0,2,0,3.4633,1,1,0,0,15,0,0,0.0,0,0,0,0,com,0.15,1,0,0,0.0,0,True,1,0,0,11847,"MarkMonitor, Inc.",0,0,1,True,0,DigiCert Inc,101,False,,,0.1143
https://www.wineenthusiast.com/,www.wineenthusiast.com,0,31,0,2,0,3.5503,1,1,0,0,1,0,0,0.0,0,0,0,0,com,0.15,1,0,0,0.0,0,True,4,1,0,10951,"GoDaddy.com, LLC",0,0,1,True,0,Let's Encrypt,60,False,,,0.116
https://jannyai.com,jannyai.com,0,19,0,1,0,3.0958,0,1,0,0,0,0,0,0.0,0,0,0,0,com,0.15,1,0,0,0.0,0,True,2,1,1,832,"Cloudflare, Inc.",0,0,1,True,0,Google Trust Services,83,False,,,0.1069
https://aida.de,aida.de,0,15,0,1,0,2.2359,0,1,0,0,0,0,0,0.0833,1,0,1,0,de,0.5,0,0,0,0.0,0,True,2,1,1,,,0,0,0,True,0,DigiCert Inc,188,False,,,0.228
http://s.team-tq.com/p/fhtb-mrgw/nwjrmgwv/,s.team-tq.com,1,42,1,2,0,3.2389,1,0,0,0,22,0,0,0.0,0,0,0,0,com,0.15,1,0,0,0.0,0,True,2,1,0,6,PDR Ltd. d/b/a PublicDomainRegistry.com,1,0,1,True,0,Google Trust Services,83,False,,,0.1098
http://xelquro-gld-belfora-c7k9dw43.pages.dev/appeals/submit-appeal-form/return,xelquro-gld-belfora-c7k9dw43.pages.dev,1,79,3,2,4,4.3989,1,0,0,0,34,0,0,0.0,0,0,0,0,dev,0.5,0,0,0,0.0,0,True,2,1,0,,,0,0,0,True,0,Google Trust Services,83,False,,,0.238
https://invisionsetup.com/profile/index.html,invisionsetup.com,0,44,0,1,0,3.4548,0,1,0,0,19,0,0,0.0,0,0,0,0,com,0.15,1,0,0,0.0,0,False,0,0,0,666,"Amazon Registrar, Inc.",0,0,1,False,0,,,,,,0.1141
https://ustaliy.ru,ustaliy.ru,0,18,0,1,0,3.1219,0,1,0,0,0,0,0,0.0,0,0,0,0,ru,0.5,0,0,0,0.0,0,True,1,0,1,3616,RU-CENTER-RU,0,0,1,True,0,Let's Encrypt,50,False,,,0.2124
https://awsdns-33.net/api/v1/status,awsdns-33.net,0,35,1,1,2,3.2389,0,1,0,0,14,0,0,0.0,0,0,0,0,net,0.22,1,0,0,0.0,0,False,0,0,0,5758,MarkMonitor Inc.,0,0,1,False,0,,,,,,0.1308
https://nintendo.net,nintendo.net,0,20,0,1,0,2.585,0,1,0,0,0,0,0,0.0,0,0,0,0,net,0.22,1,0,0,0.0,0,False,0,0,1,,,0,0,0,False,0,,,,,,0.1177
https://o365filtering.com/blog/news,o365filtering.com,0,35,0,1,3,3.8522,0,1,0,0,10,0,0,0.0,0,0,0,0,com,0.15,1,0,0,0.0,0,False,0,0,0,5527,NOM-IQ Ltd dba Com Laude,0,0,1,False,0,,,,,,0.122
https://hentaiforce.net,hentaiforce.net,0,23,0,1,0,3.3232,0,1,0,0,0,0,0,0.0,0,0,0,0,net,0.22,1,0,0,0.0,0,True,1,0,1,1717,GANDI SAS,0,0,1,True,0,Let's Encrypt,33,False,,,0.1325
https://geo-loadbalanced.com/blog/profile,geo-loadbalanced.com,0,41,1,1,0,3.4464,0,1,0,0,13,0,0,0.0,0,0,0,0,com,0.15,1,0,0,0.0,0,False,0,0,0,923,"TUCOWS.COM, CO.",0,1,1,False,0,,,,,,0.1139
https://www.vans.com/,www.vans.com,0,21,0,2,0,3.0221,1,1,0,0,1,0,0,0.0,0,0,0,0,com,0.15,1,0,0,0.0,0,True,2,0,0,10436,"MarkMonitor, Inc.",0,0,1,True,0,DigiCert Inc,176,False,,,0.1054
https://www.smore.com/,www.smore.com,0,22,0,2,0,2.8731,1,1,0,0,1,0,0,0.0,0,0,0,0,com,0.15,1,0,0,0.0,0,True,2,0,0,8513,"Amazon Registrar, Inc.",0,0,1,True,0,Google Trust Services,49,False,,,0.1025
https://www.nine.com.au/,www.nine.com.au,0,24,0,3,0,3.1396,2,1,0,0,1,0,0,0.0833,1,0,1,0,au,0.5,0,0,0,0.0,0,True,4,1,0,,Corporation Service Company (Aust) Pty Ltd,0,0,1,True,0,Sectigo Limited,158,False,,,0.2461
https://ipinfodb.com,ipinfodb.com,0,20,0,1,0,3.2516,0,1,0,0,0,0,0,0.0,0,0,0,0,com,0.15,1,0,0,0.0,0,True,2,1,1,6379,"GoDaddy.com, LLC",0,0,1,True,0,Google Trust Services,68,False,,,0.11
https://adworknow.com/about,adworknow.com,0,27,0,1,0,3.1808,0,1,0,0,6,0,0,0.0,0,0,0,0,com,0.15,1,0,0,0.0,0,False,0,0,0,21,Squarespace Domains II LLC,1,0,1,False,0,,,,,,0.1086
https://www.choiceadvantage.com/,www.choiceadvantage.com,0,32,0,2,0,3.6425,1,1,0,0,1,0,0,0.0,0,0,0,0,com,0.15,1,0,0,0.0,0,True,1,0,0,,,0,0,0,True,0,"GoDaddy.com, Inc.",123,False,,,0.1179
https://www.lavozdegalicia.es/,www.lavozdegalicia.es,0,30,0,2,0,3.5585,1,1,0,0,1,0,0,0.0,0,0,0,0,es,0.5,0,0,0,0.0,0,True,2,0,0,,,0,0,0,True,0,Sectigo Limited,88,False,,,0.2212
http://mateladepormhub.phemayameltahub.site/json-insight-trigger-inventory-diagnostic-journal,mateladepormhub.phemayameltahub.site,1,93,0,2,0,3.7608,1,0,0,0,50,0,0,0.1667,1,0,1,0,site,0.7,1,0,0,0.0,0,True,1,0,1,,,0,0,0,False,0,,,,,,0.3519
https://lipetsk.ru/account/settings,lipetsk.ru,0,35,0,1,0,3.3219,0,1,0,0,17,0,0,0.0,0,0,0,0,ru,0.5,0,0,0,0.0,0,True,1,0,1,10843,RU-CENTER-RU,0,0,1,False,0,,,,,,0.2164
https://site-qqywn2us1.godaddysites.com/,site-qqywn2us1.godaddysites.com,1,40,1,2,2,4.0911,1,1,0,0,1,0,0,0.1667,1,0,1,0,com,0.15,1,0,0,0.0,0,True,2,0,0,,,0,0,0,True,0,GoDaddy.com,165,False,,,0.1935
https://wowhead.com,wowhead.com,0,19,0,1,0,3.0958,0,1,0,0,0,0,0,0.0,0,0,0,0,com,0.15,1,0,0,0.0,0,True,4,0,1,,,0,0,0,True,0,Amazon,192,False,,,0.1069
https://www.ameritas.com/,www.ameritas.com,0,25,0,2,0,3.3278,1,1,0,0,1,0,0,0.0,0,0,0,0,com,0.15,1,0,0,0.0,0,True,1,0,0,,,0,0,0,False,0,,,,,,0.1116
https://www.planetrugby.com/,www.planetrugby.com,0,28,0,2,0,3.8924,1,1,0,0,1,0,0,0.0,0,0,0,0,com,0.15,1,0,0,0.0,0,True,8,1,0,,,0,0,0,True,0,Amazon,197,False,,,0.1228
https://mywire.org/login,mywire.org,0,24,0,1,0,3.1219,0,1,0,0,6,0,0,0.0,0,0,0,0,org,0.1,1,0,0,0.0,0,True,1,0,0,,,0,0,0,False,0,,,,,,0.0924
https://maariv.co.il,maariv.co.il,0,20,0,2,0,3.085,1,1,0,0,0,0,0,0.0,0,0,0,0,il,0.5,0,0,0,0.0,0,True,2,1,1,,,0,0,0,True,0,"GoDaddy.com, Inc.",58,False,,,0.2117
http://xelmora-gld-fentavi-p3t9dk61.pages.dev/appeals/submit-appeal-form/return,xelmora-gld-fentavi-p3t9dk61.pages.dev,1,79,3,2,4,4.3462,1,0,0,0,34,0,0,0.0,0,0,0,0,dev,0.5,0,0,0,0.0,0,True,2,1,0,,,0,0,0,False,0,,,,,,0.2369
http://sp4ct-yorex-biz8-navol-krexim.pages.dev/appeals/submit-appeal-form/return,sp4ct-yorex-biz8-navol-krexim.pages.dev,1,80,4,2,2,4.4136,1,0,0,0,34,0,0,0.0,0,0,0,0,dev,0.5,0,0,0,0.0,0,True,2,1,0,,,0,0,0,False,0,,,,,,0.2383
http://sp5ct-porik-biz8-hurem-falen.pages.dev/appeals/submit-appeal-form/return,sp5ct-porik-biz8-hurem-falen.pages.dev,1,79,4,2,2,4.4386,1,0,0,0,34,0,0,0.0,0,0,0,0,dev,0.5,0,0,0,0.0,0,True,2,1,0,,,0,0,0,False,0,,,,,,0.2388
https://uncysiante.com,uncysiante.com,0,22,0,1,0,3.5216,0,1,0,0,0,0,0,0.0,0,0,0,0,com,0.15,1,0,0,0.0,0,True,4,0,0,,,0,0,0,False,0,,,,,,0.1154
https://www.change.org/,www.change.org,0,23,0,2,0,3.182,1,1,0,0,1,0,0,0.0,0,0,0,0,org,0.1,1,0,0,0.0,0,True,8,0,0,,,0,0,0,False,0,,,,,,0.0936
http://www.amazon-clone-rukhaam.vercel.app/,www.amazon-clone-rukhaam.vercel.app,1,43,2,3,0,3.9329,2,0,0,0,1,0,0,0.1667,2,0,2,0,app,0.35,1,0,0,0.0,0,True,2,0,0,,,0,0,0,False,0,,,,,,0.2503
https://www.photoroom.com/,www.photoroom.com,0,26,0,2,0,2.8895,1,1,0,0,1,0,0,0.0,0,0,0,0,com,0.15,1,0,0,0.0,0,True,2,1,0,,,0,0,0,False,0,,,,,,0.1028
http://sp5ct-konex-biz8-vurek-salor.pages.dev/appeals/submit-appeal-form/return,sp5ct-konex-biz8-vurek-salor.pages.dev,1,79,4,2,2,4.3333,1,0,0,0,34,0,0,0.0,0,0,0,0,dev,0.5,0,0,0,0.0,0,True,2,1,0,,,0,0,0,False,0,,,,,,0.2367
https://garena.vercel.app/facebook.html,garena.vercel.app,1,39,0,2,0,3.1751,1,1,0,0,14,0,0,0.0833,1,0,1,0,app,0.35,1,0,0,0.0,0,True,2,0,0,,,0,0,0,False,0,,,,,,0.2018
http://www.insta-clone-smoky.vercel.app/,www.insta-clone-smoky.vercel.app,1,40,2,3,0,4.0542,2,0,0,0,1,0,0,0.0833,1,0,1,0,app,0.35,1,0,0,0.0,0,True,2,0,0,,,0,0,0,False,0,,,,,,0.2194
http://kml2e71kqo-kroptplos-4c6d0a-pli3x.pages.dev/,kml2e71kqo-kroptplos-4c6d0a-pli3x.pages.dev,1,51,3,2,7,4.5013,1,0,0,0,1,0,0,0.0,0,0,0,0,dev,0.5,0,0,0,0.0,0,False,0,0,0,,,0,0,0,False,0,,,,,,0.24
https://allmylinks.com,allmylinks.com,0,22,0,1,0,3.3249,0,1,0,0,0,0,0,0.0,0,0,0,0,com,0.15,1,0,0,0.0,0,False,0,0,0,,,0,0,0,False,0,,,,,,0.1115
https://www.coinbaseverify.vercel.app/,www.coinbaseverify.vercel.app,1,38,0,3,0,3.8404,2,1,0,0,1,0,0,0.0833,1,0,1,0,app,0.35,1,0,0,0.0,0,False,0,0,0,,,0,0,0,False,0,,,,,,0.2151
https://manghaha.com,manghaha.com,0,20,0,1,0,2.8554,0,1,0,0,0,0,0,0.0,0,0,0,0,com,0.15,1,0,0,0.0,0,False,0,0,0,,,0,0,0,False,0,,,,,,0.1021
https://www.storeboard.com/,www.storeboard.com,0,27,0,2,0,3.4194,1,1,0,0,1,0,0,0.0,0,0,0,0,com,0.15,1,0,0,0.0,0,False,0,0,0,,,0,0,0,False,0,,,,,,0.1134
https://roblox.et/communities/6946372401/avatar-designers,roblox.et,1,57,0,1,0,2.9477,0,1,0,0,40,0,0,0.0,0,0,0,0,et,0.5,0,0,0,0.0,0,False,0,0,0,,,0,0,0,False,0,,,,,,0.209
https://www.uni-koblenz.de/de,www.uni-koblenz.de,0,29,1,2,0,3.5724,1,1,0,0,3,0,0,0.3333,3,0,3,0,de,0.5,0,0,0,0.0,0,False,0,0,0,,,0,0,0,False,0,,,,,,0.3548
http://xelvora-gld-felxora-c6x2hp79.pages.dev/,xelvora-gld-felxora-c6x2hp79.pages.dev,1,46,3,2,4,4.1685,1,0,0,0,1,0,0,0.0,0,0,0,0,dev,0.5,0,0,0,0.0,0,False,0,0,0,,,0,0,0,False,0,,,,,,0.2334
https://www.sercanto.com/,www.sercanto.com,0,25,0,2,0,3.3278,1,1,0,0,1,0,0,0.0,0,0,0,0,com,0.15,1,0,0,0.0,0,False,0,0,0,,,0,0,0,False,0,,,,,,0.1116
https://www.roblox.com.am/games/920587237/Adopt-Me?privateServerLinkCode=670247462247021658662775494335,www.roblox.com.am,1,103,0,3,0,3.1307,2,1,0,0,25,1,2,0.0,0,0,0,0,am,0.5,0,0,0,0.0,0,False,0,0,0,,,0,0,0,False,0,,,,,,0.2126
https://afrinic.net,afrinic.net,0,19,0,1,0,3.0958,0,1,0,0,0,0,0,0.0,0,0,0,0,net,0.22,1,0,0,0.0,0,False,0,0,0,,,0,0,0,False,0,,,,,,0.1279
http://xelzora-gld-belxemi-c2x3hp92.pages.dev/appeals/submit-appeal-form/return,xelzora-gld-belxemi-c2x3hp92.pages.dev,1,79,3,2,4,4.2512,1,0,0,0,34,0,0,0.0,0,0,0,0,dev,0.5,0,0,0,0.0,0,False,0,0,0,,,0,0,0,False,0,,,,,,0.235
http://recipes07-66c6f6b7721f.herokuapp.com/,recipes07-66c6f6b7721f.herokuapp.com,1,44,1,2,10,4.1972,1,0,0,0,1,0,0,0.0,0,0,0,0,com,0.15,1,0,0,0.0,0,False,0,0,0,,,0,0,0,False,0,,,,,,0.1289
https://pegaixa.sbs/offer/,pegaixa.sbs,1,26,0,1,0,3.0958,0,1,0,0,7,0,0,0.25,2,0,2,0,sbs,0.5,0,0,0,0.0,0,False,0,0,0,,,0,0,0,False,0,,,,,,0.3119
https://stumbleupon.com,stumbleupon.com,0,23,0,1,0,3.5069,0,1,0,0,0,0,0,0.0,0,0,0,0,com,0.15,1,0,0,0.0,0,False,0,0,0,,,0,0,0,False,0,,,,,,0.1151
https://help-us-secure-web-uphold-login.typedream.app/,help-us-secure-web-uphold-login.typedream.app,1,54,5,2,0,4.1088,1,1,0,0,1,0,0,0.4,3,0,3,1,app,0.35,1,0,0,0.0,0,False,0,0,0,,,0,0,0,False,0,,,,,,0.3472
http://bezzful-sherbet-5900d7-mny1204gff-2406wra.pages.dev/,bezzful-sherbet-5900d7-mny1204gff-2406wra.pages.dev,1,59,4,2,13,4.6457,1,0,0,0,1,0,0,0.0,0,0,0,0,dev,0.5,0,0,0,0.0,0,False,0,0,0,,,0,0,0,False,0,,,,,,0.2429
https://sp25ct7-forvex-biz-kamlor-felsik.pages.dev/,sp25ct7-forvex-biz-kamlor-felsik.pages.dev,1,51,4,2,3,4.422,1,1,0,0,1,0,0,0.1667,2,0,2,0,dev,0.5,0,0,0,0.0,0,False,0,0,0,,,0,0,0,False,0,,,,,,0.3051
https://suramericana.com,suramericana.com,0,24,0,1,0,3.3278,0,1,0,0,0,0,0,0.0,0,0,0,0,com,0.15,1,0,0,0.0,0,False,0,0,0,,,0,0,0,False,0,,,,,,0.1116
https://lastdodo.com,lastdodo.com,0,20,0,1,0,3.0221,0,1,0,0,0,0,0,0.0,0,0,0,0,com,0.15,1,0,0,0.0,0,False,0,0,0,,,0,0,0,False,0,,,,,,0.1054
http://aktiffkan-paylater.xll.my.id/,aktiffkan-paylater.xll.my.id,1,36,1,3,0,3.8249,2,0,0,0,1,0,0,0.0,0,0,0,0,id,0.5,0,0,0,0.0,0,False,0,0,0,,,0,0,0,False,0,,,,,,0.2265
https://spinsfest.com,spinsfest.com,0,21,0,1,0,3.3347,0,1,0,0,0,0,0,0.0,0,0,0,0,com,0.15,1,0,0,0.0,0,False,0,0,0,,,0,0,0,False,0,,,,,,0.1117
https://www.golfdigest.com/,www.golfdigest.com,0,27,0,2,0,3.5724,1,1,0,0,1,0,0,0.0,0,0,0,0,com,0.15,1,0,0,0.0,0,False,0,0,0,,,0,0,0,False,0,,,,,,0.1164
http://sp3ct-hesqen-biz8-morvik-ladep.pages.dev/appeals/submit-appeal-form/return,sp3ct-hesqen-biz8-morvik-ladep.pages.dev,1,81,4,2,2,4.3439,1,0,0,0,34,0,0,0.0,0,0,0,0,dev,0.5,0,0,0,0.0,0,False,0,0,0,,,0,0,0,False,0,,,,,,0.2369
https://php-web-server--mexicoeducation.replit.app/,php-web-server--mexicoeducation.replit.app,1,51,4,2,0,4.0916,1,1,0,0,1,0,0,0.3333,3,0,4,0,app,0.35,1,0,0,0.0,0,False,0,0,0,,,0,0,0,False,0,,,,,,0.3202
http://sp3ct-nervak-biz8-polqen-fudam.pages.dev/,sp3ct-nervak-biz8-polqen-fudam.pages.dev,1,48,4,2,2,4.4342,1,0,0,0,1,0,0,0.0,0,0,0,0,dev,0.5,0,0,0,0.0,0,False,0,0,0,,,0,0,0,False,0,,,,,,0.2387
https://facebookatofollower.blogspot.com/,facebookatofollower.blogspot.com,1,41,0,2,0,3.6639,1,1,0,0,1,0,0,0.0,0,0,0,0,com,0.15,1,0,0,0.0,0,False,0,0,0,,,0,0,0,False,0,,,,,,0.1183
https://sp4ct-harvurin-biz8-korel-madix.pages.dev/,sp4ct-harvurin-biz8-korel-madix.pages.dev,1,50,4,2,2,4.4546,1,1,0,0,1,0,0,0.0,0,0,0,0,dev,0.5,0,0,0,0.0,0,False,0,0,0,,,0,0,0,False,0,,,,,,0.2391
https://adtimaserver.vn/blog/signup,adtimaserver.vn,0,35,0,1,0,3.3736,0,1,0,0,12,0,0,0.0,0,0,0,0,vn,0.5,0,0,0,0.0,0,False,0,0,0,,,0,0,0,False,0,,,,,,0.2175
https://cafe24data.com,cafe24data.com,0,22,0,1,2,3.3249,0,1,0,0,0,0,0,0.0,0,0,0,0,com,0.15,1,0,0,0.0,0,False,0,0,0,,,0,0,0,False,0,,,,,,0.1115
https://ehq-birzhw-dlx-6lr-ait-pj13d.pages.dev/,ehq-birzhw-dlx-6lr-ait-pj13d.pages.dev,1,47,5,2,3,4.3237,1,1,0,0,1,0,0,0.0833,1,0,1,0,dev,0.5,0,0,0,0.0,0,False,0,0,0,,,0,0,0,False,0,,,,,,0.2698
https://wikimediafoundation.org,wikimediafoundation.org,0,31,0,1,0,3.7081,0,1,0,0,0,0,0,0.0,0,0,0,0,org,0.1,1,0,0,0.0,0,False,0,0,0,,,0,0,0,False,0,,,,,,0.1042
http://urlshort-linkmri0hvgk5adv.8go.workers.dev/site/elster-mein-i1xm7l,urlshort-linkmri0hvgk5adv.8go.workers.dev,1,72,1,3,3,4.269,2,0,0,0,24,0,0,0.0,0,0,0,0,dev,0.5,0,0,0,0.0,0,False,0,0,0,,,0,0,0,False,0,,,,,,0.2354
https://sewarsremeets.cfd/support/contact,sewarsremeets.cfd,0,41,0,1,0,3.2195,0,1,0,0,16,0,0,0.0,0,0,0,0,cfd,0.5,0,0,0,0.0,0,False,0,0,0,,,0,0,0,False,0,,,,,,0.2144
https://www.modanisa.com/en/,www.modanisa.com,0,28,0,2,0,3.2028,1,1,0,0,4,0,0,0.0,0,0,0,0,com,0.15,1,0,0,0.0,0,False,0,0,0,,,0,0,0,False,0,,,,,,0.1091
https://s4w.in/www-roblox-com-users-327216790154-profile,s4w.in,1,56,0,1,1,2.585,0,1,0,0,42,0,0,0.0833,1,0,1,0,in,0.2,1,0,0,0.0,0,False,0,0,0,,,0,0,0,False,0,,,,,,0.145
http://whatsapp-me.pc-chat-whatsapps.hi.cn/,whatsapp-me.pc-chat-whatsapps.hi.cn,1,43,3,3,0,3.5009,2,0,0,0,1,0,0,0.0,0,0,0,0,cn,0.5,0,0,0,0.0,0,False,0,0,0,,,0,0,0,False,0,,,,,,0.22
https://www.appcues.com/,www.appcues.com,0,24,0,2,0,3.1899,1,1,0,0,1,0,0,0.0,0,0,0,0,com,0.15,1,0,0,0.0,0,False,0,0,0,,,0,0,0,False,0,,,,,,0.1088
https://www.prnewswire.co.uk/,www.prnewswire.co.uk,0,29,0,3,0,3.3037,2,1,0,0,1,0,0,0.0,0,0,0,0,uk,0.5,0,0,0,0.0,0,False,0,0,0,,,0,0,0,False,0,,,,,,0.2161
https://g87365.com/,g87365.com,1,19,0,1,5,3.3219,0,1,0,0,1,0,0,0.0,0,0,0,0,com,0.15,1,0,0,0.0,0,False,0,0,0,,,0,0,0,False,0,,,,,,0.1114
https://www.roblox.ly/users/6645001536/profile,www.roblox.ly,1,46,0,2,0,2.8731,1,1,0,0,25,0,0,0.0,0,0,0,0,ly,0.5,0,0,0,0.0,0,False,0,0,0,,,0,0,0,False,0,,,,,,0.2075
https://3658friy59237.cc/,3658friy59237.cc,1,25,0,1,9,3.625,0,1,0,0,1,0,0,0.0,0,0,0,0,cc,0.5,0,0,0,0.0,0,False,0,0,0,,,0,0,0,False,0,,,,,,0.2225
https://prserv.net/about,prserv.net,0,24,0,1,0,2.9219,0,1,0,0,6,0,0,0.0,0,0,0,0,net,0.22,1,0,0,0.0,0,False,0,0,0,,,0,0,0,False,0,,,,,,0.1244
http://sp25ct7-elnor-biz-zarsen-homvik.pages.dev/,sp25ct7-elnor-biz-zarsen-homvik.pages.dev,1,49,4,2,3,4.4123,1,0,0,0,1,0,0,0.1667,2,0,2,0,dev,0.5,0,0,0,0.0,0,False,0,0,0,,,0,0,0,False,0,,,,,,0.3049
https://www.express.com/,www.express.com,0,24,0,2,0,3.1899,1,1,0,0,1,0,0,0.0,0,0,0,0,com,0.15,1,0,0,0.0,0,False,0,0,0,,,0,0,0,False,0,,,,,,0.1088
https://esi-prd.net/api/v1/status,esi-prd.net,0,33,1,1,0,3.2776,0,1,0,0,14,0,0,0.3333,4,0,4,0,net,0.22,1,0,0,0.0,0,False,0,0,0,,,0,0,0,False,0,,,,,,0.2649
http://sp3ct-nurqik-biz8-porsel-fidem.pages.dev/appeals/submit-appeal-form/return,sp3ct-nurqik-biz8-porsel-fidem.pages.dev,1,81,4,2,2,4.4153,1,0,0,0,34,0,0,0.0,0,0,0,0,dev,0.5,0,0,0,0.0,0,False,0,0,0,,,0,0,0,False,0,,,,,,0.2383
http://www.dksahib.rumahsakit.de/,www.dksahib.rumahsakit.de,1,33,0,3,0,3.6733,2,0,0,0,1,0,0,0.0,0,0,0,0,de,0.5,0,0,0,0.0,0,False,0,0,0,,,0,0,0,False,0,,,,,,0.2235
https://facebook-hack-accounts.blogspot.com/?m=1,facebook-hack-accounts.blogspot.com,1,48,2,2,0,3.8757,1,1,0,0,1,1,2,0.0,0,0,0,0,com,0.15,1,0,0,0.0,0,False,0,0,0,,,0,0,0,False,0,,,,,,0.1225
https://www.connexionfrance.com/,www.connexionfrance.com,0,32,0,2,0,3.3816,1,1,0,0,1,0,0,0.0,0,0,0,0,com,0.15,1,0,0,0.0,0,False,0,0,0,,,0,0,0,False,0,,,,,,0.1126
https://optima-telekom.hr/api/v1/status,optima-telekom.hr,0,39,1,1,0,3.6169,0,1,0,0,14,0,0,0.0,0,0,0,0,hr,0.5,0,0,0,0.0,0,False,0,0,0,,,0,0,0,False,0,,,,,,0.2223
https://pldwf57jnhw-qtzxv76olpw-9b0a8d-ltp12c.pages.dev/,pldwf57jnhw-qtzxv76olpw-9b0a8d-ltp12c.pages.dev,1,56,3,2,9,4.7244,1,1,0,0,1,0,0,0.0,0,0,0,0,dev,0.5,0,0,0,0.0,0,False,0,0,0,,,0,0,0,False,0,,,,,,0.2445
https://profound-sprinkles-ef78d2.netlify.app/index_,profound-sprinkles-ef78d2.netlify.app,1,52,2,2,3,4.1753,1,1,0,0,7,0,1,0.0833,1,0,1,0,app,0.35,1,0,0,0.0,0,False,0,0,0,,,0,0,0,False,0,,,,,,0.2218
http://vatendimentosbr.xyz/,vatendimentosbr.xyz,1,27,0,1,0,3.9321,0,0,0,0,1,0,0,0.0,0,0,0,0,xyz,0.94,1,0,0,0.0,0,False,0,0,0,,,0,0,0,False,0,,,,,,0.3606
https://carrierzone.com,carrierzone.com,0,23,0,1,0,3.1899,0,1,0,0,0,0,0,0.0,0,0,0,0,com,0.15,1,0,0,0.0,0,False,0,0,0,,,0,0,0,False,0,,,,,,0.1088
https://tmd1kdf4jc89.shares.zrok.io/law/SEUU/seu/page/index.php,tmd1kdf4jc89.shares.zrok.io,1,63,0,3,4,4.2084,2,1,0,0,28,0,0,0.0,0,0,0,0,io,0.28,1,0,0,0.0,0,False,0,0,0,,,0,0,0,False,0,,,,,,0.1682
https://cw.com.tw,cw.com.tw,0,17,0,2,0,2.5033,1,1,0,0,0,0,0,0.0,0,0,0,0,tw,0.5,0,0,0,0.0,0,False,0,0,0,,,0,0,0,False,0,,,,,,0.2001
https://daily.dev,daily.dev,0,17,0,1,0,2.9477,0,1,0,0,0,0,0,0.0,0,0,0,0,dev,0.5,0,0,0,0.0,0,False,0,0,0,,,0,0,0,False,0,,,,,,0.209
https://bpexch.com/Users/Login,bpexch.com,0,30,0,1,0,3.1219,0,1,0,0,12,0,0,0.0,0,0,0,0,com,0.15,1,0,0,0.0,0,False,0,0,0,,,0,0,0,False,0,,,,,,0.1074
https://citilink.ru,citilink.ru,0,19,0,1,0,3.0272,0,1,0,0,0,0,0,0.0,0,0,0,0,ru,0.5,0,0,0,0.0,0,False,0,0,0,,,0,0,0,False,0,,,,,,0.2105
https://www.lotteon.com/p/display/main/lotteon,www.lotteon.com,0,46,0,2,0,3.0062,1,1,0,0,23,0,0,0.0,0,0,0,0,com,0.15,1,0,0,0.0,0,False,0,0,0,,,0,0,0,False,0,,,,,,0.1051
https://utiitsl.com/about,utiitsl.com,0,25,0,1,0,3.0958,0,1,0,0,6,0,0,0.0,0,0,0,0,com,0.15,1,0,0,0.0,0,False,0,0,0,,,0,0,0,False,0,,,,,,0.1069
https://txt-transactions-esl.sbs/,txt-transactions-esl.sbs,1,33,2,1,0,3.5179,0,1,0,0,1,0,0,0.4167,4,0,4,0,sbs,0.5,0,0,0,0.0,0,False,0,0,0,,,0,0,0,False,0,,,,,,0.387
https://www.loria.fr/fr/,www.loria.fr,0,24,0,2,0,2.8554,1,1,0,0,4,0,0,0.0,0,0,0,0,fr,0.5,0,0,0,0.0,0,False,0,0,0,,,0,0,0,False,0,,,,,,0.2071
https://www.fcf.cat/,www.fcf.cat,0,20,0,2,0,2.4817,1,1,0,0,1,0,0,0.0,0,0,0,0,cat,0.5,0,0,0,0.0,0,False,0,0,0,,,0,0,0,False,0,,,,,,0.1996
https://www.mobil-deniz-promosyyon-bilgi-ekranim.theworkpc.com/,www.mobil-deniz-promosyyon-bilgi-ekranim.theworkpc.com,1,63,4,3,0,4.2338,2,1,0,0,1,0,0,0.0,0,0,0,0,com,0.15,1,0,0,0.0,0,False,0,0,0,,,0,0,0,False,0,,,,,,0.1297
https://hellosehat.com,hellosehat.com,0,22,0,1,0,3.2359,0,1,0,0,0,0,0,0.0,0,0,0,0,com,0.15,1,0,0,0.0,0,False,0,0,0,,,0,0,0,False,0,,,,,,0.1097
http://sp3ct-porvik-biz8-delqen-hosar.pages.dev/appeals/submit-appeal-form/return,sp3ct-porvik-biz8-delqen-hosar.pages.dev,1,81,4,2,2,4.3342,1,0,0,0,34,0,0,0.0,0,0,0,0,dev,0.5,0,0,0,0.0,0,False,0,0,0,,,0,0,0,False,0,,,,,,0.2367
https://gliacloud.com/en/,gliacloud.com,0,25,0,1,0,3.2389,0,1,0,0,4,0,0,0.0,0,0,0,0,com,0.15,1,0,0,0.0,0,False,0,0,0,,,0,0,0,False,0,,,,,,0.1098
https://selcdn.net/api/v1/status,selcdn.net,0,32,0,1,0,2.9219,0,1,0,0,14,0,0,0.0,0,0,0,0,net,0.22,1,0,0,0.0,0,False,0,0,0,,,0,0,0,False,0,,,,,,0.1244
http://facebookmail-facebook.blogspot.com/,facebookmail-facebook.blogspot.com,1,42,1,2,0,3.737,1,0,0,0,1,0,0,0.0,0,0,0,0,com,0.15,1,0,0,0.0,0,False,0,0,0,,,0,0,0,False,0,,,,,,0.1197
https://www.oppo.com/in/,www.oppo.com,0,24,0,2,0,2.4591,1,1,0,0,4,0,0,0.0833,1,0,1,0,com,0.15,1,0,0,0.0,0,False,0,0,0,,,0,0,0,False,0,,,,,,0.1275
http://trzurs-login.typedream.app/,trzurs-login.typedream.app,1,34,1,2,0,4.027,1,0,0,0,1,0,0,0.2333,1,0,1,1,app,0.35,1,0,0,0.0,0,False,0,0,0,,,0,0,0,False,0,,,,,,0.2789
https://www.oisrf.ru/,www.oisrf.ru,0,21,0,2,0,2.8554,1,1,0,0,1,0,0,0.0,0,0,0,0,ru,0.5,0,0,0,0.0,0,False,0,0,0,,,0,0,0,False,0,,,,,,0.2071
https://gun.deals,gun.deals,0,17,0,1,0,3.1699,0,1,0,0,0,0,0,0.0833,1,0,1,0,deals,0.5,0,0,0,0.0,0,False,0,0,0,,,0,0,0,False,0,,,,,,0.2467
https://www.aplicativosafra.com/,www.aplicativosafra.com,1,32,0,2,0,3.6212,1,1,0,0,1,0,0,0.0,0,0,0,0,com,0.15,1,0,0,0.0,0,False,0,0,0,,,0,0,0,False,0,,,,,,0.1174
https://www.xiaoe-tech.com/,www.xiaoe-tech.com,0,27,1,2,0,3.4613,1,1,0,0,1,0,0,0.0,0,0,0,0,com,0.15,1,0,0,0.0,0,False,0,0,0,,,0,0,0,False,0,,,,,,0.1142
https://foxtel.com.au/support/contact,foxtel.com.au,0,37,0,2,0,3.3927,1,1,0,0,16,0,0,0.0,0,0,0,0,au,0.5,0,0,0,0.0,0,False,0,0,0,,,0,0,0,False,0,,,,,,0.2179
http://bgrnd1ekq-phvjn98plos-2c4d9a-zby7w.pages.dev/,bgrnd1ekq-phvjn98plos-2c4d9a-zby7w.pages.dev,1,52,3,2,7,4.6635,1,0,0,0,1,0,0,0.0,0,0,0,0,dev,0.5,0,0,0,0.0,0,False,0,0,0,,,0,0,0,False,0,,,,,,0.2433
https://www.facebooklogin01.blogspot.com/,www.facebooklogin01.blogspot.com,1,41,0,3,2,3.9681,2,1,0,0,1,0,0,0.0,0,0,0,0,com,0.15,1,0,0,0.0,0,False,0,0,0,,,0,0,0,False,0,,,,,,0.1244
https://nation.co.ke/products,nation.co.ke,0,29,0,2,0,3.085,1,1,0,0,9,0,0,0.0,0,0,0,0,ke,0.5,0,0,0,0.0,0,False,0,0,0,,,0,0,0,False,0,,,,,,0.2117
https://kvint.io,kvint.io,0,16,0,1,0,2.75,0,1,0,0,0,0,0,0.0,0,0,0,0,io,0.28,1,0,0,0.0,0,False,0,0,0,,,0,0,0,False,0,,,,,,0.139
http://xelzavi-gld-zormeta-c7x2fc45.pages.dev/,xelzavi-gld-zormeta-c7x2fc45.pages.dev,1,46,3,2,4,4.3661,1,0,0,0,1,0,0,0.0,0,0,0,0,dev,0.5,0,0,0,0.0,0,False,0,0,0,,,0,0,0,False,0,,,,,,0.2373
https://lockervalue.top/,lockervalue.top,1,24,0,1,0,3.5069,0,1,0,0,1,0,0,0.0,0,0,0,0,top,0.9,1,0,0,0.0,0,False,0,0,0,,,0,0,0,False,0,,,,,,0.3401
https://k0rkkow.github.io/roblox/,k0rkkow.github.io,1,33,0,2,1,3.4548,1,1,0,0,8,0,0,0.0,0,0,0,0,io,0.28,1,0,0,0.0,0,False,0,0,0,,,0,0,0,False,0,,,,,,0.1531
https://www.liquidweb.com/,www.liquidweb.com,0,26,0,2,0,3.3816,1,1,0,0,1,0,0,0.0,0,0,0,0,com,0.15,1,0,0,0.0,0,False,0,0,0,,,0,0,0,False,0,,,,,,0.1126
http://sp5ct-varem-biz8-holix-traven.pages.dev/appeals/submit-appeal-form/return,sp5ct-varem-biz8-holix-traven.pages.dev,1,80,4,2,2,4.3236,1,0,0,0,34,0,0,0.0,0,0,0,0,dev,0.5,0,0,0,0.0,0,False,0,0,0,,,0,0,0,False,0,,,,,,0.2365
http://taupe-custard-6d4b9e.netlify.app/,taupe-custard-6d4b9e.netlify.app,1,40,2,2,3,4.1556,1,0,0,0,1,0,0,0.0833,1,0,1,0,app,0.35,1,0,0,0.0,0,False,0,0,0,,,0,0,0,False,0,,,,,,0.2214
https://flavii.ru,flavii.ru,0,17,0,1,0,2.9477,0,1,0,0,0,0,0,0.0,0,0,0,0,ru,0.5,0,0,0,0.0,0,False,0,0,0,,,0,0,0,False,0,,,,,,0.209
http://golden-pixie-981f3e.netlify.app/,golden-pixie-981f3e.netlify.app,1,39,2,2,4,4.0668,1,0,0,0,1,0,0,0.0833,1,0,1,0,app,0.35,1,0,0,0.0,0,False,0,0,0,,,0,0,0,False,0,,,,,,0.2197
https://cumlouder.com,cumlouder.com,0,21,0,1,0,3.0851,0,1,0,0,0,0,0,0.0,0,0,0,0,com,0.15,1,0,0,0.0,0,False,0,0,0,,,0,0,0,False,0,,,,,,0.1067
http://galyabet.app/,galyabet.app,1,20,0,1,0,3.0221,0,0,0,0,1,0,0,0.0833,1,0,1,0,app,0.35,1,0,0,0.0,0,False,0,0,0,,,0,0,0,False,0,,,,,,0.1988
https://nab.364741.cc/au/rewards,nab.364741.cc,1,32,0,2,6,3.2389,1,1,0,0,11,0,0,0.0833,1,0,1,0,cc,0.5,0,0,0,0.0,0,False,0,0,0,,,0,0,0,False,0,,,,,,0.2481
https://www.arts.gov/,www.arts.gov,0,21,0,2,0,3.0221,1,1,0,0,1,0,0,0.0833,1,0,1,0,gov,0.03,1,0,0,0.0,0,False,0,0,0,,,0,0,0,False,0,,,,,,0.1028
http://sp3ct-vesnik-biz8-parqor-hufad.pages.dev/appeals/submit-appeal-form/return,sp3ct-vesnik-biz8-parqor-hufad.pages.dev,1,81,4,2,2,4.3964,1,0,0,0,34,0,0,0.0,0,0,0,0,dev,0.5,0,0,0,0.0,0,False,0,0,0,,,0,0,0,False,0,,,,,,0.2379
https://ljm.chi.mybluehost.me/css/,ljm.chi.mybluehost.me,1,34,0,3,0,3.6538,2,1,0,0,5,0,0,0.25,2,0,3,0,me,0.5,0,0,0,0.0,0,False,0,0,0,,,0,0,0,False,0,,,,,,0.3231
http://sp5ct-qurex-biz8-vanik-lemor.pages.dev/,sp5ct-qurex-biz8-vanik-lemor.pages.dev,1,46,4,2,2,4.4585,1,0,0,0,1,0,0,0.0,0,0,0,0,dev,0.5,0,0,0,0.0,0,False,0,0,0,,,0,0,0,False,0,,,,,,0.2392
http://tiktok.appverfiy.link/blue-tick/,tiktok.appverfiy.link,1,39,0,2,0,3.6538,1,0,0,0,11,0,0,0.0,0,0,0,0,link,0.85,1,0,0,0.0,0,False,0,0,0,,,0,0,0,False,0,,,,,,0.3281
http://maxispointsredemption.us.cc/4g/home.html,maxispointsredemption.us.cc,1,47,0,2,0,3.8101,1,0,0,0,13,0,0,0.0,0,0,0,0,cc,0.5,0,0,0,0.0,0,False,0,0,0,,,0,0,0,False,0,,,,,,0.2262
https://crwdcntrl.net/search?q=update,crwdcntrl.net,0,37,0,1,0,3.0851,0,1,0,0,7,1,2,0.0,0,0,0,0,net,0.22,1,0,0,0.0,0,False,0,0,0,,,0,0,0,False,0,,,,,,0.1277
https://felfecirdom.co/,felfecirdom.co,1,23,0,1,0,3.2359,0,1,0,0,1,0,0,0.0,0,0,0,0,co,0.3,1,0,0,0.0,0,False,0,0,0,,,0,0,0,False,0,,,,,,0.1547
https://cymbal-bet365.com.cn/,cymbal-bet365.com.cn,1,29,1,2,3,3.7842,1,1,0,0,1,0,0,0.0,0,0,0,0,cn,0.5,0,0,0,0.0,0,False,0,0,0,,,0,0,0,False,0,,,,,,0.2257
http://sp29ct-hesqor-biz-lantik-fovsel.pages.dev/,sp29ct-hesqor-biz-lantik-fovsel.pages.dev,1,49,4,2,2,4.3819,1,0,0,0,1,0,0,0.1667,2,0,2,0,dev,0.5,0,0,0,0.0,0,False,0,0,0,,,0,0,0,False,0,,,,,,0.3043
https://www.usga.org/,www.usga.org,0,21,0,2,0,2.8554,1,1,0,0,1,0,0,0.0,0,0,0,0,org,0.1,1,0,0,0.0,0,False,0,0,0,,,0,0,0,False,0,,,,,,0.0871
http://findgps.world/jCu/3ZBx,findgps.world,1,29,0,1,0,3.5466,0,0,0,0,9,0,0,0.0,0,0,0,0,world,0.5,0,0,0,0.0,0,False,0,0,0,,,0,0,0,False,0,,,,,,0.2209
http://vronz-kflyp-xplorq-4b93fc-mrkt-zorgon.pages.dev/,vronz-kflyp-xplorq-4b93fc-mrkt-zorgon.pages.dev,1,55,5,2,3,4.483,1,0,0,0,1,0,0,0.0,0,0,0,0,dev,0.5,0,0,0,0.0,0,False,0,0,0,,,0,0,0,False,0,,,,,,0.2397
https://stariidata.com/login,stariidata.com,0,28,0,1,0,3.182,0,1,0,0,6,0,0,0.0,0,0,0,0,com,0.15,1,0,0,0.0,0,False,0,0,0,,,0,0,0,False,0,,,,,,0.1086
http://solucr83u.webcindario.com/,solucr83u.webcindario.com,1,33,0,2,2,3.9435,1,0,0,0,1,0,0,0.0,0,0,0,0,com,0.15,1,0,0,0.0,0,False,0,0,0,,,0,0,0,False,0,,,,,,0.1239
https://wfwf451.com/blog/signup,wfwf451.com,0,31,0,1,3,3.0958,0,1,0,0,12,0,0,0.0,0,0,0,0,com,0.15,1,0,0,0.0,0,False,0,0,0,,,0,0,0,False,0,,,,,,0.1069
https://musics-fa.com,musics-fa.com,0,21,1,1,0,3.2389,0,1,0,0,0,0,0,0.0,0,0,0,0,com,0.15,1,0,0,0.0,0,False,0,0,0,,,0,0,0,False,0,,,,,,0.1098
https://thechapblog.com,thechapblog.com,0,23,0,1,0,3.5069,0,1,0,0,0,0,0,0.0,0,0,0,0,com,0.15,1,0,0,0.0,0,False,0,0,0,,,0,0,0,False,0,,,,,,0.1151
https://bookcdn.com,bookcdn.com,0,19,0,1,0,2.8454,0,1,0,0,0,0,0,0.0,0,0,0,0,com,0.15,1,0,0,0.0,0,False,0,0,0,,,0,0,0,False,0,,,,,,0.1019
https://www.facebooklogin123123.blogspot.com/,www.facebooklogin123123.blogspot.com,1,45,0,3,6,4.086,2,1,0,0,1,0,0,0.0,0,0,0,0,com,0.15,1,0,0,0.0,0,False,0,0,0,,,0,0,0,False,0,,,,,,0.1267
https://vo.la/saKvUR9,vo.la,1,21,0,1,0,2.3219,0,1,0,0,8,0,0,0.0,0,0,0,0,la,0.5,0,0,0,0.0,0,False,0,0,0,,,0,0,0,False,0,,,,,,0.1964
https://www.verizon.com/,www.verizon.com,0,24,0,2,0,3.3232,1,1,0,0,1,0,0,0.0,0,0,0,0,com,0.15,1,0,0,0.0,0,False,0,0,0,,,0,0,0,False,0,,,,,,0.1115
https://apartmentfinder.com,apartmentfinder.com,0,27,0,1,0,3.6163,0,1,0,0,0,0,0,0.0,0,0,0,0,com,0.15,1,0,0,0.0,0,False,0,0,0,,,0,0,0,False,0,,,,,,0.1173
https://papacambridge.com,papacambridge.com,0,25,0,1,0,3.4548,0,1,0,0,0,0,0,0.0,0,0,0,0,com,0.15,1,0,0,0.0,0,False,0,0,0,,,0,0,0,False,0,,,,,,0.1141
https://schwab.tech/help/index.html,schwab.tech,0,35,0,1,0,3.0958,0,1,0,0,16,0,0,0.0,0,0,0,0,tech,0.5,0,0,0,0.0,0,False,0,0,0,,,0,0,0,False,0,,,,,,0.2119
http://sp5ct-zorem-biz8-vanik-lurex.pages.dev/appeals/submit-appeal-form/return,sp5ct-zorem-biz8-vanik-lurex.pages.dev,1,79,4,2,2,4.4058,1,0,0,0,34,0,0,0.0,0,0,0,0,dev,0.5,0,0,0,0.0,0,False,0,0,0,,,0,0,0,False,0,,,,,,0.2381
https://priya-2304.github.io/Bootcamp-Day2/,priya-2304.github.io,1,43,1,2,4,3.9842,1,1,0,0,15,0,0,0.0,0,0,0,0,io,0.28,1,0,0,0.0,0,False,0,0,0,,,0,0,0,False,0,,,,,,0.1637
https://robiox.com.ua/users/7014957238/profile,robiox.com.ua,1,46,0,2,0,3.1808,1,1,0,0,25,0,0,0.0,0,0,0,0,ua,0.5,0,0,0,0.0,0,False,0,0,0,,,0,0,0,False,0,,,,,,0.2136
http://mateladepormhub.phemayameltahub.site/overhead-orchestrate-purpose-sensor-migrate-restrict-fault,mateladepormhub.phemayameltahub.site,1,102,0,2,0,3.7608,1,0,0,0,59,0,0,0.1667,1,0,1,0,site,0.7,1,0,0,0.0,0,False,0,0,0,,,0,0,0,False,0,,,,,,0.3519
https://siiiiir.tv,siiiiir.tv,0,18,0,1,0,2.161,0,1,0,0,0,0,0,0.0,0,0,0,0,tv,0.5,0,0,0,0.0,0,False,0,0,0,,,0,0,0,False,0,,,,,,0.1932
http://www.kucoinloggne.godaddysites.com/,www.kucoinloggne.godaddysites.com,1,41,0,3,0,3.9226,2,0,0,0,1,0,0,0.0,0,0,0,0,com,0.15,1,0,0,0.0,0,False,0,0,0,,,0,0,0,False,0,,,,,,0.1235
http://sp3ct-forsak-biz8-lenqor-hidem.pages.dev/appeals/submit-appeal-form/return,sp3ct-forsak-biz8-lenqor-hidem.pages.dev,1,81,4,2,2,4.4531,1,0,0,0,34,0,0,0.0,0,0,0,0,dev,0.5,0,0,0,0.0,0,False,0,0,0,,,0,0,0,False,0,,,,,,0.2391
https://lavishahuria8.github.io/Netflix-Clone/,lavishahuria8.github.io,1,46,0,2,1,3.5884,1,1,0,0,15,0,0,0.0,0,0,0,0,io,0.28,1,0,0,0.0,0,False,0,0,0,,,0,0,0,False,0,,,,,,0.1558
https://www.helsinki.fi/en,www.helsinki.fi,0,26,0,2,0,3.1396,1,1,0,0,3,0,0,0.0,0,0,0,0,fi,0.5,0,0,0,0.0,0,False,0,0,0,,,0,0,0,False,0,,,,,,0.2128
https://grigorik.com/about,grigorik.com,0,26,0,1,0,2.9183,0,1,0,0,6,0,0,0.0,0,0,0,0,com,0.15,1,0,0,0.0,0,False,0,0,0,,,0,0,0,False,0,,,,,,0.1034
http://sp3ct-velqas-biz8-parnik-husod.pages.dev/appeals/submit-appeal-form/return,sp3ct-velqas-biz8-parnik-husod.pages.dev,1,81,4,2,2,4.3653,1,0,0,0,34,0,0,0.25,1,1,0,0,dev,0.5,0,0,0,0.0,0,False,0,0,0,,,0,0,0,False,0,,,,,,0.3373
https://backmarket.com/api/v1/status,backmarket.com,0,36,0,1,0,3.2359,0,1,0,0,14,0,0,0.0,0,0,0,0,com,0.15,1,0,0,0.0,0,False,0,0,0,,,0,0,0,False,0,,,,,,0.1097
http://www.istore-maps.co/link/YM80/,www.istore-maps.co,1,36,1,2,0,3.5724,1,0,0,0,11,0,0,0.0,0,0,0,0,co,0.3,1,0,0,0.0,0,False,0,0,0,,,0,0,0,False,0,,,,,,0.1614
http://sp5ct-ronik-biz8-falem-vurex.pages.dev/,sp5ct-ronik-biz8-falem-vurex.pages.dev,1,46,4,2,2,4.4585,1,0,0,0,1,0,0,0.0,0,0,0,0,dev,0.5,0,0,0,0.0,0,False,0,0,0,,,0,0,0,False,0,,,,,,0.2392
https://www.toobit.com/,www.toobit.com,0,23,0,2,0,2.8424,1,1,0,0,1,0,0,0.0,0,0,0,0,com,0.15,1,0,0,0.0,0,False,0,0,0,,,0,0,0,False,0,,,,,,0.1018
https://broad-cloud-1799.richardwilsontunh63745.workers.dev/help,broad-cloud-1799.richardwilsontunh63745.workers.dev,1,64,2,3,9,4.528,2,1,0,0,5,0,0,0.0,0,0,0,0,dev,0.5,0,0,0,0.0,0,False,0,0,0,,,0,0,0,False,0,,,,,,0.2406
https://www.shortchall.com/,www.shortchall.com,0,27,0,2,0,3.3502,1,1,0,0,1,0,0,0.0,0,0,0,0,com,0.15,1,0,0,0.0,0,False,0,0,0,,,0,0,0,False,0,,,,,,0.112
https://pldwf993lk-qtzxvaplx-9a2d0e-ltp62c.pages.dev/,pldwf993lk-qtzxvaplx-9a2d0e-ltp62c.pages.dev,1,53,3,2,8,4.3282,1,1,0,0,1,0,0,0.0,0,0,0,0,dev,0.5,0,0,0,0.0,0,False,0,0,0,,,0,0,0,False,0,,,,,,0.2366
http://snhgj9bvzkb-pldwf38ltpt-5a2b8f-mk419d.pages.dev/,snhgj9bvzkb-pldwf38ltpt-5a2b8f-mk419d.pages.dev,1,55,3,2,9,4.6393,1,0,0,0,1,0,0,0.0,0,0,0,0,dev,0.5,0,0,0,0.0,0,False,0,0,0,,,0,0,0,False,0,,,,,,0.2428
https://carsbidshistory.com,carsbidshistory.com,0,27,0,1,0,3.5766,0,1,0,0,0,0,0,0.25,1,1,0,0,com,0.15,1,0,0,0.0,0,False,0,0,0,,,0,0,0,False,0,,,,,,0.2165
https://shaiksameerss9124.github.io/Amazon-Clone-FrontEnd/,shaiksameerss9124.github.io,1,58,0,2,4,3.9862,1,1,0,0,23,0,0,0.0,0,0,0,0,io,0.28,1,0,0,0.0,0,False,0,0,0,,,0,0,0,False,0,,,,,,0.1637
http://account-instagram.vercel.app/,account-instagram.vercel.app,1,36,1,2,0,3.9233,1,0,0,0,1,0,0,0.2333,1,0,1,1,app,0.35,1,0,0,0.0,0,False,0,0,0,,,0,0,0,False,0,,,,,,0.2768
http://update-2026.webcindario.com/,update-2026.webcindario.com,1,35,1,2,4,4.1623,1,0,0,0,1,0,0,0.0,0,0,0,1,com,0.15,1,0,0,0.0,0,False,0,0,0,,,0,0,0,False,0,,,,,,0.1282
https://fstoppers.com,fstoppers.com,0,21,0,1,0,3.2389,0,1,0,0,0,0,0,0.0,0,0,0,0,com,0.15,1,0,0,0.0,0,False,0,0,0,,,0,0,0,False,0,,,,,,0.1098
https://net-ledger-wallet-data-webs.vercel.app/ledger%20form/verify.html/,net-ledger-wallet-data-webs.vercel.app,1,73,4,2,0,3.7109,1,1,0,0,27,0,1,0.1667,2,0,2,0,app,0.35,1,0,0,0.0,0,False,0,0,0,,,0,0,0,False,0,,,,,,0.2459
https://solicitudenlineabcol.duckdns.org/,solicitudenlineabcol.duckdns.org,1,41,0,2,0,3.8585,1,1,0,0,1,0,0,0.0,0,0,0,0,org,0.1,1,0,0,0.0,0,False,0,0,0,,,0,0,0,False,0,,,,,,0.1072
http://blunp-bfrnk-skrunt-3o92lm-vznk-flomax.pages.dev/,blunp-bfrnk-skrunt-3o92lm-vznk-flomax.pages.dev,1,55,5,2,3,4.4244,1,0,0,0,1,0,0,0.0,0,0,0,0,dev,0.5,0,0,0,0.0,0,False,0,0,0,,,0,0,0,False,0,,,,,,0.2385
http://ledgrus-live.pages.dev/,ledgrus-live.pages.dev,1,30,1,2,0,3.5503,1,0,0,0,1,0,0,0.0833,1,0,1,0,dev,0.5,0,0,0,0.0,0,False,0,0,0,,,0,0,0,False,0,,,,,,0.2543
https://facebook-verification-system5.blogspot.com/,facebook-verification-system5.blogspot.com,1,51,2,2,1,4.1713,1,1,0,0,1,0,0,0.0,0,0,0,0,com,0.15,1,0,0,0.0,0,False,0,0,0,,,0,0,0,False,0,,,,,,0.1284
https://www.dguv.de/de/index.jsp,www.dguv.de,0,32,0,2,0,2.6635,1,1,0,0,13,0,0,0.0,0,0,0,0,de,0.5,0,0,0,0.0,0,False,0,0,0,,,0,0,0,False,0,,,,,,0.2033
https://www.thezebra.com/,www.thezebra.com,0,25,0,2,0,3.4528,1,1,0,0,1,0,0,0.0,0,0,0,0,com,0.15,1,0,0,0.0,0,False,0,0,0,,,0,0,0,False,0,,,,,,0.1141
https://www.newsnow.com/us/?utm_medium=web&utm_content=newsnow.com&utm_campaign=domains&utm_source=newsnow,www.newsnow.com,0,106,0,2,0,2.7329,1,1,0,0,4,4,12,0.0,0,0,0,0,com,0.15,1,0,0,0.0,0,False,0,0,0,,,0,0,0,False,0,,,,,,0.0997
https://coein-squarelogin.gitbook.io/,coein-squarelogin.gitbook.io,1,37,1,2,0,3.8213,1,1,0,0,1,0,0,0.0,0,0,0,0,io,0.28,1,0,0,0.0,0,False,0,0,0,,,0,0,0,False,0,,,,,,0.1604
https://proton.me,proton.me,0,17,0,1,0,2.9477,0,1,0,0,0,0,0,0.0,0,0,0,0,me,0.5,0,0,0,0.0,0,False,0,0,0,,,0,0,0,False,0,,,,,,0.209
https://sp5ct-vorak-biz8-lemix-purev.pages.dev/,sp5ct-vorak-biz8-lemix-purev.pages.dev,1,47,4,2,2,4.3135,1,1,0,0,1,0,0,0.0833,1,0,1,0,dev,0.5,0,0,0,0.0,0,False,0,0,0,,,0,0,0,False,0,,,,,,0.2696
https://www.santanderbank.com/,www.santanderbank.com,0,30,0,2,0,3.6178,1,1,0,0,1,0,0,0.0,0,0,0,0,com,0.15,1,0,0,0.0,0,False,0,0,0,,,0,0,0,False,0,,,,,,0.1174
http://urlshort-linkms1sfxjp8pl1.3jqxfcxpbk.workers.dev/cj0rjv/,urlshort-linkms1sfxjp8pl1.3jqxfcxpbk.workers.dev,1,63,1,3,4,4.548,2,0,0,0,8,0,0,0.0,0,0,0,0,dev,0.5,0,0,0,0.0,0,False,0,0,0,,,0,0,0,False,0,,,,,,0.241
http://server1341.github.io/chase1,server1341.github.io,1,34,0,2,4,3.8219,1,0,0,0,7,0,0,0.0,0,0,0,0,io,0.28,1,0,0,0.0,0,False,0,0,0,,,0,0,0,False,0,,,,,,0.1604
https://www.nintendo.com/de-de/,www.nintendo.com,0,31,0,2,0,3.1556,1,1,0,0,7,0,0,0.0,0,0,0,0,com,0.15,1,0,0,0.0,0,False,0,0,0,,,0,0,0,False,0,,,,,,0.1081
https://qkhefbg.pages.dev/,qkhefbg.pages.dev,1,26,0,2,0,3.5725,1,1,0,0,1,0,0,0.0,0,0,0,0,dev,0.5,0,0,0,0.0,0,False,0,0,0,,,0,0,0,False,0,,,,,,0.2214
http://fintech-l4pi.vercel.app/,fintech-l4pi.vercel.app,1,31,1,2,1,3.7623,1,0,0,0,1,0,0,0.1667,1,0,2,0,app,0.35,1,0,0,0.0,0,False,0,0,0,,,0,0,0,False,0,,,,,,0.2469
http://html-css-peach-one.vercel.app/,html-css-peach-one.vercel.app,1,37,3,2,0,3.7454,1,0,0,0,1,0,0,0.1667,2,0,2,0,app,0.35,1,0,0,0.0,0,False,0,0,0,,,0,0,0,False,0,,,,,,0.2466
https://maxuasyeq.com/rbgift,maxuasyeq.com,1,28,0,1,0,3.3927,0,1,0,0,7,0,0,0.0,0,0,0,0,com,0.15,1,0,0,0.0,0,False,0,0,0,,,0,0,0,False,0,,,,,,0.1129
http://www.xfinityserver17.weebly.com/,www.xfinityserver17.weebly.com,1,38,0,3,2,4.0151,2,0,0,0,1,0,0,0.0,0,0,0,0,com,0.15,1,0,0,0.0,0,False,0,0,0,,,0,0,0,False,0,,,,,,0.1253
https://revize.com,revize.com,0,18,0,1,0,3.1219,0,1,0,0,0,0,0,0.0,0,0,0,0,com,0.15,1,0,0,0.0,0,False,0,0,0,,,0,0,0,False,0,,,,,,0.1074
https://www.netflix.abenether.com/,www.netflix.abenether.com,1,34,0,3,0,3.7835,2,1,0,0,1,0,0,0.0,0,0,0,0,com,0.15,1,0,0,0.0,0,False,0,0,0,,,0,0,0,False,0,,,,,,0.1207
https://www.garena.sg/,www.garena.sg,0,22,0,2,0,2.8731,1,1,0,0,1,0,0,0.0,0,0,0,0,sg,0.5,0,0,0,0.0,0,False,0,0,0,,,0,0,0,False,0,,,,,,0.2075
https://xoilacxtx.tv/,xoilacxtx.tv,0,21,0,1,0,3.0221,0,1,0,0,1,0,0,0.0,0,0,0,0,tv,0.5,0,0,0,0.0,0,False,0,0,0,,,0,0,0,False,0,,,,,,0.2104
https://bitly.cx/pFpJn,bitly.cx,1,22,0,1,0,3.0,0,1,0,0,6,0,0,0.0,0,0,0,0,cx,0.5,0,0,0,0.0,0,False,0,0,0,,,0,0,0,False,0,,,,,,0.21
https://authlink-6uq.pages.dev/advertising-hub,authlink-6uq.pages.dev,1,46,1,2,1,4.0958,1,1,0,0,16,0,0,0.0,0,0,0,0,dev,0.5,0,0,0,0.0,0,False,0,0,0,,,0,0,0,False,0,,,,,,0.2319
https://fnlocker.life/,fnlocker.life,1,22,0,1,0,3.2389,0,1,0,0,1,0,0,0.0833,1,0,1,0,life,0.5,0,0,0,0.0,0,False,0,0,0,,,0,0,0,False,0,,,,,,0.2481
http://network-facebook.blogspot.com/,network-facebook.blogspot.com,1,37,1,2,0,3.9094,1,0,0,0,1,0,0,0.0,0,0,0,0,com,0.15,1,0,0,0.0,0,False,0,0,0,,,0,0,0,False,0,,,,,,0.1232
https://2farobux.com/redeem/wEb3OCYRc5PY,2farobux.com,1,40,0,1,1,3.4183,0,1,0,0,20,0,0,0.0,0,0,0,0,com,0.15,1,0,0,0.0,0,False,0,0,0,,,0,0,0,False,0,,,,,,0.1134
https://banners-fence-reservation-hats.trycloudflare.com/,banners-fence-reservation-hats.trycloudflare.com,1,57,3,2,0,4.0663,1,1,0,0,1,0,0,0.0,0,0,0,0,com,0.15,1,0,0,0.0,0,False,0,0,0,,,0,0,0,False,0,,,,,,0.1263
https://wbpay.ru,wbpay.ru,0,16,0,1,0,3.0,0,1,0,0,0,0,0,0.0833,1,0,1,0,ru,0.5,0,0,0,0.0,0,False,0,0,0,,,0,0,0,False,0,,,,,,0.2433
http://telzora-gld-fentavi-p4t5dw18.pages.dev/appeals/submit-appeal-form/return,telzora-gld-fentavi-p4t5dw18.pages.dev,1,79,3,2,4,4.2737,1,0,0,0,34,0,0,0.0,0,0,0,0,dev,0.5,0,0,0,0.0,0,False,0,0,0,,,0,0,0,False,0,,,,,,0.2355
https://hghfhdfgaaxc.eu.cc/es,hghfhdfgaaxc.eu.cc,1,29,0,2,0,3.1972,1,1,0,0,3,0,0,0.0,0,0,0,0,cc,0.5,0,0,0,0.0,0,False,0,0,0,,,0,0,0,False,0,,,,,,0.2139
http://xelvora-gld-belxeta-a4x7dw86.pages.dev/,xelvora-gld-belxeta-a4x7dw86.pages.dev,1,46,3,2,4,4.0735,1,0,0,0,1,0,0,0.0,0,0,0,0,dev,0.5,0,0,0,0.0,0,False,0,0,0,,,0,0,0,False,0,,,,,,0.2315
https://playtopgames.ru/about,playtopgames.ru,0,29,0,1,0,3.6402,0,1,0,0,6,0,0,0.0,0,0,0,0,ru,0.5,0,0,0,0.0,0,False,0,0,0,,,0,0,0,False,0,,,,,,0.2228
https://365365y.app/,365365y.app,1,20,0,1,6,2.7322,0,1,0,0,1,0,0,0.0833,1,0,1,0,app,0.35,1,0,0,0.0,0,False,0,0,0,,,0,0,0,False,0,,,,,,0.193
https://s4w.in/www-roblox-com-users-32721670154-profile,s4w.in,1,55,0,1,1,2.585,0,1,0,0,41,0,0,0.0833,1,0,1,0,in,0.2,1,0,0,0.0,0,False,0,0,0,,,0,0,0,False,0,,,,,,0.145
http://sp29ct-horvak-biz-prensik-lamqor.pages.dev/,sp29ct-horvak-biz-prensik-lamqor.pages.dev,1,50,4,2,2,4.3977,1,0,0,0,1,0,0,0.1667,2,0,2,0,dev,0.5,0,0,0,0.0,0,False,0,0,0,,,0,0,0,False,0,,,,,,0.3046
http://roaring-nougat-fee44a.netlify.app/,roaring-nougat-fee44a.netlify.app,1,41,2,2,2,3.9077,1,0,0,0,1,0,0,0.0833,1,0,1,0,app,0.35,1,0,0,0.0,0,False,0,0,0,,,0,0,0,False,0,,,,,,0.2165
https://reallyworld.ru,reallyworld.ru,0,22,0,1,0,3.1281,0,1,0,0,0,0,0,0.0,0,0,0,0,ru,0.5,0,0,0,0.0,0,False,0,0,0,,,0,0,0,False,0,,,,,,0.2126
https://www.account-instagram.vercel.app/,www.account-instagram.vercel.app,1,41,1,3,0,3.9917,2,1,0,0,1,0,0,0.2333,1,0,1,1,app,0.35,1,0,0,0.0,0,False,0,0,0,,,0,0,0,False,0,,,,,,0.2782
http://www.fareedh-netflix-clone.vercel.app/,www.fareedh-netflix-clone.vercel.app,1,44,2,3,0,3.954,2,0,0,0,1,0,0,0.0833,1,0,1,0,app,0.35,1,0,0,0.0,0,False,0,0,0,,,0,0,0,False,0,,,,,,0.2174
https://rcdn-web.com,rcdn-web.com,0,20,1,1,0,3.4183,0,1,0,0,0,0,0,0.1667,2,0,2,0,com,0.15,1,0,0,0.0,0,False,0,0,0,,,0,0,0,False,0,,,,,,0.18
https://turboscribe.ai,turboscribe.ai,0,22,0,1,0,3.3788,0,1,0,0,0,0,0,0.0,0,0,0,0,ai,0.5,0,0,0,0.0,0,False,0,0,0,,,0,0,0,False,0,,,,,,0.2176
https://158-158-120-184.cprapid.com/de/update.php?token=76m1jsb5wk63bjnzi076,158-158-120-184.cprapid.com,1,76,3,2,12,3.8101,1,1,0,0,14,1,2,0.0,0,0,0,0,com,0.15,1,0,0,0.0,0,False,0,0,0,,,0,0,0,False,0,,,,,,0.1212
https://www.roblox.com.bi/games/13772394625/Blade-Ball?privateServerLinkCode=77337532985999625271517058508547,www.roblox.com.bi,1,109,0,3,0,3.1307,2,1,0,0,29,1,2,0.0,0,0,0,0,bi,0.5,0,0,0,0.0,0,False,0,0,0,,,0,0,0,False,0,,,,,,0.2126
https://www.bs.ch/,www.bs.ch,0,18,0,2,0,2.4194,1,1,0,0,1,0,0,0.0,0,0,0,0,ch,0.5,0,0,0,0.0,0,False,0,0,0,,,0,0,0,False,0,,,,,,0.1984
https://fuseplatform.net/blog/docs,fuseplatform.net,0,34,0,1,0,3.625,0,1,0,0,10,0,0,0.0,0,0,0,0,net,0.22,1,0,0,0.0,0,False,0,0,0,,,0,0,0,False,0,,,,,,0.1385
http://bizzys.netlify.app/,bizzys.netlify.app,1,26,0,2,0,3.6144,1,0,0,0,1,0,0,0.0833,1,0,1,0,app,0.35,1,0,0,0.0,0,False,0,0,0,,,0,0,0,False,0,,,,,,0.2106
https://www.uregina.ca/,www.uregina.ca,0,23,0,2,0,3.182,1,1,0,0,1,0,0,0.0,0,0,0,0,ca,0.5,0,0,0,0.0,0,False,0,0,0,,,0,0,0,False,0,,,,,,0.2136
http://sp3ct-kenvar-biz8-lispor-ravik.pages.dev/,sp3ct-kenvar-biz8-lispor-ravik.pages.dev,1,48,4,2,2,4.1898,1,0,0,0,1,0,0,0.0,0,0,0,0,dev,0.5,0,0,0,0.0,0,False,0,0,0,,,0,0,0,False,0,,,,,,0.2338
https://www.usm.edu/,www.usm.edu,0,20,0,2,0,2.6635,1,1,0,0,1,0,0,0.0833,1,0,1,0,edu,0.02,1,0,0,0.0,0,False,0,0,0,,,0,0,0,False,0,,,,,,0.0926
http://mostbet26849.help/,mostbet26849.help,1,25,0,1,5,3.8522,0,0,0,0,1,0,0,0.0,0,0,0,0,help,0.5,0,0,0,0.0,0,False,0,0,0,,,0,0,0,False,0,,,,,,0.227
https://facebookloginss.blogspot.com/?m=1,facebookloginss.blogspot.com,1,41,0,2,0,3.7265,1,1,0,0,1,1,2,0.0,0,0,0,0,com,0.15,1,0,0,0.0,0,False,0,0,0,,,0,0,0,False,0,,,,,,0.1195
https://g5.lu/bf4c5,g5.lu,1,19,0,1,1,2.3219,0,1,0,0,6,0,0,0.0,0,0,0,0,lu,0.5,0,0,0,0.0,0,False,0,0,0,,,0,0,0,False,0,,,,,,0.1964
https://www.cryptocompare.com/,www.cryptocompare.com,0,30,0,2,0,3.3321,1,1,0,0,1,0,0,0.0,0,0,0,0,com,0.15,1,0,0,0.0,0,False,0,0,0,,,0,0,0,False,0,,,,,,0.1116
http://facebookloginf.blogspot.com/2013/03/blog-post.html?m=1,facebookloginf.blogspot.com,1,61,0,2,0,3.736,1,0,0,0,23,1,2,0.0,0,0,0,0,com,0.15,1,0,0,0.0,0,False,0,0,0,,,0,0,0,False,0,,,,,,0.1197
https://www.degruyterbrill.com/,www.degruyterbrill.com,0,31,0,2,0,3.7544,1,1,0,0,1,0,0,0.0,0,0,0,0,com,0.15,1,0,0,0.0,0,False,0,0,0,,,0,0,0,False,0,,,,,,0.1201
https://diena.lt,diena.lt,0,16,0,1,0,3.0,0,1,0,0,0,0,0,0.0,0,0,0,0,lt,0.5,0,0,0,0.0,0,False,0,0,0,,,0,0,0,False,0,,,,,,0.21
https://www.maccosmetics.com/,www.maccosmetics.com,0,29,0,2,0,3.1464,1,1,0,0,1,0,0,0.0,0,0,0,0,com,0.15,1,0,0,0.0,0,False,0,0,0,,,0,0,0,False,0,,,,,,0.1079
http://sp6ct-vorlen-biz8-trasken-mivor.pages.dev/,sp6ct-vorlen-biz8-trasken-mivor.pages.dev,1,49,4,2,2,4.2779,1,0,0,0,1,0,0,0.0,0,0,0,0,dev,0.5,0,0,0,0.0,0,False,0,0,0,,,0,0,0,False,0,,,,,,0.2356
https://www.blackcrow.ai/,www.blackcrow.ai,0,25,0,2,0,3.125,1,1,0,0,1,0,0,0.0,0,0,0,0,ai,0.5,0,0,0,0.0,0,False,0,0,0,,,0,0,0,False,0,,,,,,0.2125
http://shardocmn.vercel.app/,shardocmn.vercel.app,1,28,0,2,0,3.7219,1,0,0,0,1,0,0,0.0833,1,0,1,0,app,0.35,1,0,0,0.0,0,False,0,0,0,,,0,0,0,False,0,,,,,,0.2128
http://m.5pdtg2eh2p57.com/,m.5pdtg2eh2p57.com,1,26,0,2,5,3.6144,1,0,0,0,1,0,0,0.0,0,0,0,0,com,0.15,1,0,0,0.0,0,False,0,0,0,,,0,0,0,False,0,,,,,,0.1173
https://www.reichelt.de/,www.reichelt.de,0,24,0,2,0,3.1396,1,1,0,0,1,0,0,0.0,0,0,0,0,de,0.5,0,0,0,0.0,0,False,0,0,0,,,0,0,0,False,0,,,,,,0.2128
https://www.bybitamlchecker.com/,www.bybitamlchecker.com,1,32,0,2,0,3.7623,1,1,0,0,1,0,0,0.0,0,0,0,0,com,0.15,1,0,0,0.0,0,False,0,0,0,,,0,0,0,False,0,,,,,,0.1202
https://business-help-center-six.vercel.app/verify-id10002585669989,business-help-center-six.vercel.app,1,67,3,2,0,3.843,1,1,0,0,24,0,0,0.1667,2,0,2,0,app,0.35,1,0,0,0.0,0,False,0,0,0,,,0,0,0,False,0,,,,,,0.2485
https://starline.ru,starline.ru,0,19,0,1,0,3.2776,0,1,0,0,0,0,0,0.0,0,0,0,0,ru,0.5,0,0,0,0.0,0,False,0,0,0,,,0,0,0,False,0,,,,,,0.2156
https://sp3ct-lorqik-biz8-furnel-mosed.pages.dev/,sp3ct-lorqik-biz8-furnel-mosed.pages.dev,1,49,4,2,2,4.4531,1,1,0,0,1,0,0,0.0,0,0,0,0,dev,0.5,0,0,0,0.0,0,False,0,0,0,,,0,0,0,False,0,,,,,,0.2391
https://www.cncn.com,www.cncn.com,0,20,0,2,0,2.4591,1,1,0,0,0,0,0,0.0,0,0,0,0,com,0.15,1,0,0,0.0,0,False,0,0,0,,,0,0,0,False,0,,,,,,0.0942
https://unwomen.org,unwomen.org,0,19,0,1,0,3.0958,0,1,0,0,0,0,0,0.0,0,0,0,0,org,0.1,1,0,0,0.0,0,False,0,0,0,,,0,0,0,False,0,,,,,,0.0919
http://range-trail.pages.dev/,range-trail.pages.dev,1,29,1,2,0,3.6538,1,0,0,0,1,0,0,0.0,0,0,0,0,dev,0.5,0,0,0,0.0,0,False,0,0,0,,,0,0,0,False,0,,,,,,0.2231
http://www.rehesab.ir/matt/preload-centered-numb.html,www.rehesab.ir,1,53,0,2,0,3.0391,1,0,0,0,32,0,0,0.0,0,0,0,0,ir,0.5,0,0,0,0.0,0,False,0,0,0,,,0,0,0,False,0,,,,,,0.2108
https://sexhdxxx.com,sexhdxxx.com,0,20,0,1,0,2.9183,0,1,0,0,0,0,0,0.0,0,0,0,0,com,0.15,1,0,0,0.0,0,False,0,0,0,,,0,0,0,False,0,,,,,,0.1034
https://www.lotto24.de/,www.lotto24.de,0,23,0,2,2,3.0391,1,1,0,0,1,0,0,0.0,0,0,0,0,de,0.5,0,0,0,0.0,0,False,0,0,0,,,0,0,0,False,0,,,,,,0.2108
http://sp4ct-worexan-biz8-falim-korev.pages.dev/,sp4ct-worexan-biz8-falim-korev.pages.dev,1,48,4,2,2,4.4531,1,0,0,0,1,0,0,0.0,0,0,0,0,dev,0.5,0,0,0,0.0,0,False,0,0,0,,,0,0,0,False,0,,,,,,0.2391
http://2dmf-9tsf-s767-8y6m6-o6oww.pages.dev/,2dmf-9tsf-s767-8y6m6-o6oww.pages.dev,1,44,4,2,9,4.149,1,0,0,0,1,0,0,0.0833,1,0,1,0,dev,0.5,0,0,0,0.0,0,False,0,0,0,,,0,0,0,False,0,,,,,,0.2663
https://cloudbees.io,cloudbees.io,0,20,0,1,0,3.2516,0,1,0,0,0,0,0,0.0,0,0,0,0,io,0.28,1,0,0,0.0,0,False,0,0,0,,,0,0,0,False,0,,,,,,0.149
https://edge.org,edge.org,0,16,0,1,0,2.5,0,1,0,0,0,0,0,0.0,0,0,0,0,org,0.1,1,0,0,0.0,0,False,0,0,0,,,0,0,0,False,0,,,,,,0.08
http://sp3ct-folvak-biz8-mesqik-duran.pages.dev/appeals/submit-appeal-form/return,sp3ct-folvak-biz8-mesqik-duran.pages.dev,1,81,4,2,2,4.4653,1,0,0,0,34,0,0,0.0,0,0,0,0,dev,0.5,0,0,0,0.0,0,False,0,0,0,,,0,0,0,False,0,,,,,,0.2393
https://www.vacanzatour.com/seur29/seur/msg.php,www.vacanzatour.com,1,47,0,2,0,3.4316,1,1,0,0,20,0,0,0.0,0,0,0,0,com,0.15,1,0,0,0.0,0,False,0,0,0,,,0,0,0,False,0,,,,,,0.1136
https://awsdns-cn-04.net/api/v1/status,awsdns-cn-04.net,0,38,2,1,2,3.4528,0,1,0,0,14,0,0,0.0,0,0,0,0,net,0.22,1,0,0,0.0,0,False,0,0,0,,,0,0,0,False,0,,,,,,0.1351
https://pingomatic.com,pingomatic.com,0,22,0,1,0,3.2359,0,1,0,0,0,0,0,0.0,0,0,0,0,com,0.15,1,0,0,0.0,0,False,0,0,0,,,0,0,0,False,0,,,,,,0.1097
https://www.instagramlikescheap.blogspot.com/,www.instagramlikescheap.blogspot.com,1,45,0,3,0,4.0651,2,1,0,0,1,0,0,0.0,0,0,0,0,com,0.15,1,0,0,0.0,0,False,0,0,0,,,0,0,0,False,0,,,,,,0.1263
https://www.truecaller.com/,www.truecaller.com,0,27,0,2,0,3.3502,1,1,0,0,1,0,0,0.0,0,0,0,0,com,0.15,1,0,0,0.0,0,False,0,0,0,,,0,0,0,False,0,,,,,,0.112
http://bookiinng-com-dubaii.webflow.io/,bookiinng-com-dubaii.webflow.io,1,39,2,2,0,3.7937,1,0,0,0,1,0,0,0.0,0,0,0,0,io,0.28,1,0,0,0.0,0,False,0,0,0,,,0,0,0,False,0,,,,,,0.1599
https://muzofond.fm,muzofond.fm,0,19,0,1,0,2.914,0,1,0,0,0,0,0,0.0,0,0,0,0,fm,0.5,0,0,0,0.0,0,False,0,0,0,,,0,0,0,False,0,,,,,,0.2083
https://60fcc65d-8430-4082-a2e0-94510f557f74-00-2xwvcygyrytz5.picard.replit.dev/personas/index.html,60fcc65d-8430-4082-a2e0-94510f557f74-00-2xwvcygyrytz5.picard.replit.dev,1,99,6,3,28,4.5715,2,1,0,0,20,0,0,0.1667,2,0,2,0,dev,0.5,0,0,0,0.0,0,False,0,0,0,,,0,0,0,False,0,,,,,,0.3081
https://genengnews.com,genengnews.com,0,22,0,1,0,2.9852,0,1,0,0,0,0,0,0.0,0,0,0,0,com,0.15,1,0,0,0.0,0,False,0,0,0,,,0,0,0,False,0,,,,,,0.1047
https://levelaccess.net,levelaccess.net,0,23,0,1,0,2.9736,0,1,0,0,0,0,0,0.0,0,0,0,0,net,0.22,1,0,0,0.0,0,False,0,0,0,,,0,0,0,False,0,,,,,,0.1255
https://sp4ct-marevox-biz8-dorel-fanik.pages.dev/,sp4ct-marevox-biz8-dorel-fanik.pages.dev,1,49,4,2,2,4.4031,1,1,0,0,1,0,0,0.0,0,0,0,0,dev,0.5,0,0,0,0.0,0,False,0,0,0,,,0,0,0,False,0,,,,,,0.2381
https://pinata.cloud,pinata.cloud,0,20,0,1,0,3.4183,0,1,0,0,0,0,0,0.0,0,0,0,0,cloud,0.5,0,0,0,0.0,0,False,0,0,0,,,0,0,0,False,0,,,,,,0.2184
http://sp5ct-jonik-biz8-furem-varol.pages.dev/appeals/submit-appeal-form/return,sp5ct-jonik-biz8-furem-varol.pages.dev,1,79,4,2,2,4.4912,1,0,0,0,34,0,0,0.0,0,0,0,0,dev,0.5,0,0,0,0.0,0,False,0,0,0,,,0,0,0,False,0,,,,,,0.2398
https://www.filmweb.pl/,www.filmweb.pl,0,23,0,2,0,2.9502,1,1,0,0,1,0,0,0.0,0,0,0,0,pl,0.5,0,0,0,0.0,0,False,0,0,0,,,0,0,0,False,0,,,,,,0.209
https://sp5ct-fonex-biz8-raluk-semiv.pages.dev/,sp5ct-fonex-biz8-raluk-semiv.pages.dev,1,47,4,2,2,4.4386,1,1,0,0,1,0,0,0.0833,1,0,1,0,dev,0.5,0,0,0,0.0,0,False,0,0,0,,,0,0,0,False,0,,,,,,0.2721
https://sei.df.gov.br,sei.df.gov.br,0,21,0,3,0,3.3347,2,1,0,0,0,0,0,0.5,4,0,4,0,br,0.5,0,0,0,0.0,0,False,0,0,0,,,0,0,0,False,0,,,,,,0.4167
https://gov39.ru/blog/help,gov39.ru,0,26,0,1,2,3.0,0,1,0,0,10,0,0,0.0,0,0,0,0,ru,0.5,0,0,0,0.0,0,False,0,0,0,,,0,0,0,False,0,,,,,,0.21
https://bay-bookkeeping.com/cnma/dlfgpxlrrtznxmsjvsksbnc11lnnx-mnz1miucgnov-sz4kxhcsunddccxz1shswxnscnlbsdsddseetzg-wxzcksksjdbvnnks1xn-mnxnksksjsdcsdfcdfdszb/,bay-bookkeeping.com,1,159,1,1,0,3.6819,0,1,0,0,132,0,0,0.0833,1,0,1,0,com,0.15,1,0,0,0.0,0,False,0,0,0,,,0,0,0,False,0,,,,,,0.152
https://www.jacquemus.com/,www.jacquemus.com,0,26,0,2,0,3.3372,1,1,0,0,1,0,0,0.0,0,0,0,0,com,0.15,1,0,0,0.0,0,False,0,0,0,,,0,0,0,False,0,,,,,,0.1117
http://gemeinviloging.webflow.io/,gemeinviloging.webflow.io,1,33,0,2,0,3.4333,1,0,0,0,1,0,0,0.0,0,0,0,0,io,0.28,1,0,0,0.0,0,False,0,0,0,,,0,0,0,False,0,,,,,,0.1527
https://www.caughtoffside.com/,www.caughtoffside.com,0,30,0,2,0,3.7849,1,1,0,0,1,0,0,0.0,0,0,0,0,com,0.15,1,0,0,0.0,0,False,0,0,0,,,0,0,0,False,0,,,,,,0.1207
https://urlshort-linkms1se3cttal0.yi6x7whfkr.workers.dev/3j7qel,urlshort-linkms1se3cttal0.yi6x7whfkr.workers.dev,1,63,1,3,5,4.5145,2,1,0,0,7,0,0,0.0,0,0,0,0,dev,0.5,0,0,0,0.0,0,False,0,0,0,,,0,0,0,False,0,,,,,,0.2403
https://www.myjoyonline.com/,www.myjoyonline.com,0,28,0,2,0,3.3264,1,1,0,0,1,0,0,0.0,0,0,0,0,com,0.15,1,0,0,0.0,0,False,0,0,0,,,0,0,0,False,0,,,,,,0.1115
https://findgps.world/jCu/3/ZBx,findgps.world,1,31,0,1,0,3.5466,0,1,0,0,10,0,0,0.0,0,0,0,0,world,0.5,0,0,0,0.0,0,False,0,0,0,,,0,0,0,False,0,,,,,,0.2209
https://sp5ct-danor-biz8-lurex-vanik.pages.dev/,sp5ct-danor-biz8-lurex-vanik.pages.dev,1,47,4,2,2,4.3661,1,1,0,0,1,0,0,0.0,0,0,0,0,dev,0.5,0,0,0,0.0,0,False,0,0,0,,,0,0,0,False,0,,,,,,0.2373
http://www.facebook-0-facebook.blogspot.com/,www.facebook-0-facebook.blogspot.com,1,44,2,3,1,3.818,2,0,0,0,1,0,0,0.0,0,0,0,0,com,0.15,1,0,0,0.0,0,False,0,0,0,,,0,0,0,False,0,,,,,,0.1214
https://bluvalt.sa,bluvalt.sa,0,18,0,1,0,2.9219,0,1,0,0,0,0,0,0.0,0,0,0,0,sa,0.5,0,0,0,0.0,0,False,0,0,0,,,0,0,0,False,0,,,,,,0.2084
https://ctyun.cn/account/settings,ctyun.cn,0,33,0,1,0,2.5,0,1,0,0,17,0,0,0.0,0,0,0,0,cn,0.5,0,0,0,0.0,0,False,0,0,0,,,0,0,0,False,0,,,,,,0.2
https://www.cbd.int,www.cbd.int,0,19,0,2,0,2.8454,1,1,0,0,0,0,0,0.1667,2,0,2,0,int,0.5,0,0,0,0.0,0,False,0,0,0,,,0,0,0,False,0,,,,,,0.2736
https://n.n-jav.com/,n.n-jav.com,0,20,1,2,0,3.0958,1,1,0,0,1,0,0,0.0,0,0,0,0,com,0.15,1,0,0,0.0,0,False,0,0,0,,,0,0,0,False,0,,,,,,0.1069
https://netcraze.link,netcraze.link,0,21,0,1,0,3.3927,0,1,0,0,0,0,0,0.0,0,0,0,0,link,0.85,1,0,0,0.0,0,False,0,0,0,,,0,0,0,False,0,,,,,,0.3229
https://www.rugbyrama.fr/,www.rugbyrama.fr,0,25,0,2,0,3.1556,1,1,0,0,1,0,0,0.0,0,0,0,0,fr,0.5,0,0,0,0.0,0,False,0,0,0,,,0,0,0,False,0,,,,,,0.2131
https://novu.co,novu.co,0,15,0,1,0,2.5216,0,1,0,0,0,0,0,0.0,0,0,0,0,co,0.3,1,0,0,0.0,0,False,0,0,0,,,0,0,0,False,0,,,,,,0.1404
https://mokahr.com,mokahr.com,0,18,0,1,0,2.9219,0,1,0,0,0,0,0,0.0,0,0,0,0,com,0.15,1,0,0,0.0,0,False,0,0,0,,,0,0,0,False,0,,,,,,0.1034
https://sp4ct-lorvurin-biz8-surem-falok.pages.dev/,sp4ct-lorvurin-biz8-surem-falok.pages.dev,1,50,4,2,2,4.4243,1,1,0,0,1,0,0,0.0,0,0,0,0,dev,0.5,0,0,0,0.0,0,False,0,0,0,,,0,0,0,False,0,,,,,,0.2385
https://www.honor.com/in/?host=honor.com,www.honor.com,0,40,0,2,0,2.8151,1,1,0,0,4,1,2,0.0,0,0,0,0,com,0.15,1,0,0,0.0,0,False,0,0,0,,,0,0,0,False,0,,,,,,0.1013
http://imaginative-kelpie-f1f4b8.netlify.app/,imaginative-kelpie-f1f4b8.netlify.app,1,45,2,2,3,4.0237,1,0,0,0,1,0,0,0.0833,1,0,1,0,app,0.35,1,0,0,0.0,0,False,0,0,0,,,0,0,0,False,0,,,,,,0.2188
http://sp6ct-paskor-biz8-jevlin-hormek.pages.dev/appeals/submit-appeal-form/return,sp6ct-paskor-biz8-jevlin-hormek.pages.dev,1,82,4,2,2,4.3939,1,0,0,0,34,0,0,0.0,0,0,0,0,dev,0.5,0,0,0,0.0,0,False,0,0,0,,,0,0,0,False,0,,,,,,0.2379
https://www.medion.com/,www.medion.com,0,23,0,2,0,3.0391,1,1,0,0,1,0,0,0.0,0,0,0,0,com,0.15,1,0,0,0.0,0,False,0,0,0,,,0,0,0,False,0,,,,,,0.1058
https://www.phillyvoice.com/,www.phillyvoice.com,0,28,0,2,0,3.4714,1,1,0,0,1,0,0,0.0,0,0,0,0,com,0.15,1,0,0,0.0,0,False,0,0,0,,,0,0,0,False,0,,,,,,0.1144
https://myve.web.id/pengaktifann-fitur-daanaterfending/,myve.web.id,1,55,0,2,0,3.0958,1,1,0,0,36,0,0,0.1667,2,0,2,0,id,0.5,0,0,0,0.0,0,False,0,0,0,,,0,0,0,False,0,,,,,,0.2786
https://keshhav44-ux.github.io/frontend-prjct-cln/,keshhav44-ux.github.io,1,50,1,2,2,3.8797,1,1,0,0,20,0,0,0.0,0,0,0,0,io,0.28,1,0,0,0.0,0,False,0,0,0,,,0,0,0,False,0,,,,,,0.1616
https://www.ketv.com/,www.ketv.com,0,21,0,2,0,3.0221,1,1,0,0,1,0,0,0.0833,1,0,1,0,com,0.15,1,0,0,0.0,0,False,0,0,0,,,0,0,0,False,0,,,,,,0.1388
https://instagram-open.blogspot.com/?m=1,instagram-open.blogspot.com,1,40,1,2,0,3.866,1,1,0,0,1,1,2,0.0,0,0,0,0,com,0.15,1,0,0,0.0,0,False,0,0,0,,,0,0,0,False,0,,,,,,0.1223
https://www.qxwz.com/,www.qxwz.com,0,21,0,2,0,2.7516,1,1,0,0,1,0,0,0.0,0,0,0,0,com,0.15,1,0,0,0.0,0,False,0,0,0,,,0,0,0,False,0,,,,,,0.1
http://ocxph.s3.us-east-2.amazonaws.com/Ocxmph.html,ocxph.s3.us-east-2.amazonaws.com,1,51,2,4,2,3.9139,3,0,0,0,12,0,0,0.0,0,0,0,0,com,0.15,1,0,0,0.0,0,False,0,0,0,,,0,0,0,False,0,,,,,,0.1233
https://faceapp.io/login,faceapp.io,0,24,0,1,0,2.9219,0,1,0,0,6,0,0,0.0,0,0,0,0,io,0.28,1,0,0,0.0,0,False,0,0,0,,,0,0,0,False,0,,,,,,0.1424
http://sp5ct-murel-biz8-sanik-jorex.pages.dev/,sp5ct-murel-biz8-sanik-jorex.pages.dev,1,46,4,2,2,4.4386,1,0,0,0,1,0,0,0.0,0,0,0,0,dev,0.5,0,0,0,0.0,0,False,0,0,0,,,0,0,0,False,0,,,,,,0.2388
http://ofertasdehojeoficial.vip/,ofertasdehojeoficial.vip,1,32,0,1,0,3.8239,0,0,0,0,1,0,0,0.0,0,0,0,0,vip,0.5,0,0,0,0.0,0,False,0,0,0,,,0,0,0,False,0,,,,,,0.2265
https://flow.com.ar/account/settings,flow.com.ar,0,36,0,2,0,3.0958,1,1,0,0,17,0,0,0.0,0,0,0,0,ar,0.5,0,0,0,0.0,0,False,0,0,0,,,0,0,0,False,0,,,,,,0.2119
http://padisahbet.enyenigirisi2.com/,padisahbet.enyenigirisi2.com,1,36,0,2,1,3.9372,1,0,0,0,1,0,0,0.0,0,0,0,0,com,0.15,1,0,0,0.0,0,False,0,0,0,,,0,0,0,False,0,,,,,,0.1237
https://www.kobo.com/,www.kobo.com,0,21,0,2,0,2.6258,1,1,0,0,1,0,0,0.0,0,0,0,0,com,0.15,1,0,0,0.0,0,False,0,0,0,,,0,0,0,False,0,,,,,,0.0975
http://sp6ct-henlor-biz8-craven-dolsik.pages.dev/appeals/submit-appeal-form/return,sp6ct-henlor-biz8-craven-dolsik.pages.dev,1,82,4,2,2,4.3147,1,0,0,0,34,0,0,0.0,0,0,0,0,dev,0.5,0,0,0,0.0,0,False,0,0,0,,,0,0,0,False,0,,,,,,0.2363
https://pravoslavie.ru,pravoslavie.ru,0,22,0,1,0,3.3788,0,1,0,0,0,0,0,0.0,0,0,0,0,ru,0.5,0,0,0,0.0,0,False,0,0,0,,,0,0,0,False,0,,,,,,0.2176
https://seeds.services/search?q=profile,seeds.services,0,39,0,1,0,2.6645,0,1,0,0,7,1,2,0.0,0,0,0,0,services,0.5,0,0,0,0.0,0,False,0,0,0,,,0,0,0,False,0,,,,,,0.2033
https://awsdns-19.org/api/v1/status,awsdns-19.org,0,35,1,1,2,3.5466,0,1,0,0,14,0,0,0.0,0,0,0,0,org,0.1,1,0,0,0.0,0,False,0,0,0,,,0,0,0,False,0,,,,,,0.1009
http://sp4ct-urvulen-biz8-dorex-kalun.pages.dev/,sp4ct-urvulen-biz8-dorex-kalun.pages.dev,1,48,4,2,2,4.3531,1,0,0,0,1,0,0,0.0,0,0,0,0,dev,0.5,0,0,0,0.0,0,False,0,0,0,,,0,0,0,False,0,,,,,,0.2371
https://sp29ct-karsik-biz-zelvak-prontor.pages.dev/,sp29ct-karsik-biz-zelvak-prontor.pages.dev,1,51,4,2,2,4.2369,1,1,0,0,1,0,0,0.1667,2,0,2,0,dev,0.5,0,0,0,0.0,0,False,0,0,0,,,0,0,0,False,0,,,,,,0.3014
https://www.themirror.com/,www.themirror.com,0,26,0,2,0,3.1751,1,1,0,0,1,0,0,0.0,0,0,0,0,com,0.15,1,0,0,0.0,0,False,0,0,0,,,0,0,0,False,0,,,,,,0.1085
https://install-en-ledgrcom-io.pages.dev/,install-en-ledgrcom-io.pages.dev,1,41,3,2,0,3.9528,1,1,0,0,1,0,0,0.0,0,0,0,0,dev,0.5,0,0,0,0.0,0,False,0,0,0,,,0,0,0,False,0,,,,,,0.2291
https://last-z.com,last-z.com,0,18,1,1,0,3.3219,0,1,0,0,0,0,0,0.0,0,0,0,0,com,0.15,1,0,0,0.0,0,False,0,0,0,,,0,0,0,False,0,,,,,,0.1114
https://sso-kucoin-log-in-eng.typedream.app/,sso-kucoin-log-in-eng.typedream.app,1,44,4,2,0,4.0716,1,1,0,0,1,0,0,0.25,3,0,3,0,app,0.35,1,0,0,0.0,0,False,0,0,0,,,0,0,0,False,0,,,,,,0.2864
https://facebook-pi.blogspot.com/?m=1,facebook-pi.blogspot.com,1,37,1,2,0,3.7679,1,1,0,0,1,1,2,0.0,0,0,0,0,com,0.15,1,0,0,0.0,0,False,0,0,0,,,0,0,0,False,0,,,,,,0.1204
http://upelofexzqling-us.godaddysites.com/,upelofexzqling-us.godaddysites.com,1,42,1,2,0,4.2339,1,0,0,0,1,0,0,0.0,0,0,0,0,com,0.15,1,0,0,0.0,0,False,0,0,0,,,0,0,0,False,0,,,,,,0.1297
https://www.unibas.ch/de,www.unibas.ch,0,24,0,2,0,3.1808,1,1,0,0,3,0,0,0.0,0,0,0,0,ch,0.5,0,0,0,0.0,0,False,0,0,0,,,0,0,0,False,0,,,,,,0.2136
https://metacritic.com,metacritic.com,0,22,0,1,0,3.0391,0,1,0,0,0,0,0,0.0,0,0,0,0,com,0.15,1,0,0,0.0,0,False,0,0,0,,,0,0,0,False,0,,,,,,0.1058
https://www.tala.ir/,www.tala.ir,0,20,0,2,0,2.6635,1,1,0,0,1,0,0,0.0,0,0,0,0,ir,0.5,0,0,0,0.0,0,False,0,0,0,,,0,0,0,False,0,,,,,,0.2033
https://www.wetter.de/,www.wetter.de,0,22,0,2,0,2.4116,1,1,0,0,1,0,0,0.0,0,0,0,0,de,0.5,0,0,0,0.0,0,False,0,0,0,,,0,0,0,False,0,,,,,,0.1982
https://lcloud.com.pe/jCu/3/ZBx,lcloud.com.pe,1,31,0,2,0,3.0851,1,1,0,0,10,0,0,0.0,0,0,0,0,pe,0.5,0,0,0,0.0,0,False,0,0,0,,,0,0,0,False,0,,,,,,0.2117
https://www.google.com.nf/,www.google.com.nf,0,26,0,3,0,3.1307,2,1,0,0,1,0,0,0.0,0,0,0,0,nf,0.5,0,0,0,0.0,0,False,0,0,0,,,0,0,0,False,0,,,,,,0.2126
https://ma.khwgrf.com/2vite/outlook/index.php,ma.khwgrf.com,1,45,0,2,0,3.3927,1,1,0,0,24,0,0,0.0,0,0,0,0,com,0.15,1,0,0,0.0,0,False,0,0,0,,,0,0,0,False,0,,,,,,0.1129
http://sp5ct-kurex-biz8-halem-vorin.pages.dev/appeals/submit-appeal-form/return,sp5ct-kurex-biz8-halem-vorin.pages.dev,1,79,4,2,2,4.4585,1,0,0,0,34,0,0,0.0,0,0,0,0,dev,0.5,0,0,0,0.0,0,False,0,0,0,,,0,0,0,False,0,,,,,,0.2392
https://centered-forms-762969.framer.app/,centered-forms-762969.framer.app,1,41,2,2,6,4.0,1,1,0,0,1,0,0,0.0833,1,0,1,0,app,0.35,1,0,0,0.0,0,False,0,0,0,,,0,0,0,False,0,,,,,,0.2183
http://sp3ct-damvor-biz8-hurnik-pasek.pages.dev/appeals/submit-appeal-form/return,sp3ct-damvor-biz8-hurnik-pasek.pages.dev,1,81,4,2,2,4.3464,1,0,0,0,34,0,0,0.0,0,0,0,0,dev,0.5,0,0,0,0.0,0,False,0,0,0,,,0,0,0,False,0,,,,,,0.2369
http://sp3ct-karsel-biz8-henqik-povur.pages.dev/appeals/submit-appeal-form/return,sp3ct-karsel-biz8-henqik-povur.pages.dev,1,81,4,2,2,4.3842,1,0,0,0,34,0,0,0.0,0,0,0,0,dev,0.5,0,0,0,0.0,0,False,0,0,0,,,0,0,0,False,0,,,,,,0.2377
https://www.indeed.com/,www.indeed.com,0,23,0,2,0,3.0391,1,1,0,0,1,0,0,0.0,0,0,0,0,com,0.15,1,0,0,0.0,0,False,0,0,0,,,0,0,0,False,0,,,,,,0.1058
https://prostuti.net/index/ob/diff.html,prostuti.net,1,39,0,1,0,3.1887,0,1,0,0,19,0,0,0.0,0,0,0,0,net,0.22,1,0,0,0.0,0,False,0,0,0,,,0,0,0,False,0,,,,,,0.1298
https://fazebook-clone.vercel.app/friends,fazebook-clone.vercel.app,1,41,1,2,0,3.7337,1,1,0,0,8,0,0,0.0833,1,0,1,0,app,0.35,1,0,0,0.0,0,False,0,0,0,,,0,0,0,False,0,,,,,,0.213
https://www.hotstar.com/in,www.hotstar.com,0,26,0,2,0,3.1899,1,1,0,0,3,0,0,0.0,0,0,0,0,com,0.15,1,0,0,0.0,0,False,0,0,0,,,0,0,0,False,0,,,,,,0.1088
https://www.matillion.com/,www.matillion.com,0,26,0,2,0,3.2195,1,1,0,0,1,0,0,0.0,0,0,0,0,com,0.15,1,0,0,0.0,0,False,0,0,0,,,0,0,0,False,0,,,,,,0.1094
https://www.vidio.com/,www.vidio.com,0,22,0,2,0,2.8731,1,1,0,0,1,0,0,0.0,0,0,0,0,com,0.15,1,0,0,0.0,0,False,0,0,0,,,0,0,0,False,0,,,,,,0.1025
https://www.centralfinanciamentoo.fun/,www.centralfinanciamentoo.fun,1,38,0,2,0,3.647,1,1,0,0,1,0,0,0.0,0,0,0,0,fun,0.5,0,0,0,0.0,0,False,0,0,0,,,0,0,0,False,0,,,,,,0.2229
http://merry-faloodeh-25ca6f.netlify.app/,merry-faloodeh-25ca6f.netlify.app,1,41,2,2,3,4.1879,1,0,0,0,1,0,0,0.0833,1,0,1,0,app,0.35,1,0,0,0.0,0,False,0,0,0,,,0,0,0,False,0,,,,,,0.2221
https://www.alliance4creativity.com/watch-it-legally/?utm_source=pirlotv3.pl&utm_medium=Domain&utm_campaign=Redirect&site-category=sports,www.alliance4creativity.com,0,137,0,2,1,3.7542,1,1,0,0,18,4,11,0.0,0,0,0,0,com,0.15,1,0,0,0.0,0,False,0,0,0,,,0,0,0,False,0,,,,,,0.1201
"https://www.gazeta.pl/0,0.html",www.gazeta.pl,0,30,0,2,0,3.027,1,1,0,0,9,0,1,0.0,0,0,0,0,pl,0.5,0,0,0,0.0,0,False,0,0,0,,,0,0,0,False,0,,,,,,0.2105
https://www.roblox-secure.vercel.app/,www.roblox-secure.vercel.app,1,37,1,3,0,3.7265,2,1,0,0,1,0,0,0.2333,1,0,1,1,app,0.35,1,0,0,0.0,0,False,0,0,0,,,0,0,0,False,0,,,,,,0.2729
https://cdbet369.vip/,cdbet369.vip,1,21,0,1,3,3.585,0,1,0,0,1,0,0,0.0,0,0,0,0,vip,0.5,0,0,0,0.0,0,False,0,0,0,,,0,0,0,False,0,,,,,,0.2217
https://empire88portal.com/,empire88portal.com,0,27,0,1,2,3.5033,0,1,0,0,1,0,0,0.0,0,0,0,0,com,0.15,1,0,0,0.0,0,False,0,0,0,,,0,0,0,False,0,,,,,,0.1151
http://sp5ct-darex-biz8-vurem-halon.pages.dev/,sp5ct-darex-biz8-vurem-halon.pages.dev,1,46,4,2,2,4.386,1,0,0,0,1,0,0,0.0,0,0,0,0,dev,0.5,0,0,0,0.0,0,False,0,0,0,,,0,0,0,False,0,,,,,,0.2377
https://dutasexx.bond,dutasexx.bond,0,21,0,1,0,3.3927,0,1,0,0,0,0,0,0.0833,1,0,1,0,bond,0.5,0,0,0,0.0,0,False,0,0,0,,,0,0,0,False,0,,,,,,0.2512
https://sudact.ru,sudact.ru,0,17,0,1,0,2.9477,0,1,0,0,0,0,0,0.0,0,0,0,0,ru,0.5,0,0,0,0.0,0,False,0,0,0,,,0,0,0,False,0,,,,,,0.209
https://www.korea.kr/,www.korea.kr,0,21,0,2,0,2.6887,1,1,0,0,1,0,0,0.0,0,0,0,0,kr,0.5,0,0,0,0.0,0,False,0,0,0,,,0,0,0,False,0,,,,,,0.2038
https://rbcode.net/v/850460b482514475a2a5510930fe3332,rbcode.net,1,53,0,1,0,3.1219,0,1,0,0,35,0,0,0.0,0,0,0,0,net,0.22,1,0,0,0.0,0,False,0,0,0,,,0,0,0,False,0,,,,,,0.1284
http://com-exodus-wallet.wasmer.app/,com-exodus-wallet.wasmer.app,1,36,2,2,0,3.8963,1,0,0,0,1,0,0,0.0833,1,0,1,0,app,0.35,1,0,0,0.0,0,False,0,0,0,,,0,0,0,False,0,,,,,,0.2162
https://xvpn.io,xvpn.io,0,15,0,1,0,2.8074,0,1,0,0,0,0,0,0.0,0,0,0,0,io,0.28,1,0,0,0.0,0,False,0,0,0,,,0,0,0,False,0,,,,,,0.1401
https://www.lenskart.com/,www.lenskart.com,0,25,0,2,0,3.5778,1,1,0,0,1,0,0,0.0,0,0,0,0,com,0.15,1,0,0,0.0,0,False,0,0,0,,,0,0,0,False,0,,,,,,0.1166
http://sp3ct-keslor-biz8-mavrik-fuden.pages.dev/appeals/submit-appeal-form/return,sp3ct-keslor-biz8-mavrik-fuden.pages.dev,1,81,4,2,2,4.4031,1,0,0,0,34,0,0,0.0,0,0,0,0,dev,0.5,0,0,0,0.0,0,False,0,0,0,,,0,0,0,False,0,,,,,,0.2381
https://gemnini-login.gitbook.io/sign-up,gemnini-login.gitbook.io,1,40,1,2,0,3.2883,1,1,0,0,8,0,0,0.0,0,0,0,1,io,0.28,1,0,0,0.0,0,False,0,0,0,,,0,0,0,False,0,,,,,,0.1498
https://extravpn.io,extravpn.io,0,19,0,1,0,3.4594,0,1,0,0,0,0,0,0.0,0,0,0,0,io,0.28,1,0,0,0.0,0,False,0,0,0,,,0,0,0,False,0,,,,,,0.1532
https://www.kentonline.co.uk/,www.kentonline.co.uk,0,29,0,3,0,3.3087,2,1,0,0,1,0,0,0.0,0,0,0,0,uk,0.5,0,0,0,0.0,0,False,0,0,0,,,0,0,0,False,0,,,,,,0.2162
https://www.facebook-facebook.blogspot.com/,www.facebook-facebook.blogspot.com,1,43,1,3,0,3.7148,2,1,0,0,1,0,0,0.0,0,0,0,0,com,0.15,1,0,0,0.0,0,False,0,0,0,,,0,0,0,False,0,,,,,,0.1193
https://www.anthropologie.com/,www.anthropologie.com,0,30,0,2,0,3.6897,1,1,0,0,1,0,0,0.0,0,0,0,0,com,0.15,1,0,0,0.0,0,False,0,0,0,,,0,0,0,False,0,,,,,,0.1188
https://www.leaseweb.com/,www.leaseweb.com,0,25,0,2,0,3.0778,1,1,0,0,1,0,0,0.0,0,0,0,0,com,0.15,1,0,0,0.0,0,False,0,0,0,,,0,0,0,False,0,,,,,,0.1066
http://zfnrw5bpzgo-kdply98plsi-8e7f4a-dfj12c.pages.dev/appeals/submit-appeal-form/return,zfnrw5bpzgo-kdply98plsi-8e7f4a-dfj12c.pages.dev,1,88,3,2,8,4.6818,1,0,0,0,34,0,0,0.0,0,0,0,0,dev,0.5,0,0,0,0.0,0,False,0,0,0,,,0,0,0,False,0,,,,,,0.2436
http://sp5ct-lurex-biz8-vanik-forem.pages.dev/appeals/submit-appeal-form/return,sp5ct-lurex-biz8-vanik-forem.pages.dev,1,79,4,2,2,4.4585,1,0,0,0,34,0,0,0.0,0,0,0,0,dev,0.5,0,0,0,0.0,0,False,0,0,0,,,0,0,0,False,0,,,,,,0.2392
https://crazypandagames.com/en/,crazypandagames.com,0,31,0,1,0,3.6163,0,1,0,0,4,0,0,0.0,0,0,0,0,com,0.15,1,0,0,0.0,0,False,0,0,0,,,0,0,0,False,0,,,,,,0.1173
https://kgns4.com/support/contact,kgns4.com,0,33,0,1,1,3.1699,0,1,0,0,16,0,0,0.0,0,0,0,0,com,0.15,1,0,0,0.0,0,False,0,0,0,,,0,0,0,False,0,,,,,,0.1084
https://sanchar303.github.io/WhatsApp,sanchar303.github.io,1,37,0,2,3,3.8219,1,1,0,0,9,0,0,0.0,0,0,0,0,io,0.28,1,0,0,0.0,0,False,0,0,0,,,0,0,0,False,0,,,,,,0.1604
https://www.flashforge.com/,www.flashforge.com,0,27,0,2,0,3.5724,1,1,0,0,1,0,0,0.0,0,0,0,0,com,0.15,1,0,0,0.0,0,False,0,0,0,,,0,0,0,False,0,,,,,,0.1164
https://cardconnect.com/search?q=docs,cardconnect.com,0,37,0,1,0,3.1069,0,1,0,0,7,1,2,0.0,0,0,0,0,com,0.15,1,0,0,0.0,0,False,0,0,0,,,0,0,0,False,0,,,,,,0.1071
https://domfiorino.github.io/preternship_project/,domfiorino.github.io,1,49,0,2,0,3.4219,1,1,0,0,21,0,1,0.0,0,0,0,0,io,0.28,1,0,0,0.0,0,False,0,0,0,,,0,0,0,False,0,,,,,,0.1524
https://doppiocdn.media/en-us/home,doppiocdn.media,0,34,0,1,0,3.1899,0,1,0,0,11,0,0,0.0,0,0,0,0,media,0.5,0,0,0,0.0,0,False,0,0,0,,,0,0,0,False,0,,,,,,0.2138
http://kukkinlogxn.webflow.io/,kukkinlogxn.webflow.io,1,30,0,2,0,3.5726,1,0,0,0,1,0,0,0.0,0,0,0,0,io,0.28,1,0,0,0.0,0,False,0,0,0,,,0,0,0,False,0,,,,,,0.1555
http://sp3ct-zolvak-biz8-parqik-fudem.pages.dev/appeals/submit-appeal-form/return,sp3ct-zolvak-biz8-parqik-fudem.pages.dev,1,81,4,2,2,4.4153,1,0,0,0,34,0,0,0.0,0,0,0,0,dev,0.5,0,0,0,0.0,0,False,0,0,0,,,0,0,0,False,0,,,,,,0.2383
https://yoasobi.co.jp/about,yoasobi.co.jp,0,27,0,2,0,3.1808,1,1,0,0,6,0,0,0.0,0,0,0,0,jp,0.5,0,0,0,0.0,0,False,0,0,0,,,0,0,0,False,0,,,,,,0.2136
https://faq.agenturserver.de,faq.agenturserver.de,0,28,0,2,0,3.4842,1,1,0,0,0,0,0,0.0,0,0,0,0,de,0.5,0,0,0,0.0,0,False,0,0,0,,,0,0,0,False,0,,,,,,0.2197
http://moonpay-commerce-jql3k2i1g-heliofi.vercel.app/,moonpay-commerce-jql3k2i1g-heliofi.vercel.app,1,53,3,2,3,4.2888,1,0,0,0,1,0,0,0.0833,1,0,1,0,app,0.35,1,0,0,0.0,0,False,0,0,0,,,0,0,0,False,0,,,,,,0.2241
http://sp5ct-kureq-biz8-hamev-solin.pages.dev/appeals/submit-appeal-form/return,sp5ct-kureq-biz8-hamev-solin.pages.dev,1,79,4,2,2,4.4386,1,0,0,0,34,0,0,0.0,0,0,0,0,dev,0.5,0,0,0,0.0,0,False,0,0,0,,,0,0,0,False,0,,,,,,0.2388
https://www.thejournal.ie/,www.thejournal.ie,0,26,0,2,0,3.5725,1,1,0,0,1,0,0,0.0,0,0,0,0,ie,0.5,0,0,0,0.0,0,False,0,0,0,,,0,0,0,False,0,,,,,,0.2214
https://aagaun-l13a5-84aif-fti-glu7a.pages.dev/,aagaun-l13a5-84aif-fti-glu7a.pages.dev,1,47,4,2,6,4.0793,1,1,0,0,1,0,0,0.1667,2,0,2,0,dev,0.5,0,0,0,0.0,0,False,0,0,0,,,0,0,0,False,0,,,,,,0.2983
http://golden-praline-2974a3.netlify.app/,golden-praline-2974a3.netlify.app,1,41,2,2,5,4.1421,1,0,0,0,1,0,0,0.0833,1,0,1,0,app,0.35,1,0,0,0.0,0,False,0,0,0,,,0,0,0,False,0,,,,,,0.2212
https://sp5ct-hurev-biz8-calmek-rinov.pages.dev/,sp5ct-hurev-biz8-calmek-rinov.pages.dev,1,48,4,2,2,4.3943,1,1,0,0,1,0,0,0.0,0,0,0,0,dev,0.5,0,0,0,0.0,0,False,0,0,0,,,0,0,0,False,0,,,,,,0.2379
https://www.roblox.com.mu/communities/9835817242/Devioury,www.roblox.com.mu,1,57,0,3,0,3.1307,2,1,0,0,32,0,0,0.0,0,0,0,0,mu,0.5,0,0,0,0.0,0,False,0,0,0,,,0,0,0,False,0,,,,,,0.2126
https://brooksbrothers.in/,brooksbrothers.in,0,26,0,1,0,3.2928,0,1,0,0,1,0,0,0.0,0,0,0,0,in,0.2,1,0,0,0.0,0,False,0,0,0,,,0,0,0,False,0,,,,,,0.1259
https://rostgroup.ru/about/,rostgroup.ru,0,27,0,1,0,2.8554,0,1,0,0,7,0,0,0.0,0,0,0,0,ru,0.5,0,0,0,0.0,0,False,0,0,0,,,0,0,0,False,0,,,,,,0.2071
http://sp3ct-velrik-biz8-hosqor-mudan.pages.dev/appeals/submit-appeal-form/return,sp3ct-velrik-biz8-hosqor-mudan.pages.dev,1,81,4,2,2,4.4842,1,0,0,0,34,0,0,0.0,0,0,0,0,dev,0.5,0,0,0,0.0,0,False,0,0,0,,,0,0,0,False,0,,,,,,0.2397
http://1g3-u88-ace-eyeqq-m3y-oj9s.pages.dev/,1g3-u88-ace-eyeqq-m3y-oj9s.pages.dev,1,44,5,2,6,4.0805,1,0,0,0,1,0,0,0.0833,1,0,1,0,dev,0.5,0,0,0,0.0,0,False,0,0,0,,,0,0,0,False,0,,,,,,0.2649
https://facebookloginguidance.blogspot.com/,facebookloginguidance.blogspot.com,1,43,0,2,0,3.9398,1,1,0,0,1,0,0,0.0,0,0,0,0,com,0.15,1,0,0,0.0,0,False,0,0,0,,,0,0,0,False,0,,,,,,0.1238
https://www.citizen.co.za/,www.citizen.co.za,0,26,0,3,0,3.1751,2,1,0,0,1,0,0,0.0,0,0,0,0,za,0.5,0,0,0,0.0,0,False,0,0,0,,,0,0,0,False,0,,,,,,0.2135
https://www.youstandom38.info/,www.youstandom38.info,1,30,0,2,2,3.749,1,1,0,0,1,0,0,0.0833,1,0,1,0,info,0.55,1,0,0,0.0,0,False,0,0,0,,,0,0,0,False,0,,,,,,0.2733
http://net-ledger-wallet-data-userend.vercel.app/ledger%20form/index.html,net-ledger-wallet-data-userend.vercel.app,1,73,4,2,0,3.6926,1,0,0,0,25,0,1,0.0833,1,0,1,0,app,0.35,1,0,0,0.0,0,False,0,0,0,,,0,0,0,False,0,,,,,,0.2122
https://kiocoin-lognix.gitbook.io/,kiocoin-lognix.gitbook.io,1,34,1,2,0,3.2391,1,1,0,0,1,0,0,0.0,0,0,0,0,io,0.28,1,0,0,0.0,0,False,0,0,0,,,0,0,0,False,0,,,,,,0.1488
https://zarahome.com,zarahome.com,0,20,0,1,0,3.085,0,1,0,0,0,0,0,0.0,0,0,0,0,com,0.15,1,0,0,0.0,0,False,0,0,0,,,0,0,0,False,0,,,,,,0.1067
http://gizzimeramz.strangled.net/xverify/signin?verify=pagesprocess_18937,gizzimeramz.strangled.net,1,73,0,2,0,3.6235,1,0,0,0,15,1,3,0.0,0,0,0,0,net,0.22,1,0,0,0.0,0,False,0,0,0,,,0,0,0,False,0,,,,,,0.1385
https://b6vlfv.com/about,b6vlfv.com,0,24,0,1,1,3.1219,0,1,0,0,6,0,0,0.0,0,0,0,0,com,0.15,1,0,0,0.0,0,False,0,0,0,,,0,0,0,False,0,,,,,,0.1074
https://zincha.net/account/settings,zincha.net,0,35,0,1,0,3.1219,0,1,0,0,17,0,0,0.0,0,0,0,0,net,0.22,1,0,0,0.0,0,False,0,0,0,,,0,0,0,False,0,,,,,,0.1284
https://www.instagramverify-account.blogspot.com/,www.instagramverify-account.blogspot.com,1,49,1,3,0,4.2276,2,1,0,0,1,0,0,0.0,0,0,0,1,com,0.15,1,0,0,0.0,0,False,0,0,0,,,0,0,0,False,0,,,,,,0.1296
http://genminnilogin.webflow.io/,genminnilogin.webflow.io,1,32,0,2,0,3.3035,1,0,0,0,1,0,0,0.0,0,0,0,0,io,0.28,1,0,0,0.0,0,False,0,0,0,,,0,0,0,False,0,,,,,,0.1501
http://sp5ct-xonel-biz8-furem-kariv.pages.dev/appeals/submit-appeal-form/return,sp5ct-xonel-biz8-furem-kariv.pages.dev,1,79,4,2,2,4.4585,1,0,0,0,34,0,0,0.0,0,0,0,0,dev,0.5,0,0,0,0.0,0,False,0,0,0,,,0,0,0,False,0,,,,,,0.2392
https://ipdata.co,ipdata.co,0,17,0,1,0,2.9477,0,1,0,0,0,0,0,0.0,0,0,0,0,co,0.3,1,0,0,0.0,0,False,0,0,0,,,0,0,0,False,0,,,,,,0.149
https://ufrj.br,ufrj.br,0,15,0,1,0,2.5216,0,1,0,0,0,0,0,0.0,0,0,0,0,br,0.5,0,0,0,0.0,0,False,0,0,0,,,0,0,0,False,0,,,,,,0.2004
http://abrnex-pulto-8ac913-hfbb-gr0307rg.pages.dev/,abrnex-pulto-8ac913-hfbb-gr0307rg.pages.dev,1,51,4,2,8,4.5013,1,0,0,0,1,0,0,0.0,0,0,0,0,dev,0.5,0,0,0,0.0,0,False,0,0,0,,,0,0,0,False,0,,,,,,0.24
https://domainpeople.com,domainpeople.com,0,24,0,1,0,3.3278,0,1,0,0,0,0,0,0.0,0,0,0,0,com,0.15,1,0,0,0.0,0,False,0,0,0,,,0,0,0,False,0,,,,,,0.1116
https://v15cdn.com/api/v1/status,v15cdn.com,0,32,0,1,2,3.1219,0,1,0,0,14,0,0,0.0,0,0,0,0,com,0.15,1,0,0,0.0,0,False,0,0,0,,,0,0,0,False,0,,,,,,0.1074
http://aktiffkan-paylater.wll.my.id/,aktiffkan-paylater.wll.my.id,1,36,1,3,0,3.8249,2,0,0,0,1,0,0,0.0,0,0,0,0,id,0.5,0,0,0,0.0,0,False,0,0,0,,,0,0,0,False,0,,,,,,0.2265
http://app.shopledgerapp.com/login,app.shopledgerapp.com,1,34,0,2,0,3.4585,1,0,0,0,6,0,0,0.0833,1,0,1,0,com,0.15,1,0,0,0.0,0,False,0,0,0,,,0,0,0,False,0,,,,,,0.1475
https://freebrasilflow.shop/,freebrasilflow.shop,1,28,0,1,0,3.6163,0,1,0,0,1,0,0,0.0,0,0,0,0,shop,0.55,1,0,0,0.0,0,False,0,0,0,,,0,0,0,False,0,,,,,,0.2373
http://sp4ct-bravion-biz8-korel-zunem.pages.dev/,sp4ct-bravion-biz8-korel-zunem.pages.dev,1,48,4,2,2,4.3719,1,0,0,0,1,0,0,0.0,0,0,0,0,dev,0.5,0,0,0,0.0,0,False,0,0,0,,,0,0,0,False,0,,,,,,0.2374
https://donanimarsivi.com,donanimarsivi.com,0,25,0,1,0,3.3372,0,1,0,0,0,0,0,0.0,0,0,0,0,com,0.15,1,0,0,0.0,0,False,0,0,0,,,0,0,0,False,0,,,,,,0.1117
https://y2mate.nu/search?q=team,y2mate.nu,0,31,0,1,1,3.1699,0,1,0,0,7,1,2,0.0,0,0,0,0,nu,0.5,0,0,0,0.0,0,False,0,0,0,,,0,0,0,False,0,,,,,,0.2134
https://snapsave.app,snapsave.app,0,20,0,1,0,2.6258,0,1,0,0,0,0,0,0.0833,1,0,1,0,app,0.35,1,0,0,0.0,0,False,0,0,0,,,0,0,0,False,0,,,,,,0.1908
http://chezipolitebeachclub.hostel.town/,chezipolitebeachclub.hostel.town,1,40,0,2,0,3.8195,1,0,0,0,1,0,0,0.0,0,0,0,0,town,0.5,0,0,0,0.0,0,False,0,0,0,,,0,0,0,False,0,,,,,,0.2264
https://easier-sparrow-457507.framer.app/,easier-sparrow-457507.framer.app,1,41,2,2,6,3.7775,1,1,0,0,1,0,0,0.0833,1,0,1,0,app,0.35,1,0,0,0.0,0,False,0,0,0,,,0,0,0,False,0,,,,,,0.2139
https://alldatasheetpt.com,alldatasheetpt.com,0,26,0,1,0,3.4194,0,1,0,0,0,0,0,0.0,0,0,0,0,com,0.15,1,0,0,0.0,0,False,0,0,0,,,0,0,0,False,0,,,,,,0.1134
https://sms-murau.at/api/v1/status,sms-murau.at,0,34,1,1,0,2.9183,0,1,0,0,14,0,0,0.0833,1,0,1,0,at,0.5,0,0,0,0.0,0,False,0,0,0,,,0,0,0,False,0,,,,,,0.2417
http://help-bridge-desk.typedream.app/,help-bridge-desk.typedream.app,1,38,2,2,0,3.8281,1,0,0,0,1,0,0,0.0833,1,0,1,0,app,0.35,1,0,0,0.0,0,False,0,0,0,,,0,0,0,False,0,,,,,,0.2149
https://pessoleldept.com/?r=eca741c8-1548-459d-a16d-2fa26787fc22&rg=eu,pessoleldept.com,1,70,0,1,0,3.2028,0,1,0,0,1,2,4,0.0,0,0,0,0,com,0.15,1,0,0,0.0,0,False,0,0,0,,,0,0,0,False,0,,,,,,0.1091
http://sp5ct-monex-biz8-kurev-dalin.pages.dev/appeals/submit-appeal-form/return,sp5ct-monex-biz8-kurev-dalin.pages.dev,1,79,4,2,2,4.4058,1,0,0,0,34,0,0,0.0,0,0,0,0,dev,0.5,0,0,0,0.0,0,False,0,0,0,,,0,0,0,False,0,,,,,,0.2381
https://web-web-embed-iframe-test-harness-uniswap.vercel.app/portfolio/nfts,web-web-embed-iframe-test-harness-uniswap.vercel.app,1,75,6,2,0,3.9878,1,1,0,0,15,0,0,0.4167,3,0,5,0,app,0.35,1,0,0,0.0,0,False,0,0,0,,,0,0,0,False,0,,,,,,0.3514
https://www.khukucuonlogun.godaddysites.com/,www.khukucuonlogun.godaddysites.com,1,44,0,3,0,3.9789,2,1,0,0,1,0,0,0.0,0,0,0,0,com,0.15,1,0,0,0.0,0,False,0,0,0,,,0,0,0,False,0,,,,,,0.1246
https://ambking1234.limo/?action=register&marketingRef=68d01249dacc48632bffd5bc,ambking1234.limo,0,79,0,1,4,3.75,0,1,0,0,1,2,4,0.0,0,0,0,0,limo,0.5,0,0,0,0.0,0,False,0,0,0,,,0,0,0,False,0,,,,,,0.225
https://cfcf06-4xj.pages.dev/,cfcf06-4xj.pages.dev,1,29,1,2,3,3.9219,1,1,0,0,1,0,0,0.0,0,0,0,0,dev,0.5,0,0,0,0.0,0,False,0,0,0,,,0,0,0,False,0,,,,,,0.2284
http://sp3ct-rensel-biz8-forqik-mudor.pages.dev/appeals/submit-appeal-form/return,sp3ct-rensel-biz8-forqik-mudor.pages.dev,1,81,4,2,2,4.4342,1,0,0,0,34,0,0,0.0,0,0,0,0,dev,0.5,0,0,0,0.0,0,False,0,0,0,,,0,0,0,False,0,,,,,,0.2387
https://www.dickinson.edu/,www.dickinson.edu,0,26,0,2,0,3.3372,1,1,0,0,1,0,0,0.0,0,0,0,0,edu,0.02,1,0,0,0.0,0,False,0,0,0,,,0,0,0,False,0,,,,,,0.0727
https://eshwarkole1641-esh.github.io/spotify-clone/,eshwarkole1641-esh.github.io,1,51,1,2,4,4.1106,1,1,0,0,15,0,0,0.0,0,0,0,0,io,0.28,1,0,0,0.0,0,False,0,0,0,,,0,0,0,False,0,,,,,,0.1662
https://landoffree.com,landoffree.com,0,22,0,1,0,3.3788,0,1,0,0,0,0,0,0.0,0,0,0,0,com,0.15,1,0,0,0.0,0,False,0,0,0,,,0,0,0,False,0,,,,,,0.1126
http://kropt-kflyp-xplorq-9pu60a-cjbyh-zbytor.pages.dev/,kropt-kflyp-xplorq-9pu60a-cjbyh-zbytor.pages.dev,1,56,5,2,3,4.5124,1,0,0,0,1,0,0,0.0,0,0,0,0,dev,0.5,0,0,0,0.0,0,False,0,0,0,,,0,0,0,False,0,,,,,,0.2402
https://herbgreencolumn.com/support/contact,herbgreencolumn.com,0,43,0,1,0,3.4714,0,1,0,0,16,0,0,0.0,0,0,0,0,com,0.15,1,0,0,0.0,0,False,0,0,0,,,0,0,0,False,0,,,,,,0.1144
http://sp5ct-kunel-biz8-sorev-lamin.pages.dev/appeals/submit-appeal-form/return,sp5ct-kunel-biz8-sorev-lamin.pages.dev,1,79,4,2,2,4.3333,1,0,0,0,34,0,0,0.0,0,0,0,0,dev,0.5,0,0,0,0.0,0,False,0,0,0,,,0,0,0,False,0,,,,,,0.2367
https://manutouch.com.cn/en-us/home,manutouch.com.cn,0,35,0,2,0,3.0778,1,1,0,0,11,0,0,0.0,0,0,0,0,cn,0.5,0,0,0,0.0,0,False,0,0,0,,,0,0,0,False,0,,,,,,0.2116
https://www.ku.edu.tr,www.ku.edu.tr,0,21,0,3,0,2.8151,2,1,0,0,0,0,0,0.0,0,0,0,0,tr,0.5,0,0,0,0.0,0,False,0,0,0,,,0,0,0,False,0,,,,,,0.2063
https://zda1-2p9ysz-tvdzg-6atm1o.pages.dev/,zda1-2p9ysz-tvdzg-6atm1o.pages.dev,1,43,3,2,5,4.0575,1,1,0,0,1,0,0,0.0,0,0,0,0,dev,0.5,0,0,0,0.0,0,False,0,0,0,,,0,0,0,False,0,,,,,,0.2311
https://overframe.gg,overframe.gg,0,20,0,1,0,3.085,0,1,0,0,0,0,0,0.0,0,0,0,0,gg,0.5,0,0,0,0.0,0,False,0,0,0,,,0,0,0,False,0,,,,,,0.2117
https://mkrjb5d04pl-pldwfuhy-5c2d0e-vzk81a.pages.dev/,mkrjb5d04pl-pldwfuhy-5c2d0e-vzk81a.pages.dev,1,53,3,2,8,4.6352,1,1,0,0,1,0,0,0.0,0,0,0,0,dev,0.5,0,0,0,0.0,0,False,0,0,0,,,0,0,0,False,0,,,,,,0.2427
https://sp5ct-farol-biz8-kurem-losen.pages.dev/,sp5ct-farol-biz8-kurem-losen.pages.dev,1,47,4,2,2,4.386,1,1,0,0,1,0,0,0.0,0,0,0,0,dev,0.5,0,0,0,0.0,0,False,0,0,0,,,0,0,0,False,0,,,,,,0.2377
https://www.isuntone.com/,www.isuntone.com,0,25,0,2,0,3.3278,1,1,0,0,1,0,0,0.0,0,0,0,0,com,0.15,1,0,0,0.0,0,False,0,0,0,,,0,0,0,False,0,,,,,,0.1116
http://start-io-treazr-public.typedream.app/,start-io-treazr-public.typedream.app,1,44,3,2,0,3.9058,1,0,0,0,1,0,0,0.0833,1,0,1,0,app,0.35,1,0,0,0.0,0,False,0,0,0,,,0,0,0,False,0,,,,,,0.2164
https://berlona-gld-fenquza-p9v7fc34.pages.dev/send_appeal_request,berlona-gld-fenquza-p9v7fc34.pages.dev,1,66,3,2,4,4.3661,1,1,0,0,20,0,2,0.0,0,0,0,0,dev,0.5,0,0,0,0.0,0,False,0,0,0,,,0,0,0,False,0,,,,,,0.2373
https://vvwlntermatico.online/,vvwlntermatico.online,1,30,0,1,0,3.5945,0,1,0,0,1,0,0,0.0,0,0,0,0,online,0.65,1,0,0,0.0,0,False,0,0,0,,,0,0,0,False,0,,,,,,0.2669
https://cdn-net.com,cdn-net.com,0,19,1,1,0,3.0958,0,1,0,0,0,0,0,0.0,0,0,0,0,com,0.15,1,0,0,0.0,0,False,0,0,0,,,0,0,0,False,0,,,,,,0.1069
http://sp3ct-kolnar-biz8-zavrek-lutem.pages.dev/,sp3ct-kolnar-biz8-zavrek-lutem.pages.dev,1,48,4,2,2,4.3531,1,0,0,0,1,0,0,0.0,0,0,0,0,dev,0.5,0,0,0,0.0,0,False,0,0,0,,,0,0,0,False,0,,,,,,0.2371
http://gemini.yanyua.icu/,gemini.yanyua.icu,1,25,0,2,0,3.2195,1,0,0,0,1,0,0,0.0,0,0,0,0,icu,0.9,1,0,0,0.0,0,False,0,0,0,,,0,0,0,False,0,,,,,,0.3344
https://www.koreatimes.co.kr/,www.koreatimes.co.kr,0,29,0,3,0,3.4464,2,1,0,0,1,0,0,0.0,0,0,0,0,kr,0.5,0,0,0,0.0,0,False,0,0,0,,,0,0,0,False,0,,,,,,0.2189
https://nic.lat,nic.lat,0,15,0,1,0,2.8074,0,1,0,0,0,0,0,0.0833,1,0,1,0,lat,0.5,0,0,0,0.0,0,False,0,0,0,,,0,0,0,False,0,,,,,,0.2395
https://cocogain.io/blog/update,cocogain.io,0,31,0,1,0,2.6635,0,1,0,0,12,0,0,0.0,0,0,0,0,io,0.28,1,0,0,0.0,0,False,0,0,0,,,0,0,0,False,0,,,,,,0.1373
https://awsdns-41.org/products,awsdns-41.org,0,30,1,1,2,3.5466,0,1,0,0,9,0,0,0.0,0,0,0,0,org,0.1,1,0,0,0.0,0,False,0,0,0,,,0,0,0,False,0,,,,,,0.1009
https://www.mhosting.hu/,www.mhosting.hu,0,24,0,2,0,3.3232,1,1,0,0,1,0,0,0.0,0,0,0,0,hu,0.5,0,0,0,0.0,0,False,0,0,0,,,0,0,0,False,0,,,,,,0.2165
http://sp3ct-lersak-biz8-fonqor-videm.pages.dev/appeals/submit-appeal-form/return,sp3ct-lersak-biz8-fonqor-videm.pages.dev,1,81,4,2,2,4.4031,1,0,0,0,34,0,0,0.0,0,0,0,0,dev,0.5,0,0,0,0.0,0,False,0,0,0,,,0,0,0,False,0,,,,,,0.2381
https://maczixs.us.cc/5g,maczixs.us.cc,1,24,0,2,0,3.027,1,1,0,0,3,0,0,0.0,0,0,0,0,cc,0.5,0,0,0,0.0,0,False,0,0,0,,,0,0,0,False,0,,,,,,0.2105
https://instagramfollowers7894.blogspot.com/,instagramfollowers7894.blogspot.com,1,44,0,2,4,4.183,1,1,0,0,1,0,0,0.0,0,0,0,0,com,0.15,1,0,0,0.0,0,False,0,0,0,,,0,0,0,False,0,,,,,,0.1287
https://sip-scootershop.com,sip-scootershop.com,0,27,1,1,0,3.3661,0,1,0,0,0,0,0,0.0833,1,0,1,0,com,0.15,1,0,0,0.0,0,False,0,0,0,,,0,0,0,False,0,,,,,,0.1456
http://www.facebook-di.blogspot.com/,www.facebook-di.blogspot.com,1,36,1,3,0,3.9102,2,0,0,0,1,0,0,0.0,0,0,0,0,com,0.15,1,0,0,0.0,0,False,0,0,0,,,0,0,0,False,0,,,,,,0.1232
http://sp3ct-hurnik-biz8-fesqel-lorud.pages.dev/appeals/submit-appeal-form/return,sp3ct-hurnik-biz8-fesqel-lorud.pages.dev,1,81,4,2,2,4.4531,1,0,0,0,34,0,0,0.0,0,0,0,0,dev,0.5,0,0,0,0.0,0,False,0,0,0,,,0,0,0,False,0,,,,,,0.2391
https://dropgame.jp/drop/play/top,dropgame.jp,0,33,0,1,0,3.2776,0,1,0,0,14,0,0,0.0,0,0,0,0,jp,0.5,0,0,0,0.0,0,False,0,0,0,,,0,0,0,False,0,,,,,,0.2156
https://tophat.com,tophat.com,0,18,0,1,0,2.9219,0,1,0,0,0,0,0,0.0,0,0,0,0,com,0.15,1,0,0,0.0,0,False,0,0,0,,,0,0,0,False,0,,,,,,0.1034
http://blunp-vlypx-zclod-2e02ac-kthn-flomax.pages.dev/,blunp-vlypx-zclod-2e02ac-kthn-flomax.pages.dev,1,54,5,2,3,4.4393,1,0,0,0,1,0,0,0.0,0,0,0,0,dev,0.5,0,0,0,0.0,0,False,0,0,0,,,0,0,0,False,0,,,,,,0.2388
https://www.instagram-open.blogspot.com/,www.instagram-open.blogspot.com,1,40,1,3,0,3.9378,2,1,0,0,1,0,0,0.0,0,0,0,0,com,0.15,1,0,0,0.0,0,False,0,0,0,,,0,0,0,False,0,,,,,,0.1238
http://home-facebook.blogspot.com/,home-facebook.blogspot.com,1,34,1,2,0,3.7193,1,0,0,0,1,0,0,0.0,0,0,0,0,com,0.15,1,0,0,0.0,0,False,0,0,0,,,0,0,0,False,0,,,,,,0.1194
https://chaseherbalpasty.com,chaseherbalpasty.com,0,28,0,1,0,3.6842,0,1,0,0,0,0,0,0.0,0,0,0,0,com,0.15,1,0,0,0.0,0,False,0,0,0,,,0,0,0,False,0,,,,,,0.1187
https://sapiensmgs.com/about,sapiensmgs.com,0,28,0,1,0,3.3249,0,1,0,0,6,0,0,0.0,0,0,0,0,com,0.15,1,0,0,0.0,0,False,0,0,0,,,0,0,0,False,0,,,,,,0.1115
https://natashaskitchen.com,natashaskitchen.com,0,27,0,1,0,3.4714,0,1,0,0,0,0,0,0.0,0,0,0,0,com,0.15,1,0,0,0.0,0,False,0,0,0,,,0,0,0,False,0,,,,,,0.1144
http://sp5ct-luren-biz8-farik-movex.pages.dev/appeals/submit-appeal-form/return,sp5ct-luren-biz8-farik-movex.pages.dev,1,79,4,2,2,4.4585,1,0,0,0,34,0,0,0.0,0,0,0,0,dev,0.5,0,0,0,0.0,0,False,0,0,0,,,0,0,0,False,0,,,,,,0.2392
https://samokat.ru,samokat.ru,0,18,0,1,0,3.1219,0,1,0,0,0,0,0,0.0,0,0,0,0,ru,0.5,0,0,0,0.0,0,False,0,0,0,,,0,0,0,False,0,,,,,,0.2124
https://sp5ct-ramex-biz8-nolvik-seraq.pages.dev/,sp5ct-ramex-biz8-nolvik-seraq.pages.dev,1,48,4,2,2,4.3749,1,1,0,0,1,0,0,0.0,0,0,0,0,dev,0.5,0,0,0,0.0,0,False,0,0,0,,,0,0,0,False,0,,,,,,0.2375
https://stripchatlive.com,stripchatlive.com,0,25,0,1,0,3.7345,0,1,0,0,0,0,0,0.0,0,0,0,0,com,0.15,1,0,0,0.0,0,False,0,0,0,,,0,0,0,False,0,,,,,,0.1197
https://m.kxmvip99.com/,m.kxmvip99.com,1,23,0,2,2,3.182,1,1,0,0,1,0,0,0.0,0,0,0,0,com,0.15,1,0,0,0.0,0,False,0,0,0,,,0,0,0,False,0,,,,,,0.1086
https://wssolver.net,wssolver.net,0,20,0,1,0,3.2516,0,1,0,0,0,0,0,0.0,0,0,0,0,net,0.22,1,0,0,0.0,0,False,0,0,0,,,0,0,0,False,0,,,,,,0.131
https://surfy.space/en-us/home,surfy.space,0,30,0,1,0,3.2776,0,1,0,0,11,0,0,0.0,0,0,0,0,space,0.5,0,0,0,0.0,0,False,0,0,0,,,0,0,0,False,0,,,,,,0.2156
https://www.shinservice.ru/,www.shinservice.ru,0,27,0,2,0,3.3502,1,1,0,0,1,0,0,0.0,0,0,0,0,ru,0.5,0,0,0,0.0,0,False,0,0,0,,,0,0,0,False,0,,,,,,0.217
https://nethouse.ru,nethouse.ru,0,19,0,1,0,3.0958,0,1,0,0,0,0,0,0.0,0,0,0,0,ru,0.5,0,0,0,0.0,0,False,0,0,0,,,0,0,0,False,0,,,,,,0.2119
https://macaxis.us.cc/5g,macaxis.us.cc,1,24,0,2,0,2.8731,1,1,0,0,3,0,0,0.0,0,0,0,0,cc,0.5,0,0,0,0.0,0,False,0,0,0,,,0,0,0,False,0,,,,,,0.2075
https://www.ncregister.com/,www.ncregister.com,0,27,0,2,0,3.4613,1,1,0,0,1,0,0,0.0,0,0,0,0,com,0.15,1,0,0,0.0,0,False,0,0,0,,,0,0,0,False,0,,,,,,0.1142
https://3658coni568.cc/,3658coni568.cc,1,23,0,1,7,3.0391,0,1,0,0,1,0,0,0.0,0,0,0,0,cc,0.5,0,0,0,0.0,0,False,0,0,0,,,0,0,0,False,0,,,,,,0.2108
https://www.roblox.com.bi/games/95082159892680/X2-1-Speed-Keyboard-Escape-Candy-Chocolate?privateServerLinkCode=29383763406896541593443970804931&game_id=95082159892680&game_name=X2-1-Speed-Keyboard-Escape-Candy-Chocolate,www.roblox.com.bi,1,220,0,3,0,3.1307,2,1,0,0,64,3,8,0.0,0,0,0,0,bi,0.5,0,0,0,0.0,0,False,0,0,0,,,0,0,0,False,0,,,,,,0.2126
https://clipcentric.com,clipcentric.com,0,23,0,1,0,3.2402,0,1,0,0,0,0,0,0.0,0,0,0,0,com,0.15,1,0,0,0.0,0,False,0,0,0,,,0,0,0,False,0,,,,,,0.1098
http://www.facebookloginpage1.blogspot.com/,www.facebookloginpage1.blogspot.com,1,43,0,3,1,3.9357,2,0,0,0,1,0,0,0.0,0,0,0,0,com,0.15,1,0,0,0.0,0,False,0,0,0,,,0,0,0,False,0,,,,,,0.1237
http://www.18133.xyz/,www.18133.xyz,1,21,0,2,5,2.8731,1,0,0,0,1,0,0,0.0,0,0,0,0,xyz,0.94,1,0,0,0.0,0,False,0,0,0,,,0,0,0,False,0,,,,,,0.3395
https://kumulos.com,kumulos.com,0,19,0,1,0,2.914,0,1,0,0,0,0,0,0.0,0,0,0,0,com,0.15,1,0,0,0.0,0,False,0,0,0,,,0,0,0,False,0,,,,,,0.1033
https://www.robiox.com.py/users/231572913371/profile,www.robiox.com.py,1,52,0,3,0,3.2484,2,1,0,0,27,0,0,0.0,0,0,0,0,py,0.5,0,0,0,0.0,0,False,0,0,0,,,0,0,0,False,0,,,,,,0.215
http://sp3ct-hersak-biz8-lovqen-pudal.pages.dev/appeals/submit-appeal-form/return,sp3ct-hersak-biz8-lovqen-pudal.pages.dev,1,81,4,2,2,4.3653,1,0,0,0,34,0,0,0.0,0,0,0,0,dev,0.5,0,0,0,0.0,0,False,0,0,0,,,0,0,0,False,0,,,,,,0.2373
https://www.morelogin.com/,www.morelogin.com,0,26,0,2,0,3.2928,1,1,0,0,1,0,0,0.0,0,0,0,0,com,0.15,1,0,0,0.0,0,False,0,0,0,,,0,0,0,False,0,,,,,,0.1109
https://stormshieldcs.eu/en-us/home,stormshieldcs.eu,0,35,0,1,0,3.5778,0,1,0,0,11,0,0,0.0,0,0,0,0,eu,0.5,0,0,0,0.0,0,False,0,0,0,,,0,0,0,False,0,,,,,,0.2216
https://plus.net,plus.net,0,16,0,1,0,3.0,0,1,0,0,0,0,0,0.0,0,0,0,0,net,0.22,1,0,0,0.0,0,False,0,0,0,,,0,0,0,False,0,,,,,,0.126
https://tliveplay.com/products,tliveplay.com,0,30,0,1,0,3.5466,0,1,0,0,9,0,0,0.0,0,0,0,0,com,0.15,1,0,0,0.0,0,False,0,0,0,,,0,0,0,False,0,,,,,,0.1159
http://globals-trackings.vercel.app/,globals-trackings.vercel.app,1,36,1,2,0,3.9677,1,0,0,0,1,0,0,0.0833,1,0,1,0,app,0.35,1,0,0,0.0,0,False,0,0,0,,,0,0,0,False,0,,,,,,0.2177
https://transactions-esl-text.sbs/,transactions-esl-text.sbs,1,34,2,1,0,3.5395,0,1,0,0,1,0,0,0.4167,4,0,4,0,sbs,0.5,0,0,0,0.0,0,False,0,0,0,,,0,0,0,False,0,,,,,,0.3875
https://www.absa.co.za/personal/,www.absa.co.za,0,32,0,3,0,2.7885,2,1,0,0,10,0,0,0.0,0,0,0,0,za,0.5,0,0,0,0.0,0,False,0,0,0,,,0,0,0,False,0,,,,,,0.2058
http://vormavi-gld-belquni-c4x2dw98.pages.dev/appeals/submit-appeal-form/return,vormavi-gld-belquni-c4x2dw98.pages.dev,1,79,3,2,4,4.4843,1,0,0,0,34,0,0,0.0,0,0,0,0,dev,0.5,0,0,0,0.0,0,False,0,0,0,,,0,0,0,False,0,,,,,,0.2397
https://sp4ct-nalmurex-biz8-dorex-kafim.pages.dev/,sp4ct-nalmurex-biz8-dorex-kafim.pages.dev,1,50,4,2,2,4.4611,1,1,0,0,1,0,0,0.0,0,0,0,0,dev,0.5,0,0,0,0.0,0,False,0,0,0,,,0,0,0,False,0,,,,,,0.2392
https://www.avg.com/en-in/homepage,www.avg.com,0,34,0,2,0,2.8454,1,1,0,0,15,0,0,0.0,0,0,0,0,com,0.15,1,0,0,0.0,0,False,0,0,0,,,0,0,0,False,0,,,,,,0.1019
https://did.li/FFZx5,did.li,1,20,0,1,0,1.9183,0,1,0,0,6,0,0,0.0,0,0,0,0,li,0.5,0,0,0,0.0,0,False,0,0,0,,,0,0,0,False,0,,,,,,0.1884
https://jscloud.com,jscloud.com,0,19,0,1,0,3.0958,0,1,0,0,0,0,0,0.0,0,0,0,0,com,0.15,1,0,0,0.0,0,False,0,0,0,,,0,0,0,False,0,,,,,,0.1069
https://holid.io,holid.io,0,16,0,1,0,2.5,0,1,0,0,0,0,0,0.0,0,0,0,0,io,0.28,1,0,0,0.0,0,False,0,0,0,,,0,0,0,False,0,,,,,,0.134
https://singtelchina.cn/search?q=team,singtelchina.cn,0,37,0,1,0,3.3232,0,1,0,0,7,1,2,0.0,0,0,0,0,cn,0.5,0,0,0,0.0,0,False,0,0,0,,,0,0,0,False,0,,,,,,0.2165
https://www.confused.com/,www.confused.com,0,25,0,2,0,3.3278,1,1,0,0,1,0,0,0.0,0,0,0,0,com,0.15,1,0,0,0.0,0,False,0,0,0,,,0,0,0,False,0,,,,,,0.1116
https://ezvizru.com/api/v1/status,ezvizru.com,0,33,0,1,0,3.2776,0,1,0,0,14,0,0,0.0,0,0,0,0,com,0.15,1,0,0,0.0,0,False,0,0,0,,,0,0,0,False,0,,,,,,0.1106
http://whatsapp.nr.hl.cn/,whatsapp.nr.hl.cn,1,25,0,3,0,3.3372,2,0,0,0,1,0,0,0.0,0,0,0,0,cn,0.5,0,0,0,0.0,0,False,0,0,0,,,0,0,0,False,0,,,,,,0.2167
https://hkfincorp.in/gles/NickelTru/home/virtual/rosyorange/www/tls/xd/zd/clients/login.php,hkfincorp.in,1,91,0,1,0,3.2516,0,1,0,0,71,0,0,0.0,0,0,0,0,in,0.2,1,0,0,0.0,0,False,0,0,0,,,0,0,0,False,0,,,,,,0.125
https://queirozpisosdeconcreto.com.br/vm/,queirozpisosdeconcreto.com.br,1,41,0,2,0,3.7589,1,1,0,0,4,0,0,0.0,0,0,0,0,br,0.5,0,0,0,0.0,0,False,0,0,0,,,0,0,0,False,0,,,,,,0.2252
https://behr.com,behr.com,0,16,0,1,0,3.0,0,1,0,0,0,0,0,0.0,0,0,0,0,com,0.15,1,0,0,0.0,0,False,0,0,0,,,0,0,0,False,0,,,,,,0.105
http://sp4ct-xarvik-biz8-folrem-zanik.pages.dev/,sp4ct-xarvik-biz8-folrem-zanik.pages.dev,1,48,4,2,2,4.4153,1,0,0,0,1,0,0,0.0,0,0,0,0,dev,0.5,0,0,0,0.0,0,False,0,0,0,,,0,0,0,False,0,,,,,,0.2383
https://zy7tgo-1mziw-86tb2-vshk8t.pages.dev/,zy7tgo-1mziw-86tb2-vshk8t.pages.dev,1,44,3,2,6,4.4576,1,1,0,0,1,0,0,0.0,0,0,0,0,dev,0.5,0,0,0,0.0,0,False,0,0,0,,,0,0,0,False,0,,,,,,0.2392
https://www.logscode-opal.vercel.app/,www.logscode-opal.vercel.app,1,37,1,3,0,3.6456,2,1,0,0,1,0,0,0.1667,2,0,2,0,app,0.35,1,0,0,0.0,0,False,0,0,0,,,0,0,0,False,0,,,,,,0.2446
http://sp5ct-voniq-biz8-rasek-molun.pages.dev/,sp5ct-voniq-biz8-rasek-molun.pages.dev,1,46,4,2,2,4.4187,1,0,0,0,1,0,0,0.0,0,0,0,0,dev,0.5,0,0,0,0.0,0,False,0,0,0,,,0,0,0,False,0,,,,,,0.2384
https://wzrkt.com,wzrkt.com,0,17,0,1,0,3.1699,0,1,0,0,0,0,0,0.0,0,0,0,0,com,0.15,1,0,0,0.0,0,False,0,0,0,,,0,0,0,False,0,,,,,,0.1084
https://versace.com/about,versace.com,0,25,0,1,0,3.0958,0,1,0,0,6,0,0,0.0,0,0,0,0,com,0.15,1,0,0,0.0,0,False,0,0,0,,,0,0,0,False,0,,,,,,0.1069
https://sp3ct-lodvek-biz8-karsin-zumel.pages.dev/,sp3ct-lodvek-biz8-karsin-zumel.pages.dev,1,49,4,2,2,4.3531,1,1,0,0,1,0,0,0.0,0,0,0,0,dev,0.5,0,0,0,0.0,0,False,0,0,0,,,0,0,0,False,0,,,,,,0.2371
https://fos5echocaptiveportal.com/en-us/home,fos5echocaptiveportal.com,0,44,0,1,1,3.8137,0,1,0,0,11,0,0,0.0,0,0,0,0,com,0.15,1,0,0,0.0,0,False,0,0,0,,,0,0,0,False,0,,,,,,0.1213
https://flnet.su/blog/update,flnet.su,0,28,0,1,0,3.0,0,1,0,0,12,0,0,0.0,0,0,0,0,su,0.5,0,0,0,0.0,0,False,0,0,0,,,0,0,0,False,0,,,,,,0.21
https://fortnitearena.cc/,fortnitearena.cc,1,25,0,1,0,3.25,0,1,0,0,1,0,0,0.0,0,0,0,0,cc,0.5,0,0,0,0.0,0,False,0,0,0,,,0,0,0,False,0,,,,,,0.215
http://yftp-cx1ewi-pe9-4the-xwf2sg.pages.dev/appeals/submit-appeal-form/return,yftp-cx1ewi-pe9-4the-xwf2sg.pages.dev,1,78,4,2,4,4.1726,1,0,0,0,34,0,0,0.0833,1,0,1,0,dev,0.5,0,0,0,0.0,0,False,0,0,0,,,0,0,0,False,0,,,,,,0.2668
http://earnest-rabanadas-1b0b25.netlify.app/meta.help,earnest-rabanadas-1b0b25.netlify.app,1,53,2,2,4,4.0095,1,0,0,0,10,0,0,0.0833,1,0,1,0,app,0.35,1,0,0,0.0,0,False,0,0,0,,,0,0,0,False,0,,,,,,0.2185
https://www.section508.gov/,www.section508.gov,0,27,0,2,3,3.6835,1,1,0,0,1,0,0,0.0833,1,0,1,0,gov,0.03,1,0,0,0.0,0,False,0,0,0,,,0,0,0,False,0,,,,,,0.116
http://sp25ct7-belnor-biz-havsen-kolrik.pages.dev/,sp25ct7-belnor-biz-havsen-kolrik.pages.dev,1,50,4,2,3,4.3743,1,0,0,0,1,0,0,0.1667,2,0,2,0,dev,0.5,0,0,0,0.0,0,False,0,0,0,,,0,0,0,False,0,,,,,,0.3042
http://sp3ct-havqor-biz8-larnik-dusem.pages.dev/appeals/submit-appeal-form/return,sp3ct-havqor-biz8-larnik-dusem.pages.dev,1,81,4,2,2,4.4653,1,0,0,0,34,0,0,0.0,0,0,0,0,dev,0.5,0,0,0,0.0,0,False,0,0,0,,,0,0,0,False,0,,,,,,0.2393
https://www.henleyglobal.com/,www.henleyglobal.com,0,29,0,2,0,3.5464,1,1,0,0,1,0,0,0.0,0,0,0,0,com,0.15,1,0,0,0.0,0,False,0,0,0,,,0,0,0,False,0,,,,,,0.1159
https://xn--xhqv9jbtpfww.cn/account/settings,xn--xhqv9jbtpfww.cn,0,44,2,1,1,3.8269,0,1,0,0,17,0,0,0.0,0,0,0,0,cn,0.5,0,1,0,0.6,1,False,0,0,0,,,0,0,0,False,0,,,,,,0.3465
https://www.daytondailynews.com/,www.daytondailynews.com,0,32,0,2,0,3.654,1,1,0,0,1,0,0,0.0,0,0,0,0,com,0.15,1,0,0,0.0,0,False,0,0,0,,,0,0,0,False,0,,,,,,0.1181
https://duba.net,duba.net,0,16,0,1,0,3.0,0,1,0,0,0,0,0,0.0,0,0,0,0,net,0.22,1,0,0,0.0,0,False,0,0,0,,,0,0,0,False,0,,,,,,0.126
https://s4w.in/roblox-com-users-1429420-profile,s4w.in,1,47,0,1,1,2.585,0,1,0,0,33,0,0,0.0833,1,0,1,0,in,0.2,1,0,0,0.0,0,False,0,0,0,,,0,0,0,False,0,,,,,,0.145
http://www.instagramlogin333.blogspot.com/,www.instagramlogin333.blogspot.com,1,42,0,3,3,3.881,2,0,0,0,1,0,0,0.0,0,0,0,0,com,0.15,1,0,0,0.0,0,False,0,0,0,,,0,0,0,False,0,,,,,,0.1226
http://facebook-alert.onrender.com/,facebook-alert.onrender.com,1,35,1,2,0,3.6899,1,0,0,0,1,0,0,0.0,0,0,0,1,com,0.15,1,0,0,0.0,0,False,0,0,0,,,0,0,0,False,0,,,,,,0.1188
https://www.clubic.com,www.clubic.com,0,22,0,2,0,2.9852,1,1,0,0,0,0,0,0.0,0,0,0,0,com,0.15,1,0,0,0.0,0,False,0,0,0,,,0,0,0,False,0,,,,,,0.1047
https://sp5ct-kalor-biz8-furex-jenik.pages.dev/,sp5ct-kalor-biz8-furex-jenik.pages.dev,1,47,4,2,2,4.4585,1,1,0,0,1,0,0,0.0,0,0,0,0,dev,0.5,0,0,0,0.0,0,False,0,0,0,,,0,0,0,False,0,,,,,,0.2392
https://aagmaal.kiwi,aagmaal.kiwi,0,20,0,1,0,2.7516,0,1,0,0,0,0,0,0.0833,1,0,1,0,kiwi,0.5,0,0,0,0.0,0,False,0,0,0,,,0,0,0,False,0,,,,,,0.2384
http://www.j126q.vip/,www.j126q.vip,1,21,0,2,3,3.1808,1,0,0,0,1,0,0,0.0,0,0,0,0,vip,0.5,0,0,0,0.0,0,False,0,0,0,,,0,0,0,False,0,,,,,,0.2136
http://www.facebookatofollower.blogspot.com/,www.facebookatofollower.blogspot.com,1,44,0,3,0,3.6835,2,0,0,0,1,0,0,0.0,0,0,0,0,com,0.15,1,0,0,0.0,0,False,0,0,0,,,0,0,0,False,0,,,,,,0.1187
https://www.nuget.org/,www.nuget.org,0,22,0,2,0,3.027,1,1,0,0,1,0,0,0.0,0,0,0,0,org,0.1,1,0,0,0.0,0,False,0,0,0,,,0,0,0,False,0,,,,,,0.0905
http://sp3ct-parnik-biz8-kovqem-hused.pages.dev/appeals/submit-appeal-form/return,sp3ct-parnik-biz8-kovqem-hused.pages.dev,1,81,4,2,2,4.3842,1,0,0,0,34,0,0,0.0,0,0,0,0,dev,0.5,0,0,0,0.0,0,False,0,0,0,,,0,0,0,False,0,,,,,,0.2377
https://xepith.com/products,xepith.com,0,27,0,1,0,3.3219,0,1,0,0,9,0,0,0.0,0,0,0,0,com,0.15,1,0,0,0.0,0,False,0,0,0,,,0,0,0,False,0,,,,,,0.1114
https://azam-crush.github.io/subhan/,azam-crush.github.io,1,36,1,2,0,3.8219,1,1,0,0,8,0,0,0.0,0,0,0,0,io,0.28,1,0,0,0.0,0,False,0,0,0,,,0,0,0,False,0,,,,,,0.1604
https://www.facebook-verification-system5.blogspot.com/,www.facebook-verification-system5.blogspot.com,1,55,2,3,1,4.2454,2,1,0,0,1,0,0,0.0,0,0,0,0,com,0.15,1,0,0,0.0,0,False,0,0,0,,,0,0,0,False,0,,,,,,0.1299
https://www.dsm.com/,www.dsm.com,0,20,0,2,0,2.6635,1,1,0,0,1,0,0,0.0,0,0,0,0,com,0.15,1,0,0,0.0,0,False,0,0,0,,,0,0,0,False,0,,,,,,0.0983
https://www.travelarrow.io/,www.travelarrow.io,0,27,0,2,0,3.128,1,1,0,0,1,0,0,0.0,0,0,0,0,io,0.28,1,0,0,0.0,0,False,0,0,0,,,0,0,0,False,0,,,,,,0.1466
https://weda.fr,weda.fr,0,15,0,1,0,2.8074,0,1,0,0,0,0,0,0.0,0,0,0,0,fr,0.5,0,0,0,0.0,0,False,0,0,0,,,0,0,0,False,0,,,,,,0.2061
https://prxflow.live/login,prxflow.live,0,26,0,1,0,3.4183,0,1,0,0,6,0,0,0.0833,1,0,1,0,live,0.6,1,0,0,0.0,0,False,0,0,0,,,0,0,0,False,0,,,,,,0.2817
https://locanto.com.mx,locanto.com.mx,0,22,0,2,0,3.0391,1,1,0,0,0,0,0,0.0,0,0,0,0,mx,0.5,0,0,0,0.0,0,False,0,0,0,,,0,0,0,False,0,,,,,,0.2108
http://www.netflix-ebon-theta.vercel.app/,www.netflix-ebon-theta.vercel.app,1,41,2,3,0,3.9573,2,0,0,0,1,0,0,0.0833,1,0,1,0,app,0.35,1,0,0,0.0,0,False,0,0,0,,,0,0,0,False,0,,,,,,0.2175
http://skrunt-bfrnk-zclod-2jo93d-vznk-vryska.pages.dev/,skrunt-bfrnk-zclod-2jo93d-vznk-vryska.pages.dev,1,55,5,2,3,4.4188,1,0,0,0,1,0,0,0.0,0,0,0,0,dev,0.5,0,0,0,0.0,0,False,0,0,0,,,0,0,0,False,0,,,,,,0.2384
https://come.ac/ri96o,come.ac,1,21,0,1,0,2.5216,0,1,0,0,6,0,0,0.0,0,0,0,0,ac,0.5,0,0,0,0.0,0,False,0,0,0,,,0,0,0,False,0,,,,,,0.2004
https://nc6c-q1it-v225.bemir67147-kierko-com-s-account.workers.dev/,nc6c-q1it-v225.bemir67147-kierko-com-s-account.workers.dev,1,67,6,3,10,4.4203,2,1,0,0,1,0,0,0.0,0,0,0,1,dev,0.5,0,0,0,0.0,0,False,0,0,0,,,0,0,0,False,0,,,,,,0.2384
https://pathaointernal.com/docs/index.html,pathaointernal.com,0,42,0,1,0,3.5724,0,1,0,0,16,0,0,0.0,0,0,0,0,com,0.15,1,0,0,0.0,0,False,0,0,0,,,0,0,0,False,0,,,,,,0.1164
https://planet.hostel.town/,planet.hostel.town,1,27,0,2,0,3.3502,1,1,0,0,1,0,0,0.0,0,0,0,0,town,0.5,0,0,0,0.0,0,False,0,0,0,,,0,0,0,False,0,,,,,,0.217
https://in-trezr-suiite.pages.dev/,in-trezr-suiite.pages.dev,1,34,2,2,0,3.7337,1,1,0,0,1,0,0,0.0,0,0,0,0,dev,0.5,0,0,0,0.0,0,False,0,0,0,,,0,0,0,False,0,,,,,,0.2247
http://sp3ct-vilqor-biz8-sarnek-domel.pages.dev/,sp3ct-vilqor-biz8-sarnek-domel.pages.dev,1,48,4,2,2,4.3531,1,0,0,0,1,0,0,0.0,0,0,0,0,dev,0.5,0,0,0,0.0,0,False,0,0,0,,,0,0,0,False,0,,,,,,0.2371
https://www.consumerfinance.gov/,www.consumerfinance.gov,0,32,0,2,0,3.7623,1,1,0,0,1,0,0,0.0833,1,0,1,0,gov,0.03,1,0,0,0.0,0,False,0,0,0,,,0,0,0,False,0,,,,,,0.1176
https://oast.fun,oast.fun,0,16,0,1,0,3.0,0,1,0,0,0,0,0,0.0,0,0,0,0,fun,0.5,0,0,0,0.0,0,False,0,0,0,,,0,0,0,False,0,,,,,,0.21
https://sportsbookreview.com,sportsbookreview.com,0,28,0,1,0,3.6219,0,1,0,0,0,0,0,0.0,0,0,0,0,com,0.15,1,0,0,0.0,0,False,0,0,0,,,0,0,0,False,0,,,,,,0.1174
https://www.ihaveporn.co/,www.ihaveporn.co,0,25,0,2,0,3.4528,1,1,0,0,1,0,0,0.0,0,0,0,0,co,0.3,1,0,0,0.0,0,False,0,0,0,,,0,0,0,False,0,,,,,,0.1591
https://sp19ct7-farek-biz-dulen-koris.pages.dev/...,sp19ct7-farek-biz-dulen-koris.pages.dev,1,51,4,2,3,4.3943,1,1,0,0,4,0,0,0.1667,2,0,2,0,dev,0.5,0,0,0,0.0,0,False,0,0,0,,,0,0,0,False,0,,,,,,0.3046
https://www.digitimes.com/,www.digitimes.com,0,26,0,2,0,3.2928,1,1,0,0,1,0,0,0.0,0,0,0,0,com,0.15,1,0,0,0.0,0,False,0,0,0,,,0,0,0,False,0,,,,,,0.1109
https://www.archives.gov/,www.archives.gov,0,25,0,2,0,3.4528,1,1,0,0,1,0,0,0.0833,1,0,1,0,gov,0.03,1,0,0,0.0,0,False,0,0,0,,,0,0,0,False,0,,,,,,0.1114
https://wshifen.com/en-us/home,wshifen.com,0,30,0,1,0,3.4594,0,1,0,0,11,0,0,0.0,0,0,0,0,com,0.15,1,0,0,0.0,0,False,0,0,0,,,0,0,0,False,0,,,,,,0.1142
http://new36-3-1-766.vercel.app/,new36-3-1-766.vercel.app,1,32,3,2,7,3.7406,1,0,0,0,1,0,0,0.0833,1,0,1,0,app,0.35,1,0,0,0.0,0,False,0,0,0,,,0,0,0,False,0,,,,,,0.2131
https://seurfyfs.eu.cc/es,seurfyfs.eu.cc,1,25,0,2,0,2.9502,1,1,0,0,3,0,0,0.0,0,0,0,0,cc,0.5,0,0,0,0.0,0,False,0,0,0,,,0,0,0,False,0,,,,,,0.209
https://www.global-ic.com/,www.global-ic.com,0,26,1,2,0,3.3372,1,1,0,0,1,0,0,0.0,0,0,0,0,com,0.15,1,0,0,0.0,0,False,0,0,0,,,0,0,0,False,0,,,,,,0.1117
https://1548789459.github.io/magalu/,1548789459.github.io,1,36,0,2,10,3.7219,1,1,0,0,8,0,0,0.0,0,0,0,0,io,0.28,1,0,0,0.0,0,False,0,0,0,,,0,0,0,False,0,,,,,,0.1584
https://www.canon-europe.com/,www.canon-europe.com,0,29,1,2,0,3.4464,1,1,0,0,1,0,0,0.0,0,0,0,0,com,0.15,1,0,0,0.0,0,False,0,0,0,,,0,0,0,False,0,,,,,,0.1139
https://web-web-embed-iframe-test-harness-uniswap.vercel.app/portfolio/activity,web-web-embed-iframe-test-harness-uniswap.vercel.app,1,79,6,2,0,3.9878,1,1,0,0,19,0,0,0.4167,3,0,5,0,app,0.35,1,0,0,0.0,0,False,0,0,0,,,0,0,0,False,0,,,,,,0.3514
https://amazon-value-service.com/search?q=signup,amazon-value-service.com,0,48,2,1,0,3.7721,0,1,0,0,7,1,2,0.2333,1,0,1,1,com,0.15,1,0,0,0.0,0,False,0,0,0,,,0,0,0,False,0,,,,,,0.2138
https://awsdns-23.net/search?q=help,awsdns-23.net,0,35,1,1,2,3.3927,0,1,0,0,7,1,2,0.0,0,0,0,0,net,0.22,1,0,0,0.0,0,False,0,0,0,,,0,0,0,False,0,,,,,,0.1339
https://tvwiki26.net,tvwiki26.net,0,20,0,1,2,3.2516,0,1,0,0,0,0,0,0.0,0,0,0,0,net,0.22,1,0,0,0.0,0,False,0,0,0,,,0,0,0,False,0,,,,,,0.131
http://ledgr-start-comm.wasmer.app/,ledgr-start-comm.wasmer.app,1,35,2,2,0,3.7821,1,0,0,0,1,0,0,0.0833,1,0,1,0,app,0.35,1,0,0,0.0,0,False,0,0,0,,,0,0,0,False,0,,,,,,0.214
https://hearstnp.com,hearstnp.com,0,20,0,1,0,3.585,0,1,0,0,0,0,0,0.0,0,0,0,0,com,0.15,1,0,0,0.0,0,False,0,0,0,,,0,0,0,False,0,,,,,,0.1167
https://www.supremocontrol.com/,www.supremocontrol.com,0,31,0,2,0,3.516,1,1,0,0,1,0,0,0.0,0,0,0,0,com,0.15,1,0,0,0.0,0,False,0,0,0,,,0,0,0,False,0,,,,,,0.1153
https://www.roblox.com.gr/404,www.roblox.com.gr,1,29,0,3,0,3.1307,2,1,0,0,4,0,0,0.0,0,0,0,0,gr,0.5,0,0,0,0.0,0,False,0,0,0,,,0,0,0,False,0,,,,,,0.2126
https://ledger-login-com.wasmer.app/,ledger-login-com.wasmer.app,1,36,2,2,0,3.9121,1,1,0,0,1,0,0,0.2333,1,0,1,1,app,0.35,1,0,0,0.0,0,False,0,0,0,,,0,0,0,False,0,,,,,,0.2766
http://sp25ct7-zarnor-biz-helsik-pomvak.pages.dev/,sp25ct7-zarnor-biz-helsik-pomvak.pages.dev,1,50,4,2,3,4.4157,1,0,0,0,1,0,0,0.1667,2,0,2,0,dev,0.5,0,0,0,0.0,0,False,0,0,0,,,0,0,0,False,0,,,,,,0.305
https://www.audible.co.jp/,www.audible.co.jp,0,26,0,3,0,3.5281,2,1,0,0,1,0,0,0.0,0,0,0,0,jp,0.5,0,0,0,0.0,0,False,0,0,0,,,0,0,0,False,0,,,,,,0.2206
https://workdaysuv.com,workdaysuv.com,0,22,0,1,0,3.6645,0,1,0,0,0,0,0,0.0,0,0,0,0,com,0.15,1,0,0,0.0,0,False,0,0,0,,,0,0,0,False,0,,,,,,0.1183
http://sp3ct-qovrik-biz8-farsel-muden.pages.dev/appeals/submit-appeal-form/return,sp3ct-qovrik-biz8-farsel-muden.pages.dev,1,81,4,2,2,4.4531,1,0,0,0,34,0,0,0.0,0,0,0,0,dev,0.5,0,0,0,0.0,0,False,0,0,0,,,0,0,0,False,0,,,,,,0.2391
https://youradchoices.com/,youradchoices.com,0,26,0,1,0,3.5281,0,1,0,0,1,0,0,0.0,0,0,0,0,com,0.15,1,0,0,0.0,0,False,0,0,0,,,0,0,0,False,0,,,,,,0.1156
https://www.kansashealthsystem.com/,www.kansashealthsystem.com,0,35,0,2,0,3.6424,1,1,0,0,1,0,0,0.0,0,0,0,0,com,0.15,1,0,0,0.0,0,False,0,0,0,,,0,0,0,False,0,,,,,,0.1178
https://www.codelogr-two.vercel.app/,www.codelogr-two.vercel.app,1,36,1,3,0,3.634,2,1,0,0,1,0,0,0.0833,1,0,1,0,app,0.35,1,0,0,0.0,0,False,0,0,0,,,0,0,0,False,0,,,,,,0.211
https://upcloud.com,upcloud.com,0,19,0,1,0,2.914,0,1,0,0,0,0,0,0.0,0,0,0,0,com,0.15,1,0,0,0.0,0,False,0,0,0,,,0,0,0,False,0,,,,,,0.1033
https://www.marathonbet.ru/su/,www.marathonbet.ru,0,30,0,2,0,3.4613,1,1,0,0,4,0,0,0.0,0,0,0,0,ru,0.5,0,0,0,0.0,0,False,0,0,0,,,0,0,0,False,0,,,,,,0.2192
http://sp5ct-tavro-biz8-selun-pravik.pages.dev/,sp5ct-tavro-biz8-selun-pravik.pages.dev,1,47,4,2,2,4.2655,1,0,0,0,1,0,0,0.0,0,0,0,0,dev,0.5,0,0,0,0.0,0,False,0,0,0,,,0,0,0,False,0,,,,,,0.2353
https://roblox.iconce.com/users-43578234-profile,roblox.iconce.com,1,48,0,2,0,3.2195,1,1,0,0,23,0,0,0.0,0,0,0,0,com,0.15,1,0,0,0.0,0,False,0,0,0,,,0,0,0,False,0,,,,,,0.1094
https://bafkreiaw5zz7ftxoid5jnlmoualalwrocb2bhg6por72ovfzstgkecdmre.ipfs.dweb.link/,bafkreiaw5zz7ftxoid5jnlmoualalwrocb2bhg6por72ovfzstgkecdmre.ipfs.dweb.link,1,83,0,3,7,4.7043,2,1,0,0,1,0,0,0.0833,1,0,1,0,link,0.85,1,0,0,0.0,0,False,0,0,0,,,0,0,0,False,0,,,,,,0.3824
https://delphiforums.com,delphiforums.com,0,24,0,1,0,3.75,0,1,0,0,0,0,0,0.0,0,0,0,0,com,0.15,1,0,0,0.0,0,False,0,0,0,,,0,0,0,False,0,,,,,,0.12
https://bixbyllm.com,bixbyllm.com,0,20,0,1,0,3.085,0,1,0,0,0,0,0,0.0,0,0,0,0,com,0.15,1,0,0,0.0,0,False,0,0,0,,,0,0,0,False,0,,,,,,0.1067
http://demonoid.ch/,demonoid.ch,0,19,0,1,0,3.0958,0,0,0,0,1,0,0,0.0,0,0,0,0,ch,0.5,0,0,0,0.0,0,False,0,0,0,,,0,0,0,False,0,,,,,,0.2119
http://mateladepormhub.phemayameltahub.site/isolate-load-field-peer-gateway-upgrade-local,mateladepormhub.phemayameltahub.site,1,89,0,2,0,3.7608,1,0,0,0,46,0,0,0.1667,1,0,1,0,site,0.7,1,0,0,0.0,0,False,0,0,0,,,0,0,0,False,0,,,,,,0.3519
https://qcfzk35-xplorq816twn-4b9d0c-mbf15.pages.dev/,qcfzk35-xplorq816twn-4b9d0c-mbf15.pages.dev,1,52,3,2,10,4.8506,1,1,0,0,1,0,0,0.0,0,0,0,0,dev,0.5,0,0,0,0.0,0,False,0,0,0,,,0,0,0,False,0,,,,,,0.247
https://kombinat.digital/blog/team,kombinat.digital,0,34,0,1,0,3.4528,0,1,0,0,10,0,0,0.0,0,0,0,0,digital,0.5,0,0,0,0.0,0,False,0,0,0,,,0,0,0,False,0,,,,,,0.2191
https://tcylgslb.com,tcylgslb.com,0,20,0,1,0,3.2516,0,1,0,0,0,0,0,0.0,0,0,0,0,com,0.15,1,0,0,0.0,0,False,0,0,0,,,0,0,0,False,0,,,,,,0.11
https://free-facebook-page-likes.blogspot.com/,free-facebook-page-likes.blogspot.com,1,46,3,2,0,3.9129,1,1,0,0,1,0,0,0.0,0,0,0,1,com,0.15,1,0,0,0.0,0,False,0,0,0,,,0,0,0,False,0,,,,,,0.1233
https://sp3ct-yorfel-biz8-prasko-dinel.pages.dev/,sp3ct-yorfel-biz8-prasko-dinel.pages.dev,1,49,4,2,2,4.3342,1,1,0,0,1,0,0,0.0,0,0,0,0,dev,0.5,0,0,0,0.0,0,False,0,0,0,,,0,0,0,False,0,,,,,,0.2367
http://sp5ct-hurek-biz8-varem-lonix.pages.dev/,sp5ct-hurek-biz8-varem-lonix.pages.dev,1,46,4,2,2,4.4585,1,0,0,0,1,0,0,0.0,0,0,0,0,dev,0.5,0,0,0,0.0,0,False,0,0,0,,,0,0,0,False,0,,,,,,0.2392
https://ksaservicesarl.com/edenalt/download.html,ksaservicesarl.com,1,48,0,1,0,3.4613,0,1,0,0,22,0,0,0.0,0,0,0,0,com,0.15,1,0,0,0.0,0,False,0,0,0,,,0,0,0,False,0,,,,,,0.1142
https://thrilltrek.com,thrilltrek.com,0,22,0,1,0,3.3788,0,1,0,0,0,0,0,0.0,0,0,0,0,com,0.15,1,0,0,0.0,0,False,0,0,0,,,0,0,0,False,0,,,,,,0.1126
http://sp5ct-hamek-biz8-vurel-sonix.pages.dev/appeals/submit-appeal-form/return,sp5ct-hamek-biz8-vurel-sonix.pages.dev,1,79,4,2,2,4.4386,1,0,0,0,34,0,0,0.0,0,0,0,0,dev,0.5,0,0,0,0.0,0,False,0,0,0,,,0,0,0,False,0,,,,,,0.2388
http://sp3ct-farqem-biz8-kurnik-dosel.pages.dev/appeals/submit-appeal-form/return,sp3ct-farqem-biz8-kurnik-dosel.pages.dev,1,81,4,2,2,4.4531,1,0,0,0,34,0,0,0.0,0,0,0,0,dev,0.5,0,0,0,0.0,0,False,0,0,0,,,0,0,0,False,0,,,,,,0.2391
http://sp5ct-vamex-biz8-torel-sunik.pages.dev/appeals/submit-appeal-form/return,sp5ct-vamex-biz8-torel-sunik.pages.dev,1,79,4,2,2,4.386,1,0,0,0,34,0,0,0.0,0,0,0,0,dev,0.5,0,0,0,0.0,0,False,0,0,0,,,0,0,0,False,0,,,,,,0.2377
https://parastorage.com,parastorage.com,0,23,0,1,0,3.3232,0,1,0,0,0,0,0,0.0,0,0,0,0,com,0.15,1,0,0,0.0,0,False,0,0,0,,,0,0,0,False,0,,,,,,0.1115
https://www.roblox.ly/users/3670776404/profile,www.roblox.ly,1,46,0,2,0,2.8731,1,1,0,0,25,0,0,0.0,0,0,0,0,ly,0.5,0,0,0,0.0,0,False,0,0,0,,,0,0,0,False,0,,,,,,0.2075
https://frankerfacez.com/login,frankerfacez.com,0,30,0,1,0,3.375,0,1,0,0,6,0,0,0.0,0,0,0,0,com,0.15,1,0,0,0.0,0,False,0,0,0,,,0,0,0,False,0,,,,,,0.1125
https://hktax.github.io/hkgovttax.github.io/index.html?email=,hktax.github.io,1,61,0,2,0,3.3736,1,1,0,0,31,1,2,0.0,0,0,0,0,io,0.28,1,0,0,0.0,0,False,0,0,0,,,0,0,0,False,0,,,,,,0.1515
http://xelzora-gld-belquro-c9x7dw60.pages.dev/appeals/submit-appeal-form/return,xelzora-gld-belquro-c9x7dw60.pages.dev,1,79,3,2,4,4.3462,1,0,0,0,34,0,0,0.0,0,0,0,0,dev,0.5,0,0,0,0.0,0,False,0,0,0,,,0,0,0,False,0,,,,,,0.2369
http://sp5ct-jonex-biz8-lurev-famik.pages.dev/appeals/submit-appeal-form/return,sp5ct-jonex-biz8-lurev-famik.pages.dev,1,79,4,2,2,4.5111,1,0,0,0,34,0,0,0.0,0,0,0,0,dev,0.5,0,0,0,0.0,0,False,0,0,0,,,0,0,0,False,0,,,,,,0.2402
https://www.mtn.co.ug/,www.mtn.co.ug,0,22,0,3,0,2.9689,2,1,0,0,1,0,0,0.0833,1,0,1,0,ug,0.5,0,0,0,0.0,0,False,0,0,0,,,0,0,0,False,0,,,,,,0.2427
https://www.mitel.com/,www.mitel.com,0,22,0,2,0,3.027,1,1,0,0,1,0,0,0.1667,2,0,2,0,com,0.15,1,0,0,0.0,0,False,0,0,0,,,0,0,0,False,0,,,,,,0.1722
https://xxxshame.com/en,xxxshame.com,0,23,0,1,0,3.0221,0,1,0,0,3,0,0,0.0,0,0,0,0,com,0.15,1,0,0,0.0,0,False,0,0,0,,,0,0,0,False,0,,,,,,0.1054
https://nitropack.io/?nowebp,nitropack.io,0,28,0,1,0,3.2516,0,1,0,0,1,1,1,0.0,0,0,0,0,io,0.28,1,0,0,0.0,0,False,0,0,0,,,0,0,0,False,0,,,,,,0.149
https://bham.ac.uk/login,bham.ac.uk,0,24,0,2,0,2.9219,1,1,0,0,6,0,0,0.1667,1,0,1,0,uk,0.5,0,0,0,0.0,0,False,0,0,0,,,0,0,0,False,0,,,,,,0.2751
https://www.roblox.com.ml/users/237425451855/profile/,www.roblox.com.ml,1,53,0,3,0,3.0131,2,1,0,0,28,0,0,0.0,0,0,0,0,ml,0.93,1,0,0,0.0,0,False,0,0,0,,,0,0,0,False,0,,,,,,0.3393
http://sp5ct-qurex-biz8-vanik-lemor.pages.dev/appeals/submit-appeal-form/return,sp5ct-qurex-biz8-vanik-lemor.pages.dev,1,79,4,2,2,4.4585,1,0,0,0,34,0,0,0.0,0,0,0,0,dev,0.5,0,0,0,0.0,0,False,0,0,0,,,0,0,0,False,0,,,,,,0.2392
https://a-dns-service.de/en-us/home,a-dns-service.de,0,35,2,1,0,3.3278,0,1,0,0,11,0,0,0.2333,1,0,1,1,de,0.5,0,0,0,0.0,0,False,0,0,0,,,0,0,0,False,0,,,,,,0.3099
https://sharif.ir/en-us/home,sharif.ir,0,28,0,1,0,2.7255,0,1,0,0,11,0,0,0.0,0,0,0,0,ir,0.5,0,0,0,0.0,0,False,0,0,0,,,0,0,0,False,0,,,,,,0.2045
http://kuciounlognjus.godaddysites.com/,kuciounlognjus.godaddysites.com,1,39,0,2,0,3.9134,1,0,0,0,1,0,0,0.0,0,0,0,0,com,0.15,1,0,0,0.0,0,False,0,0,0,,,0,0,0,False,0,,,,,,0.1233
https://www.unr.edu/,www.unr.edu,0,20,0,2,0,2.6635,1,1,0,0,1,0,0,0.1667,2,0,2,0,edu,0.02,1,0,0,0.0,0,False,0,0,0,,,0,0,0,False,0,,,,,,0.126
https://www.augmentcode.com/,www.augmentcode.com,0,28,0,2,0,3.4714,1,1,0,0,1,0,0,0.0,0,0,0,0,com,0.15,1,0,0,0.0,0,False,0,0,0,,,0,0,0,False,0,,,,,,0.1144
https://betbhai9.name,betbhai9.name,0,21,0,1,1,3.2389,0,1,0,0,0,0,0,0.0,0,0,0,0,name,0.5,0,0,0,0.0,0,False,0,0,0,,,0,0,0,False,0,,,,,,0.2148
https://k5jr-er9bij-wv2-9q3w-pbq69.pages.dev/,k5jr-er9bij-wv2-9q3w-pbq69.pages.dev,1,45,4,2,7,4.2391,1,1,0,0,1,0,0,0.0,0,0,0,0,dev,0.5,0,0,0,0.0,0,False,0,0,0,,,0,0,0,False,0,,,,,,0.2348
https://9cache.com/en-us/home,9cache.com,0,29,0,1,1,2.8464,0,1,0,0,11,0,0,0.0,0,0,0,0,com,0.15,1,0,0,0.0,0,False,0,0,0,,,0,0,0,False,0,,,,,,0.1019
http://lldgere-live.pages.dev/,lldgere-live.pages.dev,1,30,1,2,0,3.352,1,0,0,0,1,0,0,0.0833,1,0,1,0,dev,0.5,0,0,0,0.0,0,False,0,0,0,,,0,0,0,False,0,,,,,,0.2504
https://frontol.ru,frontol.ru,0,18,0,1,0,2.9219,0,1,0,0,0,0,0,0.0,0,0,0,0,ru,0.5,0,0,0,0.0,0,False,0,0,0,,,0,0,0,False,0,,,,,,0.2084
https://www.moloco.com/,www.moloco.com,0,23,0,2,0,2.4677,1,1,0,0,1,0,0,0.0,0,0,0,0,com,0.15,1,0,0,0.0,0,False,0,0,0,,,0,0,0,False,0,,,,,,0.0944
https://www.google.com/,www.google.com,0,23,0,2,0,2.8424,1,1,0,0,1,0,0,0.0,0,0,0,0,com,0.15,1,0,0,0.0,0,False,0,0,0,,,0,0,0,False,0,,,,,,0.1018
https://web.hypothes.is,web.hypothes.is,0,23,0,2,0,3.3736,1,1,0,0,0,0,0,0.1667,2,0,2,0,is,0.5,0,0,0,0.0,0,False,0,0,0,,,0,0,0,False,0,,,,,,0.2842
https://www.escort-advisor.net/,www.escort-advisor.net,0,31,1,2,0,3.6978,1,1,0,0,1,0,0,0.0,0,0,0,0,net,0.22,1,0,0,0.0,0,False,0,0,0,,,0,0,0,False,0,,,,,,0.14
http://sp5ct-vanik-biz8-surem-halex.pages.dev/appeals/submit-appeal-form/return,sp5ct-vanik-biz8-surem-halex.pages.dev,1,79,4,2,2,4.3661,1,0,0,0,34,0,0,0.0,0,0,0,0,dev,0.5,0,0,0,0.0,0,False,0,0,0,,,0,0,0,False,0,,,,,,0.2373
http://xqs5g-zgy-hvf-owu-7h901-6lfp.pages.dev/appeals/submit-appeal-form/return,xqs5g-zgy-hvf-owu-7h901-6lfp.pages.dev,1,79,5,2,6,4.4489,1,0,0,0,34,0,0,0.0833,1,0,1,0,dev,0.5,0,0,0,0.0,0,False,0,0,0,,,0,0,0,False,0,,,,,,0.2723
http://sp29ct-hemtor-biz-zanrik-vaskel.pages.dev/,sp29ct-hemtor-biz-zanrik-vaskel.pages.dev,1,49,4,2,2,4.3451,1,0,0,0,1,0,0,0.1667,2,0,2,0,dev,0.5,0,0,0,0.0,0,False,0,0,0,,,0,0,0,False,0,,,,,,0.3036
https://www.omanair.com/,www.omanair.com,0,24,0,2,0,3.0566,1,1,0,0,1,0,0,0.0,0,0,0,0,com,0.15,1,0,0,0.0,0,False,0,0,0,,,0,0,0,False,0,,,,,,0.1061
https://verficatracking.kafesmof.mg/track/track.php,verficatracking.kafesmof.mg,1,51,0,2,0,3.8101,1,1,0,0,16,0,0,0.0,0,0,0,0,mg,0.5,0,0,0,0.0,0,False,0,0,0,,,0,0,0,False,0,,,,,,0.2262
https://theculturetrip.com/account/settings,theculturetrip.com,0,43,0,1,0,3.4613,0,1,0,0,17,0,0,0.0,0,0,0,0,com,0.15,1,0,0,0.0,0,False,0,0,0,,,0,0,0,False,0,,,,,,0.1142
https://www.richpanel.com/,www.richpanel.com,0,26,0,2,0,3.5725,1,1,0,0,1,0,0,0.0,0,0,0,0,com,0.15,1,0,0,0.0,0,False,0,0,0,,,0,0,0,False,0,,,,,,0.1164
https://thewalrus.ca,thewalrus.ca,0,20,0,1,0,3.4183,0,1,0,0,0,0,0,0.0,0,0,0,0,ca,0.5,0,0,0,0.0,0,False,0,0,0,,,0,0,0,False,0,,,,,,0.2184
https://pravallika311.github.io/Netflix-Clone/,pravallika311.github.io,1,46,0,2,3,3.8492,1,1,0,0,15,0,0,0.0,0,0,0,0,io,0.28,1,0,0,0.0,0,False,0,0,0,,,0,0,0,False,0,,,,,,0.161
https://www.hyundai.com/in/en,www.hyundai.com,0,29,0,2,0,3.4566,1,1,0,0,6,0,0,0.0,0,0,0,0,com,0.15,1,0,0,0.0,0,False,0,0,0,,,0,0,0,False,0,,,,,,0.1141
http://sp4ct-vasel-biz8-drenox-polvar.pages.dev/,sp4ct-vasel-biz8-drenox-polvar.pages.dev,1,48,4,2,2,4.1964,1,0,0,0,1,0,0,0.0,0,0,0,0,dev,0.5,0,0,0,0.0,0,False,0,0,0,,,0,0,0,False,0,,,,,,0.2339
https://www.facebooklogincc.blogspot.com/,www.facebooklogincc.blogspot.com,1,41,0,3,0,3.7806,2,1,0,0,1,0,0,0.0,0,0,0,0,com,0.15,1,0,0,0.0,0,False,0,0,0,,,0,0,0,False,0,,,,,,0.1206
https://registerdomain.net.za,registerdomain.net.za,0,29,0,2,0,3.5945,1,1,0,0,0,0,0,0.0,0,0,0,0,za,0.5,0,0,0,0.0,0,False,0,0,0,,,0,0,0,False,0,,,,,,0.2219
https://sp3ct-zentor-biz8-falnek-rivan.pages.dev/,sp3ct-zentor-biz8-falnek-rivan.pages.dev,1,49,4,2,2,4.2842,1,1,0,0,1,0,0,0.0,0,0,0,0,dev,0.5,0,0,0,0.0,0,False,0,0,0,,,0,0,0,False,0,,,,,,0.2357
